filename,timbre_topic_3,timbre_topic_1,timbre_topic_2,timbre_topic_0,timbre_topic_4,timbre_topic_5,timbre_topic_6,timbre_topic_7,timbre_topic_8,timbre_topic_9,timbre_topic_10,timbre_topic_11,timbre_topic_12,timbre_topic_13,timbre_topic_14,timbre_topic_15,chroma_topic_4,chroma_topic_1,chroma_topic_2,chroma_topic_3,chroma_topic_0,chroma_topic_5,chroma_topic_6,chroma_topic_7,chroma_topic_8,chroma_topic_9,chroma_topic_10,chroma_topic_11,chroma_topic_12,chroma_topic_13,loudness_topic_6,loudness_topic_1,loudness_topic_2,loudness_topic_3,loudness_topic_4,loudness_topic_5,loudness_topic_0,loudness_topic_7,Apps,Consumer,Future,Health,Home,Mobility,Os,having_finished_successfully,having_a_problem,process_ongoing,being_ready,having_news,being_empty,shutting_down,urgency_reminder,encouraging_confirmations,starting_prompts,waiting_prompts,sophistication,positivity,progressiveness,dominance,solidity,purity,playfulness,negative_warnings
/61/7.mp3,0.0010080647,0.0010080653,0.0010080647,0.0010080645,0.0010080647,0.9848790244,0.0010080646,0.0010080645,0.0010080646,0.0010080648,0.0010080667,0.0010080649,0.0010080673,0.0010080645,0.0010080645,0.0010080653,0.1530956466,0.8330794383000001,0.0011520737,0.0011520776,0.0011520773,0.001152079,0.0011520791,0.0011520776,0.0011520752,0.0011520754,0.0011520737,0.001152077,0.0011520757,0.0011520737,0.0007107621,0.1333584256,0.0236115186,0.0007116065,0.1958284456,0.0007113002,0.0007108605,0.644357081,0,1,0,0,0,0,0,0.3495848576,-0.2475775305,-0.0293408066,0.1731680912,0.386535941,-0.1685124183,-0.2007293558,0.3115471978,0.0932985202,-0.0761358397,0.0254911239,0.1125177181,0.2447351676,0.1064189112,0.0435198083,0.2545721328,0.3252339314,0.1435735544,-0.1296786669
/61/6.mp3,0.0007621951,0.2824010112,0.0007621951,0.0007621953,0.1252233023,0.0007621952,0.0007621951,0.0007621951,0.0007621951,0.0007621951,0.0299321322,0.0007621952,0.0007621951,0.5532972124000001,0.0007621951,0.0007621952,0.2413725996,0.748174416,0.0008710801,0.0008710831,0.0008710828,0.0008710841,0.0008710842,0.000871083,0.0008710812,0.0008710814,0.0008710801,0.0008710826,0.0008710816,0.0008710801,0.0005303131,0.076591331,0.0005305339,0.3108709536,0.0005305692,0.0582227609,0.5521929531,0.0005305851,0,0,0,1,0,0,0,-0.2042447305,-0.030982313,-0.0149000876,-0.1690441649,-0.0784850459,0.0198704124,-0.0603414291,-0.0423113078,-0.3145148671,-0.2303100826,-0.0166024155,-0.1584014776,-0.036511657,-0.1061347583,-0.0046160831,-0.0266510968,-0.094113928,-0.1164149268,0.0169091863
/61/4.mp3,0.0741594645,0.0004496403,0.0340743918,0.0004496403,0.0004496403,0.0004496403,0.0004496406,0.0004496403,0.5544568515,0.0004496405,0.0004496403,0.0004496405,0.0004496403,0.0004496403,0.20330947,0.1290537783,0.0004761943,0.3271631974,0.0004761905,0.0004761921,0.6150957285,0.0004761927,0.0004761927,0.0004761921,0.0004761911,0.0004761912,0.0004761905,0.0004761918,0.0525029646,0.0004761905,0.0002902618,0.1726398265,0.54113161,0.2847764298,0.0002905517,0.0002904085,0.0002904341,0.0002904776,0,1,0,0,0,0,0,-0.0004555401,-0.3688861144,-0.0306946718,0.3103536501,-0.0824908795,-0.3114359673,0.0231977174,-0.0572678485,-0.0200250511,0.0696735448,-0.207602423,0.0912979795,0.110834583,0.0875863976,0.002091163,0.1139193445,-0.0520230599,0.0940014306,-0.3246957065
/61/5.mp3,0.000466418,0.0004664179,0.000466418,0.0004664179,0.1013666469,0.0004664183,0.0532627722,0.1367230279,0.0004664183,0.0004664179,0.000466418,0.0004664179,0.0004664184,0.0093226526,0.6941943018000001,0.0004664179,0.0004793883,0.9144831412,0.0004793864,0.0004793881,0.0004793875,0.0004793883,0.0797642114,0.0004793875,0.0004793869,0.0004793871,0.0004793864,0.0004793875,0.000479387,0.0004793864,0.1046693769,0.1171067261,0.1849826671,0.0002926301,0.0002925846,0.0002926749,0.4199728536,0.1723904867,0,0,0,0,0,1,0,-0.1809622254,-0.0354519986,0.2789201876,-0.28459922,-0.1335294142,-0.0842378701,-0.0593659566,-0.1302295695,-0.2907774076,-0.1425870501,0.2072396361,0.0167326912,-0.1079215785,0.0058698676,0.0740214893,-0.0266510968,-0.1167428116,-0.0302866469,-0.0237396277
/61/1.mp3,0.0005,0.0005000002,0.0005000008,0.0753588343,0.0005000009,0.0005,0.0005,0.0005,0.0005,0.7691559186,0.0643024503,0.0005000006,0.0005000003,0.0171105554,0.0685722385,0.0005000001,0.2533397889,0.2812650931,0.000533049,0.0005330508,0.2157958273,0.0352189119,0.0156034175,0.0005330508,0.0005330497,0.1945125621,0.000533049,0.0005330505,0.00053305,0.000533049,0.0186897109,0.0580995967,0.15251411,0.0003235457,0.2269892679,0.1542215448,0.0474738672,0.3416883568,0,0,0,0,1,0,0,0.0468284767,-0.4832449913,0.1362525078,0.1412314831,0.004842651,-0.4536428159,-0.1054587316,-0.10714772,-0.0638806609,0.1662781455,-0.1446875115,0.0711453885,0.2492681864,0.0115715064,-0.1120574839,0.0194693505,-0.0361935663,0.0321279332,-0.3487535542
/61/2.mp3,0.0010416672,0.2245764576,0.001041667,0.0010416675,0.0940253534,0.0956406621,0.0010416671,0.0325097372,0.0010416668,0.4315511591,0.0010416684,0.0609931816,0.001041668,0.0010416669,0.051328443,0.0010416673,0.6398510642,0.1837760163,0.0011520737,0.0011520778,0.1637000815,0.0011520791,0.0011520791,0.0011520776,0.0011520752,0.0011520754,0.0011520737,0.001152077,0.0011520757,0.0011520737,0.0007191423,0.1649439414,0.0786084799,0.121752977,0.0007195253,0.5868813548,0.0456551099,0.0007194693,0,0,0,0,1,0,0,0.3032429678,-0.1898327169,0.0512046367,0.3146438329,0.1576778515,-0.1841265269,-0.0636158399,0.2002150927,0.2149932905,0.2306840515,-0.1911806388,0.0234031319,0.0496203007,0.0194744947,-0.0265016297,0.041943339,0.1183475253,-0.0454151333,-0.2450462134
/61/3.mp3,0.0041666667,0.0041666677,0.004166667,0.0041666667,0.0041666667,0.0041666668,0.0041666667,0.5439091158,0.0041666667,0.0041666669,0.1288263776,0.2730978381,0.0041666668,0.0041666667,0.0041666667,0.0041666667,0.5966655697000001,0.0047619375,0.0047619048,0.2153105146,0.0047619192,0.0047619257,0.1356428458,0.0047619205,0.0047619105,0.004761911,0.0047619048,0.0047619177,0.0047619134,0.0047619048,0.2208207763,0.104057818,0.2867904791,0.0032107083,0.0032123339,0.1025335026,0.2761626196,0.0032117622,0,0,0,0,0,0,1,-0.1735397768,0.2440135437,-0.0688286161,-0.211659251,-0.1294862681,0.1796168817,0.211117994,0.0039097747,-0.2557291106,-0.2570820998,0.1850461542,-0.1549990494,-0.1697959725,-0.0095476638,0.063223276,-0.0111386125,-0.0318516297,-1.49426e-05,0.2745249318
/95/7.mp3,0.0014880953,0.0014880953,0.0014880954,0.0014880953,0.0014880953,0.0014880952,0.0014880952,0.0014880952,0.0014880952,0.8972793967,0.0014880952,0.0818872692,0.0014880957,0.0014880952,0.0014880952,0.0014880954,0.0017006917,0.0017006941,0.0017006803,0.0017006866,0.0017006853,0.9778910942,0.0017006881,0.0017006858,0.0017006824,0.0017006829,0.0017006803,0.001700685,0.0017006831,0.0017006803,0.0010510599,0.0010522362,0.4894840437,0.1308658556,0.2722100153,0.0010520763,0.0010513996,0.1032333133,0,0,0,0,0,0,1,0.0553090039,0.179397131,0.116375021,-0.0258928257,0.0804623029,0.1803234635,0.1024055452,0.1274421119,0.1918726881,0.1645019347,0.1992650587,0.0987175588,0.1462693499,0.0837897288,0.0545312124,-0.0013816879,0.1366903142,0.1161858721,0.269931357
/95/6.mp3,0.00390625,0.00390625,0.0039062502,0.00390625,0.0039062501,0.00390625,0.00390625,0.31640625,0.00390625,0.1326766577,0.00390625,0.5001358419,0.00390625,0.00390625,0.00390625,0.00390625,0.4877351124,0.1995993926,0.0037593985,0.0037594128,0.2713120173,0.0037594173,0.0037594172,0.0037594118,0.0037594035,0.0037594045,0.0037593985,0.0037594098,0.0037594053,0.0037593985,0.0023597633,0.0023617367,0.6147993767000001,0.0023620405,0.3710290462,0.0023642875,0.0023610054,0.0023627437,1,0,0,0,0,0,0,0.0592915897,0.141175572,0.1181016988,0.0316404338,0.0819395593,0.0864143221,0.0955982207,0.1185194873,0.0576205106,0.0918004936,0.2225214077,0.0760840557,0.1870844713,0.0367394866,-0.0181785015,0.0976524612,0.0506866247,0.1394864368,0.1733020581
/95/4.mp3,0.4030846736,0.0041666667,0.1304072752,0.0041666668,0.0041666667,0.0041666667,0.0041666667,0.0041666667,0.0041666667,0.2064963707,0.0041666667,0.0041666667,0.0041666667,0.0041666667,0.2100116796,0.0041666674,0.3536754643,0.0044643246,0.0044642857,0.0044643038,0.0044643009,0.0044643092,0.5927529585,0.0044643022,0.0044642919,0.0044642932,0.0044642857,0.0044642998,0.0044642945,0.0044642857,0.0029091169,0.4790307608,0.5035080231,0.0029117826,0.0029095023,0.002912034,0.0029087535,0.0029100269,0,1,0,0,0,0,0,0.0904458382,0.142670209,0.1761567943,0.0615167447,0.1340814207,0.257441416,0.1559538072,0.1066561594,0.1096837538,0.0585901087,0.2262258544,0.0991146675,0.02962825,0.0845854384,0.0760687542,0.1314019783,0.0994748101,0.1864488497,0.0778135269
/95/5.mp3,0.0009920635,0.0009920638,0.0009920635,0.0009920635,0.0009920635,0.0009920641,0.0009920635,0.9851190423,0.0009920635,0.0009920635,0.0009920675,0.0009920635,0.0009920635,0.0009920637,0.0009920635,0.0009920635,0.3050236676,0.5431787533,0.0011160714,0.0011160752,0.0011160749,0.0011160766,0.0011160766,0.0011160752,0.0011160728,0.0190766413,0.0011160714,0.0011160746,0.1215601978,0.0011160714,0.0006877028,0.0684001678,0.2240663895,0.1955707556,0.0023783303,0.2809057392,0.0685554784,0.1594354363,0,0,0,0,0,0,1,0.13220443,0.0427121747,0.1407256736,0.0853514339,0.0291891237,0.0925308803,0.0250293114,0.1546983931,0.1068498284,0.0860797442,0.1679148665,0.1680753636,0.1909672595,0.1776425632,0.0426317178,0.0383296718,0.1178564809,0.1817441722,0.0361869844
/95/1.mp3,0.0022321429,0.0022321431,0.0022321429,0.0022321429,0.0022321429,0.6928429212,0.0022321429,0.1098712502,0.0022321429,0.0022321429,0.1682679713,0.0022321429,0.0022321429,0.0022321429,0.0022321429,0.0022321429,0.1721930115,0.6227347299,0.0025510204,0.0025510291,0.0025510286,0.1770109771,0.0025510327,0.0025510294,0.0025510238,0.0025510241,0.0025510204,0.0025510278,0.002551025,0.0025510204,0.0015830048,0.0015837077,0.7258969847000001,0.1140209436,0.1521603932,0.001585793,0.0015838291,0.0015853439,0,1,0,0,0,0,0,0.078802509,0.0148849717,0.1001074925,0.0657386021,0.1610954455,-0.1374817502,-0.1010915285,0.2879547832,0.131862484,0.1978678657,0.0556825285,0.1750374746,0.3936032876,0.1676407577,0.0347243601,0.2361545312,0.2180221328,0.2348681353,-0.1595805658
/95/2.mp3,0.0008223685,0.0008223688,0.0900872437,0.0008223685,0.0008223685,0.0008223685,0.0008223684,0.2403109112,0.0008223684,0.0008223686,0.1002119073,0.4956133556,0.0647305285,0.0008223684,0.0008223684,0.0008223687,0.449328732,0.214255872,0.0009157509,0.0009157541,0.196019563,0.1312383067,0.0009157552,0.000915754,0.0009157521,0.0009157522,0.0009157509,0.0009157535,0.0009157525,0.0009157509,0.135467984,0.0395799105,0.0005640833,0.376504513,0.2524049174,0.1289077949,0.0005638776,0.0660069193,0,0,0,0,1,0,0,0.2363987568,0.104571803,0.1121687369,0.1633647557,0.0480410703,0.1778947619,0.0599754907,0.0673745063,0.0422969346,0.0511316223,0.0833298593,0.0816199835,-0.0129457772,0.0821869236,0.2011721027,0.0992234624,0.1966480459,0.1761504972,0.2559394801
/95/3.mp3,0.0015243902,0.0015243906,0.0015243902,0.0015243903,0.0015243903,0.1023730078,0.0015243902,0.6239013364,0.0015243902,0.0015243902,0.1309701473,0.0015243903,0.0995205788,0.0264666365,0.0015243903,0.0015243902,0.2118300396,0.0015528088,0.001552795,0.0015528015,0.0015528003,0.0015528032,0.0015528031,0.4707870058,0.0015527972,0.0015527977,0.001552795,0.3003021597,0.001552798,0.001552795,0.3712038996,0.1075641186,0.0009631091,0.024245722,0.0009634482,0.114986135,0.0009632715,0.379110296,0,0,0,0,0,0,1,0.0202163045,0.2568874917,0.0826549984,-0.0533029805,0.0575970904,0.1333573092,0.0365404515,-0.0116627215,0.0255536679,0.0040980064,0.1239526803,0.3026376968,0.2616353076,0.1763887601,0.1142981583,0.1445391025,0.1479480536,0.2035493792,0.155928968
/59/7.mp3,0.0013020834,0.001302084,0.0013020835,0.0329769122,0.0373970308,0.0013020834,0.0013020834,0.0013020841,0.0013020834,0.3553425954,0.2064169739,0.3309923344,0.0013020842,0.0238533165,0.0013020835,0.0013020838,0.5162682005,0.1336812667,0.0013477089,0.0013477137,0.1602202954,0.0013477153,0.0013477153,0.0301502296,0.0013477106,0.0013477109,0.0013477089,0.0013477128,0.1475506025,0.0013477089,0.0008283993,0.1827056096,0.0963757268,0.5242953445,0.0008292829,0.0008293422,0.0008287925,0.1933075022,0,0,0,0,0,0,1,-0.1593115212,-0.4190038424,-0.4556834442,-0.0608065498,-0.1154122782,-0.181926777,-0.160133124,-0.0670256837,-0.1246513212,-0.0358461932,-0.2723659332,-0.3071786177,-0.1493918065,-0.2746480309,-0.4411661304,-0.2652168843,-0.1398488302,-0.2801818113,-0.4611206618
/59/6.mp3,0.0009765626,0.0009765627,0.0009765626,0.0009765634,0.7931415268,0.0009765625,0.0495490179,0.0009765625,0.0009765627,0.0009765651,0.0009765625,0.1124588327,0.0009765647,0.0009765625,0.0331318655,0.0009765629,0.2755155852,0.7116912099,0.0010660981,0.0010661017,0.0010661014,0.001066103,0.001066103,0.0010661016,0.0010660994,0.0010660996,0.0010660981,0.0010661011,0.0010660999,0.0010660981,0.0006517228,0.1588049954,0.2698670265,0.5384328036,0.0006522369,0.0006521119,0.0302868382,0.0006522647,0,0,0,0,1,0,0,-0.4444735325,-0.2173745244,-0.1673700826,-0.0913163645,-0.0766576898,-0.1081832606,-0.1650507121,-0.0366319927,-0.3702270105,-0.4335005127,0.0117840513,-0.279888138,-0.0329999667,-0.3719355548,-0.3745757153,-0.2489916394,-0.0362692,-0.2941381303,-0.206354591
/59/4.mp3,0.1728849036,0.0015243913,0.3809164372,0.2577147285,0.0564757064,0.0015243904,0.0015243905,0.0015243918,0.0015243904,0.0637072497,0.0265503205,0.0015243908,0.0015243934,0.0280311325,0.0015243914,0.0015243915,0.7705253391,0.2099940934,0.0016233766,0.0016233825,0.0016233813,0.001623384,0.0016233839,0.0016233816,0.0016233785,0.001623379,0.0016233766,0.0016233857,0.001623381,0.0016233766,0.0010087513,0.0979750459,0.1639256599,0.2122275558,0.0575557838,0.4652880548,0.0010091872,0.0010099613,0,0,0,0,1,0,0,-0.2024322352,-0.3675796932,-0.0697316688,-0.2628301827,-0.1761004365,-0.342892629,-0.2169880579,-0.0492832857,-0.2374369202,-0.0313525298,-0.380253786,-0.1450098588,-0.1650919907,-0.2625265574,-0.305381513,-0.0607720231,-0.0577947967,-0.1497686645,-0.3120722294
/59/5.mp3,0.217294146,0.0003633721,0.1331279398,0.0003633721,0.0003633721,0.0003633721,0.0003633722,0.0003633721,0.4616743061,0.0003633722,0.0003633721,0.0920871285,0.0003633724,0.0003633721,0.0003633726,0.0918193853,0.1982579484,0.3066477847,0.0003861004,0.0185366382,0.3138641149,0.0003861021,0.0540353439,0.0003861017,0.0648214627,0.0132750257,0.0003861004,0.0003861015,0.0282450751,0.0003861004,0.0002359633,0.00023604,0.3330979669,0.1459892046,0.498685573,0.0212829462,0.000236043,0.0002362629,0,1,0,0,0,0,0,-0.4378260774,-0.3201923078,0.0530765453,-0.4632934987,-0.4964619149,-0.4600724731,-0.2362718308,-0.29303957,-0.1647877046,-0.1352491182,0.0440907766,-0.2629878724,-0.2370365038,-0.373024584,-0.1394958931,-0.4088332749,-0.3740993732,-0.2558524713,-0.3559516695
/59/1.mp3,0.0022321432,0.0022321436,0.0022321434,0.1243722227,0.0022321431,0.0022321429,0.2999272014,0.0022321429,0.0022321433,0.1736507601,0.0022321429,0.0022321434,0.0022321474,0.2281631215,0.1493331143,0.0022321441,0.3125243146,0.6568633726,0.0025510204,0.0025510291,0.0025510284,0.0025510323,0.0025510324,0.0025510291,0.0025510236,0.0025510241,0.0025510204,0.0025510277,0.0025510249,0.0025510204,0.0015834729,0.0946869134,0.3693901475,0.2946595569,0.0015852075,0.2349254197,0.0015839665,0.0015853156,0,0,0,0,0,1,0,-0.3994535994,-0.0554531576,-0.2112809057,-0.2950356752,-0.2231098566,-0.0514908861,-0.1534279004,-0.2283094844,-0.4363435699,-0.4253859368,-0.0686252099,-0.4418813672,-0.4270616671,-0.3637103028,-0.3687092583,-0.2211170699,-0.0691737926,-0.4766956147,-0.1044593175
/59/2.mp3,0.001602565,0.0016025653,0.0016025649,0.1838443423,0.0016025644,0.0016025643,0.3177522971,0.0016025657,0.1754966124,0.0016025645,0.0915001337,0.0016025646,0.079578404,0.0016025643,0.1358025621,0.0016025654,0.3434009087,0.1785564254,0.0017421603,0.0017421665,0.3369884241,0.0017421686,0.1236326053,0.0017421663,0.0017421625,0.0017421629,0.0017421603,0.0017421653,0.0017421635,0.0017421603,0.0010884118,0.1493682998,0.1621348252,0.1774847059,0.0010888741,0.0964822692,0.0796690923,0.3326835217,1,0,0,0,0,0,0,-0.1519231188,-0.3450064733,-0.2408998725,-0.0894903218,-0.1976195847,-0.2683349714,-0.0363853222,-0.0585368677,-0.0604499995,-0.1073910169,-0.3086229779,-0.2626389148,-0.0804722362,-0.1891165854,-0.3656651845,-0.2507270622,-0.1821319985,-0.255226728,-0.2589124129
/59/3.mp3,0.1433131097,0.0004882813,0.0004882816,0.0004882813,0.0004882813,0.0004882813,0.0004882813,0.0004882822,0.2607888772,0.0004882813,0.0004882814,0.4041645751,0.1509079464,0.0004882814,0.0354543957,0.0004882815,0.5966445008,0.3862025313,0.0005138746,0.0115003352,0.0005138761,0.0005138769,0.0005138769,0.0005138763,0.0005138752,0.0005138753,0.0005138746,0.0005138764,0.0005138756,0.0005138746,0.0003142724,0.05700812,0.0003145945,0.4510609816,0.2404345015,0.1609355996,0.00031438,0.0896175504,0,0,0,0,0,1,0,-0.3042519137,-0.2975363966,-0.3495974432,-0.0820939787,-0.2579190139,-0.49034368,-0.1891235871,-0.1323269515,-0.0771179357,0.0005574244,-0.1978493663,-0.0677226404,-0.1132047944,-0.1557570747,-0.0617706593,-0.1831077541,-0.126388234,-0.1304457895,-0.3151851088
/92/7.mp3,0.001644737,0.0016447383,0.001644737,0.0016447369,0.001644737,0.0016447371,0.0016447369,0.0016447369,0.0016447369,0.0016447371,0.0016447436,0.9753289298,0.0016447442,0.0016447368,0.0016447369,0.0016447375,0.0018315168,0.9761904119,0.0018315018,0.0018315079,0.0018315077,0.0018315104,0.0018315106,0.0018315083,0.0018315042,0.0018315044,0.0018315018,0.0018315071,0.0018315051,0.0018315018,0.0011475628,0.1559424599,0.6395370303,0.1379963724,0.0011486716,0.0619311913,0.0011479037,0.001148808,0,1,0,0,0,0,0,0.0617265919,-0.0624671671,-0.1821348559,-0.0618015129,-0.0328368629,-0.1765545476,-0.3287387528,-0.0037214357,-0.0001619329,-0.0001516823,-0.1053897252,-0.1059029164,-0.1828350576,-0.0681956397,-0.1165711147,-0.0687554102,-0.0105287453,-0.1392852739,-0.2134209654
/92/6.mp3,0.2559864089,0.0010775863,0.0010775873,0.0010775862,0.0010775863,0.0010775862,0.0010775866,0.0010775862,0.0534529949,0.0010775869,0.0010775862,0.0593171516,0.001077587,0.0010775862,0.6183124065000001,0.0010775866,0.0010661069,0.239383276,0.0010660981,0.0010661017,0.5109053483,0.0010661032,0.0010661033,0.0010661019,0.0010660995,0.0010660996,0.0010660981,0.0010661012,0.2379842642,0.0010660981,0.0006548728,0.1867243455,0.4483062613,0.0518212593,0.3105269742,0.0006557349,0.0006550248,0.0006555272,1,0,0,0,0,0,0,-0.0432698879,0.204523029,-0.2500842008,-0.0417242519,-0.1107763123,0.2073691282,0.2152946785,-0.0150379692,-0.2219507805,-0.1098436622,0.1466153594,-0.0179663041,-0.2394153244,0.0040775853,0.063223276,-0.0861444879,-0.2354913225,-0.0679237258,0.0838682267
/92/4.mp3,0.0006944445,0.0006944445,0.0006944445,0.0292752533,0.0006944448,0.0006944445,0.2492192607,0.0006944459,0.2478707641,0.0006944445,0.0006944447,0.0121563027,0.4538395279,0.0006944446,0.0006944445,0.0006944445,0.0007936566,0.4684249997,0.0007936508,0.0007936535,0.0007936532,0.2873688958,0.0191107313,0.0174624258,0.0801986139,0.0007936519,0.0007936508,0.0337750178,0.088103748,0.0007936508,0.0004886006,0.0748395138,0.5555693028,0.1456189466,0.0930907427,0.1294149279,0.0004887736,0.000489192,0,0,0,0,0,1,0,-0.2615783016,0.1453811033,-0.2535050972,-0.3004356163,-0.3563279026,-0.0220506238,-0.2602960991,-0.2148586465,-0.194952842,-0.1508443538,-0.0707263674,-0.2884264192,-0.4086087026,-0.1578598566,0.1487816932,-0.1795668785,-0.3931129483,-0.2276234152,0.0506387568
/92/5.mp3,0.0012019239,0.0012019233,0.0012019253,0.0012019231,0.305737528,0.0012019231,0.0012019233,0.0012019231,0.0012019303,0.0012019232,0.2498361668,0.0206456192,0.0012019233,0.0012019231,0.389024375,0.0215351461,0.0010822601,0.4299027426,0.0010822511,0.0010822547,0.4900679541,0.0324194281,0.0010822563,0.001082255,0.036787336,0.0010822526,0.0010822511,0.0010822543,0.0010822531,0.0010822511,0.1462513294,0.5593512754000001,0.2910845231,0.0006623142,0.0006626393,0.0006625253,0.0006627309,0.0006626623,1,0,0,0,0,0,0,0.1462517548,-0.2975254374,-0.3450882087,0.1233802189,-0.1448889874,-0.2610458533,-0.1616685299,0.1289999699,-0.1411758106,-0.0958729602,0.1169661198,-0.2228561267,-0.2157649522,-0.0742950372,0.1873297043,-0.1024363315,-0.2734540316,0.1442953845,-0.0570580239
/92/1.mp3,0.0011792453,0.0011792453,0.0011792453,0.0011792453,0.0011792453,0.0011792453,0.0011792453,0.5805142666,0.0011792453,0.0011792453,0.0011792453,0.0011792453,0.0011792453,0.4029762993,0.0011792453,0.0011792453,0.1602921366,0.4554927844,0.0013477089,0.0013477135,0.0013477131,0.0013477152,0.0013477152,0.1359409702,0.0013477106,0.0013477108,0.0013477089,0.2122718304,0.0238728733,0.0013477089,0.2381875076,0.0008238554,0.1452493977,0.0008234916,0.4786641831,0.0008233429,0.0008241017,0.13460412,0,0,0,0,0,0,1,-0.0155822032,-0.2222832823,-0.3337712468,-0.1927383711,-0.1067536518,-0.2496349426,0.1622372142,-0.0330434977,-0.1013338842,-0.0799907317,-0.3425429828,-0.1302097006,-0.2941925649,-0.1676963568,-0.1082281872,-0.1716736005,-0.1257085135,-0.1925057819,-0.2421816118
/92/2.mp3,0.0005952383,0.0005952384,0.0005952383,0.0524862996,0.0711445797,0.0005952381,0.0005952382,0.535053459,0.0005952382,0.0005952382,0.0316874005,0.0878479367,0.0397874592,0.0590213515,0.0939304814,0.0248743646,0.0006211229,0.5006972374,0.000621118,0.0006211201,0.2880801951,0.0654183099,0.0006211209,0.0466677274,0.0104659546,0.0006211189,0.000621118,0.0837016197,0.0006211191,0.000621118,0.2661021422,0.3377646598,0.2765388567,0.0003817256,0.000381776,0.0003815224,0.1180675802,0.0003817371,0,0,0,1,0,0,0,-0.0957105834,0.0502092574,-0.1918922068,-0.1180542558,-0.1074051297,0.0065589008,-0.0065759909,-0.1069882083,-0.0900099002,-0.0070791416,0.0281568037,-0.2953702347,-0.1572745887,-0.1477946023,-0.1889057768,-0.4593120612,-0.5357369377,-0.2024730831,0.0756591295
/92/3.mp3,0.0021551736,0.1188586292,0.0021551726,0.0021551724,0.4597957347,0.0021551725,0.0021551734,0.0021551724,0.0021551725,0.0021551748,0.0021551761,0.3933283834,0.0021551745,0.0021551724,0.0021551724,0.002155173,0.3563473937,0.440249582,0.0023809524,0.0023809608,0.0023809595,0.0023809633,0.0689687966,0.1106246541,0.0023809552,0.0023809558,0.0023809524,0.0023809635,0.0023809584,0.0023809524,0.0015254385,0.0974658129,0.1234543058,0.0015275062,0.2868800001,0.0015274283,0.0015259897,0.4860935187,0,0,0,0,0,0,1,0.0453931417,0.0793590819,-0.2520629727,-0.0643818236,0.0753524047,-0.0077204666,-0.0280812871,0.1778220305,-0.0104021235,0.0080803639,0.0874048996,-0.1423690318,0.0119920592,-0.1006555799,-0.2898839092,-0.0212500092,0.0612005537,-0.1619278593,-0.005118627
/66/7.mp3,0.0013586958,0.001358696,0.0013586962,0.0013586957,0.1051306948,0.0013586957,0.0013586957,0.0013586957,0.0013586957,0.0664351574,0.0375257844,0.6855105998000001,0.001358696,0.0013586957,0.0904521097,0.0013586958,0.4591280806,0.0014881037,0.0014880952,0.2165011245,0.2304958778,0.0789939366,0.0014881012,0.0014880998,0.0014880969,0.0014880969,0.0014880952,0.0014880988,0.0014880975,0.0014880952,0.0009200764,0.1652955974,0.2761332905,0.0009203505,0.0974311016,0.000921087,0.043585901,0.4147925957,1,0,0,0,0,0,0,0.0039859546,-0.194264063,-0.010375308,-0.2192711598,0.1038961674,-0.1807041705,-0.1804250272,0.0023273049,-0.1429583346,-0.1675256148,-0.193352069,-0.3155254108,-0.2384386946,-0.0096084164,0.0332826072,-0.0309188392,-0.1295626859,-0.1735022537,-0.2090117211
/66/6.mp3,0.0012755107,0.0012755104,0.0012755103,0.0012755102,0.0436077564,0.0012755102,0.0012755106,0.0012755102,0.0012755103,0.5020642997,0.0012755102,0.3970473954,0.0012755111,0.0012755102,0.0419744235,0.0012755105,0.5875978959,0.188862029,0.0013736264,0.0013736312,0.0013736306,0.0013736328,0.0013736328,0.001373631,0.20843015,0.0013736284,0.0013736264,0.0013736303,0.0013736288,0.0013736264,0.0008573381,0.0783459563,0.0008579529,0.0008578574,0.0008576139,0.5495620005,0.1204527946,0.2482084862,0,0,0,0,1,0,0,-0.1061405009,-0.2768995646,-0.0916966678,-0.1684281389,0.1087509236,-0.0384236455,0.1289150631,-0.0493770744,-0.2385131442,-0.2649612222,0.0275887252,-0.0642260361,-0.1735109029,-0.0185523771,-0.0594554991,-0.0162377241,0.0103918461,-0.1678037803,-0.1778627281
/66/4.mp3,0.0006510417,0.013472374,0.0006510417,0.0006510418,0.1182154971,0.0006510417,0.0006510417,0.0111588933,0.0006510417,0.0006510417,0.0773066191,0.6137369083,0.0006510418,0.0215630901,0.0006510417,0.1386872427,0.3058022792,0.3228956144,0.0007215007,0.0007215032,0.0321358139,0.0739201221,0.000721504,0.0007215031,0.0007215016,0.0007215018,0.0007215007,0.2587526525,0.0007215021,0.0007215007,0.0071931941,0.0526795353,0.2543647056,0.0004439841,0.3556621012,0.1967336841,0.1163701216,0.016552674,0,0,0,0,0,0,1,0.2406297661,-0.3383969072,0.0849953656,0.1295023223,0.0753655644,-0.3685801693,-0.1914898207,0.1291395797,0.0383592668,0.0803212457,-0.2684472035,-0.0260320092,0.1901286885,0.0249691504,-0.1794753687,-0.0291996062,-0.1117763514,-0.0359685865,-0.4447886965
/66/5.mp3,0.0008116885,0.0008116883,0.0485116373,0.0181675421,0.2726119996,0.0008116883,0.0138148071,0.0008116883,0.0008116889,0.0008116883,0.0008116883,0.0008116883,0.0008116886,0.0008116883,0.6379654412,0.0008116884,0.0009041635,0.5854251580000001,0.0009041591,0.0009041624,0.2265185245,0.0009041629,0.1320890861,0.0009041615,0.0009041601,0.0469256218,0.0009041591,0.0009041613,0.0009041605,0.0009041591,0.0005535698,0.9051313665,0.0005539463,0.0005538419,0.0309278543,0.0005536445,0.0611717831,0.0005539936,0,0,0,0,0,1,0,-0.121789589,-0.2556974575,-0.0846270248,0.1176705905,-0.0576498224,-0.1129125927,-0.0983320698,-0.0749118096,-0.2103903572,0.0152525555,-0.1255369359,0.1765177525,0.0721051267,0.0549611303,0.0132331038,-0.0140362913,-0.1229753029,0.0279313061,-0.3388650285
/66/1.mp3,0.0015243904,0.1353210203,0.0015243906,0.0015243903,0.0015243904,0.0015243903,0.0015243903,0.0503049132,0.0015243903,0.0290121913,0.0015243902,0.6913294195,0.0015243915,0.0015243902,0.0772641606,0.0015243906,0.0970100482,0.6134568927,0.0015873016,0.0015873069,0.2720727039,0.0015873091,0.0015873092,0.0015873072,0.0015873036,0.0015873039,0.0015873016,0.0015873062,0.0015873044,0.0015873016,0.1478522063,0.0558755769,0.3573726513,0.0914749225,0.0009709272,0.0009701673,0.0625323562,0.2829511923,0,0,0,0,0,1,0,0.0060998772,-0.4557099248,-0.2947654175,-0.0207294322,-0.0482637018,-0.4586379246,-0.4069027833,-0.1031335414,-0.1048951211,-0.0689774498,-0.2715881262,-0.1902020799,0.0157185225,0.0106418872,-0.2359901102,0.0060391481,-0.0065533919,-0.136194939,-0.3180643344
/66/2.mp3,0.0012254906,0.0012254904,0.0012254907,0.0012254902,0.0012254903,0.0012254902,0.0012254902,0.0012254902,0.0012254903,0.0012254904,0.0012254902,0.4247168542,0.1397249584,0.0012254902,0.269112857,0.1517394465,0.6983395342000001,0.0012106631,0.0012106538,0.0012106579,0.0012106574,0.0012106593,0.0012106593,0.0012106578,0.1626274803,0.1257157564,0.0012106538,0.0012106571,0.0012106558,0.0012106538,0.0007495039,0.1177726009,0.0007498717,0.3020033511,0.0762346708,0.3759237237,0.1258165666,0.0007497113,0,0,1,0,0,0,0,-0.0963240308,-0.1891993812,-0.1673318549,-0.1611024121,-0.0213189257,-0.303784352,-0.2700020361,-0.1806123691,-0.1323132983,-0.072258649,-0.1870937692,-0.2102098654,-0.1915917176,-0.0900867153,-0.1380298261,-0.0297391203,-0.0178116979,-0.1509244334,-0.3030143712
/66/3.mp3,0.3125635187,0.0004194631,0.3517725038,0.0004194631,0.0004194632,0.0004194631,0.0004194636,0.0004194631,0.2712485778,0.014894411,0.0004194631,0.0004194631,0.0449068935,0.0004194631,0.0004194634,0.0004194632,0.3173164182,0.0975607292,0.0004409171,0.0004409186,0.3176130019,0.0004409191,0.0004409192,0.1913589923,0.0004409177,0.0004409177,0.0004409171,0.0004409183,0.0721825964,0.0004409171,0.0002695978,0.0002698977,0.1929534214,0.462216807,0.3403744165,0.0002699215,0.0002697543,0.0033761837,0,0,0,0,0,1,0,-0.0446259711,-0.3457598578,-0.1260889115,-0.0267988337,-0.1604518688,-0.2249128632,-0.0938683203,-0.2764830097,-0.1060908577,-0.0597046651,-0.0526934742,0.0271714563,-0.0957461099,0.0190106394,0.0459272883,-0.0252795999,-0.0903406329,-0.0582689902,-0.3455616309
/104/7.mp3,0.0004194639,0.0004194631,0.2229337155,0.0004194631,0.0004194631,0.0004194631,0.0004194631,0.0004194631,0.0004194631,0.0004194632,0.0004194631,0.2446692606,0.0004194632,0.0004194631,0.2936067672,0.2337566986,0.2645634258,0.2510499405,0.0004608295,0.0004608311,0.0004608309,0.0004608316,0.1004660756,0.000460831,0.0004608301,0.2560113638,0.0004608295,0.1237617208,0.0004608303,0.0004608295,0.2392588711,0.1713463051,0.0933003937,0.1264400828,0.042709782,0.2937440363,0.0002826279,0.0329179011,0,0,0,0,0,0,1,0.2876660592,-0.4108765952,0.0429683388,0.2275591407,0.2179272372,-0.4098201503,-0.4203751657,-0.0303859371,0.0938067914,0.0958693249,-0.1797334231,0.3699418305,0.3295670491,0.1858617001,0.0720595258,0.1232937567,0.0495148533,0.211132645,-0.3434783714
/104/6.mp3,0.0005681819,0.0005681821,0.000568182,0.0134665986,0.1604825554,0.0005681819,0.0242527742,0.0005681827,0.0918686128,0.0121816026,0.0475929365,0.0005681827,0.0005681827,0.0227553079,0.6025089627,0.0209133735,0.0006211217,0.4868590353,0.000621118,0.0006211202,0.1086590666,0.0006211207,0.180540657,0.1861630368,0.0006211187,0.0321881303,0.000621118,0.0006211196,0.000621119,0.000621118,0.0580867271,0.2341180123,0.5146733267,0.0443301979,0.0003840948,0.0003839086,0.1476395907,0.000384142,0,0,0,1,0,0,0,-0.2555836303,-0.1063307539,-0.0603523379,-0.2576983719,-0.3753632716,-0.1595157691,-0.1416695929,-0.0698887389,-0.2658701691,-0.1574382601,-0.1608809637,0.060924627,-0.0328562683,0.0545253767,0.1347010615,-0.0825887753,-0.4446319058,-0.0589543183,0.0504156238
/104/4.mp3,0.0027173913,0.0027173913,0.0027173915,0.0027173913,0.0027173914,0.0027173913,0.0027173913,0.1331521739,0.0027173913,0.8288043452,0.0027173913,0.0027173935,0.0027173913,0.0027173913,0.0027173915,0.0027173913,0.0029762097,0.8296100215000001,0.0029761905,0.0029762009,0.002976199,0.0029762037,0.0029762036,0.1346756079,0.0029761939,0.0029761948,0.0029761905,0.0029761984,0.0029761952,0.0029761905,0.0018957986,0.0018984602,0.3009242103,0.0018965538,0.6253959464000001,0.0018985404,0.0641934742,0.0018970162,1,0,0,0,0,0,0,-0.1844740718,0.0594225944,-0.3035632828,-0.3324961423,-0.1683805883,-0.202597816,-0.3039731617,-0.166258468,-0.3672669301,-0.2786344912,0.0662039956,-0.1130245771,-0.12289109,-0.082521634,0.0461748476,-0.0274979355,-0.0379888775,0.0079694195,0.0493028723
/104/5.mp3,0.0018382367,0.0018382365,0.5156054399000001,0.0018382376,0.0018382356,0.0018382355,0.0018382361,0.08494313,0.0018382355,0.3424785841,0.0018382358,0.0018382358,0.0018382367,0.0349140112,0.0018382366,0.0018382364,0.4527915898,0.523398834,0.001984127,0.0019841338,0.0019841331,0.0019841362,0.0019841362,0.0019841337,0.0019841294,0.0019841298,0.001984127,0.0019841326,0.0019841304,0.001984127,0.0012262919,0.0845864366,0.0012277547,0.0012278489,0.0012276515,0.4678999966,0.001226825,0.4413771948,0,1,0,0,0,0,0,-0.1258372535,0.0248271094,-0.3040560741,-0.2357297521,-0.0402142801,-0.107551618,-0.0922162817,0.073516315,-0.2863732918,-0.2834386377,0.0315925148,-0.1780585735,-0.095001117,-0.0054072925,0.0866817148,-0.0707582123,-0.0791089279,-0.1772930672,0.2300653207
/104/1.mp3,0.0006009629,0.0006009617,0.6428583927,0.0006009617,0.0006009616,0.0102989796,0.0006009615,0.0083914338,0.0006009616,0.0006009616,0.0006009618,0.0006009618,0.0006009618,0.0006009617,0.2520114025,0.079829212,0.0006738588,0.0006738584,0.0006738544,0.0006738562,0.1866601694,0.2841806104,0.3886328033,0.0006738563,0.0006738552,0.1337878572,0.0006738544,0.000673856,0.0006738555,0.0006738544,0.000416951,0.1871109253,0.321388362,0.0004174088,0.2415952033,0.1387259806,0.0004171881,0.109927981,0,0,0,0,0,0,1,0.0828860391,-0.3047723515,-0.1446437622,0.1381550299,0.1524199748,-0.3762537471,-0.3178796019,-0.0423113078,0.0306488081,0.0040980064,-0.3052433403,0.1115519169,0.1424209157,0.0196969677,-0.0402722655,0.0773017522,0.0377732474,0.1435735544,-0.4105512337
/104/2.mp3,0.0006648937,0.0006648939,0.0006648937,0.1149473349,0.0006648937,0.0006648937,0.4590982825,0.0006648944,0.405437011,0.0006648938,0.0006648938,0.0006648938,0.0006648948,0.0125386446,0.0006648937,0.0006648941,0.3900860845,0.306497673,0.0007598784,0.0007598812,0.0007598803,0.0007598816,0.0142985579,0.0481653469,0.0125002688,0.0863511096,0.0007598784,0.0374611936,0.1000804874,0.0007598784,0.0004648909,0.0004650956,0.329408717,0.2963109068,0.2379751438,0.1344445908,0.0004651081,0.0004655469,0,0,0,0,0,1,0,-0.6163020898,0.085718785,-0.3960015389,-0.556612564,-0.6086167686,0.1807387024,0.352273414,-0.5391593386,-0.5018599365,-0.5316764517,-0.3151718234,-0.3087034285,-0.4452575686,-0.226592367,-0.0067430661,-0.3065830883,-0.2870703492,-0.359184483,-0.072322424
/104/3.mp3,0.6090168094,0.0008928573,0.0008928596,0.0008928571,0.0008928572,0.0008928572,0.2071531343,0.0008928571,0.0616533676,0.0008928573,0.0008928571,0.0008928573,0.0667114158,0.0008928571,0.045643841,0.0008928575,0.1116973547,0.7808293528,0.0010204082,0.0010204116,0.096248779,0.0010204129,0.0010204129,0.0010204116,0.0010204094,0.0010204096,0.0010204082,0.0010204111,0.0010204099,0.0010204082,0.0006253152,0.000625768,0.2789936686,0.1238898778,0.1810790692,0.1363411923,0.0006256075,0.2778195015,0,0,1,0,0,0,0,0.1239589567,-0.1331768824,-0.199802587,-0.0079642739,-0.078348603,-0.3134397735,-0.1866973233,-0.0689004952,-0.0724969814,0.012747641,-0.0277186357,-0.0384299458,-0.1408646099,-0.0306106055,-0.1534580356,-0.054263719,-0.0583619011,-0.1842802582,-0.1390310069
/50/7.mp3,0.0028409093,0.0028409094,0.0028409094,0.0028409092,0.5147813474,0.0028409091,0.0028409092,0.1838759003,0.0028409092,0.0028409095,0.0028409094,0.2644109282,0.0028409121,0.0028409093,0.0028409092,0.0028409098,0.0022321639,0.4978290403,0.0022321429,0.0022321502,0.4753851681,0.0022321539,0.0022321544,0.0022321516,0.0022321459,0.0022321461,0.0022321429,0.0022321498,0.0022321473,0.0022321429,0.2386721771,0.0013916085,0.0013915848,0.0013913787,0.1801499658,0.0013912322,0.3026335857,0.2729784671,1,0,0,0,0,0,0,-0.1126391685,0.0589494682,-0.1717651834,-0.1635466824,-0.1632532775,0.0424823839,-0.0236288844,-0.0423113078,-0.1709012269,-0.2340636683,0.0585196436,-0.2669838605,-0.3205062383,-0.1732969784,-0.0688313536,-0.0289140033,-0.1189789272,-0.2659152342,0.1343820073
/50/6.mp3,0.0011792453,0.227109902,0.0011792454,0.0011792453,0.1967255374,0.0011792453,0.0011792453,0.0011792453,0.0011792453,0.0011792454,0.0011792459,0.5608343693,0.0011792466,0.0011792453,0.0011792453,0.0011792456,0.2715398251,0.335702805,0.0012755102,0.0012755146,0.0012755142,0.3787267298,0.0012755162,0.0012755145,0.0012755118,0.001275512,0.0012755102,0.0012755138,0.0012755124,0.0012755102,0.0870520886,0.0563616567,0.1693321385,0.1848174007,0.2576878993,0.0007924422,0.0007924528,0.243163921,0,1,0,0,0,0,0,0.1811529083,-0.3141314539,-0.0928685215,0.0801424833,0.0912239782,-0.3811058883,-0.381021191,-0.0461210932,0.1600807014,0.1251877276,-0.0910438081,0.0173206377,0.0880215032,-0.037355987,-0.2586127867,0.0151078458,-0.068307552,-0.0486614603,-0.164419535
/50/4.mp3,0.0003360215,0.0003360216,0.0003360215,0.0003360221,0.0003360215,0.0342922983,0.0003360215,0.8496527767000001,0.0003360215,0.0003360215,0.1116866445,0.0003360215,0.0003360217,0.0003360216,0.0003360215,0.0003360215,0.0003663027,0.72218662,0.0003663004,0.0003663016,0.0003663014,0.000366302,0.0003663019,0.0003663015,0.0121291163,0.0003663009,0.0003663004,0.2616549498,0.0003663009,0.0003663004,0.6582462685,0.000222395,0.000222403,0.0002223664,0.000222443,0.1275945666,0.0002223736,0.2130471838,0,0,0,1,0,0,0,-0.6744499649,0.384340928,-0.3416531909,-0.6213426713,-0.6171546579,0.4246841415,0.153802646,-0.2037290285,-0.5115607738,-0.5516254158,-0.0411571672,-0.4107722435,-0.5222826067,-0.4924720648,-0.0185476385,-0.221925137,-0.3220787637,-0.4150824839,0.5049551906
/50/5.mp3,0.0010964913,0.7293021453,0.0010964913,0.0010964912,0.0952157469,0.0010964913,0.0010964913,0.0010964912,0.0010964912,0.0010964915,0.001096493,0.0548853519,0.001096492,0.0010964912,0.0010964913,0.1074388578,0.6986963728000001,0.1257420748,0.0012106538,0.1622443312,0.0012106574,0.0012106594,0.0012106593,0.0012106577,0.0012106552,0.0012106556,0.0012106538,0.0012106589,0.0012106564,0.0012106538,0.0007536367,0.0007548416,0.3535632223,0.4124424693,0.0007544257,0.2302231235,0.0007538912,0.0007543897,0,0,1,0,0,0,0,0.1865685325,-0.3198600604,-0.1040888655,0.1317712203,0.1534321337,-0.3865868103,-0.3672280475,0.0482910509,0.1138157989,0.113974447,-0.0727105797,0.1558315902,0.1747117051,0.0809132495,-0.2314140254,0.0280276098,0.0074862641,0.034167412,-0.2976684008
/50/1.mp3,0.0012254905,0.0012254905,0.0012254904,0.0012254902,0.0012254903,0.0012254902,0.0012254904,0.0012254902,0.0012254903,0.4254242707,0.0012254902,0.5185725879,0.0012254925,0.0012254902,0.0400717648,0.0012254908,0.5678054527,0.1915649889,0.0013227513,0.001322756,0.0013227554,0.0013227575,0.0013227575,0.0013227558,0.0890390076,0.138363006,0.0013227513,0.0013227551,0.0013227536,0.0013227513,0.0008070339,0.049245832,0.1821706623,0.341518049,0.1593330463,0.2653102108,0.0008072532,0.0008079125,0,0,1,0,0,0,0,0.0551149264,-0.1770518597,-0.022238501,0.0762544028,0.1115702495,-0.2390477445,-0.2786796513,-0.1088189772,0.1029028557,0.0854873024,-0.053458979,-0.1538169768,-0.009909674,-0.0655964353,-0.1685772576,-0.0386396812,-0.1019175006,-0.2778878245,-0.2683847204
/50/2.mp3,0.0010245925,0.0010245903,0.0010245971,0.0010245902,0.0288412719,0.0010245902,0.0010245904,0.0010245902,0.0010245902,0.8714103838,0.0010245902,0.0010245922,0.0010245912,0.0010245902,0.086428659,0.0010245906,0.6360658177,0.0011160789,0.0011160714,0.0011160748,0.0011160747,0.216545478,0.0011160763,0.1351118921,0.0011160728,0.0011160729,0.0011160714,0.0011160744,0.0011160733,0.0011160714,0.0006838444,0.1520120173,0.0940140009,0.1080180076,0.0006842326,0.6432189473000001,0.0006847449,0.0006842049,0,0,0,0,1,0,0,0.0941442411,-0.17892481,-0.0045710271,0.1602641928,-0.0886054338,-0.2752079581,-0.1646153468,-0.0148177977,0.1624930495,0.2190312146,-0.2362988402,0.038190098,0.0125890162,-0.0171640739,-0.2421586569,-0.0596411545,-0.0078561896,-0.1640437811,-0.3001420836
/50/3.mp3,0.0018382354,0.2788140146,0.0018382354,0.0018382367,0.0018382361,0.001838239,0.0018382353,0.3062674694,0.0018382353,0.0018382355,0.0018382391,0.1902477932,0.1737734903,0.0306766338,0.0018382353,0.0018382356,0.5464511165,0.0017006932,0.0017006803,0.0017006862,0.1596782501,0.247650271,0.0017006883,0.001700686,0.0017006824,0.0292135171,0.0017006803,0.0017006851,0.0017006832,0.0017006803,0.3240950868,0.0010525124,0.0010520746,0.3448261733,0.113880763,0.0010522816,0.0598402502,0.1542008581,1,0,0,0,0,0,0,0.0458958727,-0.296203141,0.0288884004,0.0111970605,0.1028417867,-0.2864637789,-0.3101144958,-0.0426801691,-0.0213541162,-0.1466768631,-0.1791986292,-0.2302198728,0.129471137,0.0311252285,-0.3491763812,-0.1019775692,-0.1736238527,-0.1743456544,-0.0244725991
/68/7.mp3,0.0013297872,0.5764642536,0.0013297872,0.0013297873,0.0013297872,0.0013297873,0.0013297872,0.1391463594,0.0013297872,0.0013297872,0.2671021526,0.0013297873,0.0013297872,0.0013297874,0.0013297872,0.0013297872,0.0015197757,0.9802431013,0.0015197568,0.0015197619,0.0015197617,0.001519764,0.0015197641,0.0015197622,0.0015197588,0.001519759,0.0015197568,0.0015197612,0.0015197596,0.0015197568,0.0323211908,0.1052668599,0.2032004093,0.4812669059,0.1012837475,0.000941175,0.0747782001,0.0009415116,0,1,0,0,0,0,0,0.0413262822,0.0528929217,0.0406276835,0.0033861551,0.0962617769,0.0424823839,0.0217344738,0.1854431561,-0.0259719266,-0.1592697757,0.3654177841,-0.3456660088,-0.1339638117,-0.1200173573,0.0339349235,-0.0266510968,0.0785942433,-0.2340488111,0.3164818088
/68/6.mp3,0.0010245907,0.5655075408,0.0010245903,0.001024591,0.0135320891,0.0010245902,0.0726501951,0.0010246002,0.0010245933,0.2525660303,0.0010245928,0.0010245917,0.0010245907,0.0010245913,0.0844736296,0.001024593,0.1525713188,0.4347701027,0.0011337868,0.0011337907,0.0011337904,0.2494204315,0.0333140978,0.0011337907,0.0011337883,0.0011337885,0.0011337868,0.1005111917,0.0203425484,0.0011337868,0.0007031717,0.0372871209,0.0007036737,0.0007034673,0.3552857798,0.3059033415,0.0645509833,0.2348624618,0,0,0,0,0,0,1,0.2231161294,0.1122890741,0.1465392593,-0.0106413239,0.0829226536,-0.0913933482,0.0237920459,-0.0385835027,0.0269281882,0.0040980064,0.0331651362,0.1416460986,0.0701908292,0.0853607741,0.0502383881,0.01483289,0.123510213,-0.1374020825,0.0157129003
/68/4.mp3,0.0007621951,0.0580867346,0.0007621952,0.0007621952,0.1176046254,0.1253108865,0.0007621951,0.0007621957,0.0007621951,0.0007621984,0.0884126527,0.3497423662,0.0007621954,0.0007621952,0.0007621952,0.2532207789,0.6864417347,0.1543040851,0.0008605852,0.1129776238,0.0376706855,0.0008605891,0.0008605891,0.0008605879,0.0008605862,0.0008605865,0.0008605852,0.0008605893,0.0008605873,0.0008605852,0.0005280591,0.082947641,0.0734325641,0.000528365,0.4892334333,0.3313240185,0.0214777108,0.0005282081,0,0,0,0,0,0,1,0.1842137376,-0.265834038,-0.0905859884,-0.0767966169,0.0001216234,-0.0533043648,-0.2215018251,0.0134591898,0.0269281882,0.0040980064,-0.3393532276,0.1459254826,0.0072356178,0.0194744947,0.063223276,0.1220341267,-0.0630597123,-0.010016428,-0.2092750917
/68/5.mp3,0.0009615391,0.0009615387,0.1783156909,0.0703903302,0.0009615385,0.0009615385,0.0009615385,0.0009615403,0.0009615385,0.0425400092,0.0009615388,0.0009615386,0.0009615394,0.0009615387,0.1191370143,0.5790400277000001,0.7060808385,0.2809321201,0.0010822511,0.0010822548,0.0010822544,0.0010822561,0.0010822561,0.0010822547,0.0010822524,0.0010822526,0.0010822511,0.0010822541,0.0010822529,0.0010822511,0.0006654815,0.2179000643,0.0006661491,0.0006661734,0.000665952,0.778104121,0.0006660164,0.0006660424,0,1,0,0,0,0,0,-0.0904607446,-0.0634701876,-0.015748269,-0.083329455,-0.0684535574,-0.1011095102,0.0236806925,-0.1062046443,-0.3514108202,-0.3752923376,0.0166656194,0.0703070456,-0.1631188793,0.097477559,0.0761799108,0.0133676776,0.0403287366,-0.091071231,0.0169091863
/68/1.mp3,0.0007812501,0.9882812481,0.0007812501,0.0007812501,0.0007812501,0.00078125,0.00078125,0.00078125,0.00078125,0.0007812501,0.0007812501,0.0007812501,0.0007812509,0.00078125,0.00078125,0.0007812503,0.0008928665,0.9883928237,0.0008928571,0.0008928601,0.00089286,0.0008928613,0.0008928614,0.0008928603,0.0008928583,0.0008928584,0.0008928571,0.0008928597,0.0008928588,0.0008928571,0.0005533681,0.0005534447,0.5483288726000001,0.0005541208,0.0005539398,0.1906444531,0.0005535652,0.2582582357,0,0,0,0,0,1,0,-0.1737029631,0.1203492715,-0.1138236118,-0.2333185842,0.0448151239,0.1792954822,0.2421333767,0.0702275023,-0.4209422355,-0.1986434088,0.0281781405,-0.1583533161,-0.1498364986,-0.1600403182,-0.1939242437,0.0116623555,-0.1775629053,-0.381217781,-0.0498406082
/68/2.mp3,0.0016447379,0.0016447374,0.001644737,0.0874011814,0.0016447371,0.0016447369,0.0016447377,0.0016447407,0.0016447369,0.111316412,0.1599843362,0.5896424866000001,0.0016447371,0.0335634713,0.001644737,0.001644737,0.0015197688,0.2021566718,0.0015197568,0.0015197621,0.0015197617,0.7796061999999999,0.0015197642,0.0015197622,0.0015197588,0.0015197591,0.0015197568,0.0015197613,0.0015197596,0.0015197568,0.000940744,0.1075986078,0.6022000145,0.0009410034,0.000941081,0.2403816533,0.0460555718,0.0009413243,0,0,0,0,1,0,0,-0.0419086958,0.0542389947,0.079951725,-0.0302123885,0.0228247823,-0.1290980333,0.0027185911,-0.059498781,-0.2405858036,-0.035614696,0.0347566609,-0.345074349,-0.4379126199,-0.1678199496,0.0151976772,-0.1412407628,-0.1182570599,-0.1603132088,0.0160717861
/68/3.mp3,0.0010593221,0.7512941678,0.0010593221,0.0010593223,0.0010593269,0.0995551357,0.001059322,0.001059322,0.001059322,0.0010593221,0.001059323,0.1011953645,0.0010593221,0.035243461,0.0010593222,0.0010593221,0.6643396733,0.1566431505,0.0011337868,0.0011337908,0.0011337904,0.0011337922,0.1665454958,0.0011337907,0.0011337883,0.0011337885,0.0011337868,0.0011337901,0.0011337889,0.0011337868,0.0006953483,0.0006959674,0.0006956317,0.5576367987,0.2878453327,0.0714354313,0.0006965711,0.0802989188,0,1,0,0,0,0,0,0.0156679385,-0.3349520291,-0.1000388032,0.0183762473,0.0632191581,-0.3443910985,-0.3921192632,-0.0934806033,-0.0439801167,0.0404915609,-0.164085523,0.0658790467,0.1051696218,0.0233178693,-0.04370767,0.0205232439,-0.040956331,-0.067506497,-0.3316510995
/103/7.mp3,0.0005296611,0.0005296611,0.000529661,0.0005296614,0.0992698726,0.000529661,0.0005296611,0.2364309289,0.000529661,0.0005296616,0.0260242604,0.0005296611,0.6319190046000001,0.0005296611,0.000529661,0.000529661,0.0004520829,0.5881747780000001,0.0004520796,0.0216861459,0.1494990506,0.0004520816,0.0079731238,0.136306786,0.0004520801,0.0004520802,0.0004520796,0.0004520808,0.0927434715,0.0004520796,0.0063551047,0.1870682433,0.4140305784,0.0495377681,0.044048436,0.0002758589,0.1880705276,0.1106134831,1,0,0,0,0,0,0,0.0090828746,-0.4905435056,-0.3370636488,0.1323241844,-0.0678850942,-0.5998639835,-0.5989798838,-0.499952128,0.0401354387,0.0438602258,-0.231061338,0.1352557186,0.1311295492,0.1110861923,-0.0468298917,0.0315298007,-0.1093722232,0.0567049024,-0.5554382564
/103/6.mp3,0.0027173913,0.0027173913,0.0027173913,0.0027173913,0.0027173942,0.0027173913,0.0027173913,0.7853260870000001,0.0027173913,0.0027173913,0.0027173913,0.0027173913,0.1766304318,0.0027173913,0.0027173913,0.0027173913,0.0029762065,0.9613094331,0.0029761905,0.0029762012,0.0029761982,0.0029762071,0.0029762027,0.0029761987,0.0029761937,0.0029761948,0.0029761905,0.0029761978,0.0029761948,0.0029761905,0.9871145291,0.001840115,0.0018402957,0.0018409597,0.0018389753,0.0018453023,0.0018400202,0.0018398027,0,0,0,1,0,0,0,-0.2669151593,0.2591736095,0.0776838129,-0.2538936624,-0.1193158451,0.1673531924,0.1505226273,0.0891028441,-0.3877492299,-0.3916516742,0.1011456369,-0.1746422876,-0.273457408,-0.0902463409,0.1886112057,0.0215353909,-0.1020009988,-0.1333699284,0.2376831577
/103/4.mp3,0.162377938,0.0012500004,0.0012500007,0.001250001,0.0012500001,0.0012500001,0.0889184346,0.0012500061,0.1913724253,0.0012500007,0.0012500011,0.0012500002,0.0012500011,0.0329664286,0.047385803,0.464478959,0.4302602467,0.3263635344,0.0013736264,0.0013736311,0.2282662967,0.0013736327,0.0013736328,0.001373631,0.0013736281,0.0013736284,0.0013736264,0.0013736302,0.0013736287,0.0013736264,0.0008509209,0.1218756527,0.0008519135,0.1417014988,0.1843186858,0.2838694015,0.0008512405,0.2656806863,0,1,0,0,0,0,0,-0.2631646666,0.2416992336,-0.1948446685,-0.2255618676,-0.0787279794,0.0525668985,0.0265858129,-0.0319020578,-0.2938074122,-0.2541569033,0.0509020317,-0.3331558497,-0.4159014048,-0.0598458515,0.0932102324,0.0677618263,-0.0723535694,-0.1892378314,0.1418318844
/103/5.mp3,0.0005434783,0.1414911344,0.0005434783,0.0005434783,0.0005434783,0.0005434783,0.0005434783,0.0886244862,0.0005434783,0.0005434784,0.2365685997,0.1064696972,0.0005434784,0.0088696394,0.4125416601,0.0005434783,0.0006211231,0.0006211227,0.000621118,0.0006211203,0.257155169,0.2190955354,0.0006211208,0.3108682542,0.0006211188,0.0006211189,0.000621118,0.000621123,0.2066698397,0.000621118,0.322315596,0.1320720271,0.223788118,0.0003794034,0.0003793472,0.0003792474,0.1331050437,0.1875812171,0,0,0,1,0,0,0,-0.0778470709,-0.0374521431,0.105840547,0.064012747,-0.0380256348,-0.1093785281,-0.1569926569,0.0469058694,-0.1935639094,0.0080448481,-0.1378697379,-0.3593023607,-0.1261536308,-0.1091459117,-0.0615239013,-0.15939917,-0.4200847685,-0.2201500472,-0.061003078
/103/1.mp3,0.2827327,0.0009057973,0.2981996103,0.0009057973,0.0009057972,0.0009057971,0.0009057974,0.0664616372,0.0009057972,0.0009057979,0.0009057973,0.0009057972,0.0009057979,0.0009057972,0.3417364837,0.0009057975,0.0010204147,0.0010204212,0.0010204082,0.0010204118,0.0010204111,0.986734653,0.0010204127,0.0010204113,0.0010204094,0.0010204096,0.0010204082,0.0010204109,0.0010204098,0.0010204082,0.0006223229,0.227033281,0.5672786684000001,0.1200671488,0.000622861,0.0831300775,0.0006226002,0.0006230403,0,0,0,0,0,0,1,-0.0960537472,-0.0693456316,-0.1774975449,-0.0352365447,-0.0073949749,-0.1606602596,-0.344700097,-0.0573586186,0.1055007027,-0.0511390264,-0.1286001993,-0.1370260716,0.0285542316,-0.0785441594,-0.0623000789,0.0956265939,0.0475893496,-0.1849426138,-0.3155581103
/103/2.mp3,0.0020833335,0.0020833339,0.0020833335,0.0020833334,0.0020833335,0.0020833334,0.0020833334,0.5371779564,0.0020833334,0.0020833336,0.1349381675,0.0020833336,0.0020833355,0.0340692399,0.0020833334,0.2688146323,0.6259824629,0.0022321554,0.0022321429,0.0022321485,0.089735558,0.0511828505,0.002232151,0.0445555193,0.0366747451,0.0022321473,0.0022321429,0.0022321478,0.1340116856,0.0022321429,0.0179815425,0.0328766482,0.0013916545,0.130783215,0.5147113989000001,0.0013918544,0.0013908616,0.299472825,1,0,0,0,0,0,0,-0.1612673467,-0.198555488,0.0078710258,-0.2569379046,-0.2073317822,-0.1181206388,-0.3708231425,-0.0161382907,0.0340384387,-0.2103837701,-0.1508525701,-0.3375060754,-0.0695582114,0.0010843394,0.0119232444,-0.0805717474,-0.1450179952,-0.1072391538,-0.2118850842
/103/3.mp3,0.0010964914,0.0010964917,0.0010964913,0.0010964916,0.160084509,0.0010964913,0.0010964913,0.0010964912,0.0010964913,0.190091766,0.0659781725,0.5706876556,0.0010964918,0.0010964912,0.0010964913,0.0010964915,0.0012106652,0.9842614565,0.0012106538,0.0012106577,0.0012106578,0.0012106595,0.0012106597,0.0012106582,0.0012106553,0.0012106555,0.0012106538,0.0012106574,0.001210656,0.0012106538,0.0007579906,0.0007585376,0.1639423382,0.0007589397,0.1618892705,0.0767512591,0.0007583122,0.5943833521,0,1,0,0,0,0,0,0.198239245,-0.2274355167,-0.0978889022,0.0059706149,0.0249055291,-0.4968186166,-0.4108554356,-0.0018979443,0.0853094834,-0.0980156181,-0.0651557821,-0.0557717979,0.1457385412,-0.0076548799,-0.060242588,-0.0261594064,-0.0885456218,-0.0574600053,-0.3406645668
/57/7.mp3,0.0005787038,0.000578704,0.000578704,0.0802822778,0.0609278299,0.0005787037,0.0005787038,0.5101084346,0.0005787038,0.0005787039,0.0315071126,0.0005787049,0.0717427571,0.0281974526,0.1886014496,0.0240030539,0.0938936572,0.3624444124,0.000621118,0.0006211201,0.0431954471,0.0400331367,0.0006211209,0.2888479441,0.084079359,0.0006211189,0.000621118,0.0831582104,0.0006211191,0.000621118,0.3088695725,0.4326329444,0.0003806876,0.097213157,0.0003804469,0.0003807112,0.1597619515,0.000380529,0,0,0,1,0,0,0,-0.1913734939,0.0322897126,-0.0578480349,-0.0678816755,-0.0707446191,0.0400995286,0.0262499819,-0.0459054997,-0.0335571759,0.0077459872,0.070882647,0.0208438911,0.0486399685,0.0160692185,0.0779229312,-0.0786239042,-0.2501211995,0.0750558672,0.02927064
/57/6.mp3,0.0012755111,0.0012755105,0.1091223063,0.0012755106,0.0012755103,0.0012755102,0.0012755104,0.0012755144,0.0012755102,0.7805456608,0.0344490796,0.0012755103,0.0012755106,0.0012755107,0.0605768237,0.0012755104,0.1887002971,0.3918039666,0.0013736264,0.0013736311,0.0960301879,0.0013736328,0.3097292588,0.001373631,0.0013736281,0.0013736284,0.0013736264,0.0013736303,0.0013736289,0.0013736264,0.0008566886,0.0008575986,0.3251875468,0.0008578253,0.345893994,0.3246316219,0.0008569496,0.0008577752,0,0,0,0,1,0,0,0.0364271119,-0.1086481907,0.0227300367,-0.0635866001,-0.0036175302,-0.034010847,-0.0099531842,-0.0365382895,0.0269281882,0.0040980064,-0.0001413638,0.0789644039,0.0072356178,0.0220267669,0.0330612758,0.0319500332,0.0362774839,0.1435735544,-0.0344278112
/57/4.mp3,0.0027173928,0.334050077,0.0027173941,0.0027173913,0.0027174005,0.0027173913,0.0027173921,0.0027173913,0.0027173914,0.5355795493000001,0.0027173913,0.0950442618,0.0027173927,0.0027173913,0.0027173998,0.0027173919,0.4707508384,0.4919819976,0.0031055901,0.0031056009,0.0031055998,0.0031056047,0.0031056048,0.0031056007,0.003105594,0.0031055946,0.0031055901,0.003105599,0.0031055955,0.0031055901,0.0019540225,0.0019551224,0.1868872623,0.5157742395,0.0019567099,0.0019565711,0.0019550638,0.2875610085,0,0,1,0,0,0,0,-0.1283192369,-0.1707888308,-0.0656180961,-0.106605826,-0.0327120208,-0.0066629145,-0.024604289,-0.0857306352,-0.094335522,-0.0072085638,0.0306744148,0.064646005,-0.0231616954,0.0348851136,0.0508910877,0.0211081434,-0.1181826933,0.1273572112,0.0178379856
/57/5.mp3,0.0007352945,0.0007352942,0.3043260248,0.0260685219,0.0007352942,0.0007352941,0.0007352953,0.0007352941,0.1666024213,0.0007352959,0.0007352941,0.0007352942,0.0007352949,0.0243761669,0.0612190342,0.4100548853,0.3510038157,0.2512019249,0.0008116883,0.0008116911,0.3888656691,0.000811692,0.0008116921,0.000811691,0.0008116893,0.0008116895,0.0008116883,0.0008116906,0.0008116897,0.0008116883,0.0004984477,0.1511632813,0.1929331416,0.0004988672,0.1135705306,0.5403378544,0.0004990071,0.0004988701,0,1,0,0,0,0,0,-0.078951152,-0.0852482556,0.0316791946,-0.0175893282,-0.0978185888,-0.0679205818,0.0228767929,-0.0651604177,-0.1280526149,-0.1446495568,-0.0045726897,0.0789644039,0.017624605,0.0172406804,0.0658028672,-0.0266510968,-0.0270355915,0.0797651657,-0.0892393062
/57/1.mp3,0.0017857143,0.0017857149,0.0017857143,0.1050787793,0.0017857143,0.7470241414000001,0.0017857143,0.0017857144,0.0017857143,0.0017857143,0.124682792,0.0017857144,0.0017857144,0.0017857146,0.0017857143,0.0017857144,0.8275776589,0.1486127592,0.001984127,0.0019841344,0.0019841329,0.0019841363,0.0019841362,0.0019841334,0.0019841294,0.00198413,0.001984127,0.0019841365,0.0019841318,0.001984127,0.0012263441,0.1170186762,0.0634060141,0.3298548714,0.0012277816,0.4848118715,0.0012267585,0.0012276827,0,1,0,0,0,0,0,0.0259483945,0.0801360145,0.1049819206,0.0918067228,0.1364713169,0.0971044467,0.1666372102,-0.062463469,-0.0832279616,-0.0188009558,-0.0410611017,0.0177234061,-0.1003384713,-0.1873506152,-0.1648935859,-0.0530153037,0.1827527581,-0.0055271856,-0.0094712025
/57/2.mp3,0.034703383,0.0020833344,0.0020833344,0.0020833344,0.10423383,0.0020833335,0.0374251293,0.0020833334,0.0020833338,0.002083334,0.0689402342,0.0020833359,0.0020833345,0.0020833334,0.4635316913,0.2703323905,0.1805057849,0.4211485296,0.0023041475,0.0023041554,0.0023041548,0.0023041584,0.0023041585,0.1751720617,0.0023041504,0.2001320981,0.0023041475,0.0023041541,0.0023041516,0.0023041475,0.001454744,0.439797526,0.2359461902,0.0014559678,0.1817153239,0.1367184052,0.0014559114,0.0014559315,0,0,0,0,0,0,1,-0.3015104482,0.0730239999999999,-0.0463090856,-0.2637896132,-0.3228434039,0.0275541884,0.0679064091,-0.1315602574,-0.2785788225,-0.2404987074,-0.0936219111,0.0374328287,-0.1771447987,0.0122282577,0.0860911412,0.063474063,-0.0587320224,-0.054357373,-0.0008290641
/57/3.mp3,0.0006578948,0.4693553973,0.0006578948,0.0006578949,0.0006578952,0.0006578948,0.0006578947,0.0006578947,0.0006578948,0.0006578948,0.441305309,0.0006578948,0.0006578951,0.0006578947,0.0006578948,0.0807866608,0.1592890233,0.0007363826,0.000736377,0.0007363796,0.0007363793,0.8318744305,0.0007363805,0.0007363795,0.000736378,0.0007363781,0.000736377,0.0007363791,0.0007363783,0.000736377,0.0004486355,0.1016820263,0.3156602956,0.1515970847,0.0353725002,0.2050426339,0.189747977,0.0004488469,0,0,0,0,0,0,1,-0.1672646815,-0.0080715839,-0.1024727071,-0.0850631821,-0.071678105,-0.2097079307,-0.0844061412,-0.0504836106,-0.0223223617,-0.0586774203,0.00217686,-0.1393823079,-0.0739740231,-0.0048092552,-0.0681222268,-0.0732270903,-0.081019366,-0.0695938079,-0.0148064743
/32/7.mp3,0.0005252101,0.0600255919,0.0005252101,0.0005252101,0.0005252101,0.0005252101,0.0005252101,0.0005252101,0.0005252101,0.1826562344,0.0345679451,0.7164477067,0.0005252107,0.0005252101,0.0005252101,0.0005252102,0.2549690167,0.3539898457,0.0005370569,0.0005370588,0.0994310311,0.1519107609,0.0005370593,0.0005370587,0.0450689802,0.0386787336,0.0005370569,0.0226630124,0.0300662718,0.0005370569,0.000330189,0.0340292926,0.2075368049,0.3633339919,0.0203068434,0.0195628113,0.0423693031,0.3125307639,0,0,1,0,0,0,0,0.1581229093,-0.1122353465,0.0865222521,0.2436973531,0.0300972474,-0.0383702428,0.0056380445,0.0678398357,0.3086258857,0.3161767666,0.0700788863,0.122041183,0.1985861855,0.2207896886,0.134529873,0.2027498638,0.0825759453,0.1490333972,0.0431720075
/32/6.mp3,0.0008116883,0.0008116887,0.0008116884,0.1351080347,0.0008116883,0.5547026176000001,0.0008116883,0.0270655187,0.0008116883,0.0008116884,0.2733835683,0.0008116884,0.0008116884,0.0008116884,0.0008116884,0.0008116885,0.0009276519,0.987940597,0.0009276438,0.0009276468,0.0009276469,0.0009276482,0.0009276484,0.0009276472,0.000927645,0.0009276451,0.0009276438,0.0009276466,0.0009276455,0.0009276438,0.0063565655,0.0722466141,0.1011826664,0.0005718137,0.0240805663,0.1753759204,0.2917042162,0.3284816374,0,1,0,0,0,0,0,-0.001464012,0.0271957644,-0.1961121147,-0.0660856564,0.1797134069,0.0166410256,-0.026297749,0.3389519536,0.0432441088,-0.0965874347,0.146182396,0.0759902869,0.1417928817,0.1066550807,0.067189036,0.0995378938,0.2107485737,-0.0368901271,0.2696478096
/32/4.mp3,0.0005787037,0.0005787038,0.087549538,0.0005787045,0.0005787039,0.0005787037,0.0005787044,0.0005787037,0.4716503209,0.0005787052,0.0005787037,0.3758527738,0.0580029187,0.0005787037,0.0005787042,0.000578704,0.4391842549,0.0005807248,0.0005807201,0.0005807223,0.0005807219,0.5042897808,0.0394843025,0.000580722,0.0005807208,0.000580721,0.0005807201,0.0005807228,0.011234446,0.0005807201,0.000353457,0.0225499062,0.1909622377,0.4548689607,0.2968119358,0.0003537031,0.0337460369,0.0003537625,0,0,0,0,0,1,0,0.279456976,0.1506097048,0.1114903527,0.2818478022,0.1190208614,0.0834289133,0.1029820743,0.1980803819,0.3523108998,0.2990735164,0.0213583364,0.3755675705,0.378092025,0.311151745,0.1850502039,0.1474587675,0.029812955,0.1286086406,-0.2916182118
/32/5.mp3,0.0007440476,0.0007440479,0.0007440476,0.0007440476,0.0981181507,0.0007440477,0.0007440476,0.0007440476,0.0007440476,0.7677404102000001,0.0091904507,0.1160224166,0.0007440476,0.0007440476,0.0007440476,0.0007440476,0.0007936557,0.7540970884,0.0007936508,0.0007936535,0.000793653,0.0007936543,0.236379081,0.0007936532,0.0007936517,0.0007936519,0.0007936508,0.0007936529,0.0007936521,0.0007936508,0.0004850078,0.064385192,0.2778857989,0.1394114936,0.3838235533,0.0004849841,0.13303857,0.0004854004,0,0,0,0,1,0,0,0.1904297868,0.2851585527,0.0002846013,0.1132171358,0.1872391995,0.0795335754,0.0196405761,0.3603442369,0.2299012799,0.2115059913,0.2707025126,0.1751197686,0.193947761,0.1828211484,0.1115897098,0.098048579,0.106684054,-0.0217088303,0.167953173
/32/1.mp3,0.0006377551,0.0006377551,0.0006377551,0.0006377552,0.0006377551,0.0006377551,0.0006377551,0.2448334668,0.0006377551,0.0006377551,0.0006377552,0.0006377551,0.0006377551,0.7462379615,0.0006377551,0.0006377551,0.4411517783,0.5501018470000001,0.000728863,0.0007288654,0.0007288652,0.0007288663,0.0007288663,0.0007288654,0.0007288639,0.000728864,0.000728863,0.000728865,0.0007288642,0.000728863,0.0004434935,0.0004434999,0.0004439193,0.0004438876,0.0004437082,0.3593753895,0.0004435569,0.6379625451000001,0,0,0,1,0,0,0,-0.1802129801,0.1886671618,-0.3318603686,-0.4291518399,-0.5394278025,0.3254417969,0.1713983417,-0.2526701445,-0.4215305345,-0.2316686403,0.1321365264,-0.3604423239,-0.2991862895,-0.3285093252,-0.0527827435,-0.1641607822,0.0261383141,-0.436895105,0.2805174137
/32/2.mp3,0.6099768967,0.0012019233,0.0012019238,0.0012019231,0.0012019232,0.0012019231,0.0012019233,0.0012019231,0.0012019231,0.2442210549,0.0012019231,0.0012019233,0.1301770464,0.0012019231,0.0012019232,0.0012019235,0.4483233856,0.5355040724,0.0013477089,0.0013477135,0.001347713,0.0013477151,0.0013477151,0.0013477134,0.0013477106,0.0013477108,0.0013477089,0.0013477127,0.0013477112,0.0013477089,0.0008393492,0.0008395282,0.1644751258,0.0008406673,0.0008402576,0.4716655905,0.0008396267,0.3596598548,0,0,1,0,0,0,0,0.209367433,0.3677040975,-0.0104416364,0.1976071425,0.2041419261,0.2278053811,0.3473854097,0.092333629,-0.0366866347,0.1334016544,0.1610931535,0.0900442271,0.0040422805,0.16086136,0.0953732743,-0.0166575484,0.026389419,-0.0367728261,0.1073727626
/32/3.mp3,0.0016025652,0.6049937556,0.0016025642,0.125537346,0.0016025643,0.0016025666,0.001602565,0.0016025654,0.0016025642,0.0903866663,0.1598514554,0.0016025642,0.0016025648,0.0016025643,0.0016025642,0.0016025643,0.5683556395,0.4096662901,0.0018315018,0.0018315081,0.0018315075,0.0018315103,0.0018315104,0.001831508,0.0018315041,0.0018315045,0.0018315018,0.001831507,0.001831505,0.0018315018,0.0011481937,0.0011496504,0.0011487041,0.3001863493,0.0011491034,0.3798495423,0.0358930596,0.2794753972,0,0,0,0,0,0,1,0.0815084996,-0.0164403258,0.0631914263,0.1652686046,0.0725356003,-0.0142560022,0.0339114657,0.1177104352,0.068561573,0.0955976487,0.1220010969,0.0460361715,0.1407603393,0.0927086102,-0.0111305232,0.1272252234,0.0743702185,-0.066061889,0.1965364103
/35/7.mp3,0.0008445946,0.0008445946,0.0008445946,0.3806665034,0.5039810383000001,0.0008445946,0.0008445946,0.0008445946,0.1043727276,0.0008445946,0.0008445946,0.0008445946,0.0008445955,0.0008445946,0.0008445946,0.0008445946,0.0007764015,0.2089917521,0.0007763975,0.0007764004,0.0469530498,0.3913478538,0.0007764005,0.0007763995,0.0761269582,0.0007763987,0.0007763975,0.2695927939,0.0007763992,0.0007763975,0.0389029897,0.292000031,0.5035403156,0.0004758115,0.0004759408,0.0004757906,0.1636530905,0.0004760303,0,1,0,0,0,0,0,0.1079643293,0.002999024,0.0493446474,0.1567268328,-0.0236686847,-0.0543686978,-0.1007110945,0.0773106553,0.2398442527,0.2425175034,-0.1340976075,0.2066544793,0.1541320214,0.1404395029,0.2397707064,0.0968836954,-0.074004104,0.1917996133,-0.1994990725
/35/6.mp3,0.0034722226,0.0034722232,0.0034722228,0.0034722222,0.5782317410000001,0.0034722223,0.0034722224,0.0034722222,0.0034722224,0.2750491924,0.0034722222,0.1015801664,0.003472229,0.0034722222,0.0034722224,0.0034722241,0.4881057755,0.2903929107,0.0035714286,0.1822155141,0.00357144,0.0035714459,0.0035714459,0.003571441,0.0035714332,0.003571434,0.0035714286,0.003571439,0.0035714349,0.0035714286,0.0022349465,0.1159708841,0.0297399738,0.0022364294,0.2891702103,0.1519291716,0.0779120505,0.3308063339,1,0,0,0,0,0,0,-0.0468762909,-0.0872825546,0.0364044682,-0.0574479308,0.1316188947,-0.1680193935,-0.2016113029,-0.0423113078,0.0984565982,-0.1151745753,-0.0969585731,-0.0773317854,0.0507496114,-0.0607366122,-0.0410782626,-0.0983861476,-0.1189789272,0.0279699436,-0.1047196491
/35/4.mp3,0.0019531253,0.3141063252,0.0739234263,0.0607815247,0.0019531253,0.0019531252,0.0019531253,0.001953125,0.244626131,0.0019531255,0.0019531277,0.0019531256,0.0019531293,0.1343116291,0.1527197031,0.0019531263,0.4264631316,0.5490470186,0.0020408163,0.0020408233,0.0020408226,0.0020408258,0.0020408259,0.0020408232,0.0020408189,0.0020408193,0.0020408163,0.0020408221,0.0020408199,0.0020408163,0.1389989621,0.2803561507,0.0012648336,0.3433201308,0.0012651498,0.1527226633,0.0808069185,0.0012651912,0,0,0,0,0,1,0,0.0171351559,0.0620071929,0.0533653787,0.0283391379,-0.0662889472,0.0415236395,0.0228517543,-0.0320547699,0.0269281882,0.0040980064,0.0331651362,0.0789644039,-0.064009093,0.0194744947,0.063223276,-0.0266510968,-0.0867863928,0.1435735544,0.0169091863
/35/5.mp3,0.0006648939,0.0006648938,0.1193908346,0.0006648939,0.0006648937,0.0640352837,0.0006648939,0.0280350742,0.307659654,0.0006648938,0.0006648938,0.0686108337,0.0522221719,0.0006648939,0.3540621033,0.000664894,0.1827477586,0.0007215066,0.0007215007,0.0007215034,0.2309558497,0.0007215043,0.2964669455,0.0007215032,0.0366701036,0.1668862989,0.0007215007,0.0007215029,0.0805010211,0.0007215007,0.0004420443,0.4999699033,0.0539849285,0.032120448,0.0004425242,0.2462803289,0.0004423551,0.1663174678,0,0,0,0,0,1,0,0.0690385342,0.0576919352,0.0537374786,0.0544866419,-0.0812006871,0.0416404384,0.025691306,-0.1955180946,-0.0670432855,-0.0013259592,-0.0120634664,0.2024876535,0.0371083262,-0.0563498777,0.0692870004,-0.0127285121,-0.1269161291,0.0485808031,-0.0896989722
/35/1.mp3,0.8955947223,0.0012755105,0.0012755108,0.0012755102,0.0012755103,0.0012755102,0.0012755105,0.0012755102,0.0012755103,0.001275511,0.0012755102,0.0012755105,0.0012755123,0.0012755102,0.0865481295,0.0012755109,0.3137093234,0.2252619375,0.0014005602,0.0014005651,0.0014005646,0.0014005668,0.0014005668,0.001400565,0.001400562,0.0014005623,0.0014005602,0.4456225433,0.0014005627,0.0014005602,0.000874503,0.0008747727,0.2778267399,0.184853649,0.0008758651,0.2316058151,0.0008749236,0.3022137316,0,0,1,0,0,0,0,-0.0698468676,0.0232794161,0.1387688173,0.0259282847,-0.0307544534,0.1710540274,0.1703196543,-0.0776937143,0.0573441357,0.0042021523,-0.064010986,0.2380154489,0.0614300597,0.1758926125,0.0739726662,0.1183252447,0.1155744503,0.1114343994,-0.0158994013
/35/2.mp3,0.1292964615,0.0005341881,0.0005341887,0.0389352856,0.0005341882,0.000534188,0.0005341881,0.0495905702,0.0005341881,0.0005341881,0.0005341881,0.0720584862,0.5183648544,0.1175254072,0.0005341881,0.0694212415,0.3697810519,0.4551133673,0.0005760369,0.0005760388,0.0005760386,0.0163857258,0.1429469023,0.0005760387,0.0005760376,0.0005760377,0.0005760369,0.0005760389,0.0105886118,0.0005760369,0.0490494723,0.0513085583,0.0003517713,0.1383041973,0.0856978516,0.3581018026,0.1903434085,0.1268429382,0,0,0,0,0,1,0,0.1553324577,-0.1039131426,0.1411528664,0.18008186,0.1522463185,0.0981639048,0.1155295683,0.1086519959,0.1616662819,0.2003887923,0.0752549465,0.2366043141,0.1917418442,0.1861386324,0.126778248,0.1212096,0.0262228286,0.2053387826,0.0300759089
/35/3.mp3,0.0026041667,0.0026041673,0.0026041668,0.0026041667,0.1135018988,0.0026041668,0.0026041667,0.0026041667,0.0026041667,0.4406428011,0.0822478257,0.3323574734,0.0026041667,0.0026041667,0.0026041668,0.0026041667,0.0028571682,0.2233130114,0.0028571429,0.002857153,0.3704992429,0.0028571573,0.3747590904,0.0028571538,0.0028571468,0.0028571472,0.0028571429,0.0028571518,0.0028571486,0.0028571429,0.0017868254,0.0017885804,0.8502877431,0.001788106,0.0866432999999999,0.0541292126,0.0017875896,0.001788643,0,0,0,0,0,0,1,0.1501177086,0.0983690305,0.0660230989,0.0910545543,0.0428763996,0.1921927741,0.0679323319,0.2556823179,0.1969871121,0.182719629,0.133532574,0.0788903216,0.1868869918,0.1980187928,0.2037017975,0.0030383383,0.1162780273,0.2328254213,0.0655196782
/102/7.mp3,0.0023148161,0.0023148148,0.002314816,0.0023148148,0.002314815,0.0023148148,0.002314815,0.0023148148,0.4526338206,0.0023148152,0.0023148148,0.0932211112,0.0023148148,0.0023148148,0.424052472,0.0023148152,0.0023809688,0.4498517143,0.0023809524,0.0023809608,0.0023809594,0.1568499564,0.0023809632,0.00238096,0.0023809553,0.0023809558,0.0023809524,0.3671077925,0.0023809563,0.0023809524,0.1588112727,0.0014906385,0.6545668759000001,0.0014897091,0.0014896824,0.0014904437,0.1791715261,0.0014898516,0,0,0,0,0,1,0,0.0768103961,0.1060814517,-0.1511683377,-0.0757654072,0.0812223046,-0.2045512106,-0.2100017123,-0.0926620365,-0.2634624568,-0.2683873215,-0.0828903026,-0.1305835158,-0.2670818699,-0.2854127666,-0.1508857979,-0.1991452573,-0.1640905731,-0.204824265,-0.0281681978
/102/6.mp3,0.0003676471,0.0094940404,0.0003676471,0.0003676476,0.4878759192,0.0057489965,0.0003676471,0.0003676473,0.0003676471,0.0003676477,0.000367648,0.1526104831,0.0003676471,0.3402264408,0.0003676471,0.0003676471,0.3083622495,0.6724588451,0.000410509,0.0004105104,0.0004105103,0.0004105109,0.0004105109,0.0004105104,0.0004105095,0.0004105096,0.000410509,0.0004105102,0.0146632961,0.000410509,0.000249644,0.0002498277,0.4932373936,0.1340604489,0.0002499241,0.3714530875,0.0002497231,0.0002499511,0,0,0,0,0,1,0,-0.0818184445,0.1082224371,0.1070554198,-0.1814786265,0.1015508889,0.0530363024,-0.1273078287,-0.0151324725,-0.2290915113,-0.2430865162,-0.1037504553,-0.2133383728,-0.3105597218,-0.2336290051,-0.0540211917,-0.0460255143,-0.0117285498,-0.2697919371,0.2179267872
/102/4.mp3,0.9205629681,0.0016891897,0.0016891897,0.0016891892,0.0016891893,0.0016891893,0.0016891893,0.0016891892,0.0016891896,0.0016891895,0.055788372,0.0016891893,0.0016891901,0.0016891892,0.0016891969,0.0016891896,0.0018797196,0.9755638432,0.0018796992,0.0018797058,0.0018797044,0.0018797075,0.0018797073,0.0018797049,0.0018797014,0.0018797019,0.0018796992,0.0018797041,0.0018797021,0.0018796992,0.0011800879,0.0361008183,0.7266224903,0.0011816167,0.001181451,0.0011807185,0.001180349,0.2313724682,0,0,0,0,0,1,0,-0.0390488781,0.0204031717,-0.1979588489,-0.2673473772,-0.0046902034,-0.0190575715,-0.2436768021,-0.1266174761,-0.3669370803,-0.2653794408,0.0119602625,-0.0669062406,-0.1456736567,-0.1411704969,-0.1253013206,-0.2160466998,-0.0850494762,-0.1418985195,-0.041686003
/102/5.mp3,0.1128602876,0.0007183908,0.1733070575,0.0007183908,0.0007183908,0.0007183908,0.0007183908,0.0007183908,0.0007183908,0.0007183909,0.0007183908,0.0891048761,0.000718391,0.0007183908,0.0007183913,0.6161070882,0.7565298810000001,0.0008116941,0.0008116883,0.0379738817,0.0008116907,0.1965676456,0.000811692,0.000811691,0.0008116893,0.0008116894,0.0008116883,0.0008116905,0.0008116897,0.0008116883,0.0004987866,0.0344988247,0.0004988264,0.0004988685,0.0004988654,0.8572889836,0.1057181089,0.000498736,0,0,1,0,0,0,0,0.0362870507,-0.0813536425,-0.1415251842,-0.0987853588,-0.1671942012,-0.2049063601,-0.2281099811,-0.1388533187,-0.2098864577,-0.1696857549,-0.0178755421,-0.189815482,-0.2292219093,-0.2434824624,-0.079403353,0.0152683085,-0.0517250082,-0.0992341843,0.0298881567
/102/1.mp3,0.0933579118,0.0012500007,0.0691090428,0.2500737814,0.2362004735,0.0012500001,0.0012500001,0.030953014,0.0012500001,0.0012500002,0.0200918763,0.0012500003,0.0606075061,0.0012500003,0.0237762786,0.2070801139,0.6149310298,0.2877465562,0.0012531328,0.028289582,0.0565014788,0.0012531386,0.0012531387,0.001253137,0.0012531344,0.0012531347,0.0012531328,0.0012531364,0.001253135,0.0012531328,0.0790399823,0.0007731254,0.0007728919,0.1363825683,0.0936169329,0.5196601882,0.1689812667,0.0007730445,0,0,0,0,0,1,0,-0.1276213343,-0.057710763,-0.2282957344,-0.058926448,-0.0553868041,-0.0846007764,-0.1177206149,-0.0192175626,-0.096279353,-0.107459799,-0.1196085711,-0.2214879699,-0.1860076697,-0.2527375457,-0.17997139,-0.1235031508,-0.0526943917,-0.2055645979,-0.1169977495
/102/2.mp3,0.0942046708,0.0020161297,0.1075486673,0.002016129,0.134866525,0.0020161291,0.0020161297,0.0020161291,0.0020161291,0.0020161308,0.4222847736,0.2189179383,0.0020161308,0.002016129,0.0020161292,0.0020161296,0.6098815787,0.0021008569,0.0021008403,0.0021008486,0.0846274378,0.0021008494,0.0021008488,0.1319923074,0.1031532613,0.0021008471,0.0021008403,0.0021008492,0.0514377938,0.0021008403,0.2512415031,0.00130439,0.1601582985,0.0013046617,0.1991417377,0.1036091033,0.2819356024,0.0013047032,0,0,0,0,0,0,1,-0.4301972382,0.0433448336,-0.4016208634,-0.5286423825000001,-0.5635362507,0.2967294548,0.1779552538,-0.3498488937,-0.4102131852,-0.4543348545,-0.1119249694,-0.4116044345,-0.3907633065,-0.3165815622,-0.1091911527,-0.1919759767,-0.0334320509,-0.2704375416,0.0742414032
/102/3.mp3,0.00078125,0.0007812502,0.00078125,0.0134982767,0.00078125,0.0154624471,0.00078125,0.0007812503,0.00078125,0.00078125,0.4387361953,0.00078125,0.0007812503,0.5229280801,0.00078125,0.00078125,0.5589530743000001,0.4303326167,0.0008928571,0.0008928602,0.0008928599,0.0008928612,0.0008928613,0.0008928601,0.0008928582,0.0008928584,0.0008928571,0.0008928596,0.0008928587,0.0008928571,0.476586872,0.000551144,0.000551245,0.2348393867,0.00055174,0.2858167578,0.0005512601,0.0005515943,0,0,0,1,0,0,0,-0.136789643,0.0340282255,-0.1501033509,-0.5089742595,-0.2343096708,0.0441396843,0.1217294875,-0.0779688833,-0.5622844096,-0.448701028,-0.0258190674,-0.4288204842,-0.4331005179,-0.3707524218,-0.0792831286,-0.1155224476,-0.0031777891,-0.4515432591,0.2644346023
/69/7.mp3,0.2485804784,0.0016025647,0.3896588466,0.0016025653,0.0016025643,0.0016025642,0.0016025641,0.0016025695,0.0016025641,0.2202636318,0.0446527247,0.0792161043,0.0016025643,0.0016025647,0.0016025645,0.0016025645,0.5465502388,0.0016611436,0.0016611296,0.0016611362,0.001661135,0.4335161532,0.0016611379,0.0016611354,0.0016611318,0.0016611323,0.0016611296,0.0016611346,0.0016611326,0.0016611296,0.001016936,0.4027403572,0.0010178502,0.3421803852,0.2499910742,0.0010179966,0.0010174068,0.0010179938,0,0,0,0,0,0,1,0.1927409493,-0.2089474687,-0.2878293162,0.0419994771,0.0860402947,-0.2090668683,-0.1935148532,-0.0532343855,-0.0686397466,-0.2251520209,-0.0023427319,-0.0189535861,-0.0665204789,0.0194744947,-0.0576427876,-0.0266510968,-0.0404277703,-0.1195874786,-0.1001184902
/69/6.mp3,0.0008802818,0.3113456124,0.0008802818,0.0008802822,0.0008802823,0.0008802832,0.0008802817,0.0647673588,0.0008802817,0.0008802819,0.0008802821,0.5806617597,0.0008802824,0.032661884,0.0008802818,0.0008802821,0.321644924,0.4537320534,0.0009784736,0.0009784769,0.0009784766,0.0009784781,0.0009784781,0.0009784768,0.2138597888,0.000978475,0.0009784736,0.0009784763,0.0009784753,0.0009784736,0.0006016531,0.1294322975,0.0006020985,0.2606026714,0.0006021523,0.2181688243,0.3893883109,0.000601992,0,0,0,0,0,1,0,-0.34237714,0.3981234279,-0.2344352224,-0.3716181164,-0.1912219827,0.2260429135,-0.0343146338,-0.0771379579,-0.35775581,-0.2891253035,0.0757986349,-0.2718964775,-0.3713939812,-0.1411978131,0.0631409453,-0.3331269001,-0.3082752863,-0.201134792,0.2652518728
/69/4.mp3,0.0010593222,0.0010593222,0.0542355431,0.2140068534,0.0010593222,0.0010593221,0.0951911537,0.001059323,0.0010593223,0.2020684334,0.0010593222,0.0010593233,0.001059323,0.0010593221,0.3168985196,0.1070062722,0.0010822607,0.3956280699,0.0010822511,0.0010822546,0.5913848809000001,0.0010822563,0.0010822565,0.0010822551,0.0010822525,0.0010822526,0.0010822511,0.0010822544,0.0010822531,0.0010822511,0.0006583203,0.2217638942,0.2700172476,0.2315969821,0.2467376215,0.0006592649,0.0006586365,0.0279080329,0,0,0,0,1,0,0,0.1055915412,-0.3007694433,-0.189699714,0.0176610996,-0.1664008195,-0.2406297607,-0.3028355301,-0.0789402245,-0.0493784592,-0.0097666597,-0.1824697219,0.0789644039,0.0072356178,0.0194744947,0.053326979,-0.0051060808,0.0038842695,0.1435735544,-0.248591194
/69/5.mp3,0.6240929176000001,0.0013297875,0.0650846043,0.0013297872,0.0013297873,0.0013297873,0.2534894032,0.0013297872,0.0413756234,0.0013297875,0.0013297872,0.0013297875,0.0013297892,0.0013297872,0.0013297884,0.0013297879,0.3389505844,0.6428122932,0.0015197568,0.0015197621,0.0015197612,0.0015197636,0.0015197635,0.0015197616,0.0015197586,0.00151976,0.0015197568,0.0015197609,0.0015197603,0.0015197568,0.0009474957,0.0009482228,0.1097753538,0.1376085035,0.0009487415,0.0500557368,0.0009478099,0.6987681359,0,0,1,0,0,0,0,0.1287436921,-0.2382404143,-0.284672464,-0.0162552355,-0.0580242024,-0.3790684559,-0.4308767678,0.1131778591,-0.0308862674,0.0012673197,-0.1764864766,0.0789644039,0.0072356178,0.0729516857,0.0398086312,-0.0220153927,-0.0095333323,0.129959841,-0.1946648306
/69/1.mp3,0.1079042682,0.0005681819,0.0005681821,0.0005681839,0.0348614538,0.6194035048000001,0.0005681818,0.0481067304,0.0005681818,0.0005681819,0.0192531061,0.0727368025,0.0005681818,0.0479101135,0.0452785637,0.0005681819,0.219207591,0.0006211215,0.000621118,0.1769807131,0.0006211193,0.0133720044,0.0432861102,0.1241500579,0.0006211186,0.2269243371,0.000621118,0.1411224882,0.0512299847,0.000621118,0.1250624529,0.1089263504,0.4070902967,0.0003805722,0.0003807041,0.0003803866,0.3026662391,0.055112998,0,0,0,1,0,0,0,-0.6823980662,0.1879222485,-0.3622200767,-0.5379104546,-0.6280180531,0.4276641165,0.4247004516,-0.4876508358,-0.5300744278,-0.5915384469,0.0236875113,-0.3932382164,-0.5234316499,-0.3372086508,-0.1142113157,-0.5424128730000001,-0.5183034857000001,-0.3578683586,0.1181875382
/69/2.mp3,0.0010080648,0.001008065,0.1423672498,0.0010080645,0.0010080672,0.0010080646,0.0189282028,0.0010080645,0.0179049731,0.6756556925,0.0158941553,0.0727541122,0.001008066,0.0010080645,0.047423028,0.0010080649,0.7689821507,0.2176249627,0.0011160714,0.0011160753,0.0011160749,0.0011160766,0.0011160766,0.0011160752,0.0011160728,0.001116073,0.0011160714,0.0011160746,0.0011160733,0.0011160714,0.0006875449,0.0708657166,0.0006879094,0.5417126326,0.0006875919,0.351358663,0.0333121306,0.0006878112,0,0,0,0,1,0,0,0.116886222,-0.1287593852,0.0061444471,0.0824638388,0.1561070537,-0.1681522016,-0.0502407509,0.1490187236,0.0596379591,0.0814504248,-0.2059237829,-0.0431625607,-0.0457186847,-0.0545137045,-0.0719277345,0.0393460173,0.159393695,-0.0754051818,-0.184636912
/69/3.mp3,0.0016025644,0.0952080964,0.001602565,0.0016025646,0.0016025642,0.0016025641,0.0016025642,0.0459270691,0.0016025642,0.0016025645,0.0016025645,0.7573283089,0.001602566,0.0016025644,0.0823057509,0.0016025648,0.257756656,0.6058464159,0.0017421603,0.0017421663,0.1172331238,0.0017421681,0.0017421681,0.0017421658,0.0017421624,0.0017421637,0.0017421603,0.001742165,0.0017421641,0.0017421603,0.0010694727,0.1117139086,0.1587264931,0.2677545392,0.2205224449,0.0518026174,0.1873400677,0.0010704566,1,0,0,0,0,0,0,0.1926440079,-0.3286247898,-0.2057427095,0.1047068768,0.2863188188,-0.4178616688,-0.4115532666,0.2022926433,-0.1122097561,0.0033481972,-0.2936414262,-0.0409366381,-0.0101493877,-0.0117751827,-0.0278055211,0.089784839,0.2054559165,-0.0581190278,-0.3301752097
/56/7.mp3,0.0687968436,0.0136981887,0.0006127462,0.0006127453,0.5767594758,0.0006127451,0.0006127453,0.0006127458,0.0006127451,0.0006127458,0.2565205721,0.0774847188,0.0006127462,0.0006127452,0.0006127453,0.0006127455,0.395995265,0.0006802759,0.0006802721,0.0006802738,0.0272044465,0.0519055215,0.2392410626,0.0728970074,0.0111421184,0.0473888373,0.0006802721,0.0625423463,0.0882820289,0.0006802721,0.0957508947,0.3475637236,0.0004146911,0.1662799282,0.0605047677,0.0542823752,0.2747889636,0.0004146559,1,0,0,0,0,0,0,-0.3849028853,-0.2578132218,-0.4616505227,-0.4152537867,-0.4556385975,-0.0870319711,0.0475501244,-0.5917782586,-0.4639542209,-0.5036635464,-0.4945773759,-0.3823017203,-0.3564150013,-0.4289653173,-0.3729878429,-0.5224647724,-0.5717860157,-0.3151122691,-0.504352134
/56/6.mp3,0.0005733946,0.0005733945,0.0005733946,0.0005733945,0.0005733945,0.0005733945,0.2223333245,0.0005733945,0.5537764510000001,0.0005733946,0.0005733945,0.0005733945,0.0005733948,0.0005733945,0.0230380559,0.1939714339,0.0006493559,0.4048127694,0.0006493506,0.0006493528,0.5163868814,0.0006493537,0.0006493538,0.0006493529,0.0006493515,0.0006493516,0.0006493506,0.0006493525,0.0716574726,0.0006493506,0.0003997731,0.0167912465,0.2925625793,0.3710067687,0.0534825456,0.0004000007,0.1341705034,0.1311865827,0,1,0,0,0,0,0,-0.3173633694,-0.2412031352,-0.2906260863,-0.2174991359,-0.1315918348,-0.3211338165,-0.3177940611,-0.394231407,-0.2078969029,-0.3122226012,-0.3015777858,-0.3158327895,-0.343673333,-0.3596207739,-0.3324677786,-0.3512705926,-0.3430593014,-0.268664118,-0.2437835109
/56/4.mp3,0.0001318568,0.0001318566,0.4991222371,0.0041718403,0.0528325974,0.0001318565,0.0001318566,0.0001318565,0.0001318566,0.0556824463,0.0037959964,0.0111334301,0.0001318566,0.0001318565,0.3651154492,0.0070911504,0.0161106822,0.939180946,0.0001373626,0.0001373631,0.0080199539,0.0001373632,0.0148214526,0.0167279408,0.0001373628,0.0001373631,0.0001373626,0.0001373635,0.004040121,0.0001373626,8.34107e-05,0.1614600408,0.2850016464,8.346860000000001e-05,0.3871888766,8.34875e-05,0.0443949797,0.1217040896,0,0,0,0,1,0,0,-0.1111056064,-0.3637702902,-0.0096885978,-0.3342862149,-0.262039796,-0.3730631367,-0.3168619654,-0.4210747564,-0.3476719126,-0.3763582136,-0.2418461593,0.0570768429,0.1054276731,-0.0460430524,-0.3047311418,-0.1356831925,-0.2229219425,-0.170338241,-0.3542604341
/56/5.mp3,0.0003676472,0.0003676471,0.0876381096,0.0553099752,0.0003676472,0.0003676471,0.0513717003,0.0003676471,0.1692037792,0.0003676471,0.0003676471,0.0003676474,0.2007306822,0.0003676471,0.3730092187,0.0594277105,0.0003861027,0.7311817739,0.0003861004,0.0003861017,0.0933997442,0.0003861021,0.000386102,0.1250912244,0.0003861008,0.0334104734,0.0003861004,0.0003861014,0.0134418724,0.0003861004,0.1415008216,0.0194614592,0.4142972468,0.2093288309,0.0834934384,0.0785450413,0.0531386514,0.0002345103,0,0,0,0,0,0,1,-0.0113064063,-0.3377240047,-0.3109333327,0.0130766519,-0.1994652211,-0.3322749041,-0.1667065704,-0.2625939892,-0.1866915951,-0.0513186348,-0.2190722751,0.0378424863,0.0930946474,-0.0191148533,-0.2464302069,-0.0981692251,-0.2278540802,-0.173806702,-0.3676284467
/56/1.mp3,0.6278124317,0.0005580359,0.0005580363,0.0329404996,0.0591623263,0.0005580357,0.0101586664,0.0005580366,0.0005580359,0.0005580359,0.0106110662,0.0005580363,0.0005580362,0.0097997205,0.0520600891,0.1929909112,0.0006211232,0.6367386817,0.000621118,0.00062112,0.0006211201,0.0006211209,0.355807883,0.0006211202,0.0006211188,0.0006211189,0.000621118,0.0006211198,0.0006211192,0.000621118,0.0053559269,0.0003784707,0.1700204684,0.0003783171,0.0003782918,0.1884427645,0.1514558835,0.483589877,0,0,0,0,1,0,0,-0.2498194418,-0.3551162937,-0.4283295421,-0.2827000406,-0.0909785202,-0.3681123076,-0.3780739939,-0.2309242241,-0.3269603248,-0.1505292248,-0.4285304552,-0.1737206747,-0.0224236377,-0.105834886,-0.2985631835,-0.1288150364,-0.0130783838,-0.1528251744,-0.4598008899
/56/2.mp3,0.0949772913,0.0008680557,0.0008680586,0.0259687747,0.0008680556,0.0008680556,0.0008680556,0.0008680556,0.0008680556,0.6882569016,0.0008680556,0.0008680559,0.0008680563,0.0448170611,0.1364313552,0.000868056,0.4140372651,0.1055903006,0.0009784736,0.0009784771,0.0922017761,0.3783859037,0.0009784782,0.0009784769,0.0009784748,0.000978475,0.0009784736,0.0009784764,0.0009784753,0.0009784736,0.0005985044,0.0005991984,0.1966805019,0.2333441574,0.0005990942,0.2635849584,0.0005987042,0.3039948811,0,0,1,0,0,0,0,-0.4081873892,-0.2789614589,-0.325973891,-0.2783737319,-0.1975553967,-0.0180335622,0.0128587366,-0.3297753118,-0.2154345701,-0.2638158842,-0.3468764995,-0.2666428765,-0.1453013565,-0.2921236034,-0.2988232683,-0.1634602869,-0.1720817593,-0.2802987407,-0.3636386138
/56/3.mp3,0.0200401107,0.0007911394,0.3571289285,0.1931886052,0.0007911393,0.0007911393,0.0164374664,0.0007911404,0.013847813,0.2096013697,0.0007911395,0.0007911393,0.0007911395,0.0007911394,0.1716837783,0.0117428121,0.5516930492000001,0.0008605919,0.0008605852,0.0008605883,0.0008605879,0.4015921757,0.0008605893,0.0008605881,0.0008605863,0.0008605865,0.0008605852,0.0372483147,0.0008605867,0.0008605852,0.0005257796,0.0005263774,0.0899290083,0.3804982076,0.0606636094,0.3957270241,0.0716039436,0.0005260499,0,0,0,0,0,1,0,-0.2645124176,-0.2550933636,-0.318570205,-0.2485820741,-0.2505202916,-0.0131429077,-0.1726329498,-0.3761724859,-0.3368287893,-0.3149402807,-0.2379531622,-0.2692398706,-0.2663846361,-0.2039817487,-0.2391359088,-0.1750235735,-0.2099364342,-0.2424546491,-0.3053275956
/105/7.mp3,0.0034722224,0.0034722233,0.0034722224,0.0034722223,0.0034722224,0.0034722224,0.0034722224,0.0034722223,0.0034722222,0.6768260707,0.0561485552,0.2218864828,0.0034722223,0.0034722222,0.0034722224,0.0034722222,0.2738611826,0.5098047063,0.0037593985,0.0037594116,0.174980637,0.0037594165,0.0037594167,0.0037594117,0.0037594033,0.003759404,0.0037593985,0.0037594095,0.0037594053,0.0037593985,0.0023170741,0.0023190223,0.3690332681,0.0023181408,0.2016909452,0.2299337133,0.1900686949,0.0023191413,1,0,0,0,0,0,0,-0.1777140781,0.0611451772,0.0724556443,-0.0496513806,-0.0820697295,0.0407875718,0.0237281941,0.0833854514,0.0269281882,0.0040980064,0.0260168571,0.0789644039,0.0217455675,0.0422784698,0.1294069129,0.1053750357,0.1230551333,0.1435735544,0.0169091863
/105/6.mp3,0.0018382353,0.5528680514000001,0.0018382353,0.0657404246,0.0018382353,0.0018382371,0.0018382353,0.0778411049,0.0018382353,0.0018382353,0.2503246387,0.0018382353,0.0018382353,0.03300519,0.0018382354,0.0018382354,0.0021008577,0.9726890011,0.0021008403,0.0021008473,0.0021008472,0.0021008503,0.0021008505,0.0021008478,0.002100843,0.0021008433,0.0021008403,0.0021008465,0.0021008442,0.0021008403,0.0013167464,0.1879116449,0.4518703412,0.3536291245,0.0013184334,0.0013183151,0.0013172191,0.0013181754,0,1,0,0,0,0,0,0.101030174,0.0452040556,-0.0637950592,-0.0291745458,-0.0287914888,0.061198536,0.0258992106,0.1869236649,-0.0064611943,0.0365855305,0.0244516612,0.0817503891,0.0787456013,0.0471067614,0.0666146474,0.0937570282,0.1343058262,0.0555629717,-0.0383798591
/105/4.mp3,0.0017857145,0.0017857146,0.0017857145,0.0017857143,0.0017857144,0.0017857143,0.0017857144,0.0017857143,0.0017857144,0.7072600329000001,0.0017857143,0.1255913638,0.0017857162,0.0017857143,0.143934314,0.0017857149,0.7333459729,0.0018797164,0.0018796992,0.2440975703,0.0018797056,0.0018797093,0.0018797091,0.0018797061,0.0018797019,0.0018797026,0.0018796992,0.0018797052,0.0018797028,0.0018796992,0.0011800518,0.0322602691,0.2288198493,0.5566835702,0.0011815922,0.0011812937,0.0011804944,0.1775128793,0,0,1,0,0,0,0,0.0935963723,-0.167131582,0.0454129704,0.0384103201,-0.044231529,-0.0509968089,0.0029766359,-0.0423113078,0.1712570928,0.1147305937,-0.1658608757,0.0789644039,0.0072356178,0.0389786596,-0.0028098697,0.0466581062,0.1434266135,0.0591665601,-0.0397370523
/105/5.mp3,0.0394893128,0.0010775865,0.7558636315,0.0010775866,0.0010775864,0.0010775862,0.0010775871,0.0284447698,0.0010775863,0.0010775884,0.0010775865,0.0010775876,0.0010775864,0.0010775864,0.1632712452,0.0010775864,0.7306301026,0.0893282491,0.0012315271,0.0012315319,0.0012315303,0.1664948213,0.0012315323,0.0012315305,0.0012315285,0.0012315309,0.0012315271,0.0012315302,0.001231531,0.0012315271,0.0007672587,0.0007677743,0.224512875,0.6162454807000001,0.1554027415,0.0007679524,0.0007675824,0.000768335,0,0,0,0,0,0,1,-0.0169427727,0.1396123956,0.0493446474,-0.0464120825,-0.0824908795,0.3061611362,0.0669454312,0.0064271254,0.0269281882,0.0191650658,0.0331651362,0.0789644039,0.0258381173,0.0194744947,0.1138240268,-0.007824575,0.058116474,0.0438397274,0.0682720348
/105/1.mp3,0.0006868134,0.0006868133,0.0656265434,0.0006868133,0.0006868135,0.0117057941,0.0006868132,0.0006868147,0.0006868132,0.0006868133,0.0006868134,0.5837051692,0.0006868135,0.0006868134,0.1213749247,0.2100326205,0.1118854812,0.6737493736,0.0007518797,0.0007518822,0.000751882,0.1915583435,0.0007518832,0.0007518822,0.0007518807,0.0007518808,0.0007518797,0.0152879905,0.000751881,0.0007518797,0.0004602216,0.0004603772,0.1457655669,0.0004604404,0.0930010704,0.3277901165,0.4316018412,0.0004603656,0,1,0,0,0,0,0,0.0517568527,-0.2957590555,-0.0647721986,0.2931426365,-0.1052588022,-0.0503633039,0.0227133691,-0.0260063613,0.0252859109,0.2063082566,-0.2027860728,0.1174175538,0.0646598117,0.0576326551,-0.0246274558,0.1116276048,0.1026206827,-0.0315203972,-0.3536916888
/105/2.mp3,0.0008928572,0.0008928572,0.0008928573,0.0008928574,0.0008928578,0.0008928571,0.0008928572,0.0008928597,0.0008928574,0.0008928599,0.0008928576,0.5486340923,0.0008928576,0.0187845301,0.0008928618,0.4209742224,0.5175581418,0.3349492635,0.000965251,0.0009652543,0.0009652539,0.1368748132,0.0009652554,0.0009652542,0.0009652522,0.0009652523,0.000965251,0.0009652537,0.0009652526,0.000965251,0.1644175421,0.0005935329,0.0722284101,0.0005935082,0.0005935557,0.6357769081,0.0005936532,0.1252028897,0,1,0,0,0,0,0,0.0249079516,0.0845491903,-0.1300007387,-0.038594544,-0.0512282731,0.1693519346,0.0506416806,0.0554853411,0.03595653,0.0193788461,0.1064623213,0.09599698,-0.1565939025,-0.0300923399,-0.0517928044,0.126535846,0.1035689185,-0.051552534,-0.0861660468
/105/3.mp3,0.6797618193,0.000771605,0.0699644539,0.000771605,0.000771605,0.0007716065,0.0007716049,0.0007716051,0.0007716049,0.0533895719,0.000771605,0.0007716064,0.0007716051,0.050076055,0.0007716059,0.1383204409,0.000871087,0.5636779941,0.0008710801,0.0008710831,0.0008710829,0.4258690183,0.0008710842,0.0008710831,0.0008710813,0.0008710814,0.0008710801,0.0008710826,0.0008710817,0.0008710801,0.0005390154,0.0005392015,0.2117499586,0.1755356183,0.3393596419,0.1516907314,0.0005392922,0.1200465407,0,0,0,0,0,0,1,-0.0592196624,-0.1598492827,0.0240445016,0.0161659878,-0.0851670299,0.0135076665,0.0866092289,-0.0298416703,0.023559743,-0.0010531353,0.070102819,-0.1050258667,-0.0843324899,-0.0783483231,0.0341312663,-0.0327136646,0.1044234097,-0.0242677619,-0.0796273496
/51/7.mp3,0.045036845,0.0008333335,0.0278659513,0.0008333334,0.0008333334,0.0008333333,0.3136928058,0.0008333333,0.0008333335,0.0008333334,0.0008333333,0.0008333334,0.0008333341,0.0008333333,0.0008333333,0.6034043965,0.1242105427,0.5616655298000001,0.0009157509,0.000915754,0.0009157538,0.3040506475,0.0009157552,0.000915754,0.0009157521,0.0009157522,0.0009157509,0.0009157535,0.0009157525,0.0009157509,0.0005558065,0.0005559689,0.0005566309,0.643072806,0.134351044,0.0005565863,0.0005560667,0.2197950909,0,1,0,0,0,0,0,-0.1410468688,0.1177526861,0.0301841973,-0.0711112854,-0.2037003805,0.1216067468,0.1197846186,-0.0519553144,-0.1800340063,-0.1148422999,0.0715335857,-0.1024253178,-0.1908076495,0.0097088601,0.0651097068,0.000570349,-0.114358393,-0.0968022169,0.0956282223
/51/6.mp3,0.0007352941,0.0007352941,0.0007352941,0.0007352942,0.0007352941,0.0007352943,0.0007352941,0.2982349007,0.0007352941,0.0007352941,0.6914709813000001,0.0007352941,0.0007352941,0.0007352942,0.0007352941,0.0007352941,0.1849764684,0.3098202153,0.0008403361,0.000840339,0.0008403387,0.00084034,0.0569661431,0.1926523222,0.1555647603,0.0008403373,0.0008403361,0.0932973895,0.0008403377,0.0008403361,0.0005190982,0.2617308514,0.3159438555,0.0005196703,0.2111915873,0.0810971869,0.0005194647,0.1284782858,0,0,0,0,0,0,1,0.0474829768,-0.122588679,0.0732573069,0.0444211075,0.0324825265,-0.2380504668,-0.2927006565,0.045693005,0.1952195914,0.2042936229,-0.1038866674,0.15478034,0.2518983579,0.0856473914,-0.0572416722,0.0769899517,0.0605404115,0.1771849217,-0.2507067449
/51/4.mp3,0.4231064056,0.0023148155,0.0023148153,0.0023148148,0.0586596332,0.0023148149,0.0023148149,0.0023148148,0.0023148148,0.0023148151,0.1104002313,0.3800559483,0.0023148162,0.0023148148,0.0023148152,0.0023148154,0.0018797196,0.9755638432,0.0018796992,0.0018797058,0.0018797044,0.0018797075,0.0018797073,0.0018797049,0.0018797014,0.0018797019,0.0018796992,0.0018797041,0.0018797021,0.0018796992,0.0011806017,0.0011817046,0.3068780401,0.0011811712,0.2406693057,0.0011820646,0.1906105824,0.2571165297,1,0,0,0,0,0,0,0.009144329,0.13265907,-0.0353457244,0.0231480442,-0.0143217912,0.0266522501,0.016972804,-0.0054184747,-0.0154225427,0.0332330712,0.0961491713,-0.1597957673,-0.2935449873,-0.0315953265,0.0895810402,0.0739301357,0.0246601534,-0.1055742997,0.0926686727
/51/5.mp3,0.0005000001,0.0005,0.0005,0.0134872215,0.0005000004,0.0005,0.6431483583000001,0.0005,0.1922722648,0.0005000001,0.0005,0.1143857212,0.0312064336,0.0005,0.0005,0.0005,0.2296641081,0.6518851155000001,0.0005370569,0.0395999835,0.0005370586,0.0005370594,0.0005370594,0.0005370587,0.0450328919,0.0005370577,0.0005370569,0.0005370584,0.0289843781,0.0005370569,0.000327406,0.0003276667,0.1578495775,0.0003278048,0.0003277172,0.3193484949,0.0003275336,0.5211637993,0,1,0,0,0,0,0,-0.1034595679,0.082757992,-0.0089435869,-0.0410592593,0.003245087,0.0710769204,0.1716061071,-0.0150913952,-0.1398044709,-0.0348328049,0.0708162702,0.1447567354,0.0265698216,0.0734674219,0.128481017,0.012045195,-0.05434885,0.1506207528,-0.0022492379
/51/1.mp3,0.0012019236,0.0012019236,0.0012019232,0.0012019231,0.4186450951,0.0012019231,0.0012019235,0.0012019231,0.0012019231,0.0012019241,0.0311590844,0.5345708166,0.001201924,0.0012019231,0.0012019231,0.0012019233,0.4461541731,0.1799548431,0.0013477089,0.0013477136,0.0013477131,0.0013477152,0.3590661562,0.0013477135,0.0013477106,0.0013477109,0.0013477089,0.0013477127,0.0013477113,0.0013477089,0.0008338084,0.0008345463,0.075372955,0.3830031563,0.0008348499,0.0008349827,0.0008340997,0.5374516017000001,0,0,1,0,0,0,0,-0.0103449283,0.0521792588,-0.034084963,-0.0775839205,0.0734003766,0.073222602,0.0521754514,-0.1027641715,0.0851739726,0.0590658467,-0.0779966294,0.0797801033,0.1179886614,0.0879524169,-0.1249587948,0.1513652355,0.0647293087,0.0158461622,-0.1607438014
/51/2.mp3,0.0027173923,0.0027173913,0.0611402325,0.0027173913,0.0027173913,0.0027173913,0.0027173913,0.0027173913,0.0027173913,0.9008162846,0.0027173913,0.0027173913,0.0027173913,0.0027173913,0.0027173948,0.0027173914,0.0031056076,0.9596272347,0.0031055901,0.0031056012,0.0031055982,0.0031056059,0.0031056029,0.0031055988,0.0031055935,0.0031055945,0.0031055901,0.0031055978,0.0031055946,0.0031055901,0.0019541007,0.0019552344,0.662274373,0.0019548338,0.0019558452,0.0019554045,0.0019554416,0.3259947668,0,0,1,0,0,0,0,-0.1784297179,0.1382059318,0.0601821078,-0.117198616,-0.2054411479,0.1302611393,0.127271608,-0.0437391701,-0.0583151753,0.009858554,0.0545211086,0.0038603311,-0.1090399287,0.0345995292,0.0102128323,0.0089444232,0.0619933689,-0.0369254488,0.0605280326
/51/3.mp3,0.0009328358,0.0009328361,0.0009328358,0.0009328372,0.0009328359,0.0009328359,0.0009328358,0.8726608429,0.0009328358,0.0009328358,0.0009328379,0.0009328358,0.0009328361,0.1142794513,0.0009328358,0.0009328358,0.0576784328,0.9295283556,0.0010660981,0.0010661018,0.0010661011,0.0010661027,0.0010661027,0.0010661012,0.0010660993,0.0010660996,0.0010660981,0.001066107,0.0010661021,0.0010660981,0.1094180913,0.0006592918,0.1222451577,0.0006589905,0.4960682118,0.0006591924,0.0006593034,0.269631761,0,0,0,0,0,0,1,0.1282898474,-0.3663710029,-0.3315618013,0.0084884954,-0.0009948243,-0.3514703248,-0.3319488057,0.1484426176,0.1832239735,0.0510626322,0.0033078787,-0.1048373864,0.1136041688,0.0118822541,-0.0941896387,0.1177053401,0.162437393,-0.0084772578,-0.1292547501
/58/7.mp3,0.002314816,0.0023148166,0.160519686,0.0023148188,0.0023148152,0.0023148151,0.0023148155,0.0023148263,0.082137142,0.5575748065,0.0023148169,0.0023148157,0.0023148183,0.0661840847,0.1081212895,0.0023148169,0.4056722708,0.4091971422,0.0023041475,0.0023041555,0.0023041547,0.0023041583,0.1597849141,0.0023041553,0.0023041504,0.0023041508,0.0023041475,0.002304154,0.0023041517,0.0023041475,0.001454563,0.1601955535,0.3874940601,0.4450320043,0.0014559351,0.0014565111,0.001455234,0.0014561389,0,0,0,0,0,0,1,-0.0361227102,-0.0017793854,0.0160205747,-0.0105324756,-0.0791531909,-0.1061575825,-0.1301339521,-0.0644592851,0.0144467414,0.0547596927,-0.0080370429,0.087282204,0.0072356178,0.0969197668,-0.0934568446,0.1082383832,0.0486860569,0.0366076968,-0.2160082364
/58/6.mp3,0.0013888892,0.0013888892,0.001388889,0.0013888894,0.0013888891,0.0013888889,0.5029474766,0.0450080813,0.1889432584,0.0013888894,0.0013888892,0.0013888891,0.0013888902,0.0013888891,0.001388889,0.2464345129,0.2774348727,0.3747743819,0.001552795,0.0349361727,0.2973265913,0.0015528023,0.0015528023,0.0015528003,0.001552797,0.0015527973,0.001552795,0.0015527994,0.0015527977,0.001552795,0.0009620475,0.0009621659,0.0009633981,0.7320759557000001,0.0009631352,0.0009634934,0.0009623961,0.2621474082,1,0,0,0,0,0,0,-0.2268492353,0.0632463972,-0.0021945234,-0.2113660143,-0.0686535501,0.1383807916,0.0756144932,-0.1311025758,-0.0770103538,-0.0381307736,0.0492390441,0.0440924415,-0.1443731209,0.0137748395,0.0100595422,-0.0277071275,-0.0921949914,-0.0411252846,0.0299003773
/58/4.mp3,0.000534188,0.0395275203,0.000534188,0.0005341881,0.000534188,0.0005341903,0.000534188,0.0502235178,0.000534188,0.000534188,0.9033045151,0.000534188,0.000534188,0.0005341881,0.000534188,0.000534188,0.0005903251,0.3863581064,0.0005903188,0.0005903209,0.5672780403000001,0.0005903213,0.0155653778,0.0248952608,0.0005903194,0.0005903196,0.0005903188,0.000590329,0.0005903231,0.0005903188,0.0003605958,0.1923935864,0.0003604556,0.0388687048,0.0003606551,0.0277729274,0.739522431,0.0003606439,0,0,0,1,0,0,0,-0.4450519352,0.3144553436,-0.2329590676,-0.3961677269,-0.3593844293,0.1998496736,-0.0050400314,-0.1640311794,-0.4518534603,-0.3235855704,0.0331651362,-0.2557378936,-0.4798465879,-0.1520266145,0.063223276,-0.1039091684,-0.078662066,-0.1922948206,0.3627654409
/58/5.mp3,0.0007621957,0.0007621955,0.0584897206,0.0729523569,0.0348429469,0.0007621952,0.0007621956,0.0007621951,0.0138299839,0.0367181311,0.0007621951,0.7239149399,0.0007621963,0.0007621952,0.0523921615,0.0007621956,0.4745557186,0.5157040005,0.0008116883,0.0008116911,0.0008116908,0.000811692,0.000811692,0.000811691,0.0008116893,0.0008116895,0.0008116883,0.0008116906,0.0008116897,0.0008116883,0.1035941689,0.0349064066,0.0005008269,0.1944773557,0.3164433783,0.2753650594,0.0742119288,0.0005008754,0,0,0,0,0,1,0,0.1855266661,-0.1976674388,0.0762476976,0.1287414446,0.1421534667,-0.2528197772,-0.2781954389,-0.0566041433,0.1913872098,0.1240149567,-0.1415724194,0.0808703267,0.0883980723,0.0320675234,-0.109666888,0.0079969982,-0.0527203955,-0.0235210531,-0.2472522201
/58/1.mp3,0.0013020833,0.0013020834,0.0013020833,0.3778928592,0.0013020834,0.0013020834,0.0013020833,0.5160423833000001,0.0013020833,0.0013020833,0.0891376736,0.0013020833,0.0013020837,0.0013020834,0.0013020833,0.0013020833,0.322679591,0.6399064908000001,0.0013477089,0.0013477135,0.001347713,0.0013477151,0.0013477151,0.0013477134,0.0225890866,0.0013477108,0.0013477089,0.0013477127,0.0013477112,0.0013477089,0.0008341438,0.2123221879,0.0008348233,0.4933952727,0.0008346314,0.0008348452,0.1539513808,0.1369927149,0,0,0,0,1,0,0,-0.0056120784,0.2548663095,-0.0178752266,-0.2079177544,0.046610117,0.2024721457,0.1561943908,-0.0241709525,-0.2464032406,-0.0900016469,0.0212452703,-0.182819557,-0.1844833644,-0.0958842983,0.0129506711,-0.1660184431,-0.0834448216,-0.1174891616,0.155945163
/58/2.mp3,0.0012500003,0.0012500002,0.5436074001,0.0012500002,0.0012500012,0.0570014838,0.00125,0.0648181118,0.0012500002,0.0012500002,0.0012500001,0.2704824276,0.05034057,0.0012500004,0.0012500037,0.0012500002,0.3020428946,0.5579611878,0.0011520737,0.0011520776,0.051905816,0.0765693429,0.0011520791,0.0011520776,0.0011520752,0.0011520754,0.0011520737,0.001152077,0.0011520757,0.0011520737,0.0007109974,0.000711825,0.0007113609,0.3798087234,0.3573997341,0.0007116957,0.2592341529,0.0007115106,1,0,0,0,0,0,0,0.0572613801,-0.0266330311,0.06027453,0.047986739,0.0653373229,-0.1894951924,-0.0868060372,-0.0423113078,0.1516574304,0.1073722143,0.0566990695,0.0497547819,0.0774118137,0.0325808932,0.0002008799,0.026465031,0.0048274115,-0.0174013313,-0.1485557219
/58/3.mp3,0.1532761972,0.0004251701,0.0004251702,0.0004251706,0.0161953115,0.0004251701,0.0004251708,0.0004251701,0.329000964,0.0004251707,0.0004251701,0.0004251701,0.1004125206,0.0004251701,0.0004251702,0.3964381335,0.0004355436,0.5808453682,0.0004355401,0.0004355415,0.0004355415,0.0004355421,0.4139281379,0.0004355416,0.0004355406,0.0004355407,0.0004355401,0.0004355413,0.0004355409,0.0004355401,0.0002655245,0.0002656763,0.4148071944,0.2412295063,0.1334630501,0.2094375327,0.0002656409,0.0002658748,0,0,0,0,0,1,0,0.1156091688,-0.3005490142,-0.1954262649,0.0950605843,0.1694222202,-0.2764733516,-0.1277369124,-0.0992157999999999,-0.0163334222,0.061430415,-0.0634788221,0.0789644039,0.043228187,0.0911548128,-0.0523610128,0.091117223,0.0479383693,0.1241097128,-0.225087928
/67/7.mp3,0.0008333334,0.0008333334,0.0008333336,0.0008333333,0.0008333334,0.0008333333,0.0008333334,0.0008333333,0.0008333334,0.7640348156,0.0008333333,0.000833334,0.0008333336,0.0008333333,0.224298516,0.0008333334,0.4254145207,0.0990427339,0.0009276438,0.0009276471,0.291076622,0.0009276482,0.1751896678,0.0009276469,0.000927645,0.0009276452,0.0009276438,0.0009276464,0.0009276455,0.0009276438,0.0005712892,0.1296030833,0.0005717782,0.3793700253,0.2978483405,0.0005719188,0.0466169106,0.1448466541,0,1,0,0,0,0,0,0.0531780087,0.0678129062,0.1543842611,0.0877179411,0.1678451179,0.0123765358,0.0529881429,0.0202938606,0.094826287,0.0879542656,0.1222433251,0.2500691243,0.1796238599,0.2565549838,0.1009413576,0.2404472821,0.0497432705,0.228530202,0.0525811428
/67/6.mp3,0.0013888891,0.1013904484,0.0013888894,0.0935737911,0.3424223008,0.001388889,0.0013888889,0.001388892,0.001388889,0.1113051301,0.0013888895,0.1549947363,0.1088406517,0.0284564319,0.0479053932,0.0013888896,0.9110048617,0.0014881057,0.0014880952,0.0711379442,0.0014880992,0.0014881014,0.0014881013,0.0014880994,0.0014880968,0.0014880973,0.0014880952,0.0014881072,0.0014881,0.0014880952,0.0009265463,0.0504451957,0.0009276392,0.361695149,0.0009277499,0.1981220283,0.0009268957,0.386028796,1,0,0,0,0,0,0,0.1286777193,-0.031323903,0.1317857871,0.1733736366,0.1534223445,-0.1154054104,0.0310661657,0.0746656887,0.1903621999,0.1629275582,0.1143013461,0.301096419,0.2351952456,0.1270692836,0.1203756578,0.0698561762,-0.0005921862,0.3062709609,0.0898284785
/67/4.mp3,0.0209820844,0.0008561647,0.5253415733,0.0008561644,0.102673431,0.0008561644,0.0008561644,0.0701454954,0.0008561644,0.1745957421,0.0260331974,0.0725229952,0.0008561653,0.0008561644,0.0008561645,0.0008561646,0.294293827,0.6163027253000001,0.0009041591,0.0009041622,0.0009041619,0.0009041633,0.0009041633,0.0009041621,0.0009041602,0.0009041604,0.0009041591,0.0794576761,0.0009041607,0.0009041591,0.1008002381,0.0005565216,0.0005567143,0.0005566963,0.8440250865000001,0.0005563658,0.0523917205,0.0005566569,0,0,0,0,0,0,1,-0.0261628982,-0.1219014457,-0.0366839594,-0.0340720069,-0.0339761944,-0.0338290753,-0.020751738,0.0235342392,0.0332760004,0.0365151402,-0.2170610025,0.1666999686,0.0187413622,0.0279868071,0.0554334609,0.0337805556,-0.1277675552,0.1614297204,-0.088729802
/67/5.mp3,0.0012254903,0.1386264635,0.0012254903,0.0012254902,0.0012254903,0.5282843589,0.0012254902,0.0012254902,0.0012254902,0.0012254903,0.3171578031,0.0012254903,0.0012254913,0.0012254902,0.0012254902,0.0012254905,0.3579466452,0.1918150467,0.0014005602,0.0014005652,0.131856527,0.0014005668,0.2081478024,0.001400565,0.001400562,0.0976289121,0.0014005602,0.0014005642,0.0014005628,0.0014005602,0.0858549896,0.2210534215,0.3907806413,0.298856111,0.000863761,0.0008636153,0.000863898,0.0008635622,0,1,0,0,0,0,0,0.1184737806,-0.2693409075,-0.1138054393,0.0227807755,-0.0420521663,-0.2253266752,-0.2582721388,-0.028765903,0.1269062958,0.156690407,-0.0017383547,0.2529145259,0.263736026,0.1472222249,0.2032567665,0.0303761278,0.0164067436,0.2088594971,-0.2301936944
/67/1.mp3,0.0010593222,0.0010593223,0.0010593226,0.0444910899,0.0205833307,0.0010593221,0.3599081824,0.001059322,0.0523689243,0.0179281157,0.001059322,0.0010593246,0.1103920964,0.0010593221,0.0973409037,0.2885127768,0.1661713462,0.63392223,0.0010060362,0.0223706358,0.167475406,0.0010060408,0.0010060409,0.0010060396,0.0010060375,0.0010060376,0.0010060362,0.001006039,0.001006038,0.0010060362,0.0006256284,0.1127853611,0.0006260051,0.6707323677,0.0671269262,0.0006260499,0.0279825668,0.1194950948,0,0,0,0,0,1,0,-0.0828784535,0.0751304869,0.0346328077,-0.028646785,-0.0184946314,0.0675172299,0.1629386586,0.0275524863,0.1347196338,-0.0126047844,-0.0344236469,0.0865656163,0.0559507469,0.0829332631,0.090990614,0.0848419,0.0421103686,0.1323604747,0.0407542879
/67/2.mp3,0.4760832464,0.0012019233,0.0012019245,0.0012019236,0.0012019231,0.0012019231,0.0012019231,0.0590427878,0.0012019231,0.279263882,0.0012019231,0.1711870041,0.0012019232,0.0012019231,0.0012019232,0.0012019233,0.0013477147,0.375669219,0.0013477089,0.0013477139,0.6081582412000001,0.0013477144,0.0013477141,0.0013477123,0.0013477103,0.0013477109,0.0013477089,0.001347712,0.0013477107,0.0013477089,0.0008231761,0.2219211481,0.2960416136,0.0008234474,0.183700834,0.0008234532,0.0008242155,0.2950421122,0,0,0,0,1,0,0,-0.0372421392,0.0719635947,0.0825714215,-0.0375404657,0.036739297,0.1324080862,0.1137700593,-0.0096794976,-0.0252932822,-0.0123951603,-0.0120811134,0.0707618788,0.0206507642,0.0689777718,0.166967961,0.0160368721,-0.0032156584,0.1556403107,-0.0305332626
/67/3.mp3,0.0020161295,0.0020161303,0.0020161295,0.0020161311,0.1831591062,0.0020161292,0.0020161293,0.0020161324,0.0020161292,0.4135576364,0.1284576233,0.2506320727,0.0020161319,0.0020161295,0.0020161294,0.00201613,0.0022321644,0.8610815075,0.0022321429,0.00223215,0.1121327004,0.0022321539,0.0022321544,0.0022321516,0.002232146,0.002232146,0.0022321429,0.0022321499,0.0022321473,0.0022321429,0.1727732163,0.2579914735,0.0013762723,0.196481603,0.0013760119,0.0013762604,0.1166849269,0.2519402358,0,0,0,0,0,0,1,0.018948291,-0.001761461,0.1062146116,0.0616048445,0.1785091659,0.1020559422,0.1233416893,0.1367656802,0.0878548984,0.0315886857,0.2092908797,0.0631620739,-0.0451092004,0.0404336214,0.1636125393,-0.0093708849,-0.0528662472,0.1609413704,0.1265529935
/93/7.mp3,0.0008223688,0.1880722768,0.0008223684,0.0008223684,0.2760491147,0.0008223685,0.0008223688,0.0008223684,0.0008223684,0.1213593814,0.0968773346,0.3085958387,0.0008223687,0.0008223684,0.0008223684,0.0008223685,0.4058604813,0.0009157575,0.0009157509,0.2836944845,0.0009157534,0.3003717507,0.0009157547,0.0009157536,0.000915752,0.0009157531,0.0009157509,0.0009157532,0.0009157532,0.0009157509,0.0005685819,0.000569216,0.6105101908,0.1294756904,0.1175810534,0.1401573176,0.0005687121,0.0005692376,0,0,0,0,0,0,1,-0.0820741947,-0.4752251711,-0.0718150573,0.0860356392,-0.0644830184,-0.1514554541,-0.2263856425,-0.0423113078,0.0269281882,0.0040980064,0.0331651362,0.0789644039,0.0389738288,-0.0047251015,-0.0707612383,0.0102231121,-0.1048523444,0.0087052785,-0.1466012341
/93/6.mp3,0.6479520489,0.002016129,0.0020161318,0.002016129,0.0020161291,0.002016129,0.002016129,0.002016129,0.0020161291,0.0020161293,0.002016129,0.1908637273,0.0020161291,0.002016129,0.134974543,0.0020161293,0.2082064099,0.7658195058,0.0021645022,0.0021645097,0.0021645084,0.0021645118,0.0021645118,0.0021645089,0.0021645047,0.002164507,0.0021645022,0.002164508,0.0021645075,0.0021645022,0.0013592786,0.0013596435,0.5868548638000001,0.4049829083,0.0013610871,0.0013608803,0.0013599945,0.0013613439,0,1,0,0,0,0,0,-0.1086057215,0.1603461347,-0.2128020875,-0.4702462965,-0.0885700063,0.1805735625,0.2030745158,-0.1699004537,-0.429161287,-0.4850644241,0.1722491339,-0.0207636491,-0.4082898328,-0.0670636326,0.0836206754,-0.0648817634,-0.1108736722,-0.0317780148,0.0947843144
/93/4.mp3,0.0004562044,0.0004562045,0.0004562044,0.0004562044,0.0004562044,0.0004562044,0.0004562044,0.0446639316,0.0004562044,0.8256503509,0.12375506,0.0004562048,0.0004562044,0.0004562044,0.0004562044,0.0004562044,0.0004995046,0.5823642560000001,0.0004995005,0.0004995021,0.0985168656,0.1323208909,0.0004995029,0.0004995023,0.0004995012,0.1818029696,0.0004995005,0.000499502,0.0004995014,0.0004995005,0.1237766639,0.0447460397,0.333943609,0.0003053091,0.4183879835,0.0003052758,0.0003053554,0.0782297638,0,0,0,0,0,0,1,0.0966385158,-0.2980922958,-0.1186331075,-0.0005716962,-0.0397664642,-0.1825960387,-0.0888921356,-0.0423113078,0.0395055312,0.0182451662,-0.162416785,0.008388717,0.1191315232,-0.0630034637,-0.0280552371,-0.0378145285,-0.1124292003,-0.0332998611,-0.3689283315
/93/5.mp3,0.001644737,0.0016447368,0.0016447375,0.0016447368,0.0016447369,0.0016447368,0.0016447368,0.0016447368,0.0016447368,0.8448448473,0.0016447368,0.0016447369,0.0016447369,0.0016447368,0.132128836,0.0016447369,0.4669947697,0.2905148799,0.0018796992,0.0018797058,0.0018797051,0.0018797081,0.0018797081,0.0018797056,0.2218136108,0.001879702,0.0018796992,0.0018797046,0.0018797025,0.0018796992,0.0011687916,0.001169558,0.1002060306,0.4470862027,0.0011704666,0.0011695015,0.0011692848,0.4468601641,0,0,1,0,0,0,0,-0.6086554331,0.3593945626,0.0148714005,-0.5908144241000001,-0.3457977959,0.1231616965,-0.0920509826,-0.0840095312,-0.5572281971,-0.5785783817,0.0331651362,-0.0805969994,-0.3534236122,-0.0868089965,0.0887773333,-0.0079712602,-0.0078549286,-0.019435938,0.2310864267
/93/1.mp3,0.0010080646,0.0010080652,0.0010080647,0.0010080656,0.0010080646,0.8258083527000001,0.0010080645,0.0010080646,0.0010080646,0.0010080647,0.1600787407,0.0010080647,0.0010080647,0.0010080646,0.0010080646,0.0010080649,0.2834378844,0.5630004722,0.0011520737,0.0011520776,0.0797137245,0.001152079,0.0011520791,0.0011520776,0.0011520752,0.0011520754,0.0011520737,0.001152077,0.062327157,0.0011520737,0.0007065806,0.0007069557,0.2433076787,0.0007075182,0.3071822758,0.1636178465,0.0007068044,0.2830643402,0,1,0,0,0,0,0,-0.0290961296,-0.5233298319,-0.3162526051,-0.0592290476,-0.0454712734,-0.5384413021000001,-0.4612758922,-0.0423113078,-0.0443738009,-0.1130474708,-0.4173351312,-0.1309784242,0.1491404207,-0.0314067018,-0.4912452933,-0.0727843748,-0.0250895007,-0.1874951324,-0.4524680851
/93/2.mp3,0.2159494355,0.0003531074,0.0003531084,0.0629975691,0.0124895578,0.0003531073,0.0003531077,0.0288436899,0.433618952,0.0115284695,0.0003531073,0.0003531074,0.1797019803,0.0003531074,0.0003531074,0.0520454856,0.2451066496,0.3501404753,0.0003739716,0.0003739729,0.1850825854,0.0003739732,0.0218872322,0.0340622186,0.000373972,0.0258734232,0.0003739716,0.1102647826,0.0253388003,0.0003739716,0.1663841998,0.000227971,0.0002281219,0.0002280923,0.000228004,0.1386410725,0.0553755187,0.6386870198,0,0,0,0,0,1,0,-0.4997750588,-0.4768476428,-0.418527943,-0.0315123733,-0.5683855391,-0.4490192389,-0.3158354204,-0.083350495,-0.3295700995,-0.1547862222,-0.3671909713,-0.073809637,-0.2089322633,0.0194744947,0.040902596,-0.1268528079,-0.2290282783,-0.0797396119,-0.2886868575
/93/3.mp3,0.001041667,0.7918829792000001,0.0010416668,0.0010416668,0.0010416668,0.193533683,0.0010416669,0.0010416667,0.0010416667,0.0010416672,0.0010416677,0.0010416669,0.001041668,0.0010416667,0.0010416667,0.0010416671,0.9850229939,0.001152084,0.0011520737,0.0011520787,0.0011520773,0.0011520796,0.0011520794,0.0011520775,0.0011520752,0.0011520757,0.0011520737,0.0011520805,0.001152077,0.0011520737,0.0007065661,0.0007071579,0.0007072734,0.5702361883,0.3409773146,0.0007075919,0.0007068787,0.085251029,0,0,0,0,0,0,1,-0.0091856675,-0.4756829834,-0.0497026171,-0.0390828767,0.0923446278,-0.4584853838,-0.2496747516,0.0409948465,0.0269281882,0.0040980064,-0.1976613788,-0.1201082538,-0.018919633,-0.0560085757,-0.2197105408,-0.0266510968,0.0231157306,-0.1411532113,-0.4598461155
/94/7.mp3,0.0016025642,0.4702605529,0.0016025642,0.0016025641,0.0016025642,0.3989181176,0.0016025641,0.0016025641,0.0016025641,0.0016025643,0.1099879937,0.0016025643,0.0016025655,0.0016025641,0.0016025641,0.0016025645,0.2319644488,0.7466069249,0.0017857143,0.0017857206,0.0017857193,0.0017857221,0.001785722,0.0017857195,0.0017857163,0.0017857168,0.0017857143,0.0017857268,0.0017857201,0.0017857143,0.0011173711,0.0011182903,0.423229614,0.0011178232,0.4806663635,0.0699588311,0.0216734757,0.001118231,1,0,0,0,0,0,0,0.0673197955,0.0589494682,0.0299064725,-0.0574479308,0.0194729246,0.0424823839,0.0231977174,0.0266729997,0.0269281882,0.0040980064,0.0112925708,0.0518237869,0.0072356178,0.0012708838,0.0013708182,-0.0266510968,-0.1189789272,0.0557986332,0.0169091863
/94/6.mp3,0.0010775862,0.0010775867,0.0010775863,0.1467614999,0.0010775862,0.8091230690000001,0.0010775862,0.0301068073,0.0010775862,0.0010775863,0.0010775882,0.0010775863,0.0010775863,0.0010775863,0.0010775863,0.0010775863,0.001210688,0.9842614329,0.0012106538,0.0012106577,0.0012106579,0.0012106596,0.0012106599,0.0012106583,0.0012106554,0.0012106555,0.0012106538,0.0012106574,0.0012106561,0.0012106538,0.00074904,0.0494044635,0.2030284536,0.0007497658,0.1944818027,0.1690026957,0.0007492014,0.3818345775,0,1,0,0,0,0,0,-0.0742415775,0.0541842515,-0.0108189387,-0.2637991918,0.050915407,0.039962074,-0.1291419499,-0.0423113078,0.0269281882,-0.0016191193,0.0331651362,-0.0098527889,0.0103112255,0.0032213167,-0.0982577195,-0.0098282978,0.1255831605,-0.0934437022,0.0049587886
/94/4.mp3,0.0669442385,0.0019531254,0.0019531272,0.0019531257,0.1252979655,0.0019531251,0.001953125,0.1888148531,0.0019531251,0.3626076938,0.0019531252,0.2348508655,0.0019531268,0.0019531252,0.0019531267,0.0019531262,0.0019841479,0.7169710083,0.001984127,0.0019841334,0.2592193973,0.0019841367,0.0019841372,0.0019841347,0.0019841297,0.0019841298,0.001984127,0.0019841331,0.0019841309,0.001984127,0.1068783641,0.2799361375,0.3491916557,0.0012393561,0.1234397716,0.1368346014,0.0012401153,0.0012399982,0,0,0,0,0,0,1,0.1675776429,-0.005452339,-0.0039853387,-0.0107085954,0.1611424164,0.1173606368,0.0223866538,0.1812466526,0.0035995009,0.0499091405,-0.0354553099,-0.0677543065,0.0010657446,-0.1534607044,-0.1787306953,-0.0735947885,-0.1062345514,-0.0965520591,-0.1545860632
/94/5.mp3,0.0010964913,0.2700651089,0.0010964913,0.0010964917,0.1835323059,0.0010964913,0.0010964912,0.0010964939,0.0010964913,0.1017230806,0.085984024,0.3466340725,0.0010964918,0.0010964915,0.0010964913,0.0010964914,0.0011520849,0.8789863615,0.0011520737,0.0011520776,0.107188716,0.001152079,0.001152079,0.0011520776,0.0011520751,0.0011520754,0.0011520737,0.0011520769,0.0011520757,0.0011520737,0.0007068735,0.1096636626,0.1426510827,0.2077566934,0.4399711141,0.0007075306,0.0672145926,0.0313284505,0,1,0,0,0,0,0,0.0402922535,0.0552290016,0.0613636647,-0.0485003285,0.0524252628,0.0406378892,-0.0510405332,0.0657891254,0.0513034338,0.1026222158,0.0204415399,0.1030174998,0.0488815539,0.0144871769,-0.0162949764,0.0407566168,-0.0305501476,0.0512053566,0.0509546649
/94/1.mp3,0.0006648938,0.0006648937,0.2626015431,0.2602951685,0.0006648937,0.0006648936,0.0006648936,0.0006648939,0.0006648937,0.0704228439,0.0006648937,0.0006648948,0.0006648943,0.0116056337,0.3877609782,0.0006648939,0.3293130875,0.0006377603,0.0006377551,0.0006377575,0.1243319838,0.4048123021,0.0006377582,0.0006377573,0.0107896806,0.1250131341,0.0006377551,0.000637757,0.0006377562,0.0006377551,0.0003898463,0.2282785983,0.1341294179,0.1948217612,0.0344803836,0.3122235794,0.0952863875,0.0003900259,0,0,0,0,0,1,0,0.0057288547,-0.032389224,0.0497076665,0.0639390575,0.0825489428,-0.0928135086,0.0291173003,-0.0279666675,0.0622272627,0.0523546434,-0.1105170606,0.0910881319,0.0411365254,0.0566294566,-0.1188607986,0.01464855,0.0360572835,-0.011947308,-0.0568030476
/94/2.mp3,0.0013586957,0.0013586961,0.0013586958,0.09368288,0.0013586957,0.0013586957,0.0013586957,0.0013586981,0.0013586957,0.5599119226,0.0235595279,0.2810291148,0.0013586958,0.0268708989,0.0013586957,0.0013586958,0.6548901215,0.1567296071,0.0014880952,0.0014881006,0.1402615116,0.0014881023,0.0014881023,0.0332377771,0.0014880971,0.0014880975,0.0014880952,0.0014880995,0.0014880978,0.0014880952,0.0009134382,0.0009142239,0.0009137002,0.6120975657000001,0.0009142158,0.1357398718,0.2475929623,0.0009140221,1,0,0,0,0,0,0,-0.1037414628,0.0690459345,-0.091464212,-0.1201014354,-0.1587297307,0.1576561203,0.0401092204,-0.1225362785,-0.0476686357,-0.0114342041,0.0457420335,-0.0516260742,-0.0471654196,-0.019386883,-0.072757279,0.0035174268,0.0264332689,-0.1687951052,0.1516470623
/94/3.mp3,0.9846719048,0.0003551137,0.0003551138,0.0061805015,0.0003551137,0.0003551136,0.0003551136,0.0003551136,0.0003551136,0.0003551137,0.0003551136,0.0003551137,0.0003551138,0.0045311155,0.0003551139,0.0003551137,0.0004012867,0.9947832939,0.0004012841,0.0004012855,0.0004012853,0.0004012859,0.0004012859,0.0004012853,0.0004012846,0.0004012847,0.0004012841,0.0004012852,0.0004012847,0.0004012841,0.000244759,0.0002449743,0.4101067394,0.2096951143,0.358533819,0.0002450853,0.0002448422,0.0206846665,0,0,0,0,1,0,0,-0.0672844443,0.0678154285,0.1460799835,-0.0898707507,-0.0864764995,0.0504437391,0.0069121129,-0.0399956597,-0.1516320921,-0.0181081633,0.0590573277,-0.0771436346,-0.1412987096,-0.0470078762,-0.0703227246,-0.037344881,-0.0819948724,-0.0495966269,0.0727360283
/60/7.mp3,0.0018939398,0.0018939407,0.4160810637,0.0018939412,0.0667705103,0.0018939396,0.0018939394,0.2162007852,0.0018939395,0.2499105457,0.0302037532,0.0018939419,0.0018939397,0.0018939396,0.0018939403,0.0018939401,0.0021008648,0.9048437361,0.0021008403,0.0021008472,0.0021008476,0.0021008505,0.0699461067,0.0021008483,0.0021008432,0.0021008433,0.0021008403,0.0021008467,0.0021008446,0.0021008403,0.0013172488,0.3076616286,0.0013184564,0.0013183286,0.001318376,0.1010903658,0.247077455,0.3388981408,1,0,0,0,0,0,0,-0.0272778472,-0.012147554,-0.0358201014,-0.031143951,0.0592217358,-0.1731228166,-0.0681834667,0.0463834352,0.0380763026,-0.0308057823,0.0596846919,-0.3002820101,-0.1439989649,-0.3195868308,-0.3210123636,-0.4531627799,-0.219112737,-0.3402799999,0.02823938
/60/6.mp3,0.2116034413,0.0025000006,0.0025000015,0.0025,0.0025000004,0.0025000001,0.0025000004,0.0025,0.0025000002,0.4728038004,0.0025,0.1266646325,0.0025000057,0.0025,0.1589281153,0.0025000016,0.438173994,0.5288588998,0.0027472527,0.0027472622,0.0027472613,0.0027472656,0.0027472657,0.0027472621,0.0027472562,0.0027472567,0.0027472527,0.0027472606,0.0027472575,0.0027472527,0.0017368841,0.0017372722,0.2646067836,0.1815292129,0.3060319402,0.0017382356,0.0017376044,0.2408820671,0,0,0,0,0,0,1,0.0268777399,0.0068844823,0.1631252348,-0.0422770942,-0.0669605947,-0.0968224932,-0.0677079908,0.0268210184,-0.0214965911,0.0118215957,0.0107483176,-0.2421577922,-0.3056062825,-0.3518623103,-0.3602152129,-0.3712035629,-0.2841606238,-0.3019126318,-0.0092801988
/60/4.mp3,0.0026041669,0.0026041667,0.3971299969,0.0026041667,0.0856032975,0.0026041667,0.0026041667,0.0026041667,0.0026041668,0.4397434329,0.0026041667,0.0026041695,0.0026041667,0.0026041667,0.0462732692,0.0026041667,0.0026455183,0.6204822935000001,0.0026455026,0.0026455121,0.3477716012,0.0026455142,0.0026455139,0.0026455104,0.0026455056,0.0026455065,0.0026455026,0.0026455095,0.0026455067,0.0026455026,0.001690457,0.0016930185,0.7713536438,0.0016918195,0.1758661858,0.0443222067,0.0016908728,0.001691796,0,0,0,0,0,0,1,0.0080144212,0.159034862,0.055882895,0.007497502,0.0673926136,0.068765637,0.1306429347,0.135697771,0.02709001,-0.017560799,0.0607643279,-0.200482248,-0.2614079308,-0.0462777432,-0.0680771945,-0.284515083,-0.1447203765,-0.199074696,0.1090043605
/60/5.mp3,0.0173116675,0.0007267442,0.0007267446,0.0007267442,0.0007267442,0.0007267442,0.0007267444,0.0007267442,0.2929519424,0.5347415656,0.0007267442,0.0007267446,0.0007267442,0.0007267442,0.146273889,0.0007267483,0.0007936542,0.6922907140000001,0.0007936508,0.0007936537,0.0007936525,0.0007936539,0.0007936536,0.0007936526,0.0007936515,0.0007936519,0.0007936508,0.2981854572,0.0007936524,0.0007936508,0.0004887679,0.3221155536,0.2735539998,0.0004890729,0.375405199,0.0004890752,0.0269691586,0.000489173,0,0,0,0,0,0,1,-0.1726297188,-0.1064415028,-4.18944e-05,-0.0643826117,-0.1075389188,-0.0161709778,-0.0294412537,-0.2021892288,-0.0844093611,-0.0366389461,-0.1453401974,-0.173779845,-0.1722353422,-0.3277776337,-0.1192782493,-0.2230800502,-0.0879428216,-0.1317534062,-0.0651514523
/60/1.mp3,0.0012019231,0.4959365458,0.0012019231,0.0012019233,0.1786595335,0.0672033481,0.0012019231,0.0012019231,0.0012019231,0.0012019232,0.2437774945,0.0012019232,0.0012019235,0.0012019231,0.0012019231,0.0012019233,0.0012531399,0.8783383730000001,0.0012531328,0.0012531373,0.1066239993,0.0012531382,0.001253138,0.0012531364,0.0012531342,0.0012531346,0.0012531328,0.001253136,0.0012531347,0.0012531328,0.0612961669,0.0007733379,0.6183647228,0.0773610807,0.0007730481,0.0473877398,0.1932709101,0.0007729936,0,0,0,0,0,0,1,0.0152035583,-0.347669378,-0.0383810843,-0.0009272451,0.0375302183,-0.3381878976,-0.1800584397,-0.0333645757,0.1453668046,0.0632771887,-0.1755944112,-0.0640430702,0.037059875,-0.0714883808,-0.2294228237,-0.0147373719,-0.111923932,-0.1525620797,-0.1722126799
/60/2.mp3,0.0008561645,0.0008561646,0.0008561645,0.0008561653,0.0008561686,0.0008561644,0.0008561645,0.0261982791,0.2860782922,0.594418573,0.0008561646,0.0008561647,0.0830308763,0.0008561645,0.0008561645,0.0008561647,0.6324374260000001,0.0009652593,0.000965251,0.0009652549,0.0009652541,0.2576556451,0.0009652558,0.0009652544,0.0992891383,0.0009652526,0.000965251,0.0009652539,0.0009652527,0.000965251,0.0006013674,0.1805201389,0.0006020518,0.4343866047,0.000601985,0.1950269252,0.0006015544,0.1876593726,0,0,0,0,0,1,0,-0.0470921513,-0.0024640804,0.0205256511,-0.0583335291,-0.0518197015,0.0164109527,-0.0901753774,-0.0172373872,0.0316612949,0.0195748036,-0.0592260326,-0.2773762315,-0.1980550771,-0.204919866,-0.2340815292,-0.2129285722,-0.1622874481,-0.1790971186,-0.0323097106
/60/3.mp3,0.0004770995,0.0004770993,0.008698622,0.0087039544,0.1371596186,0.0004770992,0.0004770993,0.0004770999,0.0004770993,0.0004770993,0.0004770994,0.636015808,0.2041739038,0.0004770994,0.0004770993,0.0004770994,0.2436475726,0.7502733869,0.0005065856,0.0005065873,0.0005065872,0.0005065879,0.0005065879,0.0005065873,0.0005065862,0.0005065863,0.0005065856,0.000506587,0.0005065865,0.0005065856,0.000308972,0.1148745608,0.0003091873,0.2785903072,0.1702910593,0.1731064692,0.0500375918,0.2124818523,0,0,0,0,0,1,0,0.1122032122,-0.2121538555,0.0390004431,0.0541643539,0.0356891606,-0.1142693906,-0.0118478082,-0.0193980312,0.1251011856,-0.0502688846,0.0051626592,-0.1159253439,-0.1996812268,-0.2966870129,-0.0658365474,-0.1750918788,-0.1715677964,-0.1866478533,-0.0084946105
/34/7.mp3,0.0003289474,0.0003289474,0.0171032109,0.1185247632,0.3603633971,0.0003289474,0.0588005005,0.0003289474,0.4100249815,0.0003289477,0.0003289474,0.0003289474,0.0003289475,0.0003289474,0.0003289475,0.0318936724,0.00033069,0.1819729933,0.0003306878,0.0336534403,0.4567506887,0.0003306893,0.3243159924,0.0003306889,0.0003306882,0.0003306883,0.0003306878,0.0003306887,0.0003306884,0.0003306878,0.2838360087,0.0351261298,0.2928487575,0.0002016713,0.1878293912,0.188775257,0.0111811497,0.0002016347,0,0,0,0,1,0,0,0.0938810795,0.0544735695,0.0647204066,0.1992825813,-0.0252882041,0.0405044011,0.033323054,-0.0354690589,0.0269281882,0.0107689928,0.0445176711,0.133444099,0.0137731203,0.1131448754,0.1144299021,-0.0175229954,-0.0831889354,0.1852797316,0.0169091863
/34/6.mp3,0.0022321438,0.0022321429,0.8147902949,0.0022321429,0.0022321429,0.0022321429,0.0022321432,0.0022321429,0.0022321431,0.0785628325,0.0022321429,0.0022321429,0.0022321429,0.0022321429,0.002232144,0.0776290126,0.0023041701,0.9700459958,0.0023041475,0.002304155,0.0023041553,0.0023041586,0.002304159,0.0023041561,0.0023041505,0.0023041507,0.0023041475,0.0023041544,0.0023041519,0.0023041475,0.0014374605,0.0014382587,0.3132704246,0.0764423189,0.6030951628,0.0014388166,0.0014380777,0.0014394802,0,1,0,0,0,0,0,0.0114134959,0.0585864724,0.0561700829,-0.0201567716,0.0002327768,0.0614115889,0.1133851391,-0.0373506773,0.0446288952,0.0040980064,0.0478595645,0.0789644039,0.0072356178,0.0228442834,0.064168373,0.0943642671,0.0204746514,0.1435735544,-0.0089108938
/34/4.mp3,0.0008561644,0.0008561644,0.0008561644,0.0008561644,0.0008561644,0.0008561644,0.0008561644,0.9871575341,0.0008561644,0.0008561644,0.0008561644,0.0008561644,0.0008561644,0.0008561644,0.0008561644,0.0008561644,0.0009784804,0.1232832924,0.0009784736,0.0009784773,0.000978476,0.0009784777,0.7754059724,0.000978476,0.0009784746,0.000978475,0.0009784736,0.000978483,0.0905474944,0.0009784736,0.7738006082000001,0.0005991006,0.0005991834,0.0005990441,0.1550287465,0.0005990096,0.000599173,0.0681751346,0,0,0,1,0,0,0,0.0635816799,0.0862438744,0.1180182137,0.13991886,0.0932301001,0.1756959123,0.0863084491,0.2183706536,0.0779365834,0.0235034995,0.1668215156,0.114099162,0.0054009033,-0.0589884333,-0.0286819096,0.0140149541,0.0537173557,0.1591425457,0.2541030077
/34/5.mp3,0.001953125,0.0019531259,0.0019531251,0.001953125,0.8895545035,0.0019531251,0.001953125,0.0656222441,0.001953125,0.0019531286,0.0194326223,0.0019531251,0.0019531251,0.001953125,0.001953125,0.001953125,0.0022321566,0.9709820742,0.0022321429,0.0022321507,0.002232149,0.0022321526,0.0022321524,0.0022321495,0.0022321454,0.0022321461,0.0022321429,0.0022321486,0.0022321463,0.0022321429,0.001391068,0.0013917242,0.208235419,0.0013914975,0.431185017,0.0013915445,0.3536221592,0.0013915706,0,1,0,0,0,0,0,0.1094712412,0.0390285184,0.1680742907,0.0663821839,0.138935387,0.0519440655,0.0140601138,-0.0491749996,0.1320161847,0.0376568815,0.1275277676,0.1776946511,0.0891094333,0.1255907127,0.1120862268,0.1593056904,0.1153021642,0.1616243697,0.1035452324
/34/1.mp3,0.0007183908,0.3062892129,0.0007183908,0.0122503791,0.3010458519,0.0007183908,0.0007183908,0.0122860076,0.0007183908,0.0007183909,0.117021655,0.2439229843,0.0007183915,0.0007183908,0.0007183908,0.000718391,0.4386473388,0.4834646672,0.0008116883,0.0187465513,0.0510245386,0.0008116917,0.0008116916,0.0008116905,0.0008116892,0.0008116895,0.0008116883,0.0008116953,0.0008116914,0.0008116883,0.0005003355,0.3032309704,0.287565808,0.2655190321,0.1416814699,0.0005009668,0.0005005119,0.0005009055,0,0,0,0,0,0,1,0.112548103,-0.1068949066,0.0970352989,0.1889801899,0.1813777179,0.0316826597,-0.0666614222,-0.0244626736,0.1538786427,0.2008096885,-0.115646923,0.1141884659,0.2718887137,0.1924483884,-0.1502057462,0.1539706657,0.238509454,0.0107518112,-0.2065770458
/34/2.mp3,0.0010964912,0.0010964918,0.0010964913,0.5839037417,0.0010964913,0.0010964913,0.0010964912,0.4007453733,0.0010964912,0.0010964933,0.0010964958,0.0010964913,0.0010964915,0.0010964914,0.0010964912,0.0010964913,0.00111608,0.0011160789,0.0011160714,0.0756737001,0.0011160748,0.4432508054,0.0011160764,0.0011160751,0.2431094842,0.2268052633,0.0011160714,0.0011160744,0.0011160733,0.0011160714,0.0006873582,0.1478585629,0.0006881885,0.0006875155,0.1361370427,0.0006874574,0.5619857393000001,0.1512681354,0,0,0,0,1,0,0,-0.215691465,0.2496793724,0.0162365653,-0.2831543561,-0.1920595535,0.391022702,0.3705737348,-0.1674831658,-0.1268893188,-0.1487017342,0.0321674284,-0.0768530281,-0.1153465523,0.0212620602,-0.0396019465,-0.0997483837,0.0473570286,0.0103251264,0.0755187456
/34/3.mp3,0.0016891895,0.0016891899,0.0016891898,0.0016891894,0.0016891948,0.0016891893,0.0016891893,0.1968646644,0.0016891893,0.0016891897,0.3997609787,0.1151378575,0.0016891927,0.0016891894,0.2679662163,0.0016891902,0.2394973411,0.5223510864,0.0017006803,0.0017006861,0.0017006856,0.0499755414,0.0017006883,0.171169197,0.0017006825,0.0017006827,0.0017006803,0.0017006851,0.0017006832,0.0017006803,0.0010795081,0.1382455119,0.3738101128,0.0010799513,0.4301825224,0.0010793251,0.0331533215,0.0213697469,1,0,0,0,0,0,0,-0.0484002798,0.0766226561,0.0436882333,-0.1196171172,-0.0266080562,0.0369911425,0.0794080056,-0.0506864605,0.0235722006,0.0339448411,0.0178238964,0.1020872099,0.0431191429,0.0394003861,0.087801012,0.0015800612,-0.0274902211,0.1559823912,-0.0767876861
/33/7.mp3,0.0966558614,0.0013020839,0.0013020839,0.0013020838,0.0013020834,0.0013020834,0.0322269057,0.0013020834,0.0013020875,0.0537784164,0.0643582751,0.0013020879,0.0013020838,0.0013020834,0.0398349141,0.700124783,0.2226455506,0.6761494238,0.0014285714,0.0014285764,0.0611859192,0.0014285777,0.0014285776,0.0014285757,0.0014285731,0.0257333585,0.0014285714,0.0014285778,0.0014285754,0.0014285714,0.000893501,0.1122424938,0.0008946292,0.0008945475,0.17897849,0.0517536209,0.0008939742,0.6534487433,1,0,0,0,0,0,0,-0.0014672571,0.0758029381,0.0493446474,-0.0574479308,-0.0824908795,0.0424466082,0.0307435949,-0.1553578967,-0.3798742383,-0.307783088,0.0331651362,-0.0818044316,-0.2556657593,0.0194744947,0.0639496694,0.0875662234,0.1299470723,-0.2175556525,0.1983462589
/33/6.mp3,0.0008333335,0.0008333337,0.0008333334,0.0008333333,0.4344976515,0.0008333334,0.0008333335,0.0008333333,0.0008333334,0.110320651,0.0194227876,0.4257589087,0.0008333336,0.0008333333,0.0008333333,0.0008333334,0.5927823015,0.000904167,0.0009041591,0.3963677606,0.0009041619,0.0009041633,0.0009041633,0.0009041621,0.0009041602,0.0009041604,0.0009041591,0.0009041616,0.0009041607,0.0009041591,0.0005583291,0.0005589481,0.0005587874,0.3641471395,0.6325001065,0.0005589986,0.0005586176,0.0005590732,0,0,0,0,0,0,1,0.0912536408,0.0589494682,0.1094841042,0.0851470537,-0.0345968883,-0.1045227157,0.0048073404,0.0687918469,0.1575112006,0.0472802183,0.0576709384,0.0789644039,0.1431739982,0.0649230949,0.063223276,0.047448896,0.0356870108,0.1435735544,0.0097180582
/33/4.mp3,0.5893930958,0.0007352945,0.0007352945,0.0382784932,0.0007352942,0.0129027509,0.0007352957,0.0007352941,0.0609538295,0.0007352943,0.0007352941,0.0099019292,0.0007352952,0.0246436872,0.0007352943,0.2573085632,0.3089842567,0.4401557922,0.0008305648,0.0008305676,0.0008305673,0.2417237206,0.0008305686,0.0008305676,0.0008305658,0.000830566,0.0008305648,0.0008305671,0.0008305662,0.0008305648,0.0005062918,0.000506413,0.2343134403,0.0005069837,0.1253624389,0.5153598344,0.0005065426,0.1229380554,0,0,0,0,0,0,1,-0.0551199627,0.0996958882,0.2910250832,0.1572386149,-0.0423988514,0.1962820549,0.2528599451,-0.1081713158,0.0269281882,0.0040980064,0.1157330125,0.0789644039,0.0072356178,0.0194744947,0.063223276,-0.0266510968,0.1291014634,0.1435735544,0.0711678008
/33/5.mp3,0.0007022472,0.7887852281000001,0.0007022472,0.0352313669,0.0007022472,0.0007022481,0.0007022472,0.0570655291,0.0007022472,0.0007022472,0.0007022475,0.0007022472,0.0007022474,0.0007022472,0.0007022472,0.1104909081,0.0007936567,0.9896825131,0.0007936508,0.0007936535,0.0007936532,0.0007936544,0.0007936544,0.0007936534,0.0007936518,0.0007936519,0.0007936508,0.000793653,0.0007936521,0.0007936508,0.0601084039,0.2049860525,0.20693568,0.0004873069,0.1150433527,0.2159388185,0.1960130705,0.0004873149,0,1,0,0,0,0,0,0.324195001,-0.2905620688,-0.0667198064,0.1543069269,0.1460167445,-0.0840328742,-0.1432180987,0.1026017737,0.1753912869,0.179018576,0.1448215631,0.0789644039,0.3988802198,0.1309234912,0.063223276,0.0854137574,0.1946244953,0.1435735544,-0.1238591213
/33/1.mp3,0.1471795811,0.0009765628,0.0689764197,0.0009765652,0.0287879417,0.0009765626,0.1061451077,0.0009765625,0.0009765627,0.3499795787,0.0316324065,0.0593014407,0.0009765625,0.1421602311,0.0009765628,0.0590013518,0.7580142497,0.0010822571,0.0010822511,0.020873312,0.0215971346,0.0561034309,0.0261377067,0.0010822543,0.0178714178,0.0010822522,0.0010822511,0.073425037,0.0194841944,0.0010822511,0.0006724588,0.0006730002,0.0006733841,0.0006732174,0.4800708317,0.5158909121,0.0006728253,0.0006733704,0,1,0,0,0,0,0,-0.4397172188,0.0752317087,-0.3469166167,-0.4336184074,-0.3551992372,0.1286367493,0.2871191062,-0.4838681273,-0.4815385439,-0.5344465522,-0.4373077486,-0.3460810488,-0.411212627,-0.2144310152,0.0081715479,-0.0390699003,0.027601324,-0.2497223723,-0.2327386477
/33/2.mp3,0.0005208333,0.0005208334,0.0005208333,0.0005208333,0.0005208333,0.9751953774,0.0005208333,0.0175129546,0.0005208333,0.0005208333,0.0005208346,0.0005208333,0.0005208333,0.0005208334,0.0005208333,0.0005208333,0.0005903225,0.9679302736,0.0005903188,0.0005903208,0.0249858846,0.0005903213,0.0005903213,0.0005903205,0.0005903194,0.0005903196,0.0005903188,0.0005903203,0.0005903197,0.0005903188,0.0003604725,0.2040276861,0.3200211867,0.0003607791,0.1366627167,0.1500333101,0.0003606472,0.1881732015,0,1,0,0,0,0,0,0.2898409219,-0.3999304675,-0.3112789256,0.1457723602,0.1388253432,-0.427342602,-0.4111973835,0.1727357652,0.3087774517,0.269330041,-0.132801177,0.1926425897,0.3010820291,0.1292615089,-0.0370008345,0.1251422899,0.2267904078,0.15514536,-0.3468691014
/33/3.mp3,0.0010416673,0.7744598353000001,0.0010416667,0.0010416667,0.0010416668,0.0180365776,0.0010416672,0.0010416667,0.0010416667,0.1939619173,0.0010416676,0.0010416668,0.0010416672,0.0010416667,0.0010416667,0.0010416668,0.4213229112,0.3941044626,0.0011904762,0.0011904803,0.0011904798,0.0011904817,0.1714773623,0.0011904802,0.0011904777,0.0011904779,0.0011904762,0.0011904795,0.0011904783,0.0011904762,0.0007317206,0.0007322512,0.0924683742,0.0007322504,0.002222841,0.4006961447,0.0527555692,0.4496608486,0,0,0,0,0,0,1,0.1655439504,-0.1541550537,0.1529131712,0.1817260639,0.1585507664,-0.3131967335,-0.3634327222,0.1094237382,0.1860100867,0.1071397797,0.0533832238,0.0789644039,0.2824128562,0.2704976165,0.0325095892,0.2222186797,0.1062926628,0.1435735544,-0.2469772559
/20/7.mp3,0.0020161292,0.1536376674,0.0020161293,0.0020161295,0.0020161292,0.0643113297,0.0020161291,0.0020161291,0.0020161291,0.0020161294,0.1319044335,0.6259530171000001,0.0020161307,0.0020161291,0.0020161291,0.0020161296,0.9718613877,0.0021645222,0.0021645022,0.0021645113,0.0021645094,0.0021645135,0.0021645133,0.0021645099,0.0021645051,0.0021645059,0.0021645022,0.0021645089,0.0021645062,0.0021645022,0.0013905008,0.0293305487,0.0013913939,0.6038426034000001,0.3598695134,0.0013911846,0.0013925433,0.0013917119,0,1,0,0,0,0,0,0.1449887802,-0.380843897,-0.0885054289,0.0437085718,0.0146994202,-0.3912289092,-0.3035399989,-0.0098114898,0.0269328346,0.0038743925,-0.0573830239,-0.111053569,0.0774457725,0.0203949772,-0.1280638119,0.0605609255,0.1442403578,-0.1255703983,-0.1145147756
/20/6.mp3,0.0017857143,0.0017857147,0.0017857144,0.0017857144,0.0017857144,0.0017857143,0.0017857143,0.8038431921,0.0017857143,0.0017857145,0.0555141822,0.1174283387,0.0017857143,0.0017857145,0.0017857144,0.0017857143,0.0019841385,0.8100279422000001,0.001984127,0.001984134,0.0019841323,0.0019841356,0.0019841353,0.0019841327,0.0019841292,0.0019841298,0.001984127,0.1661624795,0.00198413,0.001984127,0.4770462478,0.1061801659,0.4105120479,0.0012517576,0.0012523057,0.0012531953,0.0012520671,0.0012522126,0,1,0,0,0,0,0,0.0657100352,0.0025215331,-0.0409630748,-0.079861135,0.0112126122,-0.09074531,-0.2950787487,-0.0172639201,-0.0056345447,-0.0035295114,0.056389284,-0.2487842186,-0.1704106065,-0.0969381309,0.0101938513,-0.0792261593,-0.0621334469,-0.1273198892,0.0838376686
/20/4.mp3,0.8719563124,0.001059322,0.1132131783,0.001059322,0.001059322,0.001059322,0.001059322,0.001059322,0.001059322,0.0010593221,0.001059322,0.001059322,0.001059322,0.001059322,0.0010593227,0.0010593222,0.1903755815,0.5731435103,0.0011709602,0.0011709641,0.223600319,0.0011709656,0.0011709656,0.0011709641,0.0011709616,0.0011709619,0.0011709602,0.0011709635,0.0011709622,0.0011709602,0.0007105463,0.0007107515,0.1000413152,0.4831817678,0.0007115813,0.000710965,0.0007108174,0.4132222555,0,0,0,0,0,0,1,0.0618639339,-0.1395881654,0.0356964087,-0.0356040239,0.0849039103,-0.2470943756,-0.1296624655,0.1024208815,0.0302067506,0.0104146218,0.0223543234,0.0794920263,0.0041907105,0.0409159957,0.0302077214,0.0447348041,0.1732427482,0.0367172617,-0.0426477298
/20/5.mp3,0.0009765625,0.0009765627,0.0009765625,0.0009765626,0.0477377295,0.0009765625,0.2069710975,0.0528744775,0.3778238163,0.0009765625,0.0574217129,0.0009765626,0.0009765625,0.0009765626,0.0009765625,0.2474055408,0.0010822565,0.3889105409,0.0010822511,0.001082255,0.0010822538,0.206288382,0.0010822554,0.001082254,0.0010822523,0.1883229055,0.0010822511,0.0010822537,0.2056556376,0.0010822511,0.0006652875,0.0006659849,0.6540245435,0.1549057049,0.1877416455,0.0006656112,0.0006653569,0.0006658656,1,0,0,0,0,0,0,0.1323878348,0.0383711685,0.0750563034,0.0969186711,0.055681277,-0.0766190193,0.1125570157,0.0103207338,0.121881068,0.0833289489,0.0868046343,0.0702742871,0.0166062667,0.0601781418,-0.0154680191,-0.0112743288,0.0791482407,0.0261956731,0.0334682121
/20/1.mp3,0.509390703,0.000462963,0.1938721361,0.000462963,0.000462963,0.000462963,0.0004629631,0.000462963,0.0165165593,0.1318678971,0.000462963,0.0647939315,0.000462963,0.000462963,0.0496506672,0.0297414389,0.0004960355,0.3920305244,0.0004960317,0.0004960334,0.6020170794,0.000496034,0.0004960341,0.0004960334,0.0004960324,0.0004960325,0.0004960317,0.0004960331,0.0004960326,0.0004960317,0.0003035313,0.0003036503,0.2860631385,0.0846026504,0.0003039457,0.0003040074,0.0003036719,0.6278154045000001,0,0,1,0,0,0,0,-0.3779207736,-0.0891811196,-0.1449195782,-0.1032410867,-0.2247891263,0.0347728368,0.0777254333,-0.3936694873,-0.204984047,-0.0266525089,-0.2616708351,0.0960598898,0.000173823,0.1082810977,-0.2035092307,0.0149942272,0.0422699991,-0.1118546568,-0.2703231384
/20/2.mp3,0.0013586957,0.1025261349,0.0013586959,0.001358696,0.1824560322,0.0623314021,0.0013586957,0.0539611319,0.0013586957,0.0013586992,0.100533395,0.484604941,0.001358697,0.0013586958,0.0013586957,0.001358696,0.2960486597,0.6874677878000001,0.0013736264,0.001373631,0.0013736306,0.0013736327,0.0013736328,0.001373631,0.0013736281,0.0013736283,0.0013736264,0.0013736302,0.0013736287,0.0013736264,0.0897894481,0.2809994588,0.0935883244,0.5322153459,0.000851826,0.0008519807,0.000851765,0.000851851,1,0,0,0,0,0,0,-0.1469745053,-0.0965248021,-0.0891899532,-0.2904254089,-0.0272976408,0.1120820062,-0.0572888513,0.0220349341,-0.1607121724,-0.2367892007,0.1747684186,-0.1820018152,-0.0816343123,0.0409969059,-0.0825256683,-0.0295678998,0.0200642915,-0.2077584252,0.1297936574
/20/3.mp3,0.1652923286,0.001388889,0.0013888894,0.0013888891,0.0013888893,0.0013888889,0.0013888916,0.0190806606,0.2494421922,0.0013888899,0.0013888894,0.0013888949,0.0013888894,0.0013888892,0.0787803788,0.4721266499,0.2278202684,0.2528579161,0.0014577259,0.001457731,0.0014577305,0.4417034963,0.0014577328,0.0014577309,0.0014577278,0.0014577281,0.0014577259,0.0630410317,0.0014577285,0.0014577259,0.0008997231,0.0008999506,0.2975263196,0.6970712753,0.000901001,0.0009007011,0.0009000614,0.0009009678,1,0,0,0,0,0,0,-0.0467750498,0.1523482953,0.0153571109,-0.2856145348,-0.045397703,0.1075669853,0.0776823395,-0.0605801837,-0.1558070023,-0.0345955032,0.1433484177,-0.1848016693,-0.2710181472,0.0067010329,0.0133367022,0.0707221893,0.2005406691,-0.1477064392,0.0283132075
/18/7.mp3,0.0015243903,0.0015243907,0.0015243904,0.0975798612,0.024775796,0.329596047,0.0015243903,0.0015243927,0.0015243903,0.0015243904,0.4743939401,0.0015243906,0.0568860584,0.0015243905,0.0015243903,0.0015243907,0.0015528096,0.6113988984000001,0.001552795,0.0015528001,0.3699675079,0.0015528027,0.001552803,0.001552801,0.0015527972,0.0015527972,0.001552795,0.0015527998,0.0015527981,0.001552795,0.0009699354,0.1268519691,0.074964859,0.0009708716,0.1797976316,0.0009705218,0.0906844476,0.5247897639,0,0,0,0,0,0,1,0.1537663626,-0.0746156046,-0.0037272031,0.2211589597,0.2474816289,-0.2637407334,-0.3221125661,-0.017927129,0.1997363514,0.1074661419,-0.140377346,0.2834276609,0.151577741,0.1841983337,-0.0596067618,0.1251922429,0.1861620832,0.2011923163,-0.2917019129
/18/6.mp3,0.0008928572,0.0008928575,0.0008928572,0.0008928571,0.0008928572,0.9460882936,0.0008928572,0.0008928572,0.0008928572,0.0008928573,0.041411704,0.0008928573,0.0008928583,0.0008928571,0.0008928572,0.0008928575,0.2472660409,0.7404890345,0.0010204082,0.0010204116,0.0010204113,0.0010204128,0.0010204129,0.0010204116,0.0010204094,0.0010204096,0.0010204082,0.001020411,0.0010204099,0.0010204082,0.0006252368,0.0006254462,0.0006260802,0.3147729221,0.0006260133,0.0006261431,0.0006255566,0.6814726015,0,0,1,0,0,0,0,0.0739290074,-0.096005912,0.214985683,0.1366564513,0.119487901,-0.0320835238,-0.1363385085,0.0315394378,0.1362519272,0.1481721515,0.0756435512,0.1352187001,0.1884009637,0.0974155411,-0.2675215699,-0.0373220073,0.1435871603,0.149621055,-0.0370728681
/18/4.mp3,0.0004921261,0.000492126,0.0004921262,0.0004921263,0.000492126,0.000492126,0.2716785202,0.000492126,0.5712036724,0.0004921262,0.000492126,0.000492126,0.1416563412,0.000492126,0.0095559529,0.0004921264,0.1637118917,0.4291437382,0.0005291005,0.0545514311,0.000529102,0.0313412945,0.0275999363,0.059850769,0.061458329,0.0100935713,0.0005291005,0.0515534316,0.1085792037,0.0005291005,0.000321526,0.0003217703,0.4419392412,0.3178501356,0.0003218629,0.0003219103,0.0003216125,0.2386019413,0,0,0,0,0,1,0,-0.2787913621,0.0651244132,-0.3159984535,-0.3505035556,-0.3368827792,0.1961631922,0.1388227242,-0.4956698326,-0.4065278808,-0.4278639626,-0.037912629,0.0789644039,0.0072356178,0.0194744947,0.1523007273,-0.0357636223,-0.2274694366,0.1190063303,0.0169091863
/18/5.mp3,0.0008802817,0.6663576207,0.0008802817,0.0475447948,0.0008802817,0.1186880384,0.0008802817,0.0008802817,0.0008802817,0.0008802817,0.0008802829,0.0008802817,0.0008802819,0.0008802817,0.0008802817,0.1568461641,0.7008027791,0.0010060434,0.0010060362,0.0010060396,0.287124752,0.0010060404,0.0010060404,0.0010060391,0.0010060373,0.0010060376,0.0010060362,0.001006043,0.0010060394,0.0010060362,0.0006132785,0.1333263074,0.0006138739,0.0508045198,0.2263210124,0.4009924799,0.0006138665,0.1867146616,0,1,0,0,0,0,0,0.1585367046,-0.1015461611,0.1802815241,0.1142695583,0.1383837026,-0.2113734092,-0.2507508436,-0.02829375,0.2242425675,0.1481502692,0.0100031208,0.1906964374,0.149521074,0.1477979201,0.0248094707,0.1352708714,0.0594125216,0.2771237448,-0.1342413557
/18/1.mp3,0.0013297873,0.0013297877,0.0013297874,0.0013297878,0.1338995772,0.0013297873,0.0013297872,0.0549672493,0.0013297873,0.262261092,0.051164386,0.0785274782,0.0013297875,0.0013297875,0.0013297874,0.4058823429,0.5555735504,0.2989848427,0.0014577259,0.001457731,0.0014577304,0.0984728252,0.0014577328,0.0323914953,0.0014577278,0.0014577281,0.0014577259,0.0014577301,0.0014577285,0.0014577259,0.0008940162,0.1376082727,0.0008945464,0.1108187919,0.0008942849,0.5272047605,0.2207908495,0.000894478,0,0,0,0,0,0,1,0.0310549699,-0.1404819176,-0.0547783664,-0.050070521,-0.04849297,-0.0852303575,-0.1837336403,-0.0275713399,-0.0409040775,-0.1183844843,-0.030495217,0.1185440021,0.1106996706,0.1728133719,-0.0774715408,0.0788037868,0.0261008073,0.157948722,-0.0344500827
/18/2.mp3,0.0008223687,0.0008223685,0.0008223688,0.0271153469,0.0008223685,0.0008223684,0.0008223687,0.0008223685,0.0274677443,0.8563216657,0.0008223684,0.0008223685,0.0008223691,0.0008223684,0.0792268201,0.0008223686,0.4908834277,0.1647878312,0.0009276438,0.000927647,0.0009276466,0.0009276481,0.0009276481,0.0922937715,0.0009276449,0.2427585116,0.0009276438,0.0009276464,0.0009276454,0.0009276438,0.0005686147,0.1890278789,0.0005693237,0.1164675049,0.2307967154,0.4614317991,0.0005688963,0.000569267,0,1,0,0,0,0,0,-0.2397494797,0.0574992728,-0.005294116,-0.095372511,-0.2200884023,0.1583634331,0.101499461,0.0624702226,-0.1284102204,-0.1319529967,0.0803467177,-0.0125114007,-0.0958066402,0.0714378428,0.0628429384,0.0596463418,-0.0673509024,0.0154120594,0.1032982754
/18/3.mp3,0.0017857144,0.1732013671,0.0017857144,0.0017857152,0.0896983957,0.5129258424,0.0017857143,0.0017857144,0.0017857143,0.0017857145,0.2027458205,0.0017857145,0.0017857145,0.0017857147,0.0017857144,0.0017857146,0.4987604631,0.0019841424,0.001984127,0.4774299513,0.0019841332,0.0019841364,0.0019841364,0.0019841337,0.0019841295,0.0019841299,0.001984127,0.0019841327,0.0019841305,0.001984127,0.0012382099,0.0012388029,0.4617132608,0.5308514535000001,0.001239663,0.0012401789,0.0012387312,0.0012396998,0,1,0,0,0,0,0,0.0910965471,0.1520650208,0.1722305561,0.0618305052,0.0844841241,0.1183371293,0.1015177242,0.0532972278,0.1293050945,0.0698110579,0.1407648785,0.1328719885,0.0332306708,0.0461926418,-0.1071292052,0.016237798,-0.0728880757,0.1577458095,0.0228726929
/27/7.mp3,0.001388889,0.2612503178,0.0013888891,0.3164358647,0.1595189823,0.0013888889,0.0013888889,0.0512188059,0.0013888889,0.0013888893,0.0013888891,0.0411192831,0.1565678554,0.001388889,0.0013888891,0.0013888893,0.3291829842,0.0013736376,0.0013736264,0.1522101631,0.1320546072,0.1615005344,0.0013736331,0.0013736312,0.0013736282,0.0727277817,0.0013736264,0.0929446202,0.0497639001,0.0013736264,0.423168235,0.0008517391,0.0008518201,0.140501088,0.0636105705,0.1900601704,0.000851831,0.180104546,1,0,0,0,0,0,0,0.1797892164,-0.0710356516,-0.0788447516,-0.0230700568,0.0686413031,0.0263458305,0.0261067096,0.0077215536,0.133227339,0.1284132902,0.0430881946,0.0789644039,0.1212524474,0.0886884646,0.0703327151,0.0465732244,-0.0145944877,0.169720367,-0.0072073616
/27/6.mp3,0.0005530974,0.0005530975,0.0005530974,0.1574507571,0.1725137043,0.0005530974,0.0005530974,0.0005530976,0.0005530974,0.0005530975,0.5369106164,0.0623297328,0.0005530978,0.0005530974,0.0005530974,0.0647111175,0.2184087863,0.0005370606,0.0005370569,0.0005370586,0.0005370585,0.0508720048,0.4600512723,0.0005370587,0.0005370576,0.0005370576,0.0005370569,0.0005370584,0.2652973559,0.0005370569,0.0529550355,0.4052407697,0.192065018,0.0382309278,0.0003311695,0.0633497563,0.2474961019,0.0003312213,0,0,0,1,0,0,0,-0.0966947587,0.205354666,0.122998809,-0.0314602495,-0.0299582173,0.1447045826,0.0896187977,0.0707835849,-0.0277532814,0.0191116764,0.0522645677,-0.0930407307,0.0206543668,0.0555310575,0.0873767559,-0.0428935165,-0.1075735225,-0.0310573351,0.3274677821
/27/4.mp3,0.0005,0.0005000001,0.0005000001,0.0005,0.1118851472,0.0005,0.0005,0.5945612609,0.0005,0.1366219434,0.020060591,0.0005000002,0.0005000001,0.0005000001,0.1313710569,0.0005,0.6607871155,0.0005452601,0.0005452563,0.0121127248,0.0469213567,0.0847788422,0.1370028671,0.0005452578,0.0540350323,0.0005452571,0.0005452563,0.0005452596,0.000545258,0.0005452563,0.0848294669,0.0003321303,0.0003321429,0.2969412661,0.0668829244,0.4432908359,0.1070590341,0.0003321994,0,0,0,0,0,0,1,-0.0281735842,-0.071544841,-0.1676871673,-0.0700320365,0.0428125802,-0.2425930841,-0.2056178007,-0.1218905231,-0.109738898,-0.1050903398,-0.0673445319,-0.1067880497,-0.2276994238,0.0018722827,0.1495041293,-0.1886698777,-0.1153635678,0.0528637644,0.0890652037
/27/5.mp3,0.0017361111,0.0017361111,0.0017361111,0.2776453583,0.1719713284,0.0017361111,0.0017361111,0.5278138678000001,0.0017361111,0.0017361111,0.0017361114,0.0017361112,0.0017361116,0.0017361113,0.0017361112,0.0017361111,0.0015873169,0.0015873139,0.0015873016,0.0381129064,0.0648687958,0.3725190156,0.091652575,0.2806914488,0.0015873034,0.1101872063,0.0015873016,0.0308569037,0.0015873095,0.0015873016,0.0009940536,0.0009941308,0.7510591159000001,0.0009933669,0.0009929253,0.000993319,0.2429796862,0.0009934024,0,0,0,0,1,0,0,0.1018753952,-0.0949867341,-0.3487199925,-0.0398497439,-0.0452264664,-0.0362965188,-0.0394660192,0.0171621496,0.0243159949,0.0003863916,-0.0001529537,-0.1356119614,-0.1397510687,-0.0025634769,-0.0400266041,-0.0411464363,-0.090740441,-0.0094585422,0.2070639137
/27/1.mp3,0.0014880954,0.0014880958,0.0014880954,0.0014880955,0.0014880953,0.0014880953,0.0014880954,0.0014880953,0.0014880953,0.3791403392,0.0928987624,0.5086156575,0.0014880961,0.0014880953,0.0014880953,0.0014880956,0.0016233915,0.8476206856,0.0016233766,0.0016233819,0.0016233822,0.0016233845,0.0016233848,0.1328987406,0.0016233788,0.0016233789,0.0016233766,0.0016233816,0.0016233798,0.0016233766,0.0010169961,0.0010183923,0.2772004345,0.1135374014,0.1979194239,0.0010184623,0.0010173362,0.4072715532,0,1,0,0,0,0,0,0.1975013018,-0.1326136113,-0.0450263478,0.0792711125,0.1627167299,-0.1642690685,-0.1456397734,0.1463893321,0.2857569782,0.2211594788,-0.221694722,-0.01566518,0.0806659332,0.0085954122,-0.0442829263,0.0193610032,0.1417945208,-0.0536801542,-0.324093299
/27/2.mp3,0.0005580359,0.0005580359,0.0005580361,0.0629744012,0.1440233384,0.0005580357,0.000558037,0.0005580357,0.1238205445,0.0197971206,0.0005580357,0.0005580359,0.0005580362,0.0005580357,0.6130137226,0.0307905126,0.127628443,0.3880434928,0.000621118,0.0006211202,0.0399656516,0.0006211207,0.1850485362,0.0006211199,0.0006211187,0.2287225148,0.000621118,0.0006211196,0.0256224084,0.000621118,0.0003793213,0.3921924574,0.4070222938,0.0003795473,0.0003793642,0.0922362027,0.107031338,0.0003794753,0,0,0,1,0,0,0,-0.3220380949,-0.0849857873,-0.1903639042,-0.3325871806,-0.2494322163,-0.2072754169,-0.2787343251,-0.0460722225,-0.1763656579,-0.1792431477,-0.1104567803,-0.0869737623,-0.2974345928,-0.1586758377,0.0599620602,-0.1753180637,-0.3255055244,-0.1615449568,-0.0280011174
/27/3.mp3,0.0017361113,0.376816703,0.0017361113,0.0017361111,0.0017361113,0.0723818795,0.0017361112,0.3671595818,0.0017361112,0.0017361114,0.0017361135,0.1628084958,0.0017361135,0.0017361111,0.0017361112,0.0017361118,0.1713193744,0.2863548743,0.0019305019,0.0019305086,0.0019305081,0.5210901868,0.0019305112,0.0019305087,0.0019305044,0.0019305048,0.0019305019,0.0019305075,0.0019305054,0.0019305019,0.2311766813,0.0011814662,0.2328554106,0.0011813626,0.3552623844,0.1759798318,0.0011813628,0.0011815003,1,0,0,0,0,0,0,0.2329112117,-0.2778965647,-0.1470392897,-0.0903568974,0.0359893828,-0.3071385542,-0.2326094522,0.0785352745,-0.2840836189,-0.1163288048,-0.1791716132,-0.2145344283,-0.058955034,-0.2075611436,-0.0637756348,-0.169758965,-0.0492961273,-0.1885308735,-0.1108844701
/9/7.mp3,0.0231165207,0.0013888894,0.3883534791,0.0013888889,0.0013888893,0.0013888889,0.0013888905,0.0013888889,0.0013888891,0.0013888929,0.0013888889,0.0013888904,0.0013888914,0.0013888889,0.570474433,0.0013888897,0.0014577338,0.7135310191,0.0014577259,0.0014577311,0.0014577297,0.0014577321,0.2689762329,0.00145773,0.0014577275,0.001457728,0.0014577259,0.0014577296,0.0014577282,0.0014577259,0.0009066764,0.1267905828,0.3463939983,0.0009074115,0.165093097,0.0362519883,0.3227488105,0.0009074352,0,0,0,0,0,0,1,-9.42374e-05,-0.1077191401,0.0880959115,-0.0531664886,-0.0512585207,0.0020282822,-0.0266490995,-0.0308528009,-0.2642709874,-0.0279749114,-0.0629889628,-0.003434629,-0.0423838842,0.0248543661,-0.1631686275,-0.0402261357,-0.1774243783,-0.1288161537,-0.1817102845
/9/6.mp3,0.5640601574,0.0009057973,0.0820488323,0.0009057976,0.0452444947,0.0009057971,0.0009057973,0.0102691868,0.1464159346,0.0009057972,0.0009057975,0.0009057972,0.0009057983,0.0009057974,0.0784369888,0.0653722285,0.1762827934,0.7189571549,0.0009784736,0.0009784769,0.0009784765,0.000978478,0.000978478,0.0939968196,0.0009784747,0.0009784754,0.0009784736,0.0009784762,0.0009784756,0.0009784736,0.0005987079,0.0632678464,0.0005991069,0.1521341465,0.2672506434,0.0005991183,0.1069993175,0.4085511131,0,0,0,0,1,0,0,0.1127088871,-0.0954854381,0.0558833442,-0.027150928,-0.0306019857,-0.0678365504,-0.0038901584,-0.0283835909,-0.01873837,-0.1143963141,-0.0080179343,-0.2427979877,-0.0779324955,-0.0296337146,-0.0956416291,-0.106642362,-0.2299500177,-0.2499614229,0.0619241012
/9/4.mp3,0.000625,0.000625,0.0006250001,0.4727596768,0.000625002,0.000625,0.0006250005,0.0006250003,0.2839194606,0.0006250001,0.0006250001,0.0006250005,0.0006250001,0.0106820995,0.2251387591,0.0006250003,0.2667423197,0.5324552427,0.0006265664,0.0006265685,0.0581414118,0.0006265693,0.13639535,0.0006265685,0.0006265672,0.0006265673,0.0006265664,0.0006265682,0.0006265675,0.0006265664,0.0003815054,0.0939437686,0.317282377,0.0003817275,0.0003817134,0.4783829651,0.1088641474,0.0003817956,0,0,0,0,0,1,0,0.0952421732,0.0214956979,0.067033164,0.1098055787,-0.0483118197,0.0619631299,0.0248723634,0.0442986824,0.0238504247,0.0054601073,0.0442413947,0.0106063874,0.0104724418,-0.0480445172,-0.1484348143,0.0445631703,-0.0978661447,0.0148556107,-0.0808386452
/9/5.mp3,0.0012019231,0.0012019235,0.0012019232,0.0012019232,0.0012019232,0.0012019232,0.0012019231,0.9236342306,0.0012019231,0.0233127639,0.0012019261,0.0374280012,0.0012019231,0.0012019232,0.0012019232,0.0012019231,0.1350283692,0.7201320332000001,0.0011160714,0.0260761769,0.0011160741,0.0636804678,0.0011160758,0.0011160742,0.0011160726,0.0450382863,0.0011160714,0.0011160794,0.0011160762,0.0011160714,0.5216084877,0.058347862,0.0006996848,0.0006996195,0.2997478493,0.0006996299,0.1174973626,0.0006995042,0,0,0,1,0,0,0,-0.2285585712,0.081450007,0.0065281008,-0.0898417781,-0.0925248884,0.0396100175,-0.0466527033,-0.1322189481,-0.4048291914,-0.2417196053,-0.0515353601,-0.3141412,-0.3746313635,-0.346220528,-0.0833427646,-0.1926023404,-0.3834577975,-0.3850636113,0.1492413196
/9/1.mp3,0.0025000001,0.0025000008,0.0025000003,0.0025,0.0833453143,0.0852190269,0.0025000001,0.0025,0.0025,0.0025000005,0.1599677161,0.0888338826,0.0025000021,0.0025,0.0025000002,0.5551340558,0.872330013,0.0026455197,0.0026455026,0.0026455103,0.0026455101,0.0026455135,0.0026455137,0.0026455108,0.0026455056,0.0026455064,0.0026455026,0.0026455093,0.0959238796,0.0026455026,0.00164617,0.0016489911,0.0016473955,0.5349185617000001,0.1846133865,0.1891006352,0.0016477862,0.0847770739,1,0,0,0,0,0,0,-0.076287283,-0.1408640883,-0.1445253373,-0.1155777823,-0.0758137201,-0.0915355628,-0.0188201262,-0.2279908092,-0.1576705612,-0.0323232152,-0.1689044004,-0.208196848,-0.2911105041,-0.319236761,-0.2398932703,-0.2035690338,-0.3048918604,-0.2061372181,-0.002405009
/9/2.mp3,0.0006868132,0.0006868132,0.0006868134,0.0579363887,0.0006868133,0.2520537382,0.144195562,0.017566671,0.4432337685,0.0006868135,0.0006868134,0.0006868148,0.0006868134,0.0006868135,0.0781457367,0.0006868132,0.1927113799,0.4389200783,0.0007518797,0.0007518822,0.2153109612,0.0007518831,0.077189587,0.0007518822,0.0007518806,0.0007518808,0.0007518797,0.0007518818,0.0691010637,0.0007518797,0.0004616076,0.3796456324,0.0004621166,0.0004621188,0.0455412515,0.451962727,0.0004619044,0.1210026417,0,0,0,0,1,0,0,-0.0821812981,-0.0008754502,-0.1161275891,-0.0588938883,-0.0156158163,0.0343306076,0.0676697322,0.0251209919,0.0362887749,0.0066481097,-0.0642861266,-0.1033164638,-0.0370296169,-0.1565218243,-0.1398414906,-0.0997342078,-0.0944045912,-0.1398841412,-0.0800989606
/9/3.mp3,0.0011363637,0.0011363639,0.0011363638,0.0585673177,0.0011363637,0.0011363637,0.4862340244,0.0011363636,0.2676014743,0.0011363638,0.0011363636,0.0011363638,0.0011363649,0.1739608148,0.0011363657,0.0011363644,0.3158940586,0.160326238,0.0012315271,0.0012315314,0.0012315309,0.0012315329,0.0012315329,0.5102328766,0.0012315286,0.0012315289,0.0012315271,0.0012315306,0.0012315292,0.0012315271,0.0007631911,0.1756665054,0.0007635623,0.1577393344,0.0007635515,0.4709252848,0.1926149069,0.0007636635,0,0,0,0,0,1,0,0.1029008283,-0.0691382088,-0.0412655614,-0.035790773,-0.0092842124,-0.2472573896,-0.2676229434,-0.0526973038,-0.1666663466,-0.1093313873,-0.0307995118,-0.1991007289,-0.2253624927,-0.1699769084,-0.1167037577,-0.1281340652,-0.1083196313,-0.1319489234,-0.1544360869
/11/7.mp3,0.0013888889,0.001388889,0.001388889,0.0670683566,0.0446409303,0.0013888889,0.0681294721,0.0013888889,0.0013888891,0.6235853959000001,0.0013888889,0.0918124656,0.0013888894,0.0013888889,0.0013888889,0.0908744896,0.001587313,0.0015873143,0.0015873016,0.0015873073,0.0015873065,0.9257609497,0.001587309,0.0015873069,0.0015873036,0.0551913745,0.0015873016,0.0015873061,0.0015873043,0.0015873016,0.0009927403,0.2012025046,0.3004774542,0.2476243199,0.0009941053,0.1916946093,0.0009930847,0.0560211817,0,0,1,0,0,0,0,-0.1497457479,-0.2017224038,-0.16609325,-0.0938106397,-0.0793688446,-0.1928096048,-0.0581918654,-0.2053107196,-0.2638031448,-0.3316794376,-0.1050489269,-0.2859152549,-0.1638759101,-0.0856126876,-0.0204061031,-0.0266510968,-0.0473098909,-0.2330430834,-0.1386666417
/11/6.mp3,0.0009765636,0.0009765627,0.0430007724,0.0009765626,0.0009765626,0.0009765625,0.1171353127,0.1089012334,0.0009765627,0.0730189655,0.0009765626,0.0009765626,0.0009765635,0.0009765625,0.3008445553,0.3473335329,0.0705294541,0.4362444925,0.0010504202,0.0010504237,0.0010504235,0.4816714082,0.0010504252,0.0010504238,0.0010504215,0.0010504217,0.0010504202,0.0010504232,0.001050422,0.0010504202,0.0006384178,0.1004035321,0.3138584537,0.2005667999,0.1242842872,0.1779005953,0.0817089956,0.0006389185,0,0,0,0,1,0,0,-0.0928068343,-0.1688768522,-0.2124960316,-0.2563816545,-0.1789204724,-0.0888058194,-0.0816713318,-0.3250311198,-0.0906548663,-0.0184477709,-0.318667639,-0.2123071638,-0.2044733727,-0.1128668108,-0.0289452168,-0.0147961314,-0.0952254139,-0.2230186035,-0.3555911167
/11/4.mp3,0.0005434783,0.1448257113,0.0005434783,0.0005434792,0.0005434783,0.0005434783,0.0005434783,0.1232312931,0.0005434783,0.0005434784,0.0005434791,0.0005434791,0.0005434785,0.0378213571,0.6875998962000001,0.0005434783,0.0006211234,0.000621123,0.000621118,0.0006211202,0.0463171624,0.1322706984,0.0006211212,0.2667950436,0.0006211189,0.2635923701,0.000621118,0.2854346455,0.0006211192,0.000621118,0.2451637508,0.1503273159,0.3850852238,0.0003794818,0.0003794301,0.0003792346,0.1262512764,0.0920342865,0,0,0,1,0,0,0,-0.1766729885,0.0189842844,-0.1137228519,-0.0574479308,-0.1641146991,-0.014182931,0.0231977174,-0.1134893508,-0.2454074109,-0.0097758842,-0.1163287551,-0.216956867,-0.1860766726,-0.2157436701,0.0047049997,-0.2409671762,-0.1189789272,-0.2583510364,0.0169091863
/11/5.mp3,0.162587139,0.0003834356,0.578600863,0.0129544258,0.0003834356,0.0056343513,0.0003834357,0.0070212578,0.027287659,0.0003834356,0.0003834357,0.1013325586,0.0003834357,0.0003834359,0.0595031589,0.0423945367,0.2180469075,0.2376351876,0.0004201681,0.0004201695,0.4024921573,0.1376240592,0.00042017,0.0004201695,0.0004201686,0.0004201687,0.0004201681,0.0004201692,0.0004201688,0.0004201681,0.0002569185,0.0302687049,0.2328676353,0.5082267632,0.2154836471,0.0002571666,0.0123820265,0.0002571379,0,0,1,0,0,0,0,0.0803853662,-0.1012095817,-0.097780155,-0.0130477784,-0.0703394303,-0.1246091633,0.0110847223,-0.0423113078,0.0244919057,-0.0059306034,0.0301494212,0.0393213253,0.0149684509,-0.0435743414,-0.1541556922,-0.0730749377,-0.1155099087,-0.2143445904,-0.3170699968
/11/1.mp3,0.0017857143,0.0017857143,0.0017857143,0.0017857143,0.0017857143,0.0017857143,0.6559498807,0.0017857143,0.3190501187,0.0017857143,0.0017857143,0.0017857143,0.0017857143,0.0017857143,0.0017857143,0.0017857149,0.0020408328,0.9734693163,0.0020408163,0.0020408231,0.0020408229,0.0020408259,0.0020408261,0.0020408235,0.0020408189,0.0020408192,0.0020408163,0.0020408222,0.00204082,0.0020408163,0.0012631852,0.0012634364,0.1537066652,0.3113705192,0.0974079744,0.0012646134,0.0012637324,0.4324598737,0,1,0,0,0,0,0,-0.1151652692,-0.140009656,0.0399104542,-0.0429399856,-0.2642287798,0.0368205251,0.0287154572,-0.1024432836,-0.1536566097,-0.0330474643,-0.0075537178,-0.0448943302,-0.1043575966,-0.0144040044,-0.0592942171,-0.0642335367,-0.1143690376,-0.0764771162,0.07639097
/11/2.mp3,0.0034722226,0.2506144249,0.0034722232,0.0034722265,0.0034722228,0.0034722226,0.0034722223,0.003472232,0.0034722225,0.0762701946,0.1348933419,0.4965553482,0.0034722253,0.0034722235,0.0034722229,0.0034722243,0.8596375804,0.0039682956,0.003968254,0.003968274,0.092743212,0.0039682778,0.0039682769,0.0039682695,0.00396826,0.0039682621,0.003968254,0.0039682678,0.003968262,0.003968254,0.0025012341,0.0025026348,0.5167062247,0.340572258,0.1302057512,0.0025047177,0.0025023015,0.002504878,0,1,0,0,0,0,0,-0.0978454005,-0.0874618608,-0.1834740101,-0.1077716326,-0.1104173525,-0.0797842844,-0.1754317289,-0.150536326,-0.0587618458,0.007295903,-0.3565419812,-0.0719847385,-0.0392869512,-0.0931168106,-0.0217304619,-0.0726630094,-0.0424596028,-0.170159344,-0.1434776749
/11/3.mp3,0.0014204545,0.0014204548,0.0014204545,0.0014204546,0.0014204546,0.0014204567,0.0014204545,0.5623350345,0.0014204545,0.0014204545,0.3033652392,0.1158338144,0.0014204545,0.0014204548,0.0014204545,0.0014204545,0.3621869649,0.0014881064,0.0014880952,0.0014881005,0.0014880993,0.0014881018,0.0819816102,0.0014880996,0.0014880969,0.1198937949,0.0014880952,0.1863104608,0.236234279,0.0014880952,0.3281542914,0.0009203412,0.0009207644,0.0009207403,0.3114820676,0.0905489359,0.2661320329,0.0009208264,0,0,0,0,0,0,1,-0.0470722714,-0.172945566,-0.4469680758,-0.374719939,-0.5618541448000001,-0.2242987809,-0.0473629796,-0.3362443979,-0.2339152849,-0.2192144108,-0.4444486587,-0.2216791264,-0.4433064251,-0.287275774,-0.1179128559,-0.2742922145,-0.1405040881,-0.306697626,-0.1737811407
/7/7.mp3,0.000932836,0.6281779807,0.0009328359,0.0009328358,0.000932837,0.0009328358,0.000932836,0.0009328358,0.0009328358,0.0009328363,0.0009328365,0.3587623145,0.0009328362,0.0009328358,0.0009328359,0.0009328359,0.3974294498,0.2093964883,0.0010060362,0.0010060397,0.0010060393,0.2606592781,0.0010060409,0.0010060396,0.0010060375,0.1224544011,0.0010060362,0.0010060391,0.0010060379,0.0010060362,0.0006221857,0.0006224934,0.1353792204,0.2120357867,0.000623027,0.0006230602,0.0006224613,0.6494717653000001,0,0,1,0,0,0,0,-0.0859104084,-0.5675577740000001,-0.3182039266,0.0236621169,0.005108596,-0.5462550218000001,-0.4191096359,0.0617448074,9.15778e-05,0.0651371225,-0.2771346353,-0.2209509163,-0.0072822511,-0.0970029999999999,-0.2094014207,-0.1480362506,-0.1938509183,-0.1846387258,-0.4356624355
/7/6.mp3,0.0011363642,0.0011363641,0.8013258286,0.0011363642,0.0011363637,0.0198069521,0.0011363637,0.0011363636,0.0011363637,0.0011363639,0.0011363637,0.0918398722,0.0011363641,0.0011363637,0.0733909803,0.0011363641,0.308310114,0.4960899912,0.0012755102,0.0012755145,0.0012755141,0.1815692549,0.0012755161,0.0012755145,0.0012755118,0.001275512,0.0012755102,0.0012755138,0.0012755124,0.0012755102,0.0007819773,0.0865711849,0.0251431215,0.4745096873,0.2625070269,0.0060043067,0.0460697721,0.0984129232,1,0,0,0,0,0,0,-0.0173512195,-0.1835378998,-0.0095721229,0.0698703486,0.0072078218,-0.1790811584,-0.0132589952,-0.2670129954,-0.2506531849,-0.2462598079,-0.2841229717,-0.1407996756,-0.1761752819,-0.1898659307,-0.1106379333,-0.0660102961,-0.1180443139,-0.1676288295,-0.1887843203
/7/4.mp3,0.0012254904,0.0012254906,0.4296141951,0.0012254904,0.0012254903,0.0412629309,0.079460897,0.0012254902,0.0873076874,0.2463236215,0.0012254902,0.0012254904,0.0012254917,0.0012254902,0.0438038146,0.061197439,0.2169804007,0.3042000454,0.0012987013,0.0012987058,0.1223127308,0.0012987073,0.3435197857,0.0012987057,0.0012987029,0.0012987032,0.0012987013,0.001298705,0.0012987037,0.0012987013,0.0007965742,0.0007968175,0.0007977889,0.1489660909,0.1831120668,0.234429919,0.0007969127,0.43030383,0,0,0,0,1,0,0,0.0095898696,-0.362599218,-0.0945387358,0.0456833537,-0.1615979824,-0.3883962229,-0.289969645,-0.1647585767,0.039949946,0.0500561595,-0.2936996157,-0.0236842068,-0.0048367073,-0.0735479751,-0.1605309811,0.003737228,-0.0117435653,-0.1189090353,-0.5765469785
/7/5.mp3,0.0013586966,0.0013586958,0.0360397563,0.0226300072,0.0013586958,0.0013586957,0.0013586959,0.0341660838,0.110455468,0.0013586958,0.001358696,0.0013586958,0.0013586974,0.0013586959,0.5075244250000001,0.275597299,0.1153240662,0.8668187512000001,0.0014880952,0.0014881002,0.0014881,0.0014881022,0.0014881023,0.0014881004,0.0014880971,0.0014880973,0.0014880952,0.0014880995,0.0014880979,0.0014880952,0.0009195719,0.0009197996,0.6905554056000001,0.303923618,0.0009202561,0.0009209029,0.0009197923,0.0009206535,0,1,0,0,0,0,0,-0.4122874529,-0.3634789162,-0.0642670653,-0.1409586503,-0.0895919845,-0.3009224631,-0.3050277989,-0.0237169637,-0.3772040367,-0.2802738904,-0.0072649398,-0.0186111951,-0.0857233276,-0.1528673162,-0.1185352294,-0.0596480957,-0.1139509983,-0.1000655402,-0.15014283
/7/1.mp3,0.0006793481,0.0006793479,0.0006793486,0.000679348,0.0006793478,0.0115660946,0.0006793479,0.0006793494,0.1214114226,0.0006793478,0.0006793481,0.0006793479,0.000679348,0.0133579136,0.6648019221,0.1813898178,0.0007072184,0.5278048310000001,0.0007072136,0.000707216,0.3939197382,0.0007072167,0.0704960638,0.0007072158,0.0007072144,0.0007072146,0.0007072136,0.0007072155,0.0007072148,0.0007072136,0.0004316222,0.2277873847,0.2922712617,0.000431594,0.0004315719,0.2437166147,0.2344982987,0.0004316522,0,0,0,0,1,0,0,-0.100453181,-0.2455085572,-0.0625828041,-0.0139503303,-0.2929083221,-0.1810052449,0.1693991501,-0.2888346391,-0.0972421791,0.0463686863,-0.4817122516,0.060989305,-0.0423609037,0.0377562035,-0.04819547,-0.0307984746,-0.1179817424,-0.0689157648,-0.4990998154
/7/2.mp3,0.0005580357,0.000558036,0.0005580357,0.0005580357,0.8447318101,0.1227221821,0.0005580357,0.0005580358,0.0005580357,0.0005580358,0.000558037,0.0143155097,0.0005580362,0.011534067,0.0005580357,0.0005580358,0.0006377592,0.9917091638,0.0006377551,0.0006377573,0.0006377569,0.0006377579,0.0006377579,0.000637757,0.0006377558,0.000637756,0.0006377551,0.0006377568,0.0006377561,0.0006377551,0.0003884883,0.0003886548,0.0003884213,0.041402867,0.0003886454,0.05666209,0.8999922348,0.0003885984,0,0,0,1,0,0,0,-0.6142150637,0.1228904362,-0.3397377796,-0.5458909428000001,-0.5900288948,0.2358877317,0.0785130176,-0.4860107319,-0.6351436703000001,-0.6697673058,-0.3281683036,-0.4915640983,-0.5829235613,-0.3975392354,-0.0653893231,-0.2925536014,-0.2053381891,-0.4085718224,0.4264809213
/7/3.mp3,0.0014534886,0.0014534886,0.0014534885,0.0014534884,0.0014534885,0.0014534884,0.0014534885,0.0014534884,0.0014534884,0.9781976709,0.0014534884,0.0014534886,0.0014534903,0.0014534884,0.0014534884,0.0014534889,0.4398167467,0.2643505604,0.0016611296,0.0016611354,0.2775602285,0.0016611373,0.0016611374,0.0016611352,0.0016611316,0.001661132,0.0016611296,0.0016611343,0.0016611324,0.0016611296,0.0010335658,0.0010338762,0.0010351873,0.5778080511,0.2632380209,0.1537822046,0.001034055,0.0010350393,0,0,1,0,0,0,0,0.0395896011,-0.1041474361,-0.0266345783,-0.1135404037,-0.0630946614,-0.066461359,-0.1461781443,-0.1853000789,-0.2692099092,-0.1401999298,-0.1214063531,-0.0475792745,-0.0666635329,-0.1943319427,-0.2074548703,-0.084611103,-0.0169194727,-0.1929909893,-0.0797315633
/29/7.mp3,0.0016447369,0.0016447372,0.0623863975,0.5799071338,0.0016447369,0.0016447369,0.0016447368,0.083429682,0.0016447369,0.0016447371,0.1268107394,0.0511105158,0.0016447369,0.0016447372,0.0799081617,0.0016447369,0.6996472296,0.1100302406,0.0017857143,0.001785721,0.1706796289,0.001785723,0.001785723,0.0017857205,0.0017857166,0.0017857171,0.0017857143,0.0017857195,0.0017857175,0.0017857143,0.0011070126,0.1999886773,0.001108207,0.0478282089,0.001108106,0.5950542883000001,0.0011075124,0.1526979875,1,0,0,0,0,0,0,-0.3500717002,0.1865744832,-0.0587186129,-0.1923250589,-0.0449889313,0.173025646,0.1697056019,0.1523631517,0.0425504811,-0.0085590754,0.1882371995,0.1174023205,0.0233240095,-0.0172494283,-0.0698848167,0.0331482874,0.082322824,-0.0464760374,0.1465734398
/29/6.mp3,0.0025,0.0025000006,0.0025,0.0025000001,0.0025,0.6153266427,0.0025,0.1536544736,0.0025,0.0025,0.1118225545,0.0025,0.0025,0.0891963283,0.0025,0.0025,0.5954574236,0.3702567741,0.0028571429,0.0028571533,0.0028571509,0.0028571556,0.0028571554,0.0028571514,0.0028571461,0.0028571471,0.0028571429,0.002857162,0.0028571518,0.0028571429,0.0018394744,0.1241751229,0.3383029405,0.528316907,0.0018421676,0.0018413606,0.0018402225,0.0018418045,0,1,0,0,0,0,0,-0.0186133549,-0.1570517467,-0.0298500219,0.0604555458,0.1497919433,-0.1894287342,-0.2272414078,0.1991626366,-0.0255017747,0.0003619632,-0.0021710935,-0.0755605811,0.0233240095,-0.0175123997,-0.1804961629,-0.0029411659,0.0037786323,-0.0912355438,-0.1574527853
/29/4.mp3,0.677198195,0.0006443302,0.1364292057,0.0291798611,0.0291681033,0.0006443299,0.0006443299,0.0006443303,0.0006443299,0.0006443301,0.0814422896,0.0006443306,0.0219114214,0.00064433,0.0188719526,0.0006443302,0.1697642502,0.7037298238,0.0007072136,0.000707216,0.0828573913,0.0007072168,0.0007072168,0.0007072159,0.0007072144,0.0365763837,0.0007072136,0.0007072156,0.0007072148,0.0007072136,0.1684968809,0.000433328,0.0004333794,0.1147924871,0.1651342189,0.1946579733,0.0004334045,0.3556183279,0,0,0,0,1,0,0,0.028136669,-0.2292814156,-0.027417921,0.0761639347,0.0140288071,-0.2377896639,-0.2364981301,0.1675228275,0.040536391,0.0147168944,0.0331651362,-0.0503172867,0.0549336748,-0.0482595124,-0.1129548802,-0.0028236471,-0.0614138779,-0.1729014178,-0.230539352
/29/5.mp3,0.0013888889,0.0272647949,0.0013888889,0.001388889,0.0013888889,0.027958473,0.0013888889,0.1597733335,0.0013888889,0.0013888889,0.7683367314,0.0013888889,0.0013888889,0.0013888892,0.0013888889,0.0013888889,0.5164749084,0.1219030735,0.0015873016,0.0835823344,0.0015873061,0.1040369949,0.0015873087,0.0015873065,0.1597169457,0.0015873054,0.0015873016,0.0015873059,0.0015873056,0.0015873016,0.1530157366,0.1214166653,0.5409692039,0.0009934492,0.0738131774,0.1078044284,0.0009934644,0.0009938748,0,0,0,1,0,0,0,-0.0563113024,-0.0402036191,0.0556227501,-0.0264087555,0.0250962498,-0.0954714287,0.0057040012,0.0444286622,-0.0964142418,-0.0161554015,-0.0694876023,-0.2894106162,0.0499829803,-0.1587706689,-0.1134193523,-0.0889840628,-0.1200376555,-0.140464767,-0.129338109
/29/1.mp3,0.9459600822,0.0009057972,0.0206390535,0.0009057971,0.0009057972,0.0009057971,0.0009057972,0.0009057971,0.0009057972,0.0009057973,0.0009057971,0.0009057972,0.0009057979,0.0009057971,0.0216255003,0.0009057974,0.2427024726,0.4780943925,0.0010204082,0.0010204116,0.2679786215,0.0010204129,0.0010204129,0.0010204116,0.0010204094,0.0010204096,0.0010204082,0.001020411,0.0010204099,0.0010204082,0.0006221676,0.0006222807,0.0006230024,0.5852148474000001,0.0006227925,0.0006231069,0.0006224376,0.4110493649,0,0,1,0,0,0,0,-0.4394021826,0.062698391,0.0330576139,-0.173076964,-0.3164864301,0.0722385419,0.1619647576,-0.1529536731,-0.2028475506,-0.0729734636,0.0467342338,0.0085245507,-0.132431013,0.0474389964,0.0120525995,0.0875040975,0.0959870859,-0.135048855,-0.1116440095
/29/2.mp3,0.0013020834,0.0013020838,0.0013020835,0.0013020837,0.0544129655,0.0013020834,0.0013020834,0.0013020848,0.0013020834,0.0013020836,0.0950341471,0.7289906079,0.0013020845,0.0238358123,0.0013020834,0.0834035464,0.0012315361,0.6652001091,0.0012315271,0.0012315313,0.3200215285,0.0012315327,0.0012315327,0.0012315312,0.0012315286,0.0012315289,0.0012315271,0.0012315305,0.0012315292,0.0012315271,0.0007674393,0.3855360072,0.0007682607,0.0007681336,0.0007679311,0.0007685502,0.000767913,0.6098557649,0,0,0,0,0,0,1,-0.0383722859,0.0271826381,-0.1026778465,-0.0255931404,0.0085612489,-0.1112241408,-0.1077665995,-0.0236722826,-0.0061441092,0.0458422427,-0.1677221378,-0.0833865705,0.136562836,0.0362675115,-0.1135045482,0.0390588535,0.0309187703,-0.1471827256,-0.2704787396
/29/3.mp3,0.0004280825,0.0748093803,0.0004280825,0.195676352,0.0455668452,0.0340848732,0.0004280822,0.0735106847,0.0004280822,0.0004280823,0.295979245,0.2545063619,0.0004280824,0.0004280823,0.0224415991,0.0004280823,0.3919307161,0.0004578781,0.0004578755,0.0004578766,0.0004578767,0.4064252897,0.0004578773,0.0004578769,0.000457876,0.1966073535,0.0004578755,0.0004578766,0.0004578762,0.0004578755,0.0658662517,0.0656437529,0.0075788969,0.0002788662,0.1012073816,0.3183631904,0.2796765057,0.1613851546,0,1,0,0,0,0,0,0.0846742286,-0.5113300310000001,-0.0471108442,0.1610523669,-0.06422933,-0.3859626467,-0.5221838397,0.020432429,0.1954260663,0.2536537784,-0.3480972086,-0.2400638595,0.2632129655,0.0355106444,-0.2135919386,-0.0028236471,-0.166487645,-0.1475514101,-0.4680882975
/16/7.mp3,0.0005733946,0.0005733946,0.0709670275,0.0005733945,0.0537928239,0.0005733945,0.0005733945,0.0005733945,0.0005733945,0.0005733954,0.5407782675,0.327581146,0.0005733945,0.0005733945,0.0005733946,0.0005733945,0.0006211225,0.4524852444,0.000621118,0.0006211201,0.0416531405,0.0632508722,0.0006211208,0.00062112,0.0006211188,0.3021871074,0.000621118,0.0006211197,0.1348335595,0.000621118,0.3636952576,0.1260122171,0.5083839361,0.0003817698,0.0003816944,0.0003815732,0.0003817891,0.0003817626,0,0,0,1,0,0,0,-0.406487334,-0.3630365962,-0.4042801565,-0.2886273598,-0.3072769965,-0.2448797332,-0.2809977695,-0.1649248093,-0.0204531594,-0.1328516906,-0.021585107,0.0271366033,0.0534693766,0.0194744947,0.063223276,-0.0686900329,-0.1718431207,0.1375729231,-0.1725038283
/16/6.mp3,0.0016891892,0.0016891892,0.0016891893,0.0016891904,0.0016891905,0.0016891892,0.2422440818,0.0016891892,0.1803817381,0.1367668229,0.0016891892,0.0016891892,0.3766447742,0.0016891892,0.0453814978,0.0016891906,0.0018797093,0.533563847,0.0018796992,0.001879706,0.443879712,0.0018797073,0.001879707,0.0018797045,0.0018797013,0.001879702,0.0018796992,0.0018797039,0.001879702,0.0018796992,0.202448034,0.0011594526,0.0011598673,0.0823738221,0.1456863547,0.0011596872,0.4058985219,0.1601142603,0,0,0,0,0,1,0,0.0009450322,0.0643475145,-0.1794699062,-0.2003036896,-0.3955317943,-0.1545462484,-0.2540505483,-0.3274583705,-0.1669852066,-0.1246558702,-0.1184301103,-0.0848375123,-0.1244526775,-0.0624960087,-0.0248687745,-0.1474127918,-0.1221502739,-0.1790568036,-0.0748799278
/16/4.mp3,0.0005896229,0.0005896228,0.3083311795,0.0005896245,0.0005896227,0.0294663293,0.0005896227,0.0005896238,0.0005896227,0.0005896239,0.0005896229,0.0005896227,0.0005896232,0.0005896231,0.2686558911,0.3864711223,0.371590032,0.1881124365,0.000655308,0.0006553102,0.00065531,0.3908755154,0.000655311,0.0006553102,0.0006553088,0.0006553089,0.000655308,0.0428689238,0.0006553091,0.000655308,0.0003983683,0.1436116665,0.0277036963,0.0003987068,0.0585122689,0.6054464051,0.0003985575,0.1635303306,0,1,0,0,0,0,0,-0.1469225471,-0.1044273477,-0.1026301241,-0.0333232133,-0.0575037727,-0.1799390647,-0.0179794481,-0.0423113078,-0.0582533254,0.0205659755,0.0331651362,0.0124843542,-0.0543146141,0.0064942186,-0.1450627923,-0.1280733943,-0.2409453421,-0.1932559351,-0.0246270785
/16/5.mp3,0.0008333333,0.0008333335,0.0008333333,0.5659869637,0.0008333334,0.0008333334,0.0008333333,0.146328797,0.0008333333,0.0008333333,0.133065431,0.0008333333,0.0008333336,0.1446188078,0.0008333333,0.0008333333,0.0009276492,0.0009276488,0.0009276438,0.0179286259,0.2442680965,0.2133193818,0.3132753201,0.0009276461,0.0009276447,0.0303433055,0.0009276438,0.1415764246,0.0327953256,0.0009276438,0.0005740202,0.1036945458,0.6573753896,0.0005741654,0.0005742057,0.0005741282,0.236059316,0.0005742291,0,0,0,0,1,0,0,-0.0188318066,-0.2333625416,-0.1058907371,-0.1251100842,-0.2988016074,-0.1964268885,-0.152612704,-0.3856958072,-0.1476797926,-0.0681371882,-0.196177349,-0.0849148159,-0.0883511271,-0.2837123126,-0.2981768643,-0.1586692568,-0.3177042881,-0.1375017781,-0.2874511448
/16/1.mp3,0.6794214642,0.0010245904,0.0743493292,0.0010245902,0.0244956628,0.0010245902,0.0010245902,0.0010245902,0.0010245902,0.0010245903,0.032181896,0.1782811548,0.0010245905,0.0010245902,0.0010245905,0.0010245903,0.0010822608,0.5081669280000001,0.0010822511,0.0010822546,0.4788460227,0.0010822563,0.0010822565,0.0010822551,0.0010822525,0.0010822526,0.0010822511,0.0010822544,0.0010822531,0.0010822511,0.0006725126,0.0308855908,0.1301357173,0.0006728985,0.4992054002,0.0006730494,0.000673012,0.3370818192,1,0,0,0,0,0,0,-0.0027153438,0.1107273407,-0.1525011289,-0.1303604546,0.1471885849,-0.0950950228,-0.1101145507,0.2079691326,-0.0442727184,-0.057449658,-0.0991827802,-0.1712758828,-0.0135769209,0.0427302513,-0.0415427048,0.0637796253,0.0921525976,-0.2065435741,-0.0596507445
/16/2.mp3,0.0029761906,0.0029761914,0.0029761907,0.0029761905,0.0857676691,0.0029761906,0.0029761905,0.0029761905,0.0029761905,0.3651385249,0.2393526031,0.2740269126,0.0029761927,0.0029761905,0.0029761906,0.0029761911,0.0034013893,0.3552321128,0.0034013605,0.0034013724,0.6039514475000001,0.0034013773,0.0034013776,0.003401373,0.0034013651,0.0034013656,0.0034013605,0.0034013708,0.0034013669,0.0034013605,0.0021949783,0.550684928,0.4361351376,0.0021960437,0.0021968392,0.0021978824,0.0021979691,0.0021962217,0,1,0,0,0,0,0,-0.3427768007,-0.016067683,-0.0012283105,0.058489179,-0.1603840537,0.1043948437,0.0702088187,-0.0057448539,-0.1376535392,-0.0487892579,0.0462183295,-0.1849349682,-0.0193673583,-0.1650161167,-0.3066467368,-0.116866267,-0.058217739,-0.2371691257,0.0085795177
/16/3.mp3,0.1470391169,0.0011363644,0.6394277163000001,0.0011363638,0.0011363638,0.0201124446,0.0011363642,0.0011363637,0.0011363637,0.001136365,0.0168278941,0.1640928222,0.0011363644,0.0011363636,0.0011363652,0.0011363641,0.2040834119,0.3286910015,0.0010504202,0.0010504237,0.4556709403,0.001050425,0.0010504251,0.0010504237,0.0010504215,0.0010504217,0.0010504202,0.0010504231,0.001050422,0.0010504202,0.000651517,0.2090752061,0.0006522536,0.1576187201,0.2970601668,0.0648534209,0.0006517936,0.269436922,1,0,0,0,0,0,0,0.0761947019,0.0090054967,0.0550119709,-0.0732894665,0.0068856693,-0.0822560788,0.0379508182,-0.09997339,-0.1668836913,-0.0357842852,0.1580427791,-0.1783722033,-0.0703108504,-0.260044494,-0.0299062471,-0.0404955654,-0.163538073,-0.1534549574,0.0928470577
/42/7.mp3,0.0006067965,0.0006067963,0.5223263585,0.0006067961,0.0006067962,0.0006067961,0.0006067961,0.0006067961,0.0006067961,0.0326502136,0.0175448511,0.2596031531,0.0006067965,0.0006067961,0.1612006652,0.0006067963,0.1172814146,0.2239535926,0.0006868132,0.0006868155,0.1480324376,0.255790665,0.0006868164,0.0006868155,0.0006868141,0.0006868142,0.0006868132,0.2487605605,0.0006868144,0.0006868132,0.0004183443,0.1534629013,0.3116580333,0.2464222547,0.0964418047,0.0004187125,0.0004184876,0.1907594616,0,0,1,0,0,0,0,-0.1459075579,0.0400986533,-0.2094358518,-0.0346550978,-0.1196895939,0.2785281836,0.4398542081,-0.0243382883,-0.1083879247,-0.0805665941,0.0540035586,0.0974287948,0.0086138233,0.0403782004,0.1030507393,-0.0097787564,-0.1162559386,0.1390782723,-0.0188079099
/42/6.mp3,0.0020161292,0.0020161298,0.0020161292,0.0020161292,0.0020161292,0.6406624325,0.0020161291,0.0020161306,0.0020161291,0.0020161294,0.2773735777,0.0020161294,0.0557543073,0.0020161293,0.0020161291,0.0020161299,0.201106482,0.3084570424,0.0021008403,0.0021008476,0.1489552146,0.0021008503,0.3204728174,0.0021008476,0.002100843,0.0021008434,0.0021008403,0.0021008464,0.0021008442,0.0021008403,0.001316692,0.2356462673,0.3429747985,0.4147899597,0.0013180579,0.001318622,0.0013172775,0.0013183251,0,1,0,0,0,0,0,0.228799174,-0.2043418787,-0.0183095446,0.1378277274,0.1786853623,-0.3035642876,-0.2866633831,0.1515816505,0.2727281565,0.1960959301,-0.0377571232,0.067283856,0.2024270155,0.0510772429,0.0468487339,0.0244651922,0.0138661378,0.087483242,-0.2286735205
/42/4.mp3,0.0007911397,0.0007911395,0.3103490654,0.0007911393,0.0007911393,0.142395845,0.0007911392,0.362306349,0.0007911393,0.0007911393,0.000791141,0.0007911397,0.0007911392,0.0007911396,0.1754550662,0.0007911394,0.2318588984,0.0009041665,0.0009041591,0.0009041625,0.000904162,0.0009041636,0.7572911638000001,0.0009041623,0.0009041603,0.0009041605,0.0009041591,0.0009041618,0.0009041608,0.0009041591,0.0005533578,0.0005535654,0.0005542218,0.3234399625,0.1117657307,0.414864656,0.0005536279,0.1477148779,0,0,0,0,1,0,0,-0.3662259224,0.2316388608,-0.1522336627,-0.2496749249,-0.1660722241,0.1125462085,0.0358461004,0.0046858447,-0.3140549876,-0.3278678168,0.1583036079,0.0057122317,-0.1178189214,-0.0338907552,0.0683751643,-0.029064475,-0.0906201016,0.0908588789,0.1780120668
/42/5.mp3,0.0011792454,0.0011792457,0.0011792455,0.0011792457,0.0011792454,0.0011792454,0.0011792453,0.0011792465,0.0011792453,0.6713325681,0.1121404534,0.1281933894,0.0011792461,0.0011792454,0.0011792454,0.074182642,0.0764865283,0.4318715016,0.0012987013,0.0012987057,0.1906142609,0.0012987074,0.0012987076,0.1698851452,0.001298703,0.0012987032,0.0012987013,0.0012987051,0.1194542283,0.0012987013,0.0008020625,0.2788670728,0.2972168965,0.1430149699,0.1568239299,0.1216694145,0.0008029813,0.0008026725,1,0,0,0,0,0,0,0.3167872262,-0.2658454064,-0.0392395056,0.2040235436,0.3486922805,-0.2694738339,-0.3555779742,0.2000077557,0.2390232989,0.0606754254,0.0912238532,0.2091098035,0.2128933588,0.0670432202,0.0636323063,0.1026101819,0.0479247388,0.1791268581,-0.1325288608
/42/1.mp3,0.0009920638,0.0009920636,0.2018538703,0.0009920635,0.0009920635,0.0009920635,0.0009920636,0.0009920635,0.0009920635,0.4800827845,0.0009920635,0.0009920647,0.0009920641,0.0009920635,0.3051665172,0.0009920637,0.3041644176,0.2144279948,0.000952381,0.0009523842,0.1121885502,0.0009523854,0.35969521,0.0009523842,0.0009523821,0.0009523823,0.000952381,0.0009523836,0.0009523827,0.000952381,0.0005818275,0.1660320905,0.1088482926,0.3321056142,0.3426617198,0.048605862,0.0005821658,0.0005824275,0,1,0,0,0,0,0,0.0890084307,-0.3322991875,-0.2159230023,0.1813492483,0.0616357183,-0.353381386,-0.2541248211,-0.0709429512,-0.1264207026,0.0222976851,-0.1765290328,-0.0542133258,0.0229619407,-0.051173702,-0.0434434104,-0.0162850975,0.0539765784,-0.0240098863,-0.3949554164
/42/2.mp3,0.0009057973,0.0009057977,0.0009057973,0.0009057978,0.4029887444,0.0009057972,0.0009057972,0.0155463457,0.0009057972,0.0481655079,0.0531601015,0.4701755293,0.0009057978,0.0009057971,0.0009057972,0.0009057975,0.1771367985,0.0010204161,0.0010204082,0.0010204118,0.0010204114,0.8106182728,0.001020413,0.0010204117,0.0010204095,0.0010204097,0.0010204082,0.0010204111,0.00102041,0.0010204082,0.0006285846,0.2322436289,0.0215275846,0.1830487064,0.1457391938,0.0845787299,0.0006288442,0.3316047275,0,1,0,0,0,0,0,0.0342342312,-0.0852885738,-0.1522900521,-0.1195479966,0.0971677943,-0.3389978949,-0.3107018751,-0.0337000989,0.0393307887,0.0523073489,-0.0635691009,0.0070300268,0.0241180827,0.0227654201,-0.0847950786,-0.0122088255,0.032423893,0.04348714,-0.1115894218
/42/3.mp3,0.0017857143,0.0017857143,0.0017857143,0.2263982134,0.0017857143,0.0017857143,0.0017857143,0.7486017854,0.0017857143,0.0017857143,0.0017857146,0.0017857143,0.0017857148,0.0017857145,0.0017857143,0.0017857143,0.0017857261,0.191179552,0.0017857143,0.0912291328,0.3286343615,0.252962516,0.0017857224,0.00178572,0.119922973,0.001785717,0.0017857143,0.0017857192,0.0017857172,0.0017857143,0.0011167948,0.267473698,0.4607328454,0.0011177746,0.2662061694,0.0011176979,0.0011171782,0.0011178418,0,0,0,0,1,0,0,-0.2704099164,0.1655542719,-0.1493282592,-0.3416321056,-0.3449227965,-0.0234272086,-0.1200906727,-0.1345904616,-0.2254360923,-0.2608346148,0.0536843818,0.0638412984,-0.0377249659,0.0211241803,-0.0043056623,-0.0150775506,-0.1143595707,0.0433046389,0.1399110531
/89/7.mp3,0.1534358982,0.0015243908,0.0015243909,0.2594925984,0.0015243904,0.0015243903,0.0015243905,0.0015243934,0.0015243905,0.3274767712,0.030508306,0.0537601603,0.0015243904,0.0015243907,0.1317428774,0.0298638706,0.5846219539,0.0017006936,0.0017006803,0.0017006864,0.0017006856,0.3949698315,0.0017006884,0.0017006861,0.0017006825,0.0017006828,0.0017006803,0.0017006852,0.0017006833,0.0017006803,0.0010688768,0.0010693015,0.06328232,0.9303010012,0.0010700169,0.0010693805,0.001069125,0.001069978,0,0,0,0,0,0,1,-0.0540174858,-0.1235417907,0.0132935861,-0.0126515032,-0.0624732947,-0.2988878912,-0.231022315,-0.203039302,-0.1234928494,-0.0737835434,-0.0318098849,-0.0045797425,-0.0381030566,-0.0623980855,-0.1082196348,0.024507916,-0.10240796,-0.1689162769,-0.0908618278
/89/6.mp3,0.0006067962,0.0006067964,0.0006067962,0.0006067961,0.0006067962,0.917573914,0.0006067961,0.0006067961,0.0006067961,0.0006067962,0.0289697135,0.0006067962,0.0455680222,0.0006067961,0.0006067961,0.0006067963,0.1475506014,0.8441276051000001,0.0006934813,0.0006934836,0.0006934834,0.0006934844,0.0006934845,0.0006934836,0.0006934821,0.0006934823,0.0006934813,0.0006934832,0.0006934825,0.0006934813,0.0004267686,0.0004268847,0.0004273077,0.3101924862,0.0004273837,0.0004274607,0.0004270008,0.6872447075,0,0,1,0,0,0,0,-0.1417330445,-0.2719010213,0.1778301426,0.0411010494,0.1099499306,-0.3335957939,-0.2588114453,-0.0428441659,0.0431638848,0.041122144,-0.0397482411,0.0978390921,0.0392501899,0.0209479583,-0.0094591063,-0.0007542835,-0.0486695564,0.0344926805,-0.0726747524
/89/4.mp3,0.0004058442,0.0077371341,0.0004058442,0.5421952453000001,0.0004058452,0.0004058442,0.0004058442,0.0004058442,0.0004058442,0.0004058442,0.0719941384,0.3732033513,0.0004058442,0.0004058442,0.0004058442,0.0004058442,0.0004128829,0.9882642226,0.0004128819,0.0004128836,0.0004128827,0.0004128834,0.0004128833,0.0004128827,0.0004128823,0.0004128825,0.0004128819,0.0004128827,0.0067811856,0.0004128819,0.7113499897000001,0.0767255855,0.1811071403,0.0002522565,0.0002521744,0.0002522749,0.029808217,0.0002523618,0,0,0,1,0,0,0,-0.4655983126,0.3072063987,-0.1410652198,-0.4681169917,-0.3229303345,0.301652639,0.1029411869,-0.0954180087,-0.4353768159,-0.4642317789,-0.1353285694,-0.4200540164,-0.315974158,-0.081897659,0.1808310516,-0.0250877229,-0.0883536881,-0.2427444709,0.3389440392
/89/5.mp3,0.001953125,0.0412848719,0.0019531251,0.2160743777,0.0634425163,0.0019531251,0.001953125,0.0019531256,0.001953125,0.0019531251,0.6239637158,0.0337501417,0.0019531251,0.0019531252,0.0019531251,0.0019531252,0.1532736393,0.8199405864,0.0022321429,0.0022321504,0.00223215,0.0022321533,0.0022321535,0.0022321507,0.0022321457,0.002232146,0.0022321429,0.0022321493,0.0022321468,0.0022321429,0.4294248714,0.0014073271,0.0014069798,0.1112607842,0.0014069484,0.0014066418,0.0014072254,0.452279222,0,0,0,1,0,0,0,0.0978098328,0.0215058913,0.0301980902,-0.0660530008,0.1552548194,0.0416942748,0.0002699069,0.0472697627,-0.2507082965,-0.2651109815,0.0616841947,-0.193287305,-0.2854181966,-0.074389463,0.0493910213,-0.0798236654,0.068227045,-0.3230446717,0.0599931915
/89/1.mp3,0.0008928575,0.2251621211,0.0008928572,0.2597695756,0.1404915398,0.0008928582,0.0008928574,0.0008928578,0.0008928572,0.0008928578,0.0008928576,0.3638624735,0.0008928577,0.0008928573,0.0008928572,0.0008928573,0.5555257056,0.1387320537,0.0009784736,0.000978477,0.0009784766,0.2949790098,0.0009784782,0.0009784769,0.0009784748,0.000978475,0.0009784736,0.0009784764,0.0009784753,0.0009784736,0.0662461614,0.021611907,0.132747703,0.0929528821,0.1983779206,0.4448040376,0.0005991591,0.0426602292,0,1,0,0,0,0,0,-0.1391203982,0.0139217278,-0.292707915,-0.1414802648,0.015107505,-0.0296329159,-0.0730621063,-0.1025286843,-0.198567143,-0.2907828127,-0.1433675509,-0.0973748687,-0.0006953093,-0.05466362,-0.0065015756,0.0022924872,0.0146753427,-0.1219937481,0.0038385752
/89/2.mp3,0.0015243902,0.0015243906,0.0015243903,0.0263020983,0.0015243903,0.0015243903,0.0015243902,0.0015243903,0.0015243903,0.1238122686,0.1669681824,0.6646247664,0.0015243909,0.0015243902,0.0015243902,0.0015243903,0.0015197656,0.4716320039,0.0015197568,0.0015197623,0.0015197609,0.510130875,0.0015197632,0.0015197612,0.0015197586,0.001519759,0.0015197568,0.0015197607,0.0015197591,0.0015197568,0.0009405383,0.0918917746,0.7769823175,0.0009412511,0.0009416991,0.0009419267,0.0009408549,0.1264196379,1,0,0,0,0,0,0,-0.076586667,-0.2196314163,0.1041484944,0.0992014504,-0.0063505738,-0.115306987,-0.1127264136,-0.0048993763,0.1090928035,0.06215664,-0.0843856145,0.0454922234,0.1011346147,0.0683039854,0.047428421,0.1050058477,-0.0334997938,-0.0185062429,-0.2350562318
/89/3.mp3,0.0018382354,0.1354263251,0.0018382355,0.0018382353,0.0847087308,0.0018382354,0.0018382354,0.0018382353,0.0018382353,0.1736540884,0.213159364,0.2735256821,0.1011434552,0.0018382353,0.0018382353,0.001838236,0.2582846026,0.0017421759,0.0017421603,0.0017421677,0.4018875436,0.0017421696,0.3206640376,0.0017421667,0.0017421627,0.0017421633,0.0017421603,0.0017421658,0.0017421637,0.0017421603,0.0010790915,0.0010798152,0.183208067,0.0010795877,0.0010792852,0.0010791648,0.1738752857,0.6375197029,1,0,0,0,0,0,0,0.0806761646,0.0173819316,0.1242763938,0.1088837567,0.1385651667,-0.0438532324,-0.0554178487,0.0853175278,0.1019716843,0.1479566619,-0.0032976463,-0.0503305954,0.0613436294,-0.001397857,-0.0956004435,0.0302362656,0.0701497767,-0.0657920579,-0.0327802525
/45/7.mp3,0.0021551724,0.0021551729,0.0021551724,0.0021551747,0.0021551724,0.0021551725,0.0021551724,0.0021551724,0.0021551724,0.0021551724,0.1400855802,0.0021551724,0.0021551724,0.8297420032,0.0021551724,0.0021551724,0.7944908435,0.1759524386,0.0024630542,0.0024630633,0.002463062,0.0024630661,0.0024630661,0.0024630627,0.0024630573,0.002463058,0.0024630542,0.0024630614,0.0024630585,0.0024630542,0.001543957,0.001545179,0.0015456897,0.8433679149000001,0.147360445,0.0015461141,0.0015445673,0.001546133,0,0,0,0,0,1,0,-0.0502665149,-0.1073288063,0.1041044934,-0.1412913974,-0.1483861745,-0.0002827522,0.0483884935,-0.0682216638,-0.1337675634,-0.1044978563,-0.0771351356,0.0047045839,-0.1304725385,0.0930380642,-0.0032164355,0.0170646413,-0.0662653819,-0.0465222351,-0.0453766743
/45/6.mp3,0.0008561645,0.0008561647,0.0008561645,0.0008561645,0.0008561645,0.0187318524,0.0008561644,0.1056705607,0.0008561644,0.0008561645,0.4217845919,0.4435390197,0.0008561656,0.0008561646,0.0008561644,0.0008561647,0.4382604025,0.4856545539,0.000952381,0.0009523842,0.0656088312,0.0009523853,0.0009523853,0.0009523841,0.0009523821,0.0009523823,0.000952381,0.0009523836,0.0009523826,0.000952381,0.2494847379,0.0005877653,0.0005878328,0.2142848421,0.1678590086,0.3545355334,0.0005878803,0.0120723997,0,0,0,0,1,0,0,0.0756181099,-0.0849480728,-0.0997266399,0.1477615147,0.0972400054,-0.0979540892,-0.0983682323,-0.0440556621,-0.05074196,0.0128486239,-0.1662861571,-0.1092386208,0.0173583479,0.085916852,-0.1089642078,0.082003166,0.0786714636,-0.0227653526,-0.4433037742
/45/4.mp3,0.0011363636,0.0011363636,0.0011363636,0.374570541,0.2953158859,0.0011363636,0.0011363637,0.0011363637,0.3153408444,0.0011363636,0.0011363636,0.0011363636,0.001136365,0.0011363636,0.0011363636,0.0011363636,0.001231536,0.3905831619,0.0012315271,0.0012315315,0.4781593188,0.0012315323,0.0012315321,0.05168495,0.0012315284,0.0012315289,0.0012315271,0.0672572673,0.0012315316,0.0012315271,0.035489892,0.2101099305,0.5623010253,0.0007632878,0.0007637153,0.0007633565,0.1890451649,0.0007636277,0,1,0,0,0,0,0,-0.0977019074,-0.1690656276,-0.2179275677,-0.1135196492,-0.1730982353,-0.0922482071,-0.0659279219,-0.0509820007,-0.1560892081,-0.0570051689,-0.1886059058,-0.2829420022,-0.2213618437,-0.1220657624,-0.0272130467,-0.1429915209,-0.2642596557,-0.2174974539,-0.2505688569
/45/5.mp3,0.0013297873,0.0013297877,0.0013297874,0.0013297883,0.0013297874,0.0451442912,0.0013297873,0.1828607758,0.0013297873,0.0013297875,0.3064684237,0.3162130302,0.1346858166,0.0013297874,0.0013297873,0.0013297876,0.6910187013,0.0014577341,0.0014577259,0.1828624889,0.0014577295,0.0014577311,0.0014577312,0.0014577298,0.0014577273,0.0264772742,0.0014577259,0.0850642454,0.0014577293,0.0014577259,0.0009136178,0.0906675113,0.1700101835,0.1390525465,0.154044566,0.0581102907,0.0663118823,0.3208894019,1,0,0,0,0,0,0,-0.0908116846,-0.0675546191,0.055249719,-0.0190717426,-0.0636940349,0.0858879798,0.1004498055,-0.1453116768,-0.1697983296,-0.1473779495,-0.0333191757,-0.1145371513,-0.1585271574,-0.0338827813,-0.0205354246,-0.0737677416,-0.1814998601,-0.1237441443,-0.0817560803
/45/1.mp3,0.6310322938,0.0012019238,0.0894639494,0.0012019245,0.001201928,0.0012019232,0.0012019231,0.0012019256,0.0012019231,0.0012019234,0.08737237,0.1295645311,0.0012019233,0.0493456904,0.0012019234,0.0012019236,0.1585037156,0.7681957559,0.0012987013,0.0012987057,0.059014784,0.0012987073,0.0012987074,0.0012987057,0.0012987029,0.0012987031,0.0012987013,0.001298705,0.0012987036,0.0012987013,0.0745688176,0.0892734821,0.0007977798,0.3579813545,0.3059437004,0.0007975649,0.0007978188,0.1698394819,0,0,0,0,0,0,1,0.1127844741,-0.206864145,-0.2022019835,0.0362186374,0.0481910145,-0.2746312034,-0.0843108313,-0.2742342403,-0.0478042722,0.0707918297,-0.23749573,-0.0433611271,0.0274660372,0.0495009478,-0.2450233252,0.075828904,0.051417041,-0.1306339022,-0.2637056183
/45/2.mp3,0.0013586957,0.0013586959,0.0013586957,0.0013586957,0.0013586957,0.0013586957,0.0013586957,0.737028468,0.0013586957,0.0013586957,0.2439497925,0.0013586957,0.0013586957,0.0013586957,0.0013586957,0.0013586957,0.5010946862,0.1398669258,0.0011904762,0.0011904808,0.0011904789,0.0011904811,0.0011904807,0.2475004627,0.0011904774,0.0011904809,0.0011904762,0.0011904789,0.099633138,0.0011904762,0.4660993674,0.0007368306,0.0993732027,0.000736693,0.1974363087,0.0007361065,0.0007365797,0.2341449114,0,0,0,0,0,0,1,-0.1731963429,-0.1950598775,-0.222003939,-0.2349634307,-0.2269042149,-0.1202244272,-0.2595439763,-0.2577820228,-0.3430003397,-0.3679753878,-0.2783243047,-0.3928333015,-0.3783625832,-0.3668969191,0.0996952346,-0.2718246816,-0.3262933797,-0.1977846975,-0.1636432751
/45/3.mp3,0.0018939396,0.0018939398,0.0018939398,0.0018939394,0.0580171347,0.0018939394,0.2224044615,0.0018939394,0.2285898766,0.0326085367,0.0018939394,0.1364119395,0.0521905985,0.0018939394,0.2527319962,0.0018939402,0.1760864434,0.5601475382000001,0.0020408163,0.0020408233,0.0020408228,0.0020408259,0.002040826,0.0020408234,0.2413169867,0.0020408193,0.0020408163,0.0020408222,0.0020408199,0.0020408163,0.0012771945,0.3092022238,0.3236026906,0.0012780221,0.0012780979,0.0012770353,0.1154223357,0.2466623999999999,0,0,0,0,0,1,0,0.0895207835,0.1341647201,-0.1700963281,-0.1743497523,-0.0663834791,0.0966397715,0.0757315174,-0.0931146462,-0.0921521016,-0.0487160316,-0.0059779722,-0.0693281243,-0.1243555909,-0.0011925105,-0.0274460387,0.0181845537,0.0178027415,-0.114781715,0.0577991793
/111/7.mp3,0.0004882815,0.0187053911,0.0004882827,0.0652243299,0.0554212959,0.0004882813,0.0004882813,0.0004882818,0.0004882813,0.4583537553,0.0004882813,0.3123878608,0.0004882817,0.0004882813,0.0850245515,0.0004882814,0.7449155155,0.0005065886,0.0005065856,0.0539873644,0.0005065869,0.0118015016,0.0703778055,0.000506587,0.0166488836,0.0254000894,0.0005065856,0.0127415348,0.061087786,0.0005065856,0.0003097604,0.0003099694,0.0003098207,0.0003099867,0.3504305195,0.2995773648,0.1903293158,0.1584232626,0,0,0,0,0,0,1,-0.432421927,-0.031154884,0.0994028372,-0.161808099,-0.3000286165,-0.2682313592,-0.308856741,-0.0480276463,-0.1328491344,-0.0469368941,-0.1096852416,-0.4286183201,-0.1181662898,-0.3312175319,-0.2465904722,-0.3959956422,-0.3037770652,-0.2909710657,-0.1400601906
/111/6.mp3,0.0010245902,0.6160056995000001,0.0010245902,0.0816506088,0.0010245902,0.0010245902,0.0010245902,0.0961658442,0.0010245902,0.0010245902,0.0010245907,0.0010245902,0.0010245904,0.1938827643,0.0010245902,0.0010245903,0.5761445168,0.2815872335,0.0011520737,0.0011520778,0.0011520771,0.032689126,0.0011520789,0.0011520774,0.0193179433,0.0798924929,0.0011520737,0.0011520788,0.0011520764,0.0011520737,0.0007116923,0.1178783336,0.0007115764,0.344368015,0.3141171479,0.00071133,0.0270586356,0.1944432692,0,0,0,1,0,0,0,0.198033145,-0.1771558218,-0.0700382121,0.2394681562,0.131178765,-0.153012041,-0.1567392905,0.0316675889,0.2291325808,0.262961489,0.0695173201,0.1073650685,0.2185126373,0.1157885142,-0.0514614785,0.0271135096,-0.1231816889,-0.0522801807,-0.0242594219
/111/4.mp3,0.0025000011,0.0025,0.0025000014,0.0025000001,0.0025,0.0025,0.0025000006,0.0025,0.216409527,0.040917594,0.0025,0.0025,0.0025,0.0025,0.5928837076,0.1197891682,0.0027472764,0.0027472708,0.0027472527,0.0027472605,0.1269664673,0.2666740105,0.0027472654,0.0027472624,0.1390058209,0.0027472562,0.0027472527,0.2416802549,0.2009480963,0.0027472527,0.0017130942,0.0017141398,0.9879926966,0.001717251,0.0017151189,0.0017188386,0.0017136145,0.0017152465,0,1,0,0,0,0,0,-0.5194963034,0.347900579,-0.1172909932,-0.4499263059,-0.505285105,0.4031344509,0.4093688738,-0.1431737565,-0.3141609096,-0.2965713156,0.0912969113,-0.1128326302,-0.2660647135,-0.0433778253,0.0619693219,-0.0590093183,-0.1395130666,-0.1014878892,0.2093492312
/111/5.mp3,0.0010080648,0.0010080645,0.0010080646,0.0010080645,0.0298498053,0.0010080645,0.6962661319,0.0010080645,0.0825004427,0.0010080646,0.0010080645,0.0010080646,0.0010080645,0.0010080645,0.1792868439,0.0010080659,0.8235426951,0.0011337993,0.0011337868,0.0263557482,0.0760534327,0.001133792,0.001133792,0.0242720064,0.0189209412,0.0011337888,0.0011337868,0.0011337916,0.0217848522,0.0011337868,0.000695176,0.0918373587,0.000695672,0.360646793,0.0006957308,0.4068360031,0.0006961881,0.1378970782,0,1,0,0,0,0,0,-0.3273322454,0.1368650484,0.0460218587,-0.2878232945,-0.251667116,0.084937194,0.1032479956,-0.1441767881,-0.4453142206,-0.4592345463,-0.0935568735,-0.3866389949,-0.5361523967,-0.2615743458,0.0426679488,-0.1019468222,-0.1204186145,-0.3256067989,0.068115744
/111/1.mp3,0.0012254908,0.0012254907,0.0012254903,0.0012254905,0.0012254903,0.0012254903,0.0012254906,0.2358587491,0.0012254903,0.1711103284,0.2576301857,0.3206948513,0.0012254908,0.0012254902,0.0012254902,0.0012254905,0.0013227607,0.1913604453,0.0013227513,0.001322756,0.0013227553,0.7927665009,0.0013227574,0.0013227557,0.001322753,0.0013227533,0.0013227513,0.001322755,0.0013227535,0.0013227513,0.0008124957,0.6207191127,0.000813247,0.0008132022,0.0008129325,0.0278205415,0.0008134163,0.3473950522,0,0,0,0,0,0,1,0.0963553729,0.068046037,0.1994572213,0.3586727456,0.2163574143,0.033268036,0.0457236052,0.1403211639,0.2552936164,0.2717036526,0.0697367397,0.1088539793,0.1779757785,0.1378031271,0.1140904367,0.1203042432,0.0443193944,0.0852900552,0.0030124394
/111/2.mp3,0.001136364,0.0011363638,0.001136364,0.001136364,0.0011363638,0.0011363637,0.0011363639,0.0157979072,0.0011363637,0.9052377734,0.0011363641,0.0641915884,0.0011363639,0.0011363639,0.0011363646,0.0011363638,0.5687234408,0.3092277171,0.0011709602,0.0011709642,0.1091682528,0.0011709656,0.0011709656,0.0011709641,0.0011709616,0.0011709619,0.0011709602,0.0011709635,0.0011709622,0.0011709602,0.0785396962,0.0253050207,0.0007199128,0.0007196764,0.3337977037,0.5594782831,0.0007198849,0.0007198221,0,1,0,0,0,0,0,0.0556442025,0.1576109939,0.194322597,-0.0084373868,0.134769247,0.2247932393,0.2025166057,0.0681797405,0.133858148,0.1551118718,0.1476697294,0.101307887,0.0499581144,0.1463650325,0.2116107627,0.0909770523,0.1074252744,0.1755947993,0.0658879511
/111/3.mp3,0.0011792461,0.0011792456,0.0471967992,0.0011792457,0.0011792454,0.0011792453,0.0011792453,0.0011792453,0.0011792453,0.3327098327,0.0011792453,0.0011792468,0.0011792467,0.0011792453,0.06441119,0.54153123,0.6581139810000001,0.0012987128,0.0012987013,0.0012987067,0.3263015582,0.001298708,0.0012987079,0.0012987059,0.0012987031,0.0012987035,0.0012987013,0.0012987053,0.0012987037,0.0012987013,0.000796551,0.0007967196,0.2324974165,0.0855622211,0.0007974699,0.6779552313,0.000796832,0.0007975585,0,0,0,0,0,0,1,0.0917351713,0.2142008316,0.0754824181,0.1651775344,0.0838929868,0.0452784887,0.0753144008,0.0712542102,0.0374740713,0.0934466048,0.1695978802,0.1150051222,0.0309390376,0.0636568705,0.0243486249,0.1579756308,0.1483126729,0.0365004172,0.1249896495
/73/7.mp3,0.0011574075,0.0011574075,0.0011574075,0.0011574098,0.0011574075,0.0011574074,0.7974012176,0.0011574075,0.0011574076,0.0011574075,0.0011574074,0.0011574075,0.0469323638,0.0011574074,0.0011574074,0.140620119,0.0012987122,0.9558689785,0.0012987013,0.028546564,0.0012987055,0.0012987074,0.0012987076,0.0012987059,0.001298703,0.0012987031,0.0012987013,0.0012987051,0.0012987037,0.0012987013,0.0008015728,0.0008016825,0.0008024698,0.000802514,0.0008023892,0.0277799878,0.0008019982,0.9674073856,0,0,1,0,0,0,0,-0.2076318168,0.0589903816,0.0077760525,-0.0532461743,-0.2065095229,0.057446272,0.0230650982,-0.0423113078,0.0087427128,0.0015224356,0.0527337912,0.0789644039,0.0072356178,0.0194744947,0.0683758852,-0.0266510968,-0.1189789272,0.1435735544,0.0169091863
/73/6.mp3,0.0009920637,0.0009920637,0.0009920667,0.0009920642,0.0009920635,0.0009920635,0.0009920635,0.0009920665,0.0009920635,0.921237488,0.000992064,0.0009920641,0.000992064,0.0447444319,0.0009920655,0.0211212436,0.0011160797,0.8778855541,0.0011160714,0.0011160752,0.0011160748,0.0011160765,0.0011160765,0.1087215554,0.0011160728,0.001116073,0.0011160714,0.0011160745,0.0011160733,0.0011160714,0.0006871014,0.0006873062,0.2582759495,0.0006879865,0.0006880625,0.0780888424,0.0006874823,0.6601972692,0,0,0,0,0,0,1,-0.0158133329,0.1155885602,0.1924589411,-0.0021493283,0.0025690899,0.1001462477,0.0362030851,-0.0016323662,0.0311309115,0.0471249467,0.053743706,0.0919470551,0.0292774526,0.0230319684,0.104342373,-0.0012149993,-0.0557333743,0.1513954326,0.0169091863
/73/4.mp3,0.9207556483,0.0008445949,0.0008445967,0.000844595,0.031359819,0.0008445946,0.0008445946,0.0008445971,0.0008445946,0.000844595,0.0212903725,0.0008445964,0.0008445951,0.0164590165,0.0008445949,0.0008445948,0.0009276495,0.6498615093,0.0009276438,0.000927647,0.0009276464,0.0009276478,0.3390067406,0.0009276466,0.0009276448,0.0009276451,0.0009276438,0.0009276462,0.0009276453,0.0009276438,0.0005711845,0.1986452797,0.1855208133,0.0005717502,0.2765969245,0.0452453448,0.0005714711,0.2922772319,0,0,0,0,0,0,1,-0.0557381547,0.0996831486,0.0721287154,-0.0623498889,-0.0063978323,-0.0077854127,0.0273536984,-0.1266236818,0.0370968422,0.0283941417,0.0330666613,0.1525664203,0.0072356178,0.0746558384,0.0386419485,0.01087248,-0.1122122965,0.1435735544,-0.038777193
/73/5.mp3,0.001953125,0.001953125,0.001953125,0.5359693682000001,0.001953125,0.001953125,0.001953125,0.436686881,0.001953125,0.001953125,0.0019531251,0.001953125,0.0019531255,0.0019531251,0.001953125,0.001953125,0.0022321543,0.376695412,0.0022321429,0.0022321511,0.0022321486,0.0022321524,0.4823872727,0.002232149,0.0022321453,0.1163636916,0.0022321429,0.0022321484,0.0022321462,0.0022321429,0.0868807442,0.0013914674,0.2370939143,0.0013908613,0.4940067387,0.0013919421,0.1764529881,0.0013913439,0,0,0,0,1,0,0,-0.1141453412,0.1813841517,-0.1093693114,-0.1922702877,-0.0784738114,0.0453071593,-0.0035794285,-0.0423113078,-0.0926042344,-0.1182436247,0.036171905,0.0104802952,-0.0759206428,6.12875e-05,0.063223276,-0.0266510968,-0.1115878883,0.0567305351,0.0512294055
/73/1.mp3,0.0006868132,0.0006868133,0.0006868132,0.0006868132,0.0006868132,0.0006868133,0.0006868132,0.5629906951,0.0006868132,0.0006868132,0.42739392,0.0006868132,0.0006868132,0.0006868132,0.0006868132,0.0006868132,0.4365166153,0.000776404,0.0007763975,0.1970831972,0.031390196,0.1329388273,0.0944170503,0.032104932,0.0512308367,0.0007764002,0.0007763975,0.0007764005,0.0196599478,0.0007763975,0.4964839408,0.0004726666,0.1097114398,0.0826550749,0.0373594255,0.0004726297,0.0004725029,0.2723723199,0,0,0,0,1,0,0,-0.0377683314,-0.0249412862,0.0172449127,-0.0501071412,-0.2071633248,-0.0723229239,0.0199883639,-0.0641134094,-0.0760951887,-0.0452016319,-0.0615289155,0.0812908435,-0.1381511655,0.0328733928,0.1321241017,-0.005444258,-0.0520909166,-0.0388669757,-0.0858331183
/73/2.mp3,0.0028409091,0.0028409091,0.0028409091,0.0028409091,0.0028409091,0.0028409091,0.0028409091,0.0028409091,0.0028409091,0.9573863636,0.0028409091,0.0028409091,0.0028409091,0.0028409091,0.0028409091,0.0028409091,0.003105611,0.9596272294,0.0031055901,0.0031056009,0.0031055991,0.003105604,0.0031056039,0.0031055998,0.0031055937,0.0031055945,0.0031055901,0.0031055984,0.0031055951,0.0031055901,0.0019540317,0.0019544538,0.7797818477,0.0019565037,0.2084849753,0.0019562773,0.0019549436,0.0019569669,0,0,1,0,0,0,0,-0.1751305082,0.0745281211,0.0956778492,-0.0809132786,-0.0213670435,-0.0260806864,-0.0759903345,-0.0114736892,-0.0136390438,-0.1219900765,0.0799564412,-0.0431358889,-0.0216864951,-0.0254444858,0.0307343504,0.0321673567,-0.0634957415,0.0646235462,0.0288040442
/73/3.mp3,0.0018939397,0.00189394,0.0018939403,0.0018939396,0.0018939396,0.0018939395,0.5286075152,0.0784642133,0.0018939396,0.00189394,0.0727861889,0.198794473,0.0018939411,0.0018939397,0.1005142706,0.0018939399,0.2755667444,0.5831665543,0.001552795,0.0015528007,0.0015527987,0.0015528014,0.001552801,0.0015527989,0.0015527966,0.1241859195,0.001552795,0.0015527986,0.0015528008,0.001552795,0.1359917273,0.0739142426,0.1235141519,0.0987414406,0.4043249918,0.0009706166,0.1615720625,0.0009707668,1,0,0,0,0,0,0,0.1537135977,0.0127400268,0.0669711862,0.2045038551,0.0442142917,0.0209510174,0.0209755619,0.0591672171,0.0364599072,0.017286045,0.0112018752,0.0834572623,0.1347917115,0.0340924275,0.0630017548,-0.0172378359,-0.1214301262,0.1751420689,0.0169091863
/87/7.mp3,0.0020161292,0.0020161302,0.0020161292,0.0020161291,0.173888358,0.0353018249,0.0020161291,0.522089406,0.0020161291,0.0020161293,0.0918045355,0.1547384506,0.0020161319,0.0020161291,0.0020161291,0.0020161298,0.197326144,0.5460734237,0.0021645022,0.0021645095,0.002164509,0.2327908606,0.0021645125,0.0021645097,0.002164505,0.0021645053,0.0021645022,0.0021645084,0.002164506,0.0021645022,0.1055781621,0.1884063402,0.0013469396,0.0013465443,0.2293231214,0.1045044652,0.2717099268,0.0977845005,1,0,0,0,0,0,0,0.2018087288,-0.242435501,-0.2294742536,0.095935139,0.23023012,-0.2011187425,-0.399580452,0.1516525784,0.2523408858,0.0486518304,-0.1025428013,0.1702024388,0.3295844596,0.21390661,-0.0077888598,-0.0220739014,-0.0467938307,0.184430651,-0.0518437736
/87/6.mp3,0.0011574076,0.0011574077,0.0011574081,0.0455177122,0.0011574075,0.0199394019,0.0011574076,0.0011574074,0.0181378608,0.6726334679,0.0011574074,0.0011574101,0.0011574085,0.0011574074,0.1288879055,0.1033095722,0.2250274086,0.3724696607,0.0012987013,0.0012987057,0.0012987053,0.0012987073,0.0012987074,0.1639273891,0.0012987029,0.2255885005,0.0012987013,0.001298705,0.0012987035,0.0012987013,0.0007917125,0.2837706792,0.0007926684,0.3025721463,0.0610405917,0.0867350717,0.0007920753,0.2635050548,0,1,0,0,0,0,0,0.0533623895,-0.2472953709,-0.0937974735,0.0857706506,0.0160414553,-0.2172854368,-0.1307180061,0.0644274313,-0.0965488714,-0.1591622956,0.0823337296,0.012887883,-0.3037611926,-0.1845444923,-0.0775776569,-0.2163306921,-0.2231602236,-0.2034014249,0.0213320134
/87/4.mp3,0.0836649003,0.0010080646,0.3485405037,0.0010080645,0.0010080646,0.0010080645,0.0010080645,0.0010080645,0.0010080645,0.001008068,0.0010080645,0.0869827685,0.0010080649,0.0010080645,0.0010080654,0.4687150484,0.5097970736,0.4765974546,0.0011337868,0.0011337907,0.0011337903,0.001133792,0.0011337921,0.0011337906,0.0011337882,0.0011337885,0.0011337868,0.00113379,0.0011337888,0.0011337868,0.0006909955,0.0006915367,0.2167251176,0.0006918757,0.0821082729,0.6977089914,0.0006912676,0.0006919427,0,0,0,0,0,0,1,-0.278412395,-0.3086593642,-0.2052951378,-0.3134510768,-0.1888556849,-0.2324221631,-0.3227193268,0.0247696594,0.1012365894,0.0057731837,0.0371112858,-0.0734531321,-0.1099610209,0.0407830462,-0.157739329,-0.0529379506,-0.1691929477,-0.1330725557,-0.1850567721
/87/5.mp3,0.0710157947,0.0009328362,0.0009328362,0.0009328366,0.000932836,0.0009328359,0.0864785663,0.000932839,0.3679990915,0.0009328366,0.0009328364,0.0939671009,0.1994943354,0.0009328362,0.1717167459,0.0009328363,0.4153070469,0.128767587,0.0009276438,0.071354574,0.0195282383,0.062377943,0.1684848661,0.0009276468,0.0155942626,0.0009276452,0.0009276438,0.0968876568,0.017059602,0.0009276438,0.0005710157,0.0005712613,0.1038502583,0.0005718199,0.1484232658,0.3076517965,0.0005713061,0.4377892764,0,1,0,0,0,0,0,-0.3552099435,-0.0306591705,0.0011130692,-0.016224064,-0.211296067,-0.153188782,-0.0814687363,-0.1138782575,-0.087117674,0.0012957803,0.0105379109,-0.1095623933,-0.191752811,-0.1910110659,-0.1840063182,-0.2624782863,-0.4318857919,-0.2011638403,-0.0167602787
/87/1.mp3,0.000735295,0.0007352942,0.1436708036,0.0007352946,0.0007352942,0.0007352941,0.0007352941,0.1540870171,0.0007352941,0.0007352943,0.0007352941,0.0279131971,0.0007352942,0.6655054497,0.0007352951,0.0007352944,0.5050399315,0.0008210239,0.0008210181,0.1211759872,0.0365381421,0.110970654,0.2032168861,0.0008210208,0.0008210191,0.0008210192,0.0008210181,0.0164902424,0.0008210195,0.0008210181,0.0005062594,0.0005063663,0.0005069295,0.2024997955,0.0005069465,0.2848568928,0.0005065066,0.5101103034,0,0,0,0,0,1,0,-0.3916724941,0.0416566281,-0.2727780751,-0.3787338703,-0.3410940795,-0.0093059979,0.0520371709,-0.225680125,-0.2785702272,-0.3596365849,-0.2926953074,-0.071935723,-0.1631674125,-0.1311172219,-0.170794129,-0.0355874485,-0.0013997203,-0.1821245008,-0.1337805174
/87/2.mp3,0.2213709769,0.0011792457,0.3872643561,0.001179246,0.0011792454,0.0011792453,0.0011792454,0.0342893336,0.0011792453,0.1347010656,0.0011792456,0.0622219745,0.1483598373,0.0011792455,0.0011792457,0.0011792459,0.2247500523,0.7604715903,0.0012315271,0.0012315312,0.0012315309,0.0012315328,0.0012315328,0.0012315312,0.0012315286,0.0012315288,0.0012315271,0.0012315305,0.0012315292,0.0012315271,0.0007629086,0.106776303,0.0007636404,0.1510597711,0.1616737451,0.1738302608,0.0848850547,0.3202483164,0,1,0,0,0,0,0,-0.2594680492,-0.102483568,-0.0936083337,-0.1916745458,0.0768071576,-0.1847862593,-0.2301238482,-0.2072503515,-0.2355721285,-0.2273196995,-0.1918390498,-0.2893856206,-0.3813999233,-0.2697369086,-0.1850091882,-0.325483085,-0.2565973007,-0.2353211672,-0.1823718421
/87/3.mp3,0.0062500004,0.00625,0.1257246121,0.00625,0.3015982198,0.00625,0.2066521117,0.00625,0.0062500012,0.0062500002,0.00625,0.0062500003,0.00625,0.00625,0.2910250541,0.0062500002,0.2821185933,0.3287486189,0.0064935065,0.0064935311,0.3177040477,0.00649354,0.0064935403,0.006493531,0.0064935155,0.0064935169,0.0064935065,0.0064935269,0.006493519,0.0064935065,0.0041714835,0.1618635931,0.258563077,0.0041741091,0.0041699115,0.1435989192,0.4192841771,0.0041747294,0,0,0,0,0,0,1,-0.1968801487,0.162491138,-0.2464565496,-0.4548512597,-0.1143374529,0.0502683217,-0.010396031,-0.155933732,-0.4273356293,-0.4518533561,-0.0495426647,-0.3345779703,-0.4104137313,-0.3030541972,-0.1699958669,-0.2177192212,-0.1087866134,-0.323983795,0.2130139241
/80/7.mp3,0.1831765205,0.0016891894,0.2666087699,0.0016891892,0.0016891893,0.0016891892,0.0016891894,0.1621324513,0.0016891894,0.0016891894,0.0016891893,0.0016891894,0.0016891909,0.0016891893,0.2500062876,0.1194948866,0.001587319,0.9477310886,0.0015873016,0.001587307,0.0332212386,0.0015873088,0.0015873089,0.0015873068,0.0015873035,0.0015873039,0.0015873016,0.001587306,0.0015873043,0.0015873016,0.3093356254,0.0009787206,0.0009786076,0.1343569281,0.3470141545,0.0009784652,0.0009784929,0.2053790057,1,0,0,0,0,0,0,-0.0295064309,-0.0498968892,-0.3215775692,-0.1126603415,-0.0533758258,-0.3339374783,-0.4004615385,0.0938601426,-0.1666728561,-0.1850948971,-0.0570132678,-0.1324088452,-0.2007167035,-0.2945121489,-0.1905497266,-0.0353641914,0.050574915,-0.1808463045,0.075881083
/80/6.mp3,0.0007621952,0.0007621955,0.0007621952,0.1350164933,0.0007621952,0.0007621954,0.0007621951,0.8110649556,0.0007621951,0.0007621952,0.0440100131,0.0007621952,0.0007621952,0.0007621953,0.0007621952,0.0007621953,0.4176111248,0.3213834145,0.0008605852,0.0008605881,0.0008605878,0.2515390049,0.0008605892,0.0008605881,0.0008605863,0.0008605864,0.0008605852,0.0008605876,0.0008605867,0.0008605852,0.1605880269,0.0005262607,0.0005262106,0.4795502345,0.1311537491,0.0005262116,0.2008783438,0.0262509628,0,0,0,0,0,1,0,-0.0086620173,0.058018952,0.2154112536,0.142489056,0.137882815,-0.0663344732,-0.0794953694,-0.0460369816,0.1895262439,0.1622773875,-0.1180988779,-0.0078532937,0.1167073971,0.0606650506,-0.1415605349,-0.0287082684,-0.1603900218,-0.0414322891,-0.4317495236
/80/4.mp3,0.0011574075,0.6131515968,0.0011574075,0.0011574074,0.068428311,0.0011574074,0.0011574074,0.0011574074,0.0011574074,0.1728192524,0.0011574074,0.1317119493,0.0011574085,0.0011574074,0.0011574074,0.0011574077,0.2585469649,0.7258685855,0.0012987013,0.0012987057,0.0012987053,0.0012987073,0.0012987073,0.0012987057,0.0012987029,0.0012987031,0.0012987013,0.0012987049,0.0012987035,0.0012987013,0.0008120124,0.0008122044,0.0008130702,0.3166136047,0.0008130894,0.0008132825,0.0008123475,0.6785103889,0,0,1,0,0,0,0,0.143790235,-0.353732476,-0.0012346459,0.086842375,0.0859980575,-0.1110562094,-0.2492776086,-0.118013651,-0.0753543872,-0.0892576421,-0.1177765793,-0.0078222548,0.0983789619,-0.0116301385,-0.1947847401,0.0273176782,-0.022397461,0.0141908602,-0.2652381587
/80/5.mp3,0.0003172589,0.0060410217,0.0003172589,0.0003172589,0.0003172589,0.2352639167,0.0003172589,0.0003172589,0.0003172589,0.0003172589,0.7444382113,0.0104497436,0.0003172589,0.0003172589,0.0003172589,0.0003172589,0.0003553668,0.9953802328,0.000355366,0.0003553684,0.0003553667,0.0003553674,0.0003553672,0.0003553667,0.0003553663,0.0003553665,0.000355366,0.0003553667,0.0003553664,0.000355366,0.8275771462,0.1083737188,0.0002175525,0.0002175179,0.0002175364,0.0002175062,0.0629615226,0.0002174993,0,0,0,1,0,0,0,-0.4374916586,0.010427294,-0.2519875647,-0.464002947,-0.5068243757,-0.0202393822,-0.0187365433,-0.0999604914,-0.5390214058,-0.5506692935,-0.2836858132,-0.4536316304,-0.4666539503,-0.3321599516,0.0381235073,-0.2149483939,-0.2520240767,-0.2767767061,0.1533085824
/80/1.mp3,0.3284652636,0.0008928573,0.1162668189,0.0008928571,0.0008928572,0.0008928572,0.0008928575,0.0008928571,0.0466071989,0.0008928577,0.0008928571,0.0008928573,0.1435538144,0.0008928571,0.2469759714,0.1092023601,0.6284559345,0.0009523858,0.000952381,0.000952383,0.0393267603,0.1749925939,0.0009523845,0.0009523837,0.0009523819,0.0009523819,0.000952381,0.1477008852,0.0009523825,0.000952381,0.0005790872,0.0710096763,0.0005797834,0.3456614601,0.1240734122,0.3672606531,0.0005793337,0.090256594,0,1,0,0,0,0,0,-0.2290553005,-0.186847174,-0.0171139202,-0.1688317811,-0.297508927,-0.3101162333,-0.0815909991,-0.3742512405,-0.2164214113,-0.0833139738,0.0575858151,-0.0787401854,-0.1443453582,-0.0502953286,-0.0886198127,-0.066184381,0.018789656,-0.1609428044,-0.1775329865
/80/2.mp3,0.0034722222,0.0034722222,0.0034722222,0.0034722223,0.0034722222,0.0034722277,0.0034722222,0.8660863469000001,0.0034722222,0.0034722222,0.0034722228,0.0034722222,0.0034722222,0.0853025358,0.0034722222,0.0034722222,0.6222484784,0.3301323651,0.003968254,0.0039682684,0.0039682666,0.0039682731,0.0039682732,0.0039682677,0.0039682591,0.00396826,0.003968254,0.0039682656,0.003968261,0.003968254,0.2535243079,0.0025030993,0.1001320454,0.0025041232,0.3597966355,0.2765298315,0.0025052345,0.0025047227,0,0,0,0,0,0,1,-0.2018967782,0.0347373772,-0.2675604696,-0.2249772876,-0.0801454808,-0.0258862913,-0.2024691949,0.0378895186,-0.0456867502,0.0061063565,0.0685886665,-0.2155704219,-0.1670339121,-0.0976296847,0.0717461525,-0.3541267355,-0.2403381184,-0.1657705628,0.0323207673
/80/3.mp3,0.0006944445,0.0006944445,0.0006944468,0.0006944446,0.0006944445,0.0006944445,0.0006944445,0.0654441631,0.0006944445,0.6115448363,0.0006944446,0.0006944451,0.0006944446,0.0006944445,0.0006944445,0.3139832191,0.7655494415,0.2255219672,0.0007440476,0.0007440503,0.0007440495,0.0007440508,0.0007440507,0.0007440497,0.0007440484,0.0007440498,0.0007440476,0.0007440495,0.0007440498,0.0007440476,0.0004549767,0.2909113757,0.0063636654,0.0004553457,0.0260973232,0.4821763308,0.0356529107,0.1578880719,0,0,0,1,0,0,0,-0.1012085523,0.0908773793,0.0997388992,-0.1354308534,-0.2066965673,-0.1192545752,0.0289529529,-0.1094013651,-0.2794956212,-0.417135492,-0.1527441061,-0.3141918057,-0.4471746739,-0.2116671349,-0.0420710453,-0.2297205594,-0.2513239873,-0.1785981306,-0.0940266206
/74/7.mp3,0.0011160715,0.0011160715,0.0011160719,0.0011160716,0.0699683357,0.0011160714,0.0011160714,0.0011160714,0.0011160715,0.3815949943,0.0011160714,0.0011160737,0.0011160722,0.0369514515,0.3538626371,0.1453457918,0.1862892494,0.0012531412,0.0012531328,0.0553594643,0.0012531366,0.5827003636,0.0012531383,0.0012531369,0.0012531343,0.0846500884,0.0012531328,0.0797226136,0.0012531349,0.0012531328,0.0120167946,0.3093114499,0.0007777828,0.000777753,0.1042914923,0.126121209,0.0920872878,0.3546162306,0,1,0,0,0,0,0,-0.0314118174,-0.0908519953,0.0221342115,0.0360420691,0.1681900301,-0.1688176429,-0.2671939617,0.1547589034,0.0394085628,0.013085283,-0.0097622233,0.0897275803,0.0651150729,0.0026854472,-0.1878930707,0.0395837229,0.007369331,-0.1390536079,-0.2294895193
/74/6.mp3,0.5982387298,0.0012500006,0.0012500011,0.00125,0.0012500001,0.0012500001,0.0012500003,0.00125,0.0012500001,0.0906754714,0.0185958283,0.212614254,0.0012500012,0.00125,0.0661257126,0.0012500004,0.3035529882,0.6805739612,0.0013227513,0.0013227558,0.0013227554,0.0013227574,0.0013227575,0.0013227558,0.001322753,0.0013227532,0.0013227513,0.001322755,0.0013227536,0.0013227513,0.0008067837,0.0008070883,0.1438203401,0.1591900419,0.0008080011,0.2827902543,0.000807238,0.4109702525,0,0,1,0,0,0,0,0.1995999998,-0.0774202097,-0.0242917171,0.0514552817,-0.0279209154,-0.003816653,-0.0820857361,0.092366101,0.0269281882,0.0199635722,-0.0126831174,0.1011419493,0.0098904192,0.0375815342,0.0200243111,-0.0408240714,0.0286353916,-0.0466448891,-0.0008809676
/74/4.mp3,0.6568677524000001,0.0013297875,0.0013297882,0.0445692466,0.0013297873,0.0013297873,0.0013297873,0.0013297872,0.0013297873,0.0699348633,0.0013297872,0.0013297874,0.001329788,0.1140574384,0.099943037,0.0013297876,0.4036821553,0.5780807225,0.0015197568,0.0015197621,0.0015197612,0.0015197636,0.0015197636,0.0015197616,0.0015197586,0.0015197598,0.0015197568,0.0015197609,0.0015197602,0.0015197568,0.000940641,0.1917109825,0.0009413577,0.0009417084,0.1950609066,0.3096450162,0.0009414729,0.2998179148,0,0,0,0,0,1,0,-0.034420677,0.1174991783,-0.0225135785,-0.3080213401,-0.0390215705,0.0609359383,0.0558501681,0.0309993528,-0.3081849857,-0.1339802967,0.0466476349,-0.1149742672,-0.4490985135,-0.2230199282,-0.0283978797,-0.0649788668,-0.0964392215,-0.2354468785,0.1611525701
/74/5.mp3,0.0004111844,0.0004111845,0.0370359716,0.0004111843,0.0488807135,0.100556326,0.0004111842,0.0004111845,0.0004111842,0.0004111843,0.0004111852,0.0215124834,0.0004111849,0.0004111844,0.7874914761,0.0004111844,0.0004128852,0.5918768327,0.0004128819,0.0004128833,0.3548569885,0.0278030133,0.0004128839,0.0004128833,0.0004128824,0.021334336,0.0004128819,0.0004128831,0.0004128826,0.0004128819,0.1501845882,0.1456217335,0.2558411211,0.0598772381,0.0737945282,0.1300376405,0.0342572438,0.1503859066,0,0,0,0,1,0,0,0.1986499494,-0.3170655714,-0.0012396128,0.1659203183,0.1261467598,-0.0730712188,0.0746817667,0.0860885115,0.3007981635,0.2170339845,-0.2731526173,0.1928179964,0.1192345543,0.1380922819,-0.1037507594,0.1565421107,0.0049673201,0.0352864599,-0.3933802416
/74/1.mp3,0.3358108324,0.0017361114,0.0017361113,0.0017361161,0.0017361113,0.0017361111,0.0017361142,0.0017361111,0.3456021884,0.0017361114,0.0017361111,0.0017361114,0.0713941884,0.1903759482,0.0017361143,0.0377196079,0.6419941781,0.3341962447,0.001984127,0.0019841341,0.0019841325,0.0019841358,0.0019841356,0.001984133,0.0019841293,0.0019841317,0.001984127,0.0019841322,0.001984132,0.001984127,0.001238504,0.0899811002,0.0012401647,0.3342335028,0.0012398696,0.196923735,0.0012388902,0.3739042334,0,0,0,0,0,1,0,-0.2071763384,0.0903138139,-0.0233538606,-0.2316142787,-0.1376020788,0.2577723373,-0.0545443077,-0.1473868545,-0.1955298939,-0.1570113954,0.0290671495,-0.2632810204,-0.2653687124,-0.2468970577,0.0294214997,-0.1458994797,-0.1230932817,-0.2539108233,0.0846772834
/74/2.mp3,0.0015625001,0.1960629067,0.0015625001,0.0203225281,0.0015625002,0.0015625037,0.0015624999999999,0.1541202755,0.0015624999999999,0.0015625034,0.0015625003,0.6107442792000001,0.0015625021,0.0015625002,0.0015624999999999,0.0015625004,0.2308821725,0.2730070272,0.0017857143,0.0017857205,0.2135916121,0.2646620113,0.0017857228,0.0017857204,0.0017857166,0.0017857169,0.0017857143,0.0017857194,0.0017857174,0.0017857143,0.0011269162,0.0011282187,0.5754656859,0.3502277406,0.0011279631,0.0686683334,0.0011271248,0.0011280173,0,1,0,0,0,0,0,-0.0073179989,-0.1547031549,-0.2216736802,-0.0766062736,-0.0653780682,-0.1438278457,-0.2093370676,0.0384577242,0.0594024147,0.1427157335,-0.1735034177,-0.0759073257,-0.0115235958,-0.0323668048,-0.1546898763,-0.0011937674,-0.038527954,-0.2413270876,-0.2285662307
/74/3.mp3,0.0014880954,0.0014880958,0.0014880954,0.0014880952,0.0014880954,0.0014880953,0.0014880953,0.0014880953,0.0014880954,0.0014880965,0.0677716864,0.6041780368,0.2605695494,0.0014880952,0.0496235816,0.0014880957,0.4190052133,0.2626818506,0.0016233766,0.0016233823,0.0016233817,0.3004557575,0.0016233843,0.0016233821,0.0016233787,0.001623379,0.0016233766,0.0016233812,0.0016233794,0.0016233766,0.0010091587,0.1680568963,0.1123669777,0.2871265632,0.1634060442,0.2660138447,0.0010106118,0.0010099034,0,0,1,0,0,0,0,0.2658789527,0.0054212685,0.1944216817,0.1096742944,0.2164226006,0.1957289094,0.1378241756,0.271957012,-0.0009684441,0.1258183245,0.098225301,-0.1978445819,0.0122776076,-0.0313814957,0.0337953791,-0.0134414831,-0.0234607654,-0.1330288009,0.0565089343
/6/7.mp3,0.0008680556,0.0008680558,0.0008680557,0.0008680562,0.0254205586,0.0008680556,0.1288569654,0.0008680589,0.0727455151,0.5591174561,0.0008680562,0.0008680563,0.000868056,0.0204048023,0.0925194682,0.0931227281,0.5440541149,0.0009652569,0.000965251,0.1483977812,0.0009652536,0.05313193,0.0009652549,0.0009652539,0.0009652521,0.1662477446,0.000965251,0.0794811524,0.0009652527,0.000965251,0.0005898729,0.000590055,0.1692820437,0.1865165323,0.0005906904,0.2716856234,0.0005901597,0.3701550226,1,0,0,0,0,0,0,-0.0440926883,0.0582182605,0.0550277026,-0.0321649328,-0.0742177587,0.0419928245,0.208739122,0.0100750034,0.0475810725,0.0040980064,0.0787685343,0.1051514026,0.0137851055,0.0706299638,0.1373289839,0.1467697671,0.0164127112,0.0559066387,0.1400638288
/6/6.mp3,0.0005341881,0.0190739177,0.0373766435,0.0867524485,0.150386933,0.000534188,0.000534188,0.0005341883,0.000534188,0.0005341881,0.0005341881,0.6435903826,0.0005341881,0.0574777937,0.0005341881,0.0005341881,0.4176612156,0.0005624336,0.0005624297,0.5027157076000001,0.0734363355,0.000562432,0.000562432,0.0005624313,0.0005624303,0.0005624309,0.0005624297,0.0005624311,0.000562431,0.0005624297,0.2503958731,0.0003430948,0.1636038578,0.0003430762,0.2283560188,0.2049351514,0.0581937955,0.0938291324,0,1,0,0,0,0,0,0.2041184247,-0.1827020831,0.0642940483,0.2523918951,0.2142368291,-0.3383796735,0.0231977174,0.0434387037,0.0358970734,0.1174574957,-0.2182966634,0.2830247762,0.2667626296,0.2467246555,0.0830725053,0.1834881809,0.0533153806,0.1976055823,-0.2946698285
/6/4.mp3,0.544861534,0.0004401409,0.2537277129,0.0004401408,0.0510115507,0.0004401408,0.0004401409,0.0004401408,0.0004401409,0.1198739392,0.0004401408,0.0004401409,0.0004401409,0.0004401408,0.0256837137,0.0004401409,0.3172366705,0.2067697425,0.0004995005,0.0004995022,0.0583986875,0.0004995028,0.4125998852,0.0004995022,0.0004995011,0.0004995012,0.0004995005,0.0004995019,0.0004995014,0.0004995005,0.0003042717,0.0003043575,0.0789286304,0.5509192099,0.0003046685,0.0502288332,0.0003044158,0.3187056131,0,0,1,0,0,0,0,0.0950737267,-0.3097416463,-0.0037330189,0.1551650599,0.0330839773,-0.2508979916,-0.0465160787,0.0444267558,0.0269281882,0.0829797489,-0.0101168894,0.3221366329,0.3006034663,0.281632685,0.0693304232,0.1275564031,0.0557102408,0.2741517205,-0.3100206696
/6/5.mp3,0.0002920562,0.0002920561,0.0002920563,0.0380274999,0.0002920561,0.1329772703,0.0002920563,0.0002920565,0.284663443,0.0002920561,0.0002920562,0.0002920561,0.0002920563,0.0002920562,0.4101842713,0.1309348973,0.1278239031,0.5921124301,0.0003146633,0.0003146644,0.0003146643,0.0206161119,0.0003146648,0.0003146644,0.0003146637,0.2563009154,0.0003146633,0.0003146642,0.0003146638,0.0003146633,0.0001918538,0.3134549593,0.2786999874,0.0191004049,0.1146699348,0.2734988564,0.0001919298,0.0001920737,0,0,0,0,1,0,0,-0.1079793573,-0.2413676683,-0.1233132311,0.1793476801,0.074965259,-0.1966968952,0.1474335831,-0.0423113078,0.0269281882,0.0040980064,0.0330041233,0.2251181679,0.0115764865,0.2214897254,0.1740210422,0.0970142536,-0.1253096972,0.1435735544,0.0051605101
/6/1.mp3,0.0009469697,0.0587226147,0.0009469698,0.2511795429,0.0554967497,0.0009469698,0.0009469697,0.1092724001,0.0009469697,0.0009469698,0.0009469719,0.46035801,0.0009469705,0.0009469697,0.0009469697,0.0555009821,0.1460740403,0.5326628644,0.0009920635,0.0009920668,0.3103503738,0.0009920681,0.0009920681,0.0009920668,0.0009920647,0.0009920649,0.0009920635,0.0009920663,0.0009920652,0.0009920635,0.1798612215,0.1561897327,0.0006136725,0.0006137864,0.2857057901,0.171603228,0.0366727093,0.1687398596,0,0,0,0,0,0,1,0.2946168562,-0.0459865342,0.0186082973,0.2312493371,0.2200945624,0.0575916999999999,-0.0005910351,0.17088039,0.3276406148,0.2480436453,0.1090694058,-0.2354764157,0.1752559141,-0.0733592185,-0.1360430847,0.1084135433,0.1273297475,-0.0692632864,0.0204327059
/6/2.mp3,0.0006067961,0.0006067963,0.0006067961,0.0006067961,0.0006067967,0.0006067961,0.3841478826,0.0006067961,0.3693768581,0.0006067962,0.0393313816,0.020154227,0.1803148925,0.0006067961,0.0006067961,0.0006067961,0.0006868165,0.9910714094,0.0006868132,0.0006868156,0.0006868149,0.000686816,0.0006868159,0.000686815,0.0006868139,0.0006868142,0.0006868132,0.0006868148,0.0006868141,0.0006868132,0.1814334099,0.0004217464,0.1201031151,0.0004216365,0.5772313506,0.000421444,0.0551489906,0.0648183071,0,0,0,0,0,0,1,-0.0537626991,-0.0134109204,-0.0233995729,-0.033091413,-0.1166339357,0.0144116815,0.1033476532,-0.1670401448,-0.0465345883,0.1268355608,0.0651022943,0.0176599172,-0.016580471,0.0729745867,0.121495254,0.0046488116,-0.0717295077,0.02626809,-0.2633095827
/6/3.mp3,0.0026041667,0.1074322084,0.0026041669,0.0026041668,0.0026041668,0.2156139989,0.0026041667,0.002604167,0.0026041668,0.047672987,0.0573364526,0.2807173313,0.0026041667,0.0026041674,0.2651853534,0.0026041667,0.0028571704,0.9628570328,0.0028571429,0.0028571521,0.0028571531,0.0028571571,0.0028571577,0.0028571541,0.0028571468,0.0028571469,0.0028571429,0.0028571518,0.0028571486,0.0028571429,0.0017880728,0.1731046804,0.2409482694,0.0017891526,0.1126653299,0.0612532164,0.4066623925,0.0017888859,0,0,0,0,0,1,0,-0.1180808468,0.3334671855,0.0872106149,-0.0496863275,-0.0456880363,0.1787743179,0.1978102471,0.1346850391,0.0269281882,0.0258265386,0.1299940516,0.0771426504,-0.0730521913,0.0428747309,0.136613208,0.0532726694,0.1312949899,0.1408930621,0.2486567349
/28/7.mp3,0.0021551724,0.0021551725,0.0021551724,0.0021551724,0.0021551724,0.3788180398,0.0021551724,0.0021551763,0.0021551724,0.0021551724,0.5910095423,0.0021551724,0.0021551724,0.0021551725,0.0021551724,0.0021551724,0.5497564189,0.2485070147,0.0023041475,0.0023041557,0.0023041547,0.0702588395,0.0693579174,0.0023041553,0.0023041505,0.0023041509,0.0023041475,0.0023041541,0.0413824459,0.0023041475,0.0014540921,0.0014545196,0.2782349104,0.4499420509,0.0014559633,0.0014560994,0.0014549485,0.2645474158,1,0,0,0,0,0,0,-0.1079793573,-0.5507390071,-0.4662566598,-0.0933596096,0.172431105,-0.50957235,-0.5004602140000001,0.0892423112,0.0269281882,0.0040980064,-0.3354054336,-0.2362764776,0.1206237108,-0.2336236597,-0.392136602,-0.0266510968,-0.0789602984,-0.2093441666,-0.405378275
/28/6.mp3,0.0026041684,0.0026041668,0.5776281209,0.0026041667,0.0026041667,0.0026041667,0.1865087016,0.0026041667,0.0026041672,0.0026041669,0.0026041667,0.0026041668,0.002604168,0.0026041667,0.0026041701,0.202009003,0.0024630681,0.9679802224,0.0024630542,0.0024630629,0.0024630607,0.0024630648,0.0024630645,0.0024630612,0.0024630569,0.0024630577,0.0024630542,0.0024630604,0.0024630578,0.0024630542,0.0015635531,0.0932183658,0.4019982033,0.001564863,0.2508868381,0.0015655827,0.0015642658,0.2476383281,0,1,0,0,0,0,0,-0.2680462911,0.0589494682,-0.1538293563,-0.3372217487,-0.4719416812,0.0424823839,0.0231977174,-0.3313468639,-0.371526373,-0.2326292211,-0.1821061075,-0.1739930039,-0.3527349074,-0.2509582206,-0.1291642734,-0.0444518042,0.1441143843,-0.3299726335,0.0428008981
/28/4.mp3,0.0633843752,0.0006067963,0.0418964307,0.0006067967,0.2033934208,0.0006067962,0.0006067963,0.1007250818,0.039067286,0.0006067975,0.0373380543,0.0006067969,0.3759867616,0.0006067961,0.0006067962,0.1333542174,0.0905696933,0.8765978375,0.0005854801,0.000585482,0.0263921746,0.0005854828,0.0005854828,0.0005854821,0.0005854808,0.0005854809,0.0005854801,0.0005854817,0.0005854811,0.0005854801,0.4572128501,0.0003598449,0.0003598782,0.2505364652,0.1282101657,0.0462725473,0.000359777,0.1166884716,0,0,0,0,1,0,0,-0.1079793573,-0.4403468932,-0.1331530718,0.076633875,-0.0824908795,-0.4099596434,-0.1588622408,-0.0423113078,-0.0101912598,-0.0311166247,-0.1974808929,0.0789644039,0.0072356178,0.0334186354,0.063223276,-0.0266510968,-0.1189789272,0.0710349304,-0.2735173371
/28/5.mp3,0.0007440477,0.0007440479,0.0007440477,0.0007440478,0.0007440477,0.0128255727,0.0007440476,0.0190317548,0.0007440476,0.3579804533,0.0007440478,0.6012336456,0.0007440484,0.0007440478,0.0007440477,0.0007440479,0.1903795905,0.2230645345,0.0007680492,0.0007680518,0.0007680515,0.5781073176,0.0007680527,0.0007680517,0.0007680501,0.0007680503,0.0007680492,0.0007680513,0.0007680505,0.0007680492,0.000470234,0.1265891505,0.1215132524,0.174252572,0.3077506949,0.1435939183,0.0004704855,0.1253596925,1,0,0,0,0,0,0,-0.1889277715,-0.3258386565,-0.4730012357,-0.0574479308,0.1218417581,-0.4778444273,-0.3806671306,-0.0334608253,-0.445650572,-0.2907948233,-0.5398339629000001,-0.2080428076,-0.1213143205,-0.0800859551,-0.1065490367,-0.0266510968,0.1331101906,-0.320794917,-0.2305207344
/28/1.mp3,0.0009469698,0.0009469699,0.0009469698,0.0009469697,0.0009469698,0.8946949416000001,0.0009469697,0.0009469697,0.0009469697,0.0009469698,0.0009469697,0.0009469699,0.0009469711,0.0009469697,0.0009469697,0.0920474805,0.3546383007,0.0939070336,0.0010822511,0.5395498775,0.0010822544,0.0010822562,0.0010822562,0.0010822547,0.0010822524,0.0010822527,0.0010822511,0.0010822551,0.0010822533,0.0010822511,0.0006653792,0.109462931,0.1475462668,0.3296821857,0.1470477706,0.0464182346,0.0006657873,0.2185114447,0,1,0,0,0,0,0,-0.0423433077,-0.3140545294,-0.1729863742,0.0366765376,-0.05801297,-0.406622721,-0.4217240731,-0.0444079765,-0.0985059629,0.0040980064,-0.0647600158,-0.0632407253,0.0072356178,-0.0318046187,-0.3403188253,-0.0340908796,0.1681197961,-0.2630727097,-0.2939966968
/28/2.mp3,0.0008012821,0.1368473081,0.0008012821,0.3631157351,0.0198020699,0.0008012821,0.0008012822,0.0008012821,0.0266674975,0.1030864287,0.0196600499,0.0008012836,0.1068585611,0.0008012821,0.2175520914,0.0008012821,0.0006675591,0.8872682740000001,0.0006675567,0.0006675592,0.1047210299,0.0006675594,0.0006675591,0.0006675583,0.0006675574,0.0006675577,0.0006675567,0.0006675582,0.0006675575,0.0006675567,0.6139094212,0.000409052,0.2868094764,0.0004089378,0.07453241,0.0004090201,0.0004092724,0.02311241,0,0,0,0,1,0,0,0.2371166953,-0.438877107,-0.1521014867,0.3249326837,0.1024174563,-0.4061164694,-0.1097308665,0.0607913153,0.1987703329,0.1067928749,-0.2913744611,0.0515966284,0.2475396822,0.0350160202,-0.1765427565,-0.0327813625,-0.1263555128,-0.1821823296,-0.4196644561
/28/3.mp3,0.0008116884,0.7605699478,0.0208400999,0.0008116883,0.022253642,0.0008116883,0.0008116883,0.0008116883,0.0008116883,0.0787716195,0.0008116894,0.0913143252,0.0008116887,0.0008116883,0.0181334806,0.0008116885,0.2220031424,0.0009041651,0.0009041591,0.0009041618,0.336152508,0.000904163,0.4318985776,0.000904162,0.0009041602,0.0009041603,0.0009041591,0.0009041615,0.0009041607,0.0009041591,0.0005610605,0.0401354609,0.4382463773,0.3008378359,0.0932197321,0.0005615838,0.0131714789,0.1132664705,0,0,1,0,0,0,0,0.1351767798,-0.4951401351,-0.0090785452,0.1623000022,0.092913598,-0.4446435286,-0.3791548184,-0.0301080021,0.0901423782,0.1340050671,-0.2497688408,0.0432974897,0.1677994395,-0.0298731868,-0.3718773566,0.0495719902,0.0519836279,-0.1676421464,-0.5633187865
/17/7.mp3,0.0014534884,0.0014534884,0.0014534884,0.0014534884,0.0014534884,0.0717763996,0.0014534884,0.4929731762,0.0014534884,0.0014534884,0.0546533283,0.0014534884,0.0014534884,0.3631552353,0.0014534884,0.0014534884,0.404412721,0.5316010721000001,0.0015873016,0.001587307,0.0015873065,0.0465258549,0.001587309,0.0015873069,0.0015873036,0.0015873039,0.0015873016,0.001587306,0.0015873043,0.0015873016,0.0010008678,0.3346442273,0.0010015695,0.2549372494,0.0574625278,0.001001708,0.3489501711,0.0010016791,0,0,0,0,0,1,0,-0.3173909247,0.0748882836,-0.1417427255,-0.3637570264,-0.0133070512,0.1850119602,-0.0432356649,0.131818705,-0.3196283435,-0.3208897222,0.0034446581,-0.254487657,0.0148207086,-0.0533573604,-0.1536490311,-0.1869405123,-0.0143081134,-0.2233969345,0.3023375857
/17/6.mp3,0.001136364,0.0011363641,0.0011363637,0.0455049977,0.2525891114,0.0011363637,0.0011363639,0.0011363651,0.0011363637,0.2180804907,0.1565085641,0.314816832,0.0011363643,0.0011363639,0.0011363637,0.0011363639,0.0012531437,0.4350996494,0.0012531328,0.001253137,0.001253137,0.549862717,0.001253139,0.0012531374,0.0012531345,0.0012531346,0.0012531328,0.0012531366,0.0012531352,0.0012531328,0.0007819546,0.3594500624,0.1680658371,0.0702312273,0.000782654,0.1361208453,0.0647286786,0.1998387406,0,0,0,0,0,0,1,0.1893870353,-0.2639081413,-0.0018494079,0.3115725564,0.0784699734,-0.2613079943,-0.3101210426,0.1583585617,0.1817881169,0.1829884489,0.0292400023,0.063040956,0.1875600074,-0.0742551332,0.1672611988,0.1232799481,0.0838168828,0.0964726181,-0.2306976642
/17/4.mp3,0.0010775871,0.0010775863,0.0010775896,0.0010775862,0.0010775863,0.0010775862,0.0010775862,0.0010775862,0.0010775862,0.7531403194,0.0010775862,0.0349973746,0.001077587,0.0010775862,0.1978536798,0.0010775865,0.4149230326,0.1357509045,0.0010660981,0.2889290174,0.0010661012,0.1497360446,0.0010661029,0.0010661015,0.0010660994,0.0010661003,0.0010660981,0.001066101,0.0010661005,0.0010660981,0.0006617475,0.0006622122,0.4497681966,0.3704608489,0.1764597311,0.0006626489,0.000661989,0.0006626258,0,0,0,0,0,0,1,-0.10142661,0.0079384805,-0.0793988092,-0.0156005053,-0.0201138662,-0.0823041932,-0.0453692965,0.0845736124,-0.2032192501,-0.2078822667,0.0239999739,-0.0524297391,-0.2456282014,-0.0853088348,0.0496761751,0.0232100803,0.0693660737,-0.0599796178,0.1118256905
/17/5.mp3,0.4871833666,0.0008680556,0.0008680562,0.0260662348,0.0008680556,0.0008680556,0.0008680558,0.0008680566,0.0096149664,0.0008680556,0.0008680557,0.0008680556,0.0008680557,0.0843489898,0.078859162,0.3052467225,0.0009041653,0.9882459029,0.0009041591,0.0009041623,0.0009041616,0.0009041631,0.000904163,0.0009041618,0.0009041602,0.0009041604,0.0009041591,0.0009041615,0.0009041605,0.0009041591,0.0005509095,0.0005510291,0.2555799089,0.0005516829,0.1077068952,0.0881017553,0.0005511425,0.5464066766,0,0,0,0,0,1,0,-0.4683451838,0.0045005938,0.1097764922,-0.3497833976,-0.4139073419,0.1923009842,0.1849537654,-0.0776748201,-0.3083946481,-0.2743438519,-0.1195967225,-0.2208545452,-0.3855325009,-0.0960696562,0.0088760286,-0.1869357212,-0.2847871695,-0.1176198937,0.1467554137
/17/1.mp3,0.0010593229,0.0010593223,0.0010593225,0.001059322,0.4976995375,0.0010593221,0.0634984725,0.001059322,0.0010593222,0.0701294634,0.001059322,0.1925442441,0.0960970776,0.001059322,0.0694379822,0.0010593225,0.7589529298000001,0.2267613244,0.0011904762,0.0011904803,0.0011904799,0.0011904817,0.0011904817,0.0011904802,0.0011904777,0.0011904779,0.0011904762,0.0011904795,0.0011904782,0.0011904762,0.0007278565,0.0344537148,0.0007279814,0.8338622542,0.0007276993,0.0687269793,0.0600456176,0.0007278969,0,0,0,0,1,0,0,0.1664197008,-0.0672426471,0.0739160799,0.1073893776,0.1098471692,-0.1581062939,0.0169024333,-0.0301473738,0.1048014984,0.1721959476,-0.1185158499,0.0395116796,0.1175217029,0.0496903026,-0.1872258201,0.0823416485,0.0554277987,-0.0923492713,-0.2116606414
/17/2.mp3,0.0137399841,0.0006793478,0.0362818464,0.0006793478,0.0006793478,0.0006793478,0.0006793479,0.0006793478,0.0006793479,0.8913146376000001,0.0006793478,0.0006793478,0.0006793479,0.0006793478,0.000679348,0.0505113576,0.0006675601,0.8325391825,0.0006675567,0.0006675591,0.0006675584,0.0006675595,0.0775300558,0.0717718756,0.0006675574,0.0006675577,0.0006675567,0.0006675583,0.0114833054,0.0006675567,0.0004100489,0.0004102994,0.7882721886,0.1027508596,0.1069256418,0.0004102676,0.0004101474,0.0004105467,0,0,0,1,0,0,0,-0.369067316,-0.0112058988,0.1068541287,-0.4005711507,-0.2892805121,0.0085440901,0.0023035162,-0.1830101752,-0.1597243823,-0.1897515358,0.0861810514,-0.309132242,-0.3059021122,-0.2519417586,-0.1137895692,-0.1383512892,-0.0174570051,-0.2962028434,0.0623166724
/17/3.mp3,0.0009615385,0.0191696737,0.0009615386,0.0009615385,0.0009615386,0.8245233758,0.0009615385,0.0804819714,0.0009615385,0.0009615387,0.048828711,0.0164193444,0.0009615385,0.0009615385,0.0009615386,0.0009615385,0.001098914,0.9857142424,0.0010989011,0.0010989047,0.0010989048,0.0010989064,0.0010989066,0.0010989052,0.0010989026,0.0010989026,0.0010989011,0.0010989044,0.0010989032,0.0010989011,0.0006761163,0.0006768327,0.2147547459,0.2525689733,0.3651410205,0.0860952328,0.000676369,0.0794107095,1,0,0,0,0,0,0,0.1992590127,-0.4241041166,-0.1595319205,0.1779288554,0.1687568859,-0.464847486,-0.4180005849,0.1964762804,0.2803912691,0.2413357999,-0.2568571939,-0.1639284703,0.2114530714,0.0485896308,-0.0272556508,0.1117722538,0.1238073394,-0.1021369387,-0.2607641681
/1/7.mp3,0.0009615385,0.2577737212,0.0009615385,0.0009615385,0.2421769507,0.0009615385,0.0009615385,0.0009615385,0.0009615385,0.0009615386,0.0736128517,0.4148980136,0.0009615392,0.0009615385,0.0009615385,0.0009615387,0.8589382080000001,0.0516808461,0.0010660981,0.0010661022,0.0010661014,0.0010661033,0.0776538414,0.0010661017,0.0010660995,0.0010660998,0.0010660981,0.0010661019,0.0010661003,0.0010660981,0.0006552745,0.0006559703,0.0006551617,0.7213270231000001,0.2321265762,0.0006554862,0.0432689869,0.0006555211,0,0,0,0,0,0,1,-0.1079793573,0.0589494682,-0.1790940564,-0.2641672906,-0.0399597751,-0.1757698686,-0.059364751,-0.0718350065,-0.3143689116,-0.2772287394,0.0331651362,-0.2414658389,-0.2345027499,-0.1779055788,-0.0841640472,-0.0782594393,0.0569775186,-0.1423606539,0.0169091863
/1/6.mp3,0.0005122953,0.0005122952,0.6457909603,0.0005122951,0.0005122951,0.0005122951,0.0005122952,0.0005122951,0.0168268577,0.0005122952,0.0005122951,0.1169850169,0.0005122957,0.0005122951,0.2142496229,0.0005122953,0.3810876084,0.1672158759,0.0005854801,0.0005854821,0.1249916614,0.0168384508,0.285444096,0.000585482,0.0197384593,0.0005854809,0.0005854801,0.0005854817,0.0005854811,0.0005854801,0.0003574687,0.1232214582,0.0003577841,0.3996688899,0.1061907583,0.0003577736,0.0451698437,0.3246760235,0,1,0,0,0,0,0,-0.0287315889,0.0302966754,0.0048670466,-0.0654590128,-0.0077639149,0.0005351245,0.0389340627,-0.0288708723,-0.0371178113,0.0040980064,0.0737156911,0.1014621977,0.0059401735,-0.0510941159,0.0049808799,-0.0308792036,-0.0883965675,0.1435735544,0.0169091863
/1/4.mp3,0.0005122951,0.0005122952,0.0005122951,0.0005122951,0.0005122951,0.3807892767,0.0005122951,0.0909088509,0.0005122951,0.0005122951,0.521642036,0.0005122951,0.0005122951,0.0005122952,0.0005122951,0.0005122951,0.0785426974,0.0005807239,0.0005807201,0.0005807218,0.3536520535,0.0005807226,0.5614173143,0.000580722,0.0005807208,0.0005807208,0.0005807201,0.0005807216,0.0005807211,0.0005807201,0.6418364661,0.0003576383,0.0003577081,0.000357782,0.1354391135,0.0935684014,0.0003577033,0.1277251872,0,0,0,1,0,0,0,-0.1940975174,0.0589494682,-0.0087994977,-0.3914585686,-0.0824908795,0.1550149077,0.028071338,-0.0423113078,-0.3902882574,-0.3728124592,0.0331651362,-0.4042283504,-0.3099493161,-0.2903550405,-0.1022904962,-0.2472025195,-0.2335492821,-0.2614669797,0.0169091863
/1/5.mp3,0.0013020836,0.0013020834,0.4869790064,0.0013020834,0.0013020834,0.0013020833,0.0013020834,0.0013020833,0.0013020835,0.0894214073,0.0013020833,0.406672497,0.001302084,0.0013020833,0.0013020877,0.0013020836,0.1565334194,0.0014005703,0.0014005602,0.0014005648,0.0014005645,0.6060275867,0.1996125209,0.001400565,0.001400562,0.0238208389,0.0014005602,0.0014005641,0.0014005628,0.0014005602,0.0008629732,0.2140892241,0.0008633847,0.2841973768,0.2674788593,0.0008634432,0.2307811943,0.0008635443,0,0,0,0,0,0,1,0.0902469745,-0.3435773401,-0.1769299847,-0.0430904144,0.0808694606,-0.2379344673,-0.1324481011,-0.1121138434,0.0104642273,0.014833688,-0.0948909006,0.0723798486,0.0072356178,0.0194744947,0.0485725522,-0.0266510968,-0.1189789272,0.0702929903,-0.2337112678
/1/1.mp3,0.0007102279,0.0007102273,0.0007102278,0.0007102275,0.0007102276,0.0007102273,0.0007102276,0.0007102273,0.4147602539,0.0007102274,0.0007102273,0.0007102287,0.4028178012,0.0007102273,0.1731889855,0.0007102284,0.1678015729,0.2040895356,0.0007598784,0.000759881,0.2557074295,0.0007598819,0.0403952949,0.000759881,0.0007598794,0.0007598795,0.0007598784,0.0007598806,0.3251672485,0.0007598784,0.0004671263,0.0763425045,0.0946276858,0.2320248149,0.0004671797,0.1489915527,0.4466119508,0.0004671852,0,0,0,0,0,1,0,-0.032893188,-0.2072827836,-0.227869247,0.0259911736,-0.0302366742,-0.2342011337,-0.2541359777,0.0088641166,0.1109405372,0.2020344358,-0.082602431,0.0159358832,0.1851391395,0.0278467199,-0.1041894555,0.0482021519,0.0246944115,0.0052299082,-0.1641487119
/1/2.mp3,0.0014204556,0.0014204548,0.6549538850000001,0.0014204545,0.0014204546,0.0014204546,0.1405463162,0.0014204545,0.0014204549,0.0014204548,0.0014204545,0.0548877507,0.1325665881,0.0014204545,0.001420455,0.0014204576,0.0015873144,0.0015873145,0.0015873016,0.0015873075,0.0015873069,0.979365016,0.0015873096,0.0015873074,0.0015873038,0.0015873041,0.0015873016,0.0015873064,0.0015873046,0.0015873016,0.0010009278,0.2109219194,0.0010020925,0.4937352723,0.0010018896,0.0010013461,0.2884669372,0.0028696151,0,0,1,0,0,0,0,-0.159895441,0.2334482518,-0.0950492031,-0.1688289668,-0.0979187232,0.2185054307,0.1084014047,-0.153049897,-0.298863571,-0.1328397384,-0.0167713257,-0.104638051,-0.2030763574,-0.0496240033,0.046412178,-0.0550455171,-0.075072937,-0.0575261979,-0.0097225819
/1/3.mp3,0.0004844962,0.0004844962,0.0088510493,0.0004844973,0.1374611701,0.0004844961,0.0004844962,0.0004844962,0.0816371445,0.0004844962,0.1524310458,0.3608745259,0.0004844966,0.0004844961,0.1838242584,0.0705603389,0.0004995033,0.0004995042,0.0004995005,0.0004995023,0.0004995018,0.8636374663,0.0004995026,0.0004995019,0.0004995011,0.130368512,0.0004995005,0.0004995018,0.0004995012,0.0004995005,0.0003059835,0.4320296482,0.0713254374,0.0003062207,0.000306048,0.051694737,0.4437257605,0.0003061648,0,1,0,0,0,0,0,0.0087941884,-0.3269395991,0.0528603849,-0.0208953688,0.0444663536,-0.3547531023,-0.3467793056,0.0020303135,0.2734007083,0.1173386697,-0.1467993898,0.1278148531,0.1688445006,0.0543536354,-0.2677880866,-0.0223515233,-0.1822022682,0.0078421316,-0.3657317613
/10/7.mp3,0.0004310345,0.0004310345,0.0004310345,0.0004310345,0.0004310353,0.0004310345,0.0004310345,0.0004310345,0.0004310345,0.0004310345,0.0004310345,0.9935344819,0.0004310345,0.0004310345,0.0004310345,0.0004310345,0.0004793875,0.9937679663,0.0004793864,0.0004793882,0.0004793873,0.0004793882,0.000479388,0.0004793873,0.0004793868,0.0004793871,0.0004793864,0.0004793873,0.0004793869,0.0004793864,0.0002915059,0.0002915722,0.9979584431,0.0002916455,0.0002916587,0.0002916243,0.0002916523,0.0002918979,0,0,0,0,0,1,0,-0.4369438423,0.0616761046,0.044594691,-0.2052126176,-0.2529746822,0.0413159116,-0.0470249973,-0.0291340263,-0.3616376756,-0.3378700515,0.052877392,0.0490822293,-0.0527785817,0.0055201276,0.0664366058,-0.0192731467,-0.1175018536,0.0016485559,0.1282738801
/10/6.mp3,0.0014204554,0.0014204546,0.0014204547,0.0014204545,0.1404763254,0.0014204545,0.0730602617,0.0014204545,0.0014204547,0.6126099259000001,0.0014204546,0.0014204546,0.0014204546,0.0014204545,0.1568080311,0.0014204546,0.8560282808,0.0015873124,0.0015873016,0.0015873064,0.0015873063,0.0015873084,0.0984114079,0.0015873067,0.0015873034,0.0015873037,0.0015873016,0.0015873058,0.0280999535,0.0015873016,0.0190306504,0.080017279,0.0009936797,0.1685572893,0.0009936714,0.6449140835,0.0844999361,0.0009934105,0,1,0,0,0,0,0,-0.2371096046,0.039323103,-0.3261651589,-0.3490987458,-0.1015960089,0.0402953686,-0.1776742191,-0.0507949409,-0.2161299382,-0.3020704259,-0.0958134831,-0.2130395385,-0.1463412659,-0.1635691198,0.039640619,-0.0454019158,-0.1216912196,-0.0919468104,-0.0869714484
/10/4.mp3,0.00132979,0.0013297883,0.0013297875,0.0013297879,0.0013297877,0.0013297873,0.0013297895,0.1306017323,0.0013297874,0.0013297927,0.3278192899,0.5242917285,0.0013297886,0.0013297873,0.0013297873,0.0013297878,0.2212250012,0.5507173179,0.0015197568,0.001519762,0.0015197616,0.0015197639,0.001519764,0.1128696969,0.0015197587,0.001519759,0.0015197568,0.099990385,0.0015197595,0.0015197568,0.0919404138,0.1317259404,0.2496542623,0.0916581343,0.2053637632,0.1313893422,0.0973335723,0.0009345715,1,0,0,0,0,0,0,0.0397262494,0.0706192356,0.0532743098,0.0333319124,0.0317033485,0.0268638907,0.0295716273,0.1157536116,0.0230406454,0.0640358038,0.0547854876,0.0138636704,0.0305281964,0.0177529444,-0.003419668,-0.0164521658,-0.0614443174,0.0511440712,-0.0760073141
/10/5.mp3,0.0011363644,0.3775453384,0.0011363638,0.0011363642,0.5049739344,0.0011363647,0.0011363642,0.0011363637,0.0011363637,0.0011363651,0.0553199944,0.0485243629,0.0011363647,0.0011363637,0.0011363637,0.0011363641,0.2329013459,0.7534931822000001,0.0011337868,0.0011337907,0.0011337903,0.0011337921,0.0011337921,0.0011337907,0.0011337882,0.0011337885,0.0011337868,0.00113379,0.0011337888,0.0011337868,0.0972085273,0.0926747338,0.2046878986,0.0007075441,0.196730545,0.2011559062,0.0007073473,0.2061274977,0,1,0,0,0,0,0,0.1871253632,0.0186889316,-0.0193251939,0.0945556338,0.0840451796,-0.0172098658,-0.0701801771,0.09957758,0.0983392559,0.1193552938,0.0290318456,0.0718738013,0.0072356178,0.0522450336,0.0347349285,0.0192150792,0.0519801816,0.0670565457,-0.069114216
/10/1.mp3,0.0027173913,0.0027173916,0.0027173915,0.0027173915,0.1732147259,0.0461962693,0.0027173913,0.6545425833,0.0027173913,0.0027173915,0.0027173923,0.0934377234,0.0027173914,0.0027173916,0.0027173914,0.0027173913,0.0027473096,0.5106706926,0.0027472527,0.002747262,0.0027472621,0.0027472661,0.0027472665,0.4563621507,0.0027472564,0.0027472567,0.0027472527,0.0027472611,0.002747258,0.0027472527,0.1538308177,0.0017643479,0.3593410069,0.0017634232,0.0017638455,0.1037234323,0.3760491057,0.0017640208,1,0,0,0,0,0,0,0.0598881878,-0.0569615586,-0.0020156361,-0.0270724594,-0.0181237322,-0.1419077493,-0.2121270053,-0.0028354352,0.0113134414,0.0208978217,0.001757385,0.0297660899,0.0209934412,0.0400395926,0.0490801159,-0.0153422162,-0.0945972823,0.0249171577,-0.0905590578
/10/2.mp3,0.0009469699,0.0009469698,0.0009469697,0.0009469697,0.0009469698,0.0009469697,0.9857954519,0.0009469697,0.0009469698,0.0009469709,0.0009469697,0.0009469698,0.0009469703,0.0009469697,0.0009469697,0.0009469699,0.0734358919,0.9135770662,0.0010822511,0.0010822547,0.0010822545,0.0010822561,0.0010822562,0.0010822549,0.0010822525,0.0010822526,0.0010822511,0.0010822542,0.001082253,0.0010822511,0.0006616291,0.0006617089,0.0006623405,0.0006624146,0.000662355,0.1737869555,0.0006619274,0.8222406691,0,0,1,0,0,0,0,-0.2266022686,-0.0676056288,0.0531809845,-0.1046676883,-0.2600143221,0.0437119519,0.0236206798,-0.0423113078,-0.1832435281,-0.2078789312,0.0331651362,0.0354664971,-0.2460547202,0.0194744947,0.0675707222,-0.0330437724,-0.1159913454,0.0371786425,0.0169091863
/10/3.mp3,0.3393892235,0.0016447377,0.0016447374,0.055013041,0.1758426579,0.001644737,0.0016447369,0.05645546,0.0016447369,0.0016447374,0.0987043139,0.1217144614,0.0016447383,0.0016447372,0.0016447374,0.1380782062,0.2364312221,0.6030043967000001,0.0017857143,0.0017857204,0.0017857197,0.0017857225,0.0017857225,0.0017857202,0.0017857165,0.0017857168,0.0017857143,0.1409214818,0.0017857179,0.0017857143,0.173561384,0.1471273935,0.0010987666,0.3444897969,0.0817538185,0.1097885241,0.1410817759,0.0010985407,0,0,0,0,0,0,1,0.2169226441,0.0560157419,-0.0754836606,-0.0484586504,0.1268829136,0.0424807306,0.0224428023,-0.0283196708,0.0247026796,0.0003312416,0.0070388694,0.0025203315,-0.0172204701,-0.0201084913,-0.0027600682,-0.0268653685,-0.1194699406,0.0213707399,-0.0654292525
/19/7.mp3,0.0014534886,0.0014534894,0.0014534887,0.0014534941,0.1614750535,0.0014534885,0.0014534885,0.0014534884,0.0014534885,0.1885192432,0.0214032533,0.1404803891,0.0014534911,0.4721336771,0.0014534885,0.0014534893,0.9458538761,0.0016233899,0.0016233766,0.0016233825,0.0346655524,0.0016233843,0.0016233843,0.0016233821,0.0016233787,0.0016233791,0.0016233766,0.0016233813,0.0016233795,0.0016233766,0.0879247597,0.001017772,0.001017989,0.1784636066,0.0010180879,0.7285211375,0.001018544,0.0010181032,0,0,0,0,0,1,0,-0.1673582514,0.0081485187,-0.0499730967,-0.3066060771,-0.0201799566,-0.2567112189,-0.1825529951,-0.013053361,-0.3347756418,-0.2869312819,0.0340023727,-0.2702728364,-0.1384214469,-0.2351109632,-0.0769477549,-0.0952910652,-0.0346114256,-0.251110299,0.0406922406
/19/6.mp3,0.0009057972,0.0009057971,0.0009057972,0.0009057971,0.0586549533,0.0009057971,0.4037416319,0.0009057971,0.0009057972,0.4507942198,0.0009057971,0.0009057981,0.0009057971,0.0009057971,0.0759396283,0.0009057971,0.7962806872,0.1921362739,0.000965251,0.0009652544,0.0009652538,0.0009652553,0.0009652553,0.000965254,0.0009652521,0.0009652524,0.000965251,0.0009652555,0.0009652533,0.000965251,0.0256847588,0.0005935552,0.00059344,0.1379290815,0.1554246651,0.636015285,0.000593442,0.0431657725,0,1,0,0,0,0,0,-0.0960392063,0.0610954108,-0.0776492319,-0.0511642635,-0.0778579501,-0.2070222223,-0.086447349,-0.054227477,-0.1214117069,-0.1989912651,-0.0202128394,0.0436098324,0.0055801078,0.0089649513,0.0170240139,0.0916205115,0.0877540918,-0.0139850254,-0.0374838926
/19/4.mp3,0.0016025641,0.0016025641,0.0016025641,0.0016025641,0.0016025641,0.0016025641,0.0016025641,0.739852927,0.0016025641,0.0016025641,0.0016025642,0.0016025641,0.0016025641,0.2377111754,0.0016025641,0.0016025641,0.0018315168,0.9761904119,0.0018315018,0.0018315079,0.0018315077,0.0018315104,0.0018315106,0.0018315083,0.0018315042,0.0018315044,0.0018315018,0.0018315071,0.0018315051,0.0018315018,0.0011373382,0.4731914439,0.1220576877,0.001138135,0.071586521,0.0011382534,0.3286122125,0.0011384084,0,0,0,1,0,0,0,-0.5238157981,0.2804422752,-0.3330622889,-0.4478791693,-0.3986279509,0.1338851011,0.0509074461,-0.0623733021,-0.5287114369,-0.4254053977,-0.2096521981,-0.508356516,-0.5739736273,-0.2285712501,0.0736768637,-0.0297783986,-0.0787102052,-0.3646226473,0.2425109939
/19/5.mp3,0.0016447369,0.0016447369,0.001644737,0.3742484272,0.0779597001,0.0016447369,0.0016447368,0.0873549147,0.0016447369,0.2302605457,0.001644737,0.0678747256,0.0016447369,0.1458543176,0.001644737,0.0016447369,0.5173329368,0.0018797117,0.0018796992,0.0018797048,0.0018797048,0.3615667713,0.0018797074,0.0018797053,0.0018797015,0.0018797016,0.0018796992,0.0018797042,0.1004235529,0.0018796992,0.0011587574,0.0998158692,0.0011594803,0.3332368001,0.1369581367,0.2401766619,0.0011605696,0.1863337247,1,0,0,0,0,0,0,0.1005294847,-0.3366219544,-0.1602091442,-0.0256448285,0.015067984,-0.2304473116,-0.194165697,0.0547103769,-0.2298815987,-0.3108088146,-0.3055365814,-0.1432866312,-0.1309630269,-0.0302169662,-0.0283175484,-0.0353603777,0.0097789153,-0.2125264381,-0.2154848852
/19/1.mp3,0.0006009616,0.0006009616,0.0006009616,0.0006009616,0.1303300157,0.0006009616,0.0006009616,0.0006009615,0.0006009616,0.7139926163,0.0006009615,0.1478648671,0.0006009619,0.0006009615,0.0006009616,0.0006009617,0.1094268764,0.5716088617,0.0006377551,0.0006377572,0.0006377571,0.000637758,0.311948942,0.0006377572,0.0006377559,0.000637756,0.0006377551,0.0006377569,0.0006377562,0.0006377551,0.0003910195,0.1977659487,0.0003913463,0.2589240125,0.1676157106,0.1398556464,0.0797724109,0.1552839051,0,1,0,0,0,0,0,0.2414981933,-0.4801045514,-0.2021158489,0.1710238323,0.2186489494,-0.3505235699,-0.2387770621,-0.1036042867,0.1083586464,0.1601746649,-0.1642276602,0.0256875267,0.0965131619,-0.037893422,-0.0730095754,0.16775677,0.1888461696,-0.0412137797,-0.2792842294
/19/2.mp3,0.0181181031,0.0018382354,0.0018382355,0.0018382353,0.0018382354,0.0018382353,0.0018382372,0.0018382353,0.6826652451,0.0018382354,0.0018382353,0.0018382354,0.0018382361,0.0018382353,0.0472132963,0.2299445288,0.0018797131,0.9755638481,0.0018796992,0.0018797057,0.0018797047,0.0018797077,0.0018797077,0.0018797052,0.0018797015,0.0018797019,0.0018796992,0.0018797043,0.0018797023,0.0018796992,0.0011585027,0.2852801757,0.001159715,0.0011593203,0.2438941367,0.0011586075,0.088854579,0.3773349631,0,0,0,0,0,1,0,-0.3139879057,0.0790770163,-0.2605235462,-0.4105072384,-0.2264661286,0.0186729872,0.0386734475,-0.2509674909,-0.3243863862,-0.3770562374,-0.1435532941,-0.286751899,-0.3973359114,-0.2023768726,-0.0781023218,0.0154933933,0.0981152104,-0.3125294249,0.0524474698
/19/3.mp3,0.001024591,0.0010245902,0.0439291689,0.0010245903,0.0010245913,0.0010245902,0.0010245902,0.0251690893,0.0010245902,0.3517106618,0.0010245904,0.2787217013,0.0010245907,0.0010245903,0.2891988834,0.0010245905,0.1551807,0.2352205514,0.0010989011,0.0010989049,0.0010989045,0.3307123609,0.0010989063,0.0010989049,0.0010989025,0.267897354,0.0010989011,0.0010989042,0.001098903,0.0010989011,0.0006761502,0.1437761019,0.5974049463000001,0.2554356277,0.000676913,0.000676828,0.0006764743,0.0006769586,0,0,1,0,0,0,0,0.1906140688,-0.46313585,-0.1914720853,0.1052661962,0.0070566558,-0.2205567676,0.0177217938,-0.0417622778,-8.931830000000001e-05,-0.0206935881,-0.2859113723,0.1339753763,0.2552701747,0.0596181658,-0.1005460963,0.0776431732,-0.0491552714,0.1365211983,-0.1630427043
/26/7.mp3,0.0016447368,0.0016447378,0.0016447368,0.2235935624,0.0016447369,0.001644737,0.0016447368,0.7533801134,0.0016447369,0.0016447368,0.0016447434,0.0016447369,0.0016447373,0.0016447369,0.0016447368,0.0016447368,0.1003862594,0.337308796,0.0018796992,0.0433201031,0.0018797047,0.0018797077,0.0018797077,0.001879705,0.0018797014,0.001879702,0.0018796992,0.5001878095,0.0018797057,0.0018796992,0.684137926,0.0011700682,0.0011705465,0.0011700014,0.0011705914,0.0011701507,0.0011702838,0.3088404322,0,0,0,1,0,0,0,-0.1145898092,0.0921115029,-0.2865101796,-0.198723596,-0.0714971083,0.1212138515,0.0258429547,-0.1073195477,-0.3091833633,-0.3768403658,-0.1727963641,0.0789644039,-0.1130005318,0.0194744947,0.0666880851,0.0609265687,-0.0245871781,0.0636898036,0.0892639924
/26/6.mp3,0.3393573379,0.0034722222,0.0034722305,0.0034722222,0.0034722225,0.0034722222,0.0034722222,0.0034722222,0.0034722222,0.4754458015,0.0034722222,0.1400579619,0.0034722222,0.0034722222,0.0034722232,0.0034722225,0.3189559339,0.0037594242,0.0037593985,0.0037594102,0.0037594094,0.0037594145,0.4847762627,0.0037594102,0.0037594028,0.0037594034,0.0037593985,0.0037594171,0.1549143161,0.0037593985,0.002501807,0.2320664471,0.2962152388,0.002504531,0.002504933,0.097209907,0.0025032813,0.3644938549,0,0,0,0,0,0,1,-0.0276211371,-0.3163714565,-0.3519252158,-0.2694543403,-0.03681676,-0.1723110914,-0.1765320334,-0.1170222767,-0.1556269048,-0.2426112233,-0.1460444682,0.1691985165,0.2102143896,0.0875662098,0.063223276,0.1382220508,0.114682922,0.1435735544,-0.1951799832
/26/4.mp3,0.0031250003,0.0031250005,0.1705726969,0.0031249999999999,0.1521936239,0.0031250001,0.0031250001,0.0031249999999999,0.0031250001,0.3874489391,0.0031249999999999,0.2522847332,0.0031250042,0.0031249999999999,0.0031250002,0.0031250012,0.0035714555,0.9535713073,0.0035714286,0.0035714408,0.0035714396,0.0035714451,0.0035714452,0.0035714406,0.003571433,0.0035714337,0.0035714286,0.0035714386,0.0035714347,0.0035714286,0.0023170051,0.4398476799,0.2392705158,0.0023182348,0.1412790119,0.002320405,0.1703280717,0.0023190758,0,0,0,0,0,0,1,-0.1001625827,-0.1777456491,-0.0218950208,-0.3004332294,-0.1837064758,-0.0068375511,-0.1740689578,-0.1126892165,-0.3473582398,-0.2069279486,-0.2353155687,0.031149192,0.0091462883,-0.0169479122,-0.0094300725,-0.0266218247,0.1751579335,-0.0118547023,-0.1150226202
/26/5.mp3,0.0003156568,0.0003156566,0.384525195,0.0003156567,0.0003156566,0.0003156566,0.0003156566,0.0003156572,0.0003156566,0.0372774405,0.0003156567,0.2473446659,0.0003156567,0.0003156566,0.1460936044,0.1812868706,0.2170393718,0.045527651,0.0003518649,0.0003518661,0.000351866,0.6663131914,0.0003518665,0.0003518661,0.0003518653,0.0676011298,0.0003518649,0.0003518659,0.0003518655,0.0003518649,0.0002134587,0.1831215421,0.4122515453,0.000213684,0.0894545624,0.2579330806,0.0002135434,0.0565985834,0,1,0,0,0,0,0,0.0242502667,-0.4201306607,-0.2465696211,0.1174300862,0.0736679368,-0.2905405203,-0.362984158,-0.1495403412,0.1464874921,0.1059814823,-0.4021858064,0.285533784,0.2022688299,0.1822866144,0.1176824012,0.2084728489,-0.0774937389,0.1940147771,-0.4363194234
/26/1.mp3,0.0008928572,0.2005315642,0.0008928572,0.0996444836,0.6176570593,0.0008928572,0.0008928571,0.0566888489,0.0008928572,0.0008928572,0.0008928583,0.0008928572,0.0008928572,0.015656614,0.0008928572,0.0008928572,0.4916465107,0.4964487009,0.0009920635,0.000992067,0.000992066,0.0009920677,0.0009920675,0.0009920662,0.0009920645,0.0009920665,0.0009920635,0.0009920659,0.0009920666,0.0009920635,0.0006164548,0.0021888674,0.2270051292,0.0006168474,0.427488321,0.0842742946,0.0457704067,0.2120396788,0,0,0,1,0,0,0,-0.027120217,-0.1771215437,-0.020217278,0.0977481858,-0.1639964419,-0.1563987005,-0.1464851792,-0.0376369994,0.0278228351,0.0587519634,-0.0062146188,0.232131526,0.2919168091,0.2897912937,0.063223276,0.1836221292,0.1381831744,0.1435735544,-0.165921794
/26/2.mp3,0.0022321435,0.0022321436,0.002232143,0.0022321429,0.002232143,0.002232143,0.0022321434,0.0022321429,0.0022321429,0.7122849334,0.0348798828,0.2238173242,0.0022321429,0.0022321429,0.0022321429,0.0022321429,0.5892806700000001,0.0025510391,0.0025510204,0.0025510289,0.114968403,0.0025510321,0.2676896366,0.0025510289,0.0025510235,0.002551024,0.0025510204,0.0025510275,0.002551025,0.0025510204,0.0015831815,0.0015847313,0.2939488598,0.4268487266,0.0015852795,0.0015854339,0.0015838143,0.2712799731,0,0,1,0,0,0,0,-0.3365303499,0.2172059141,-0.1231134737,-0.3262773657,-0.2956172614,0.2436949055,0.1833607704,-0.2857843479,-0.2002381103,-0.2031402423,0.0173488678,-0.1909599429,-0.0981669602,-0.109657908,0.0043683811,-0.0224652596,-0.0566610199,-0.0186138626,-0.0038388268
/26/3.mp3,0.0003955696,0.0003955696,0.0003955696,0.0003955696,0.0003955696,0.0003955696,0.0003955702,0.0003955696,0.7291708045,0.0003955696,0.0003955696,0.0003955696,0.0003955696,0.0003955696,0.2652912203,0.0003955696,0.0004302949,0.6533212273,0.0004302926,0.0459107331,0.0004302936,0.0004302943,0.0004302942,0.1607356323,0.000430293,0.0672130926,0.0004302926,0.0689466734,0.0004302936,0.0004302926,0.0002633918,0.3563432884,0.3516054345,0.0002634738,0.0022243147,0.0002633974,0.000263654,0.2887730454,0,0,0,0,0,1,0,-0.3935259291,-0.07546232,0.1859614533,-0.1867046471,-0.2042398691,-0.0799975477,-0.0731410107,-0.0150856006,-0.3232971388,-0.284841593,-0.1494220755,0.0789644039,-0.0327340869,0.0194744947,0.1012671241,0.0775318381,-0.0739639287,0.1435735544,-0.1647635251
/8/7.mp3,0.0014204552,0.2828134853,0.0014204548,0.0792013142,0.0014204548,0.0014204567,0.001420455,0.0740962782,0.0014204547,0.0663121837,0.2011932074,0.080990014,0.1531803178,0.0508495584,0.0014204547,0.0014204553,0.9213838789,0.0016234033,0.0016233766,0.0016233826,0.0016233817,0.0016233844,0.0016233844,0.0016233822,0.0273193673,0.0016233791,0.0016233766,0.0334395467,0.0016233795,0.0016233766,0.0009930978,0.0734628348,0.0009939772,0.4526947946,0.0009939062,0.2280115421,0.0191379928,0.2237118544,0,1,0,0,0,0,0,-0.0475377438,-0.3380168623,0.0426158397,0.0049587239,0.0684817694,-0.3356127963,-0.3937695166,0.0300831623,0.0269281882,0.0262951082,-0.0381669758,-0.0103217625,0.1007725298,-0.0400163625,-0.0551781862,-0.0266510968,0.0004851853,-0.0563491207,-0.3704223324
/8/6.mp3,0.0232106368,0.0010593223,0.2933174537,0.001059322,0.0010593221,0.0010593221,0.056376862,0.001059322,0.0010593258,0.0010593223,0.001059322,0.3371053884,0.0010593239,0.001059322,0.2588555528,0.0205408798,0.5088632011,0.2296185421,0.0011520737,0.0011520778,0.001152077,0.0011520789,0.0011520788,0.0011520772,0.2488454162,0.0011520764,0.0011520737,0.0011520768,0.0011520765,0.0011520737,0.0007072051,0.1244412301,0.0007075587,0.3781257593,0.1011024263,0.0768936103,0.1271127599,0.1909094503,0,0,1,0,0,0,0,-0.1052499172,0.0045335732,-0.04128853,-0.068887338,-0.0323444347,-0.0752998061,-0.1982517653,-0.2523314335,0.0286773996,0.0067729603,-0.1774435834,0.0035844512,0.0044174156,-0.0017854509,-0.0066154897,-0.0034069314,0.0031762159,-0.1317876306,-0.2497791858
/8/4.mp3,0.0007911392,0.0007911394,0.0007911393,0.0007911392,0.1661572826,0.0007911393,0.0007911392,0.0007911392,0.0007911392,0.0007911393,0.5054167565000001,0.3181411505,0.0007911392,0.0007911392,0.0007911393,0.0007911392,0.0008305671,0.9892026385,0.0008305648,0.0008305679,0.0008305664,0.0008305679,0.0008305676,0.0008305665,0.0008305655,0.000830566,0.0008305648,0.0008305665,0.0008305657,0.0008305648,0.7039966768,0.2929646655,0.000506391,0.000506427,0.0005062158,0.0005065635,0.0005068263,0.0005062342,0,0,0,1,0,0,0,-0.684282921,0.1826023046,-0.4207918437,-0.6983619028,-0.5830172502000001,0.1859438527,-0.0656447543,-0.2609584814,-0.566075226,-0.4705216701,0.0905715253,-0.5228860307000001,-0.5850083257,-0.4031615176,0.0703844914,-0.2340308644,-0.3101572754,-0.3919488658,0.3944173701
/8/5.mp3,0.0007911392,0.0007911394,0.0007911392,0.0007911393,0.0007911393,0.0007911393,0.0007911392,0.1546327629,0.0007911392,0.0007911392,0.80893018,0.0261522468,0.0007911392,0.0007911393,0.0007911392,0.0007911392,0.0008403389,0.6567474933,0.0008403361,0.0008403393,0.0645678783,0.0008403394,0.2694409151,0.000840338,0.0008403369,0.0008403374,0.0008403361,0.0008403379,0.0008403372,0.0008403361,0.4112816073,0.2431402727,0.0966672639,0.0005126939,0.0005125467,0.0005126657,0.2468602678,0.0005126819,0,0,0,1,0,0,0,-0.0472416889,-0.3902986717,-0.3846511095,-0.2346607124,0.0028166519,-0.4338168582,-0.4562501374,0.0276836048,0.0323812469,0.0180196707,-0.0666639983,-0.1826046334,0.0473610146,-0.1327154847,-0.1423583527,-0.1037654104,-0.1593756279,-0.1524862517,-0.3819399439
/8/1.mp3,0.0009615385,0.3108203667,0.0009615386,0.0009615389,0.0557253916,0.0009615385,0.0009615385,0.0009615434,0.0009615385,0.0919579703,0.0009615399,0.5299578011,0.0009615392,0.000961539,0.0009615386,0.0009615387,0.2902060885,0.0010989107,0.0010989011,0.0010989056,0.5012766955,0.1964292716,0.0010989067,0.001098905,0.0010989026,0.001098903,0.0010989011,0.0010989045,0.0010989031,0.0010989011,0.0006796755,0.0006798482,0.4470699908,0.2193724176,0.0006804125,0.0853051181,0.0006799388,0.2455325986,0,0,0,0,0,0,1,0.1013731875,-0.3492644434,0.0049381589,0.2706337834,0.1965257163,-0.2531373554,-0.2957897607,-0.0423113078,0.0269281882,0.0217600873,-0.2910325215,0.0273804663,0.0918084125,0.0194744947,-0.0470801993,0.0574002996,0.0867470556,-0.0075071666,-0.4274225408
/8/2.mp3,0.0028409092,0.6140062429,0.0028409092,0.0028409091,0.002840915,0.0028409092,0.0028409091,0.0028409091,0.0028409091,0.0028409093,0.3065641667,0.0424977633,0.0028409109,0.0028409091,0.0028409091,0.0028409096,0.6259528074,0.0032467766,0.0032467532,0.3350860346,0.0032467614,0.0032467664,0.0032467661,0.0032467616,0.0032467566,0.0032467578,0.0032467532,0.0032467848,0.0032467669,0.0032467532,0.0020176273,0.0020204886,0.4594050082,0.0020186668,0.4521337791,0.0783662018,0.0020185155,0.0020197128,0,0,0,0,0,0,1,-0.0301888394,-0.408096275,-0.0951068291,-0.056954079,-0.0113853543,-0.3465261903,-0.1920889775,-0.1052698607,0.0158606692,0.1056183738,-0.1348547037,-0.084861553,0.1621063534,0.0181452116,-0.0585010095,0.1432905138,0.2552829547,-0.1335649368,-0.3299428204
/8/3.mp3,0.0031249999999999,0.0031250006,0.0031250003,0.0031250001,0.4272880452,0.0031250001,0.0031249999999999,0.0031249999999999,0.0031249999999999,0.1838026406,0.2504038986,0.101005414,0.0031249999999999,0.0031249999999999,0.0031250003,0.0031249999999999,0.0034013856,0.9557822039,0.0034013605,0.0034013726,0.0034013698,0.0034013762,0.003401375,0.0034013705,0.0034013644,0.0034013655,0.0034013605,0.0034013693,0.0034013657,0.0034013605,0.0021569366,0.4510113667,0.3246637395,0.0021580061,0.2135326619,0.0021596366,0.0021585073,0.0021591454,0,1,0,0,0,0,0,-0.4984990923,0.286896939,-0.1170393067,-0.4197410309,-0.3347291395,0.0017889309,0.0349238208,-0.2486144204,-0.292468481,-0.3949927586,-0.0070238305,-0.393853861,-0.4712788806,-0.2985072393,-0.1562647491,-0.1483040007,0.0060433836,-0.3875302612,0.0478838451
/21/7.mp3,0.00078125,0.6359563802,0.00078125,0.00078125,0.00078125,0.1110101761,0.00078125,0.1266813601,0.00078125,0.00078125,0.0007812505,0.00078125,0.00078125,0.1169770831,0.00078125,0.00078125,0.3610861156,0.439499678,0.0008710801,0.0008710834,0.0008710821,0.0008710836,0.0008710833,0.0008710821,0.000871081,0.0008710826,0.0008710801,0.1645117854,0.0261916026,0.0008710801,0.0317826404,0.0700826523,0.3179633407,0.0005350079,0.2925624564,0.0005351751,0.2031856373,0.0833530901,0,0,0,0,0,0,1,0.0399172091,-0.120196975,-0.054610855,-0.017660434,0.0387749276,0.0357005856,0.0921020137,0.0212538524,0.1001054314,0.0851793695,-0.0043651631,0.1047758989,0.1174012357,0.0671762583,0.0699151507,-0.0073177433,-0.0641281138,0.0890765667,-0.1005285253
/21/6.mp3,0.0003720239,0.0003720238,0.2379528733,0.1243662292,0.0003720242,0.0003720238,0.0305585979,0.0122856181,0.2559904826,0.0003720238,0.0003720238,0.0003720238,0.021796756,0.0003720238,0.1159620017,0.1981112502,0.1358958533,0.698555326,0.0004128819,0.0092470496,0.1521729437,0.0004128838,0.0004128837,0.0004128832,0.0004128824,0.0004128827,0.0004128819,0.000412883,0.0004128828,0.0004128819,0.0002511779,0.0116060223,0.3499193532,0.00025145,0.0519889832,0.1986812187,0.0002512832,0.3870505115,0,0,0,0,1,0,0,-0.2066193335,0.0885563482,0.0214194924,-0.1815743009,-0.1502902222,0.0409943655,0.0270748787,-0.0365718014,-0.0115827548,-0.0507028496,0.0217608375,-0.0609169659,-0.1186518373,0.0146819559,0.0771995953,-0.0350512232,-0.1978931328,0.0137764393,0.0168897632
/21/4.mp3,0.0016447371,0.0016447378,0.0016447372,0.001644737,0.115478306,0.0566296482,0.0016447369,0.6521836855,0.0016447369,0.0016447373,0.0856648408,0.0719514069,0.0016447405,0.001644737,0.0016447369,0.0016447379,0.111864432,0.7493786727,0.0017421603,0.0017421661,0.0017421659,0.1195930935,0.0017421686,0.0017421664,0.0017421626,0.0017421628,0.0017421603,0.0017421653,0.0017421634,0.0017421603,0.1248767558,0.0011180734,0.2254785131,0.0785440279,0.2373814204,0.001118057,0.1465966501,0.1848865022,1,0,0,0,0,0,0,0.0930557471,0.0294381868,3.56008e-05,0.0137169969,0.0288319689,0.067285067,0.0552951805,0.073525598,0.1337821795,0.0268720088,0.0600460039,-0.1569900634,-0.0423076841,0.0177714952,-0.0219553438,0.0056804153,-0.0311779066,-0.1435692702,0.1079468665
/21/5.mp3,0.000625,0.0006250001,0.000625,0.0461888117,0.5774005828000001,0.0406249884,0.000625,0.000625,0.000625,0.000625,0.000625,0.3282856163,0.0006250006,0.000625,0.000625,0.000625,0.0006675606,0.6730812434,0.0006675567,0.0006675591,0.1891258006,0.1304498167,0.0006675595,0.0006675587,0.0006675575,0.0006675577,0.0006675567,0.0006675584,0.0006675577,0.0006675567,0.4950375725,0.0544674201,0.0373491614,0.0004092731,0.0663328918,0.0004093809,0.0004092378,0.3455850624,0,0,0,1,0,0,0,0.0987183052,-0.2496382852,-0.1254410604,0.0837927171,-0.02257008,-0.0972863429,0.0342905144,-0.2577130956,0.0375871555,-0.0036778338,-0.2031693039,-0.0098383794,0.0381543939,0.0073786285,-0.0626668914,-0.0377025428,-0.0846752037,-0.0503760086,-0.172821582
/21/1.mp3,0.0010964941,0.0010964915,0.1239583636,0.1406952793,0.0010964913,0.0010964913,0.0010964912,0.0010964928,0.0010964913,0.0010964941,0.1761187818,0.2801770002,0.0010964919,0.0010964914,0.0010964915,0.2669891627,0.327864329,0.6593424662,0.0010660981,0.0010661017,0.0010661013,0.001066103,0.001066103,0.0010661016,0.0010660994,0.0010660996,0.0010660981,0.0010661011,0.0010660999,0.0010660981,0.0006554337,0.0006561076,0.0537506538,0.0006556507,0.0262028497,0.3479676971,0.0006568868,0.5694547205,0,1,0,0,0,0,0,-0.0096708493,-0.0295005489,0.0676822246,0.03124813,0.1665644635,-0.1432879862,-0.0866822101,0.0717311347,0.1384625808,0.0808294218,-0.0828019334,-0.1108719929,0.0427011618,0.0352489812,-0.0061315695,0.0781493469,0.1142906131,-0.0854412239,-0.1629166578
/21/2.mp3,0.0002367425,0.0002367425,0.0002367424,0.0386935524,0.0002367426,0.0002367424,0.6891916996,0.0002367424,0.2578040184,0.0002367425,0.0114698193,0.0002367424,0.0002367427,0.0002367424,0.0002367429,0.0002367425,0.3448221312,0.0002675244,0.0002675227,0.0291872766,0.0696159727,0.1000103315,0.0388202322,0.0608942728,0.0746511226,0.0370983186,0.0002675227,0.243562726,0.0002675233,0.0002675227,0.0001626851,0.0256999227,0.0526811435,0.0655921322,0.2204226445,0.6351157907,0.000162829,0.0001628522,0,0,0,0,0,1,0,-0.2297465877,-0.0053879903,-0.0184565967,-0.15258603,-0.2137275902,0.0563883735,0.1177495045,-0.1228065935,-0.1893040171,-0.1541253017,0.0288546197,-0.3229464479,-0.3862421029,-0.2199043361,0.1765991647,-0.2044725771,-0.2905469988,-0.1997630606,0.1147358081
/21/3.mp3,0.0028409092,0.0587922258,0.0028409096,0.0028409091,0.0931154096,0.0028409092,0.0028409091,0.0486213851,0.0028409091,0.6371675383000001,0.1310534288,0.0028409179,0.0028409112,0.0028409091,0.0028409092,0.0028409097,0.5280733139,0.2041559944,0.0032467532,0.0032467654,0.2320563259,0.0032467692,0.0032467692,0.0032467646,0.0032467575,0.0032467583,0.0032467532,0.0032467629,0.0032467591,0.0032467532,0.0020862873,0.0020893359,0.0020872639,0.0020865262,0.0020876784,0.0020863268,0.1241333688,0.8633432127,0,1,0,0,0,0,0,0.0732046006,-0.159479915,0.0401318123,0.0227053518,0.0194376949,-0.2602837944,-0.3280208718,0.0302507571,0.0974439435,0.0562017716,0.0718379318,-0.1252883891,0.1934032844,-0.0270298896,-0.028861221,0.0435739384,0.0019620055,-0.1040203734,-0.1657371329
/75/7.mp3,0.0020161292,0.0928501545,0.0020161294,0.002016131,0.1844689026,0.0270418674,0.0020161291,0.0020161291,0.0020161291,0.0020161295,0.0395201071,0.6339415446000001,0.0020161294,0.0020161291,0.0020161293,0.0020161298,0.3623013642,0.4548792901,0.0023041475,0.0023041554,0.0023041547,0.1574736728,0.0023041583,0.0023041553,0.0023041504,0.0023041508,0.0023041475,0.002304154,0.0023041515,0.0023041475,0.00142196,0.0014230188,0.0014227778,0.4156758822,0.1610345475,0.0014235097,0.4161752546,0.0014230494,0,0,0,0,0,0,1,-0.5192255648,0.3980261884,-0.3148328674,-0.5574945743,-0.3688591893,0.1969962565,0.1599707462,-0.3147715712,-0.3968026223,-0.4755381092,0.0525224958,-0.4865179288,-0.5089791455,-0.3525239603,0.0840304427,-0.0995776697,-0.1189789272,-0.3068260825,0.2558101048
/75/6.mp3,0.0003531074,0.0003531076,0.0003531075,0.0003531074,0.0003531078,0.0003531074,0.0003531074,0.0003531074,0.0003531074,0.8547251616,0.0003531089,0.1403313324,0.0003531076,0.0003531073,0.0003531076,0.0003531074,0.1467871556,0.0003990454,0.0003990423,0.0003990437,0.2435106508,0.0929146318,0.4466187625,0.0003990437,0.0003990428,0.0003990429,0.0003990423,0.0003990435,0.0665774104,0.0003990423,0.0002433623,0.0148351417,0.1977334684,0.1640992871,0.024679785,0.1576047287,0.0002434301,0.4405607967,0,0,1,0,0,0,0,0.0265045699,-0.270247282,0.0765100568,0.2025098923,0.0663458974,-0.2715892475,0.0036577717,-0.2746109926,0.1315579774,0.1426753156,-0.2433310143,0.1247656423,0.2605771253,0.1168888313,0.0210770797,0.0217458702,-0.1097371703,0.1394990974,-0.3292600316
/75/4.mp3,0.0056818182,0.0056818194,0.0056818183,0.0056818182,0.0056818475,0.0056818184,0.0056818182,0.0056818183,0.0056818182,0.0056818187,0.3692479004,0.5512066130000001,0.0056818182,0.0056818182,0.0056818188,0.0056818182,0.2996815266,0.0059524504,0.005952381,0.6288896646000001,0.005952403,0.0059524157,0.0059524151,0.0059524047,0.00595239,0.0059523923,0.005952381,0.0059524016,0.0059523932,0.005952381,0.313768653,0.1723560765,0.4492687347,0.0037923335,0.0037895625,0.0494354542,0.0037966547,0.0037925308,0,0,0,0,0,0,1,-0.3711282485,0.2817345713,-0.3250685723,-0.509619021,-0.4510987602,0.3499160861,0.1894798445,-0.2387919566,-0.4133647707,-0.427963245,0.0645399987,-0.3843072978,-0.6204006379,-0.3682373769,0.0567089841,-0.3170068778,-0.1765293505,-0.4175041509,0.283330221
/75/5.mp3,0.0011160715,0.6401086262,0.0011160715,0.0011160714,0.0571382694,0.0011160715,0.0011160715,0.0011160714,0.0011160715,0.0011160716,0.0011160719,0.0011160716,0.19015997,0.0011160714,0.0011160715,0.0992002762,0.7521002858,0.2331213549,0.0012315271,0.0012315314,0.0012315308,0.0012315327,0.0012315327,0.001231531,0.0012315286,0.0012315289,0.0012315271,0.0012315321,0.0012315298,0.0012315271,0.0007582539,0.0007595396,0.0007590307,0.3665252412,0.2925367472,0.3371432959,0.0007587838,0.0007591077,0,0,1,0,0,0,0,0.2128697835,-0.2709222898,0.0540094756,0.0097006095,0.0960075438,-0.3015279606,-0.3483638944,0.0525336303,0.0488026659,0.0891364406,-0.0095702536,-0.0206345713,0.1048997332,0.0501562736,-0.1451324645,-0.0884187058,0.0071847151,-0.1608468897,-0.1466988662
/75/1.mp3,0.0044642861,0.41260601,0.0044642866,0.0044642911,0.0044642861,0.2341860899,0.0044642858,0.0044642858,0.004464286,0.0044642866,0.2951721726,0.0044642866,0.0044642868,0.004464286,0.0044642862,0.0044642878,0.0051020936,0.9336732644,0.0051020408,0.0051020573,0.0051020599,0.0051020669,0.0051020684,0.0051020619,0.0051020482,0.0051020481,0.0051020408,0.0051020574,0.0051020515,0.0051020408,0.0032079249,0.0032122889,0.0032122831,0.0032113443,0.5458001334,0.0032133867,0.0032087716,0.4349338671,0,1,0,0,0,0,0,-0.0282070225,-0.1525608801,-0.1022113061,0.1401968188,-0.0627759608,-0.0288684467,0.0049148582,-0.0091203596,0.131086865,-0.1203387872,-0.1745222141,-0.1030607843,0.0170526713,0.0194744947,-0.3331688531,-0.0249232619,0.0354476151,-0.2130000861,-0.2294373576
/75/2.mp3,0.0008928571,0.5290172068,0.0008928571,0.0008928572,0.0008928571,0.059631615,0.0008928571,0.3997440349,0.0008928571,0.0008928571,0.0008928573,0.0008928571,0.0008928572,0.0008928573,0.0008928572,0.0008928571,0.0009920708,0.9227796714,0.0009920635,0.0009920668,0.0009920665,0.065315538,0.0009920681,0.0009920668,0.0009920647,0.0009920649,0.0009920635,0.0009920662,0.0009920652,0.0009920635,0.0006102157,0.1235959486,0.0820707889,0.0150106874,0.2822857657,0.0006110384,0.0006104174,0.4952051379,0,0,0,0,0,0,1,0.0170189278,-0.0685648208,-0.1239553328,0.0591466652,-0.0131620117,-0.0971424644,-0.0394109513,-0.0371578954,-0.0375224901,-0.0006613576,-0.0867646566,-0.0875370562,-0.1089363981,-0.0681531233,-0.1554414343,-0.1109387805,-0.1883285748,-0.1368815976,-0.3065219332
/75/3.mp3,0.0168736168,0.0009328363,0.000932836,0.000932836,0.0009328359,0.0009328359,0.0009328359,0.0009328358,0.0009328359,0.8382101349000001,0.0152772748,0.0009328366,0.0009328364,0.0159126209,0.1034651559,0.0009328361,0.8025022524000001,0.0009920691,0.0009920635,0.000992066,0.0009920659,0.1855929616,0.0009920671,0.0009920662,0.0009920645,0.0009920653,0.0009920635,0.0009920657,0.0009920657,0.0009920635,0.0006072436,0.061612039,0.0652088745,0.8052631358,0.0654854839,0.0006079007,0.000607359,0.0006079634,0,0,0,0,0,0,1,-0.0754760014,-0.2109283822,-0.1778066978,0.002987179,-0.0498915856,-0.2432873715,-0.3198754305,-0.0233820867,0.1242707684,0.0072626864,-0.2096397466,0.0882049114,0.1249646274,0.0383866684,-0.2468571152,-0.0093218537,0.0151949954,-0.0433388808,-0.3136276243
/81/7.mp3,0.1911967894,0.0032894745,0.0032894755,0.0032894737,0.0032894867,0.0032894738,0.0032894744,0.0032894737,0.003289474,0.238422034,0.0032894737,0.2801437755,0.0032894796,0.0032894737,0.250763692,0.0032894759,0.122637324,0.8322497882000001,0.0037593985,0.003759411,0.0037594114,0.0037594168,0.0037594174,0.0037594126,0.0037594035,0.0037594039,0.0037593985,0.0037594099,0.0037594057,0.0037593985,0.002359551,0.0023600299,0.7108250616,0.0023624042,0.1372692554,0.1401003209,0.0023605891,0.0023627879,0,0,0,0,0,0,1,-0.1079793573,0.1301837251,0.0048425652,-0.0574479308,-0.0824908795,0.0703235683,0.0433128059,-0.3459094941,-0.3035748257,-0.4152502431,0.0331651362,0.0789644039,-0.1275245778,0.0194744947,0.063223276,-0.0206633253,-0.0179649354,0.085020483,0.0373510056
/81/6.mp3,0.0014534884,0.0014534886,0.0014534884,0.3203912005,0.0014534884,0.0014534884,0.0014534884,0.5476343741,0.0014534884,0.0406872614,0.0738453025,0.0014534884,0.0014534887,0.0014534885,0.0014534884,0.0014534884,0.1456374468,0.3801049266,0.0015873016,0.0377321809,0.2922859359,0.0015873081,0.0838263858,0.0015873055,0.0015873032,0.0015873061,0.0015873016,0.0015873127,0.0477146838,0.0015873016,0.0009772368,0.2894221377,0.6314097746,0.0009779501,0.0009782103,0.0009779935,0.0009779497,0.0742787474,0,0,0,0,1,0,0,-0.1076602459,0.0589494682,0.0493446474,-0.0574479308,-0.0824908795,0.0424823839,0.0231977174,-0.0507299468,-0.0318019274,-0.0553440321,0.0331651362,0.0789644039,0.0072356178,0.0194744947,0.063223276,-0.0266510968,-0.0779436107,0.0303806048,-0.030635112
/81/4.mp3,0.0010416679,0.0010416669,0.0276522191,0.0010416667,0.0010416668,0.0010416667,0.4940240092,0.0010416667,0.3020178729,0.0010416675,0.0010416667,0.0010416668,0.0010416681,0.0010416667,0.09164134,0.0732062214,0.2702457525,0.0011520816,0.0011520737,0.0011520773,0.2690190544,0.4299404513,0.0011520789,0.0011520775,0.0192739776,0.0011520753,0.0011520737,0.0011520768,0.0011520757,0.0011520737,0.0007105591,0.0007107351,0.2196612971,0.405927169,0.0007115423,0.1359724619,0.0007108363,0.2355953993,0,0,1,0,0,0,0,-0.4545092256,0.0818892571,0.0491407484,-0.3012001316,-0.4622290462,0.0420811484,0.0231977174,-0.1768173188,-0.2874780266,-0.3885212376,0.0331651362,-0.1072742588,-0.4401678724,-0.2360746276,0.063223276,-0.2018534669,-0.1189789272,-0.310408151,0.0169091863
/81/5.mp3,0.0013020833,0.0013020833,0.0013020833,0.0013020848,0.0013020834,0.0013020833,0.0013020864,0.7919734858,0.1897973424,0.0013020833,0.0013020835,0.0013020833,0.0013020837,0.0013020834,0.0013020833,0.0013020833,0.0012755155,0.4326883915,0.0012755102,0.0012755149,0.0012755131,0.0319995565,0.001275515,0.3743571022,0.0012755115,0.0012755121,0.0012755102,0.1279734516,0.0215018854,0.0012755102,0.6620332897,0.0007828946,0.2096599048,0.0007823995,0.0007827437,0.0007832354,0.1243929792,0.0007825532,0,0,0,1,0,0,0,-0.0949161723,-0.3282204861,-0.2930471677,-0.0420559398,-0.1303539982,-0.0892337304,-0.1333040697,0.0498291121,0.0269800545,0.009300061,-0.281885906,-0.1481065381,-0.0062741134,-0.0430507743,0.0363502408,-0.0266510968,-0.0402626977,-0.107090315,-0.1693270999999999
/81/1.mp3,0.0006868133,0.0006868135,0.0006868133,0.0006868135,0.0006868133,0.0006868132,0.0006868132,0.0006868132,0.0006868132,0.0974379032,0.1635460774,0.4980400498,0.23273421,0.0006868132,0.0006868132,0.0006868135,0.4938181155,0.4968650941,0.0007763975,0.0007764001,0.0007763999,0.0007764011,0.0007764011,0.0007764001,0.0007763985,0.0007763986,0.0007763975,0.0007763997,0.0007763988,0.0007763975,0.0597141861,0.0646376126,0.0004725213,0.3712346286,0.2346406926,0.1935528321,0.000472698,0.0752748287,0,0,0,0,0,0,1,-0.0854869234,-0.06757792,-0.1006742171,-0.0574479308,-0.0824908795,-0.1074059263,-0.1859149196,-0.0423113078,0.0008361731,0.0040980064,-0.204559976,-0.0600847281,0.0133868331,-0.0028891589,-0.1541495913,-0.0818476253,-0.017826922,-0.0056442723,-0.1018309049
/81/2.mp3,0.0012019232,0.0012019231,0.0012019236,0.0012019231,0.0012019231,0.0012019231,0.0012019231,0.0012019231,0.0012019231,0.9393419052,0.0012019231,0.0012019231,0.0012019231,0.0012019231,0.043831171,0.0012019231,0.0908347975,0.7805354935000001,0.0013477089,0.0013477134,0.0013477132,0.0013477152,0.0013477153,0.0013477136,0.1138048767,0.0013477108,0.0013477089,0.0013477128,0.0013477113,0.0013477089,0.0008449903,0.0008452584,0.1819724523,0.0008461615,0.0008460162,0.0008455979,0.000845342,0.8129541815,0,0,1,0,0,0,0,-0.1736176669,0.0698253615,0.0493446474,-0.279721636,-0.2194171482,0.1306117326,0.2070717779,-0.1548563336,-0.1031249125,-0.0667516635,0.2150947277,0.0817037654,-0.2001301594,0.0527065727,-0.0137731351,-0.184467773,-0.1282634345,-0.1799045546,0.0497624191
/81/3.mp3,0.000672043,0.0006720431,0.0006720431,0.0006720433,0.1162711068,0.000672043,0.000672043,0.0006720452,0.000672043,0.3203102103,0.0006720434,0.5430358911000001,0.0006720437,0.0006720433,0.0006720431,0.0123182716,0.134041894,0.2534134805,0.0007142857,0.0007142881,0.084149669,0.000714289,0.4351820584,0.0007142881,0.0007142866,0.0867843143,0.0007142857,0.0007142877,0.000714287,0.0007142857,0.0060488285,0.0555909067,0.0004363851,0.0004363874,0.5622015663000001,0.000436472,0.1392129184,0.2356365357,0,0,0,0,0,0,1,0.1507337059,-0.2878313165,0.0933311038,-0.0113930165,0.1674632341,-0.392093257,-0.2835480519,-0.0423113078,0.2186884688,0.0040980064,-0.059134571,0.0789644039,0.1083012199,0.0194744947,-0.371206303,-0.007824575,0.01360594,-0.0937436566,-0.1891516551
/86/7.mp3,0.030952822,0.0013586957,0.0013586989,0.0013586957,0.0013586957,0.0013586957,0.0013586976,0.0013586957,0.3420231641,0.0430010891,0.0013586957,0.0013586957,0.0013586957,0.0013586957,0.4338612933,0.135215974,0.0012755167,0.4694956382,0.0012755102,0.0012755148,0.5151982062,0.0012755156,0.0012755153,0.0012755137,0.0012755116,0.0012755121,0.0012755102,0.0012755133,0.001275512,0.0012755102,0.3493587546,0.0007875755,0.4568020345,0.0007874347,0.1899011181,0.0007877626,0.0007876664,0.0007876536,1,0,0,0,0,0,0,-0.037796477,-0.2429428123,0.0428049824,0.1536067923,0.0251943903,-0.1067983942,-0.0820340069,0.0140827182,0.0397635384,0.0024343196,-0.0881754292,0.1167111745,0.0791520377,0.1376565595,-0.0891653627,-0.0276000552,-0.1153886562,0.0374128904,-0.1560655392
/86/6.mp3,0.0005165289,0.0005165289,0.0005165289,0.0005165315,0.000516529,0.0005165289,0.6406747779,0.000516529,0.3520938137,0.0005165289,0.0005165289,0.0005165289,0.0005165296,0.0005165289,0.0005165289,0.000516529,0.0751558719,0.5357836976,0.0005807201,0.027721824,0.0005807219,0.0005807228,0.0005807228,0.0005807221,0.0005807208,0.0005807209,0.0005807201,0.355531394,0.0005807211,0.0005807201,0.000354245,0.0003543658,0.1284509347,0.0003547514,0.2283812846,0.2519609498,0.000354427,0.3897890417,0,0,0,0,0,0,1,-0.1083273374,-0.2715824321,0.0381884418,-0.0405488337,-0.1869045724,0.0613689503,0.0385287991,-0.036076489,-0.0891239706,-0.0189654601,-0.1708106371,0.026838443,-0.2268358601,-0.0304557781,-0.0661648296,-0.0717756084,-0.0657084894,-0.0975026997,-0.1880057405
/86/4.mp3,0.5142751506000001,0.0029761905,0.1185100202,0.0029761905,0.0029761906,0.0029761905,0.0029761905,0.0029761905,0.0029761905,0.002976191,0.0029761905,0.3285243514,0.0029761905,0.0029761905,0.0029761912,0.0029761907,0.4138364349,0.0034013919,0.0034013605,0.0034013759,0.0034013711,0.4386456136,0.1101028681,0.0034013716,0.003401365,0.0034013666,0.0034013605,0.0034013867,0.0034013729,0.0034013605,0.0021200164,0.1812565767,0.7465601879,0.0021234947,0.0021229433,0.0615727773,0.0021208225,0.0021231812,0,1,0,0,0,0,0,-0.2449203977,-0.2248602595,-0.457582708,-0.3684661255,-0.2910032358,-0.2465833303,-0.2354417907,-0.0992923175,-0.3691301904,-0.3654571096,-0.1278237804,-0.3785122256,-0.4957347848,-0.3096927133,0.0875969626,-0.119102896,-0.1169443719,-0.3602945543,-0.1205802306
/86/5.mp3,0.0010775871,0.0010775863,0.0010775869,0.1755108582,0.1243136236,0.0010775862,0.0010775863,0.0010775862,0.0010775863,0.0010775863,0.0010775862,0.0010775864,0.195176481,0.0010775862,0.3232111625,0.1699344241,0.493212447,0.1651261545,0.0011520737,0.0011520778,0.0242902307,0.0338634539,0.254895351,0.0011520775,0.0193957572,0.0011520754,0.0011520737,0.0011520777,0.0011520761,0.0011520737,0.0938803315,0.0833030943,0.1424140467,0.1526509072,0.0007075325,0.2991607444,0.0582425798,0.1696407637,0,0,0,0,0,1,0,0.1267504613,-0.4036246072,-0.3855075572,-0.0640176204,-0.0620107852,-0.4782182417,-0.5014069638,-0.0592384911,-0.1151600338,0.001628093,-0.2128214315,0.0736497133,0.0165471599,0.0126777975,-0.1341136233,-0.0320068623,-0.1197911152,-0.129609814,-0.1537173975
/86/1.mp3,0.0005341881,0.0005341881,0.0005341881,0.000534188,0.0005341881,0.000534188,0.2126709141,0.000534188,0.4603678775,0.0005341881,0.000534188,0.0005341881,0.0005341887,0.000534188,0.0005341889,0.320016762,0.0005854832,0.9033280163,0.0005854801,0.0005854822,0.0364204449,0.0538112448,0.0005854825,0.0005854817,0.0005854807,0.0005854809,0.0005854801,0.0005854815,0.0005854809,0.0005854801,0.0248565405,0.0003567431,0.0972241524,0.445657607,0.3719437143,0.0003567743,0.0592477129,0.0003567554,0,0,0,0,0,1,0,0.0373560483,-0.2941223838,-0.0818939496,0.2060439288,0.0280857757,-0.2611379155,0.0427895207,-0.0413986961,0.0416874559,0.1406057895,-0.2121921404,-0.1035301049,0.1692017386,-0.0494069793,-0.2030425936,-0.0305941375,-0.0949987386,-0.2269298211,-0.3144465771
/86/2.mp3,0.8381914352000001,0.0013297872,0.109335079,0.0013297872,0.0013297872,0.0013297872,0.0013297872,0.0013297872,0.0013297872,0.0013297873,0.0013297872,0.0351862512,0.0013297873,0.0013297872,0.0013297875,0.0013297874,0.0014577367,0.2119044152,0.0014577259,0.0014577311,0.0014577304,0.3252237882,0.0014577328,0.4468367734,0.0014577278,0.0014577281,0.0014577259,0.0014577301,0.0014577285,0.0014577259,0.0008932748,0.0008937281,0.4516240376,0.1713300587,0.1816191691,0.0830633184,0.0008936773,0.1096827361,0,1,0,0,0,0,0,-0.4547418185,0.194943437,-0.0759589001,-0.4584018653,-0.4815801098,0.1197751598,0.0983078545,-0.3711128503,-0.3913299536,-0.292264023,0.0093398802,-0.4590671296,-0.5604742179000001,-0.3470566801,-0.0074009751,-0.3335298272,-0.1392812023,-0.3995501987,0.0257023802
/86/3.mp3,0.0010593221,0.5088647374,0.0010593221,0.001059322,0.1565654839,0.0010593221,0.0010593221,0.001059322,0.0010593221,0.0328717623,0.2357697205,0.0542757524,0.0010593228,0.001059322,0.001059322,0.0010593222,0.4417154027,0.1680188306,0.0011709602,0.2247025429,0.0011709633,0.1538535996,0.0011709651,0.0011709635,0.0011709615,0.0011709635,0.0011709602,0.0011709632,0.0011709636,0.0011709602,0.0007233656,0.1176599092,0.1080053062,0.3307007997,0.1149606395,0.000723509,0.3265026368,0.0007238339,0,0,0,0,0,0,1,0.1303749205,-0.4585556333,0.0170203043,0.1137980078,0.0795020648,-0.403279597,-0.3165606741,0.1475212877,0.2159764684,0.1799212249,-0.3552292441,0.0394137261,0.2042759154,-0.0786133156,-0.4483897413,-0.0674309149,0.0296466317,-0.0038221141,-0.4008644736
/72/7.mp3,0.0003172589,0.0003172589,0.0003172589,0.0003172589,0.0003172589,0.0003172589,0.5095216387,0.0003172589,0.4860367366,0.0003172589,0.0003172589,0.0003172589,0.000317259,0.0003172589,0.0003172589,0.0003172589,0.5102705545,0.3100962283,0.0003589375,0.0003589388,0.0003589385,0.0003589391,0.0003589391,0.0003589386,0.0003589379,0.0003589384,0.0003589375,0.0840867062,0.091957128,0.0003589375,0.0002186862,0.1209011905,0.1649773233,0.1080485912,0.0002189039,0.5721774535,0.0002187592,0.0332390921,0,0,0,0,0,1,0,-0.1125866405,-0.1018661712,-0.091804855,0.0160144942,-0.1208176086,0.0716977034,0.0648379551,-0.0282118869,0.0120202402,0.0137481048,0.0749305796,0.0963770966,-0.0035749026,0.1043677876,0.252961283,0.0310609746,-0.0940793256,0.1879603288,0.0598921296
/72/6.mp3,0.0016447371,0.0016447382,0.0016447373,0.0016447389,0.0016447371,0.0016447371,0.0016447369,0.6320743753,0.001644737,0.0016447373,0.0887841919,0.0016447373,0.0016447386,0.0016447371,0.001644737,0.257759846,0.2438351391,0.5818206885,0.0018315018,0.0018315081,0.0018315075,0.0018315103,0.0018315104,0.0018315081,0.154197606,0.0018315045,0.0018315018,0.001831507,0.001831505,0.0018315018,0.1305166935,0.001149726,0.0511672629,0.0011489929,0.0011489058,0.166458596,0.0011492304,0.6472605925,0,0,0,0,1,0,0,-0.0508427562,0.0627468961,0.1090842289,0.0039210549,0.1068336327,0.0465605519,0.015108796,0.0389848793,0.0269281882,0.0145474721,0.0532003352,0.1357466915,0.00782811,0.1526128359,0.176612561,0.1489629803,0.094935343,0.1650246038,0.049941245
/72/4.mp3,0.3083171299,0.0016025649,0.2336062207,0.1384226076,0.0016025643,0.0016025642,0.0016025642,0.2569836856,0.0016025642,0.0016025646,0.0016025642,0.0016025646,0.0450421449,0.0016025642,0.0016025665,0.0016025653,0.3771192533,0.5542382822,0.0017006803,0.0017006861,0.0017006855,0.0499349445,0.0017006882,0.001700686,0.0017006825,0.0017006827,0.0017006803,0.0017006851,0.0017006832,0.0017006803,0.0010608334,0.0253641302,0.0010613619,0.3052984805,0.2787937387,0.1654479141,0.221912282,0.0010612592,0,0,0,0,1,0,0,-0.1033131014,0.1656212851,0.1101069266,-0.0906201281,0.0165383535,0.0778535935,0.0600790508,-0.0041490011,-0.1840616418,-0.1442098895,0.2102162571,0.081912361,-0.057631572,0.0775734498,0.0731885423,0.0282367727,0.0990297044,0.1292183705,0.0889214921
/72/5.mp3,0.00189394,0.0018939395,0.0018939402,0.0018939394,0.0018939395,0.0018939394,0.0018939397,0.0018939394,0.0018939394,0.9715909038,0.0018939394,0.0018939395,0.0018939401,0.0018939394,0.0018939417,0.0018939396,0.4505610072,0.5242288532,0.0021008403,0.0021008475,0.0021008468,0.0021008501,0.0021008502,0.0021008474,0.0021008429,0.0021008434,0.0021008403,0.0021008463,0.002100844,0.0021008403,0.0013166436,0.0013183657,0.1418001537,0.1716136714,0.22816581,0.1262241104,0.0013170736,0.3282441716,0,0,1,0,0,0,0,-0.0434439765,0.0500128046,0.1159622575,-0.0394266741,-0.0531119545,0.0587418989,0.0506768835,0.0682708041,0.0542918267,0.0300239142,0.0838151667,0.103437148,-0.0777974067,0.0467803875,0.0865279197,0.0407320187,0.0620463654,0.1517878871,0.0241740856
/72/1.mp3,0.0029761907,0.0029761922,0.0029761909,0.0029761925,0.0511100012,0.150029047,0.0029761905,0.0029761907,0.0029761906,0.002976191,0.3947574545,0.0029761912,0.0029761924,0.0029761909,0.0029761907,0.3683892028,0.8200420758,0.0034013812,0.0034013605,0.0034013696,0.0034013702,0.0859478414,0.0034013747,0.0034013712,0.0034013645,0.0565950346,0.0034013605,0.0034013691,0.0034013659,0.0034013605,0.0021562516,0.0021575403,0.0937666551,0.467348348,0.002159095,0.0021582765,0.0021571973,0.4280966362,1,0,0,0,0,0,0,-0.063404355,-0.2316865717,0.0634738704,-0.0067442181,-0.0360487528,-0.0372878679,0.0347685614,0.056943994,0.1281601162,0.1207960874,-0.1158433314,0.0789644039,0.0072356178,0.0730836294,0.0386688998,0.0780939339,0.005560621,0.1083820798,-0.2438808349
/72/2.mp3,0.0024038475,0.0024038466,0.0024038477,0.2104130878,0.0024038464,0.0024038462,0.0024038462,0.0024038488,0.0024038462,0.0024038465,0.132933742,0.461717758,0.0024038468,0.0024038464,0.1660892503,0.0024038465,0.0025510453,0.7694417957,0.0025510204,0.0025510286,0.1999458696,0.0025510332,0.0025510338,0.0025510306,0.002551024,0.002551024,0.0025510204,0.0025510285,0.0025510256,0.0025510204,0.0016040329,0.6265378628,0.0676285778,0.0016058854,0.0016053784,0.0016066582,0.1130349108,0.1863766939,1,0,0,0,0,0,0,0.0027498052,0.0039819438,0.0675421659,-0.0652482385,-0.0168365725,0.057912968,0.044031343,-0.003634095,-0.1674569077,0.0323834328,0.0060488292,0.0979283816,0.0076000965,0.1045721346,0.1197527135,0.0021996238,-0.0281851601,0.149289275,0.060916952
/72/3.mp3,0.0115438929,0.0003698226,0.220681613,0.057599157,0.0003698227,0.0003698225,0.0003698225,0.0003698228,0.0064583517,0.5005711340000001,0.0003698225,0.032793422,0.02124802,0.0003698225,0.1461458286,0.0003698227,0.4001669696,0.3821153818,0.0003990423,0.0003990437,0.2133281736,0.0003990441,0.0003990441,0.0003990436,0.0003990428,0.0003990429,0.0003990423,0.0003990438,0.0003990431,0.0003990423,0.0002433728,0.0735279203,0.0618015491,0.0339904742,0.1323791522,0.2633678358,0.0002435306,0.4344461649,0,0,0,0,0,1,0,0.0276121156,-0.0579946402,0.0714832232,0.2223802241,0.0348252418,0.0168604703,0.0250410487,0.0291582967,0.2221375195,0.2923417621,0.0169748431,0.1798672599,0.0535474754,0.1173272517,0.0115314329,0.0570024992,-0.0654694173,0.1938323614,-0.3697572593
/44/7.mp3,0.37334462,0.0010593222,0.4149202052,0.001059322,0.0010593222,0.0010593221,0.0010593222,0.001059322,0.0010593221,0.0010593239,0.001059322,0.0010593222,0.0624065632,0.001059322,0.1131034128,0.0245726538,0.2842851732,0.6226730456,0.0011904762,0.0011904802,0.0011904799,0.0011904817,0.0011904817,0.0011904802,0.0799465133,0.0011904779,0.0011904762,0.0011904795,0.0011904782,0.0011904762,0.0007401123,0.0007407058,0.2534362071,0.31093577,0.2388581762,0.1938076839,0.0007403089,0.0007410358,0,0,1,0,0,0,0,-0.1016960508,0.0589494682,0.0694506918,-0.0574479308,-0.0608290149,0.0456704735,0.0231977174,-0.039069202,0.0260523924,-0.0107548194,0.0611953999,0.0789644039,0.0072356178,0.0442272995,0.0672120366,0.0310575704,-0.060430245,0.1435735544,0.0448600205
/44/6.mp3,0.0002009648,0.0002009646,0.0002009649,0.1152230905,0.0002009647,0.0002009646,0.0002009647,0.0002009647,0.0370286656,0.0002009646,0.0002009646,0.0002009646,0.0002009646,0.0032919124,0.8420447553,0.0002009647,0.0002225216,0.1337546294,0.0002225189,0.0002225197,0.0002225195,0.8635751344,0.0002225198,0.0002225195,0.0002225192,0.0002225203,0.0002225189,0.0002225195,0.0002225204,0.0002225189,0.0001352434,0.1506281757,0.3476265224,0.0001353113,0.0880716286,0.1286046375,0.0626325362,0.2221659449,0,0,0,0,0,1,0,-0.3193541453,-0.1588168676,0.1612532393,-0.0523625943,-0.1866630723,0.1018734337,0.0193913461,-0.1417096506,-0.0842233307,-0.0654931377,0.0423995569,0.0174463517,0.0052433732,0.0343318713,0.0422681172,-0.0345287693,-0.1148745328,-0.0076423945,0.0393703152
/44/4.mp3,0.001388889,0.1030427222,0.0013888891,0.0013888889,0.001388889,0.7410179728,0.0013888889,0.0462739356,0.0013888889,0.0013888891,0.0440822808,0.0503053085,0.0013888902,0.0013888889,0.0013888889,0.0013888893,0.0015528055,0.9798136153,0.001552795,0.0015528004,0.0015527995,0.0015528019,0.0015528018,0.0015527998,0.0015527968,0.0015527972,0.001552795,0.0015527991,0.0015527975,0.001552795,0.0009699766,0.1576644051,0.3744449238,0.0009708961,0.1861501619,0.000971459,0.1044819723,0.1743462052,0,0,0,0,0,0,1,-0.0192050408,-0.4750594392,-0.2252213273,0.0290015871,0.1840598894,-0.402184165,-0.3219724037,0.1386478515,0.0230507974,0.0377969188,-0.1675730615,-0.0445462736,0.0131424254,-0.0430365008,-0.2475857638,0.0003196367,-0.1379633244,-0.0151217389,-0.0669470831
/44/5.mp3,0.0024038463,0.002403847,0.0024038465,0.0024038478,0.0024038482,0.0024038463,0.0024038462,0.1946001039,0.0024038462,0.0024038466,0.0024038463,0.6135728942,0.1605769947,0.0024038463,0.0024038464,0.0024038469,0.0023809897,0.9690475197,0.0023809524,0.0023809605,0.0023809596,0.0023809633,0.0023809634,0.0023809603,0.0023809553,0.0023809558,0.0023809524,0.002380959,0.0023809564,0.0023809524,0.3095285106,0.0631373153,0.2203436011,0.0014908862,0.1274548772,0.112515737,0.1640381979,0.0014908748,0,0,0,0,0,0,1,-0.0327834581,0.0934136328,0.0490478257,-0.0607670581,0.0583905499,0.0501514613,0.0257711757,-0.0372467592,0.0272552189,0.0023314458,0.0465512949,-0.0490529031,0.0072356178,-0.0508352824,0.063223276,0.0004185055,-0.0628709633,0.1435735544,0.055684528
/44/1.mp3,0.002232143,0.0022321431,0.0022321431,0.0022321432,0.002232143,0.1446320959,0.0022321429,0.0277720679,0.002232143,0.0022321432,0.0022321438,0.5714494529,0.0022321441,0.002232144,0.2293606637,0.0022321432,0.3147632307,0.2912929817,0.0025510204,0.0025510294,0.243604631,0.0025510326,0.0025510327,0.1248289001,0.0025510237,0.0025510242,0.0025510204,0.0025510278,0.0025510249,0.0025510204,0.0015635533,0.1915489055,0.3542626371,0.446364319,0.0015655292,0.0015655132,0.0015641095,0.0015654332,1,0,0,0,0,0,0,-0.1857482227,-0.1066028538,-0.2002476289,-0.0867066017,-0.1992314216,0.159107525,0.1880053726,-0.0811766756,-0.086281311,-0.0563022578,-0.0863857618,-0.1411334576,-0.0184567255,-0.1358469929,-0.1068726772,0.0369514228,-0.0447117873,-0.0652406086,-0.0595486153
/44/2.mp3,0.0029761905,0.0029761911,0.0029761907,0.002976191,0.0029761932,0.0029761906,0.0029761905,0.0029761971,0.0029761905,0.0029761908,0.1321094103,0.7025315398,0.1266685613,0.0029761912,0.0029761907,0.0029761907,0.003105644,0.7123446114,0.0031055901,0.0031056,0.0031056018,0.2503881769,0.0031056069,0.003105603,0.0031055946,0.0031055945,0.0031055901,0.0031056002,0.0031055966,0.0031055901,0.0019552138,0.0019561097,0.1355264515,0.0019570617,0.3479583328,0.1547944695,0.0531096657,0.3027426954,0,0,0,0,0,0,1,-0.2707009044,-0.0507735724,-0.0037042043,-0.2385115759,-0.011026238,-0.1398682144,-0.1710787542,-0.0478513908,-0.0200646478,-0.0633447984,0.0388606265,-0.143505066,0.0031344138,-0.0295015693,-0.139743483,0.0372715753,-0.0080492298,-0.0759446223,0.1078082693
/44/3.mp3,0.1924470091,0.0012755104,0.2589054451,0.0012755106,0.0012755104,0.0012755102,0.0012755104,0.0012755156,0.0647589979,0.0826242242,0.0012755112,0.0012755104,0.0907457796,0.0012755108,0.2304304834,0.0686084608,0.5341760244,0.001347719,0.0013477089,0.0013477135,0.001347713,0.4496514294,0.0013477152,0.0013477134,0.0013477106,0.0013477108,0.0013477089,0.0013477127,0.0013477112,0.0013477089,0.000833746,0.0008338638,0.1308070756,0.1781695213,0.0008344276,0.2184705618,0.0008340317,0.4692167722,0,0,1,0,0,0,0,0.0373866519,-0.1598214539,-0.0223212092,0.0679968514,0.0182415745,0.0421555245,-0.0029021554,0.1047568982,0.1894524019,0.1235624197,0.1265807956,0.0262861647,0.1067929673,0.1107230477,-0.0979712463,0.0919580084,-0.0485638849,-0.0210084242,-0.0807949345
/110/7.mp3,0.0006313143,0.0006313132,0.0116798905,0.1012616062,0.2977819159,0.0006313131,0.041553075,0.0006313145,0.0006313132,0.018098333,0.0006313134,0.271608565,0.0006313135,0.0006313133,0.0204802332,0.2324858724,0.0352279488,0.143038514,0.0006002401,0.0006002421,0.3283031889,0.0006002429,0.000600243,0.2888032759,0.0101102535,0.000600241,0.0006002401,0.1796203899,0.0106947397,0.0006002401,0.0689764955,0.0733070751,0.3469309683,0.1391242436,0.0003683016,0.2263788007,0.0855816961,0.0593324191,0,0,0,0,1,0,0,0.0198509743,-0.1330774763,-0.0451318373,0.0831012083,-0.1280201716,-0.0919213352,-0.0169914427,0.0743788341,-0.0871784835,-0.0749660095,-0.0145404798,0.0291000747,0.0283016529,-0.2509297703,-0.4264767624,-0.1602178675,-0.1624971795,0.0196514637,-0.0860958837
/110/6.mp3,0.0386160074,0.706724055,0.0650288043,0.001420455,0.045137314,0.0014204546,0.0014204546,0.0014204546,0.0014204546,0.0261256362,0.0014204555,0.1041636332,0.0014204562,0.0014204546,0.001420455,0.0014204553,0.5565786806,0.3962433155,0.0015197568,0.0015197622,0.0015197612,0.0015197636,0.0015197635,0.0015197615,0.0015197586,0.001519759,0.0015197568,0.0015197653,0.0304606385,0.0015197568,0.000933546,0.018829776,0.4566064346,0.3998511144,0.0009347287,0.1209758523,0.0009339439,0.000934604,1,0,0,0,0,0,0,0.0760699447,-0.2631341876,0.0791463753,0.1054218606,0.1518292467,-0.3453453651,-0.2393159599,0.0698489295,0.0962968851,0.024215026,-0.0312813448,-0.1053412351,0.0401911896,-0.0850877105,-0.2523363238,-0.0516218815,-0.0063115637,-0.1535394594,0.0407633413
/110/4.mp3,0.0006793479,0.8468693637,0.0006793479,0.0006793479,0.0006793483,0.0006793479,0.0006793479,0.0209489305,0.0006793478,0.0006793479,0.0006793483,0.1233501813,0.0006793487,0.0006793479,0.0006793479,0.0006793481,0.2253383119,0.3577645352,0.000736377,0.0007363795,0.0007363793,0.4087969897,0.0007363804,0.0007363795,0.000736378,0.0007363781,0.000736377,0.0007363791,0.0007363783,0.000736377,0.0004467895,0.0618473835,0.0004472171,0.0004472793,0.4196877144,0.1411848168,0.0004471453,0.3754916541,1,0,0,0,0,0,0,-0.113775773,-0.477932212,-0.0572548938,0.0751340024,-0.1748045005,-0.3637377835,-0.1903050345,-0.2617812774,-0.2226781599,-0.0244175173,-0.3388844788,0.0750616827,0.1667913122,-0.0025555763,-0.2216709869,0.0326627776,-0.0052238441,-0.2528839041,-0.3323364493
/110/5.mp3,0.5366335604,0.0016025644,0.0016025648,0.0016025649,0.0016025653,0.0016025641,0.0016025645,0.0181084167,0.1862633346,0.0016025643,0.0016025648,0.0016025643,0.1187980393,0.0316841205,0.0016025686,0.0924868788,0.0016611403,0.9784052639,0.0016611296,0.0016611353,0.0016611342,0.0016611368,0.0016611367,0.0016611346,0.0016611315,0.0016611319,0.0016611296,0.0016611339,0.0016611321,0.0016611296,0.001017035,0.272708561,0.3293871261,0.1801987341,0.2136342069,0.0010182094,0.0010178851,0.0010182423,0,0,0,0,0,0,1,-0.0292769703,-0.061800053,-0.1329179276,-0.327140315,-0.32091299,-0.0985590378,-0.048870508,-0.1125341541,-0.30840563,-0.0818044106,-0.1133999844,-0.0713915937,-0.2674391022,-0.2056481227,-0.1695927877,-0.1227858977,-0.0182384332,-0.3833161996,0.1245382506
/110/1.mp3,0.0016891892,0.0016891892,0.0016891892,0.0016891912,0.0016891892,0.0016891892,0.0016891892,0.9746621594,0.0016891892,0.0016891892,0.0016891893,0.0016891892,0.0016891897,0.0016891893,0.0016891892,0.0016891892,0.0019305185,0.7287187110000001,0.0019305019,0.0019305083,0.0019305084,0.215396345,0.0019305114,0.001930509,0.0019305045,0.0019305047,0.0019305019,0.0019305077,0.0346493658,0.0019305019,0.4139412441,0.0012157676,0.1023825569,0.0473744383,0.1892092557,0.0012164199,0.2434445096,0.0012158078,0,1,0,0,0,0,0,0.0708901669,-0.0233271161,-0.0682786701,0.1361069525,-0.031112872,-0.181734048,-0.1983780141,-0.2210864777,0.033061987,-0.0751338245,-0.2668386703,-0.2572512778,-0.1340285104,-0.1310431533,-0.2028458623,-0.1489285787,-0.014480078,-0.1961626901,-0.4457278048
/110/2.mp3,0.0003955697,0.0003955699,0.6702591062000001,0.00039557,0.0003955697,0.0640893869,0.0003955697,0.2066033657,0.0543013029,0.00039557,0.0003955704,0.00039557,0.0003955697,0.0003955697,0.0003955699,0.0003955698,0.1831099717,0.5786970834,0.000394633,0.0003946343,0.0744089553,0.0003946348,0.1598376524,0.0003946343,0.0003946335,0.0003946336,0.000394633,0.0003946341,0.0003946337,0.000394633,0.0002397919,0.0722625816,0.0002398856,0.3750033329,0.0841376045,0.1262393074,0.1313439621,0.2105335338,0,0,0,0,0,1,0,0.0408034844,-0.3579194898,-0.0280713102,0.10737307,-0.055700999,-0.3796773065,-0.2540006059,-0.2325112067,-0.099394499,0.0219826025,-0.3636122643,0.204231365,0.3391079634,0.0881916738,-0.2187513286,0.0737770651,0.0073454897,-0.0588023559,-0.4854024519
/110/3.mp3,0.0009765626,0.0287597864,0.0009765627,0.0398136441,0.1711161879,0.0496019722,0.0009765625,0.0009765634,0.0009765625,0.0009765626,0.1940270394,0.4897441769,0.0009765627,0.018148129,0.0009765626,0.0009765628,0.4976342868,0.467672063,0.0010822511,0.0010822548,0.0227888634,0.001082256,0.0010822561,0.0010822547,0.0010822524,0.0010822526,0.0010822511,0.0010822541,0.0010822529,0.0010822511,0.2812852666,0.0006589449,0.0006589229,0.5595094284000001,0.0982432021,0.0583261064,0.0006589304,0.0006591983,0,1,0,0,0,0,0,-0.2616697933,-0.087249238,-0.325158419,-0.1665440949,-0.0102864608,-0.2134561777,-0.0322565927,-0.2610900529,-0.3675700035,-0.3610482563,-0.2063697612,-0.422712669,-0.4300459747,-0.257513738,-0.1130430003,-0.1920544591,-0.0737637074,-0.3636757779,0.0173851287
/43/7.mp3,0.0715112326,0.0015625001,0.552899284,0.0015624999999999,0.0015625001,0.0015624999999999,0.0015624999999999,0.1509136197,0.0015624999999999,0.0015625027,0.0015625001,0.0015625002,0.0015625012,0.026277268,0.1812110908,0.0015625005,0.3207241361,0.0016611433,0.0016611296,0.0016611362,0.0016611343,0.0016611374,0.6593422552,0.0016611347,0.0016611316,0.0016611341,0.0016611296,0.0016611341,0.0016611344,0.0016611296,0.0010167545,0.0010171981,0.2841866496,0.1884959269,0.3950104928,0.0010177547,0.001017181,0.1282380425,0,1,0,0,0,0,0,-0.4154548398,-0.0294761546,-0.1515997045,-0.2759851886,-0.2638644294,-0.1798819622,-0.3172668435,0.0816597745,-0.3298509899,-0.3779908583,0.0979958661,-0.2405187525,-0.1441018568,-0.191157075,-0.0629088478,-0.1159855023,-0.0135517223,-0.2235686625,0.0672135759
/43/6.mp3,0.0020161293,0.0020161296,0.00201613,0.0020161291,0.0020161292,0.0020161291,0.0020161291,0.0020161291,0.0020161291,0.7055237387000001,0.0654128834,0.0929790615,0.0020161299,0.002016129,0.1118907647,0.0020161294,0.4026229758,0.2196325122,0.0021008403,0.0021008478,0.3546352179,0.0021008503,0.0021008504,0.0021008475,0.002100843,0.0021008435,0.0021008403,0.0021008464,0.002100844,0.0021008403,0.0013034232,0.1008882277,0.1423813865,0.0013039098,0.1356414786,0.0013039286,0.0013052856,0.6158723599,1,0,0,0,0,0,0,-0.0321860057,-0.2334677908,0.0535887709,-0.2817878943,-0.2416108629,-0.217941373,-0.3078262445,0.0406916505,-0.2135085308,-0.2490765182,-0.1355341941,-0.0591108437,-0.1412885175,-0.0874347289,-0.1477150697,-0.0842631566,-0.1075763236,-0.1718452563,-0.1457844468
/43/4.mp3,0.000437063,0.000437063,0.0004370643,0.0004370629,0.0313643038,0.0004370629,0.000437063,0.0004370629,0.000437063,0.3488168789,0.0004370629,0.6005200192,0.0004370634,0.0004370629,0.0140540407,0.0004370631,0.5079118381000001,0.0004549623,0.0004549591,0.0004549605,0.1175097185,0.0004549611,0.1294858846,0.2405429582,0.0004549596,0.0004549597,0.0004549591,0.0004549603,0.0004549599,0.0004549591,0.1286662338,0.0002769948,0.0002770287,0.3519321941,0.2461766207,0.1148116551,0.0401658845,0.1176933884,0,1,0,0,0,0,0,0.2933545289,-0.4435149617,-0.187065449,0.2026915099,0.0895623164,-0.2747014961,-0.4161450507,0.0902959926,0.2113313969,0.199331428,-0.251982619,0.1327249736,0.3138284507,0.0406435234,-0.080080361,-0.1112183963,-0.1123415031,-0.1439445674,-0.4487598325
/43/5.mp3,0.0008928578,0.0008928572,0.3951294152,0.3519274819,0.0008928571,0.0008928571,0.0008928571,0.0008928585,0.0008928572,0.0492791398,0.0008928574,0.0008928577,0.0008928572,0.0008928573,0.1929496741,0.0008928573,0.3490677325,0.1473596796,0.0009920635,0.000992067,0.0009920666,0.3378586661,0.0009920682,0.0009920668,0.0009920648,0.1557932665,0.0009920635,0.0009920663,0.0009920652,0.0009920635,0.0006072135,0.0006079362,0.56520377,0.0357231488,0.0006078249,0.3960350119,0.0006073027,0.0006077919,0,0,0,0,0,1,0,0.1861321373,-0.5017375454,-0.1179758153,0.1683018829,0.1295992573,-0.3565861492,-0.396091999,0.0960868497,0.1104663991,0.0442513963,-0.2760221077,-0.0907617919,-0.1653134714,-0.0801513568,-0.1611100795,-0.1221654176,-0.1675075744,-0.2041100127,-0.4682765876
/43/1.mp3,0.0013020835,0.0013020835,0.0013020835,0.0013020833,0.0013020834,0.0013020833,0.0013020834,0.0013020833,0.0013020835,0.9628607924,0.0013020833,0.0013020843,0.0013020845,0.0013020833,0.0189100376,0.0013020837,0.3081488502,0.1848101204,0.0014577259,0.0014577311,0.0014577305,0.0014577328,0.0014577329,0.4910060097,0.0014577278,0.0014577281,0.0014577259,0.0014577301,0.0014577285,0.0014577259,0.0009065658,0.0009083535,0.0778626515,0.1427500784,0.1199709298,0.1061785044,0.0009068051,0.5505161115,0,0,1,0,0,0,0,-0.2436535609,-0.2678774813,-0.2620066551,-0.2572333602,-0.1204768678,-0.0571123121,-0.0723510303,-0.1389076325,-0.2031603092,-0.2583320401,-0.1239172769,-0.0453916003,-0.1487083984,-0.1959276234,-0.2146064831,-0.1479597955,0.0709138837,-0.2838391024,-0.2569820677
/43/2.mp3,0.0004770993,0.0416610015,0.0004770993,0.0601125207,0.0004770993,0.0004771009,0.0004770992,0.0004770992,0.0004770992,0.0322160202,0.0323031785,0.8206312099,0.0004770994,0.0083050746,0.0004770993,0.0004770993,0.1123295717,0.6511692995,0.0004826255,0.0004826271,0.2311922374,0.0004826277,0.0004826277,0.0004826271,0.0004826261,0.0004826262,0.0004826255,0.0004826268,0.0004826263,0.0004826255,0.0002958552,0.2381569686,0.2651603793,0.2959473313,0.071166945,0.0603201086,0.0686564442,0.0002959678,0,0,0,1,0,0,0,0.0990163093,-0.3189949429,-0.0834421163,0.0400711515,0.2448778233,-0.2963971364,-0.0199306585,-0.0402564558,-0.1264725316,0.0879718787,-0.2176758391,-0.1429309197,-0.0778657756,-0.0560488021,-0.1596855667,-0.1905487521,-0.0911530521,-0.1480987524,-0.286327633
/43/3.mp3,0.0321133971,0.0007022473,0.0007022473,0.0492686448,0.0007022472,0.0007022472,0.2457886944,0.0007022472,0.4716567745,0.0007022473,0.0007022472,0.0007022473,0.0007022476,0.0241882605,0.0007022472,0.1699617558,0.2211620311,0.1073091801,0.0007936508,0.0395508938,0.0007936532,0.0236447987,0.0007936545,0.0007936534,0.0007936518,0.0564659949,0.0007936508,0.3235911532,0.2227203829,0.0007936508,0.0004829375,0.1489217803,0.2739370705,0.08710673,0.0879932953,0.1836907451,0.0004831054,0.2173843359,0,0,0,0,0,1,0,0.0211582012,-0.3832703923,-0.0299419726,-0.1182504537,-0.1014077772,-0.1674057046,-0.3414629244,-0.2260895187,-0.2367071119,-0.174122096,-0.1947545627,-0.1115967141,-0.1346717321,-0.1238954871,-0.1285958676,-0.0956014308,-0.1367306502,-0.1507048447,-0.3146096989
/88/7.mp3,0.0004528986,0.0004528986,0.0004528986,0.0004528986,0.4403940425,0.0004528986,0.0004528986,0.0221920289,0.175207488,0.0903021761,0.0004528986,0.2550645337,0.0004528986,0.0004528986,0.012310745,0.0004528986,0.1981701039,0.3738363115,0.0004668534,0.000466855,0.1465822127,0.0004668555,0.0004668554,0.1099416532,0.0004668539,0.1113855435,0.0004668534,0.0092203228,0.0475958723,0.0004668534,0.0002855948,0.4135417494,0.488346135,0.066495903,0.0304732685,0.0002857958,0.0002856912,0.0002858623,0,0,0,0,0,1,0,-0.019681827,0.0584512042,0.0493446474,0.1657908552,-0.0338601601,0.027649605,0.0193479905,-0.0423113078,0.0369952522,0.0632824798,0.0315166203,0.0792599266,-0.0003194522,0.0248436169,0.0412318991,-0.0256888849,-0.1163268915,-0.0711980508,0.0169091863
/88/6.mp3,0.1538834054,0.0010593222,0.0010593223,0.001059322,0.0307711954,0.001059322,0.0010593221,0.001059322,0.0010593221,0.7828305683,0.001059322,0.0010593222,0.0010593229,0.001059322,0.0198029645,0.0010593223,0.56548342,0.093491204,0.0011904762,0.0011904805,0.0011904799,0.3279301112,0.0011904819,0.0011904803,0.0011904777,0.001190478,0.0011904762,0.0011904796,0.0011904783,0.0011904762,0.000731422,0.0007323712,0.0007319691,0.3004427828,0.3142274777,0.3816701242,0.0007316338,0.000732219,0,0,1,0,0,0,0,-0.1045965881,0.0665600085,0.041596329,-0.0369618354,-0.0900309292,0.0598656004,0.0299065049,-0.0294217016,0.0277061388,0.0063696269,0.0328077223,0.0410210083,0.0159485809,0.0842226107,-0.0043585174,-0.0069527212,-0.0910443097,-0.0356847491,0.0279223655
/88/4.mp3,0.0026041668,0.0026041672,0.002604167,0.1376607177,0.0764010572,0.0026041667,0.0026041667,0.0026041761,0.0026041667,0.2244367583,0.0026041684,0.5302514507,0.0026041682,0.0026041678,0.002604167,0.0026041673,0.1815582053,0.0029762151,0.0029761905,0.0029762018,0.0029762005,0.7827274134000001,0.0029762057,0.0029762014,0.0029761946,0.0029761952,0.0029761905,0.0029761997,0.0029761961,0.0029761905,0.0018664882,0.0018670059,0.7351623728000001,0.0018693475,0.1442654241,0.1112326946,0.0018673725,0.0018692943,0,0,0,0,0,0,1,0.0519486946,0.0839105112,0.1224965422,0.1318326101,0.0578171206,0.1439544714,0.1245501224,0.1216348061,0.1251677689,0.0783205185,0.0326669787,0.0233790366,-0.0218199858,0.0148495807,-0.0777244174,-0.0282158467,0.0320796821,-0.1962333909,0.0056442478
/88/5.mp3,0.9950916219,0.0003272251,0.0003272254,0.0003272251,0.0003272251,0.0003272251,0.0003272251,0.0003272251,0.0003272251,0.0003272252,0.0003272251,0.0003272254,0.0003272251,0.0003272251,0.0003272256,0.0003272251,0.0003681916,0.6515586403,0.0003681885,0.3440230857,0.0003681897,0.0003681902,0.0003681903,0.0003681898,0.000368189,0.000368189,0.0003681885,0.0003681896,0.0003681892,0.0003681885,0.0002233121,0.0002233986,0.4638387949,0.2558071319,0.2537919758,0.0002236122,0.0002234185,0.025668356,0,0,0,0,1,0,0,-0.0835289957,-0.2065634317,0.061101762,0.1321493643,-0.0219729909,0.0028104657,0.0063918256,-0.0311387224,0.067143271,0.065435849,0.0016397255,0.0793648518,0.0483694238,0.0403509228,0.0453065133,-0.0427794997,-0.1189052672,0.1435735544,-0.1030410529
/88/1.mp3,0.0024038462,0.0024038462,0.0024038462,0.0024038462,0.0024038462,0.0024038462,0.5863224907,0.0024038462,0.380023662,0.0024038462,0.0024038462,0.0024038462,0.0024038462,0.0024038462,0.0024038462,0.0024038473,0.0026455214,0.965608379,0.0026455026,0.0026455118,0.0026455105,0.0026455146,0.0026455146,0.0026455112,0.0026455058,0.0026455064,0.0026455026,0.0026455099,0.002645507,0.0026455026,0.0016455068,0.0016463916,0.5520282522000001,0.0016480379,0.2934721481,0.1462654451,0.00164629,0.0016479284,0,1,0,0,0,0,0,-0.1016739764,-0.0489165832,-0.1674684682,0.0211860309,-0.1298289697,-0.092944331,0.0673880005,-0.0687427625,-0.2590794525,-0.1565937705,-0.0840504104,-0.0296446058,-0.0285637396,0.0192017145,-0.0509430741,0.0070782478,-0.0246098366,-0.2347618822,0.082366313
/88/2.mp3,0.0004807693,0.0004807694,0.0477246688,0.000480771,0.0754001672,0.0004807693,0.2921783823,0.0004807693,0.1524580696,0.0004807693,0.0004807692,0.0073150098,0.0004807699,0.0004807692,0.3676129794,0.0529837969,0.0005176017,0.0005176023,0.0005175983,0.0005176002,0.0005175998,0.7626408358000001,0.0005176006,0.0005175999,0.000517599,0.0005175991,0.0005175983,0.0005175997,0.2311479669,0.0005175983,0.0003150769,0.0906749939,0.7217660648,0.0003154136,0.0003154069,0.0271798473,0.0003152401,0.1591179564,0,1,0,0,0,0,0,-0.0522310556,-0.2220878806,0.0329493825,0.0617253266,-0.0985756952,-0.150151321,0.0788236109,-0.033291036,0.0032558085,-0.0192869679,-0.006450968,0.0116262575,0.1000750298,0.1324185384,-0.070815042,-0.004560993,-0.1136590786,0.0350810115,-0.1584215797
/88/3.mp3,0.0027173913,0.3138809337,0.0027173913,0.0027173913,0.0027173913,0.0027173914,0.0027173913,0.0027173913,0.0027173913,0.0027173913,0.6480755879,0.0027173913,0.0027173913,0.0027173913,0.0027173913,0.0027173913,0.0031056076,0.9596272347,0.0031055901,0.0031056012,0.0031055982,0.0031056059,0.0031056029,0.0031055988,0.0031055935,0.0031055945,0.0031055901,0.0031055978,0.0031055946,0.0031055901,0.0019243116,0.0019269098,0.9865220413,0.0019262434,0.0019242183,0.0019264649,0.0019243114,0.0019254993,0,0,0,0,0,1,0,-0.1943021156,0.235613078,-0.1582747885,-0.2938234919,-0.1125228686,0.1585986418,0.1638329995,-0.1238934148,-0.2850760012,-0.2398159914,-0.0276802375,-0.3115943213,-0.446306521,-0.1241918316,0.0419048476,-0.134633404,-0.1492496261,-0.339933574,0.251023602
/38/7.mp3,0.000612747,0.0006127452,0.0006127453,0.1217590102,0.0886111835,0.0006127451,0.1589001354,0.0006127465,0.1669940609,0.0006127452,0.0006127454,0.0006127454,0.0006127454,0.0006127453,0.3115861083,0.146022046,0.0006613805,0.2796621547,0.0006613757,0.0006613779,0.0006613777,0.5632068619,0.0006613787,0.1498558343,0.0006613765,0.0006613766,0.0006613757,0.0006613775,0.0006613768,0.0006613757,0.0004037971,0.2522725575,0.2189442204,0.0004039541,0.0004040068,0.2140885027,0.0712282568,0.2422547045,0,0,0,0,1,0,0,0.1502798394,-0.3298101793,-0.0610057985,0.2428308786,0.0588311913,0.0384454896,0.150548382,-0.0207047962,0.2003348147,0.129693507,-0.2067797051,0.0008392706,0.2559475005,-0.0124103724,-0.261486574,0.0214779502,-0.0815594447,-0.2840713154,-0.3088353882
/38/6.mp3,0.0009328365,0.000932836,0.0009328365,0.0009328358,0.0009328359,0.0009328358,0.1545089588,0.0009328358,0.0009328379,0.3908393786,0.0009328358,0.0789787103,0.1304925416,0.0009328358,0.039951984,0.1959000648,0.1632310403,0.1785305837,0.0010060362,0.0010060397,0.0010060394,0.0010060409,0.5468585462000001,0.1013194488,0.0010060375,0.0010060377,0.0010060362,0.0010060391,0.001006038,0.0010060362,0.0006160743,0.0006164338,0.4498389773,0.1072008185,0.1845815151,0.2559129277,0.000616338,0.0006169153,0,0,1,0,0,0,0,-0.0917141627,0.0972818725,0.0199436049,0.0613318681,-0.1926977332,0.1605946755,0.1441103871,-0.1121162298,-0.2886071903,-0.0701715533,-0.043572269,-0.2868340377,0.0290524227,0.0103345772,-0.1716938251,-0.015862091,-0.011312878,-0.2417662652,-0.3207179307
/38/4.mp3,0.0018939394,0.00189394,0.0018939397,0.3083304589,0.0018939395,0.0018939395,0.0018939394,0.0813793459,0.0018939394,0.2645886981,0.2069020084,0.1179661536,0.0018939396,0.0018939397,0.0018939395,0.0018939396,0.8214071156,0.0021008596,0.0021008403,0.0021008491,0.1533827262,0.0021008513,0.0021008511,0.0021008479,0.0021008432,0.0021008439,0.0021008403,0.0021008469,0.0021008442,0.0021008403,0.0013170489,0.0013186189,0.0013179642,0.1535946203,0.0013182654,0.2964394067,0.0545998505,0.490094225,0,1,0,0,0,0,0,0.0754973844,-0.2286625084,-0.2329462502,-0.0587395873,0.1515540448,-0.1852025908,0.0307502437,0.1347343074,-0.0944012061,-0.0994461414,-0.0181043744,-0.2465094881,0.1030481168,0.042415719,-0.2615647043,0.0540221498,0.1709868321,-0.267471798,-0.136760283
/38/5.mp3,0.0010775862,0.4980199908,0.0010775862,0.1740084369,0.0010775862,0.0010775862,0.0010775862,0.1315807197,0.0010775862,0.0010775862,0.1440878544,0.0010775862,0.0010775862,0.0404495495,0.0010775863,0.0010775863,0.29356274,0.6921515146,0.0011904762,0.0011904802,0.0011904798,0.0011904817,0.0011904817,0.0011904802,0.0011904777,0.0011904779,0.0011904762,0.0011904795,0.0011904782,0.0011904762,0.00072709,0.000727667,0.0007277741,0.3050272811,0.4643223329,0.1251731455,0.0007274185,0.1025672908,0,1,0,0,0,0,0,0.0845613827,-0.1433179411,-0.1151249441,0.0552040199,0.1370619917,-0.1402230006,-0.1532257228,0.0966803282,-0.0312424295,-0.1244112842,-0.1586120081,-0.2720686814,-0.0255365057,-0.2029750077,-0.4021207194,-0.0121664357,0.0623107289,-0.3330943138,-0.0086014825
/38/1.mp3,0.0005530975,0.0005530976,0.0005530975,0.0005530989,0.1541353895,0.0005530974,0.0005530987,0.0005530974,0.1176910618,0.011300271,0.0701708158,0.129251129,0.0005530982,0.0005530974,0.5006463265000001,0.0118271258,0.000621123,0.2434587077,0.000621118,0.1741147942,0.0435793597,0.0006211209,0.2200296943,0.0006211202,0.0006211188,0.3132273681,0.000621118,0.0006211198,0.0006211192,0.000621118,0.3040730796,0.1288536761,0.4303040473,0.0579275117,0.0003804886,0.0003804461,0.0777001781,0.0003805725,0,0,0,1,0,0,0,-0.2181813115,-0.04010158,-0.0767892888,-0.2355119817,-0.1939650632,0.0427257825,-0.0556056483,-0.0069031496,-0.0269454374,-0.0772984249,-0.0640853482,-0.2736851319,-0.1393497324,-0.0230043094,0.0320659603,-0.078973422,-0.216023548,-0.2451485904,-0.1590701223
/38/2.mp3,0.0129858252,0.000694445,0.0006944447,0.2464565178,0.0006944445,0.0006944445,0.1443912048,0.0551638049,0.0006944445,0.0006944447,0.0006944476,0.1581752794,0.0006944446,0.0006944445,0.3758829185,0.0006944445,0.000680277,0.3642170314,0.0006802721,0.0006802744,0.6276196829,0.0006802752,0.0006802752,0.0006802743,0.0006802729,0.0006802731,0.0006802721,0.000680274,0.0006802732,0.0006802721,0.0004172892,0.3113455234,0.2401492693,0.000417517,0.0004173646,0.1711782196,0.275657464,0.0004173528,0,0,0,0,1,0,0,0.0231733708,-0.2657386974,-0.0757722384,0.1775015336,-0.0310405836,-0.1327770788,0.062714403,-0.0997207746,-0.0405017507,0.1012622934,-0.2255495388,-0.0286615889,0.1169195683,0.0106284412,-0.1796291087,0.1867545955,0.1563390108,-0.1087941263,-0.3689060411
/38/3.mp3,0.001524391,0.0015243914,0.0015243907,0.0015243917,0.0015243941,0.0015243904,0.0015243907,0.0015243929,0.0015243904,0.5776272451000001,0.1696189543,0.204734989,0.0015243925,0.029726114,0.0015243905,0.0015243913,0.7000390510000001,0.2284254648,0.0017421603,0.0017421664,0.0017421657,0.0523716827,0.0017421685,0.0017421662,0.0017421625,0.0017421628,0.0017421603,0.0017421652,0.0017421633,0.0017421603,0.0010694996,0.0010702434,0.0010705171,0.0159808711,0.0010703967,0.6438323638,0.0615543872,0.274351721,0,0,0,0,0,0,1,-0.1755287232,-0.340419914,-0.4268116322,-0.3029955898,-0.0715430401,-0.4483898046,-0.3768379743,-0.1206459305,-0.3053759696,-0.3006615776,-0.1342902945,-0.365481656,-0.4386215754,-0.2733750031,-0.2800698706,-0.1230703229,-0.01577283,-0.374583495,-0.2455632137
/36/7.mp3,0.0009615385,0.0365282088,0.0009615385,0.0196505467,0.0009615385,0.9012397214,0.0009615385,0.0310430602,0.0009615385,0.0009615385,0.0009615393,0.0009615385,0.0009615385,0.0009615387,0.0009615385,0.0009615385,0.3679488853,0.1397949286,0.0010504202,0.4807015391,0.0010504234,0.001050425,0.001050425,0.0010504236,0.0010504215,0.0010504217,0.0010504202,0.0010504239,0.0010504223,0.0010504202,0.0006481459,0.0895190548,0.2279561654,0.0730205349,0.2286816864,0.262050531,0.000648546,0.1174753355,0,1,0,0,0,0,0,0.1194865775,0.0815600302,0.0669859226,0.0074224284,0.0334204204,0.0465784873,0.0254718762,0.0614685754,0.0671223654,0.0491128805,0.0564774886,0.0789644039,0.0072356178,0.0375927106,0.0009882944,-0.0110845663,-0.1159642276,0.1251063666,0.0169091863
/36/6.mp3,0.002016129,0.0020161293,0.002016129,0.0020161293,0.0961048745,0.0020161291,0.002016129,0.0020161324,0.002016129,0.0020161291,0.8756693144000001,0.0020161292,0.0020161291,0.0020161294,0.0020161291,0.002016129,0.3015172139,0.5591779785000001,0.001984127,0.0019841341,0.0019841323,0.0019841355,0.1174793557,0.0019841326,0.0019841292,0.0019841299,0.001984127,0.0019841431,0.0019841344,0.001984127,0.7759560907,0.0012515021,0.0012520143,0.0012519334,0.1418016864,0.0759825971,0.0012519269,0.0012522491,0,0,0,1,0,0,0,-0.3142259992,0.2594887026,0.0265947058,-0.3668607765,-0.1815985235,0.2192007081,0.0969347246,-0.0072825852,0.0174658173,-0.2946649206,0.1883063188,-0.2147755727,-0.3576786734,-0.0935605925,0.0646151726,-0.0323748204,-0.1189651764,-0.1878948118,0.438644855
/36/4.mp3,0.0024038462,0.0024038468,0.0024038464,0.0024038463,0.0024038462,0.1209173148,0.0024038462,0.6942287311,0.0024038462,0.0024038463,0.114922442,0.0410853567,0.0024038462,0.0024038463,0.0024038462,0.0024038462,0.5677998869,0.0027472714,0.0027472527,0.1933767856,0.0027472602,0.002747264,0.0027472641,0.0027472607,0.0027472557,0.0929836573,0.0027472527,0.0027472691,0.1183670668,0.0027472527,0.245498131,0.00178894,0.2960389628,0.0017884948,0.347914697,0.1033925691,0.0017890349,0.0017891704,1,0,0,0,0,0,0,-0.0695080852,-0.1051253018,-0.0488273315,-0.0546009565,-0.0827290867,-0.0937298056,-0.0975501599,-0.0224470873,0.0261279325,-0.0041077987,0.0407560705,0.095197452,0.0135604677,0.029414689,0.0565157714,-0.0097386787,-0.1113786401,0.115324799,-0.0109235702
/36/5.mp3,0.0018939403,0.0018939404,0.1810826292,0.0018939406,0.0018939397,0.0018939395,0.00189394,0.110327292,0.0018939397,0.4523647902,0.0731086841,0.1243899238,0.0018939405,0.0018939397,0.0018939397,0.0397872808,0.6511620233000001,0.0019305124,0.0019305019,0.0019305067,0.0753489612,0.0019305084,0.0019305085,0.1183665572,0.0019305037,0.001930506,0.0019305019,0.1358173992,0.0019305074,0.0019305019,0.0248879075,0.0011933545,0.1050019576,0.001192524,0.0011928678,0.0953925775,0.1180774747,0.6530613363000001,0,0,0,0,0,0,1,0.0404105074,-0.0802428662,-0.1406415099,-0.0028176547,-0.0358895306,-0.0143748001,0.0126007752,-0.002298787,0.1042006058,0.0647612546,-0.0193649682,-0.004594403,0.1010138758,0.1002052259,-0.0402745321,-0.0100541452,-0.091473823,0.0954269434,-0.0669065229
/36/1.mp3,0.1393521917,0.0005434785,0.2873956358,0.0005434783,0.0005434794,0.0548022373,0.0005434784,0.0005434786,0.0441559368,0.0389814783,0.0664207799,0.0005434791,0.0910500077,0.0005434783,0.2734939021,0.0005434799,0.0005903235,0.9923258355,0.0005903188,0.0005903207,0.0005903206,0.0005903215,0.0005903216,0.0005903208,0.0005903195,0.0005903196,0.0005903188,0.0005903205,0.0005903198,0.0005903188,0.17571144,0.0003598535,0.1832902332,0.1116209149,0.1418333422,0.2263664487,0.1594496111,0.0013681564,0,0,0,0,0,1,0,0.2238526334,-0.368103822,0.0446506967,0.1913526705,0.1571437714,-0.3401019919,-0.0302659923,0.0985166497,0.1931551784,0.2445526615,-0.1817010334,0.0729626252,0.0190629621,0.0332242873,-0.0530690508,0.0698120496,0.1275176642,0.0896817111,-0.2479712588
/36/2.mp3,0.4938259803,0.0007911393,0.3706969615,0.0260182161,0.0007911393,0.0007911392,0.039025277,0.0617310321,0.0007911394,0.0007911393,0.0007911394,0.0007911393,0.0007911397,0.0007911393,0.0007911395,0.0007911394,0.2106461767,0.6316113800000001,0.0008928571,0.0008928601,0.1479209941,0.0008928612,0.0008928613,0.0008928601,0.0008928582,0.0008928584,0.0008928571,0.0008928596,0.0008928587,0.0008928571,0.0005510245,0.0971557968,0.0005517094,0.1264951161,0.4545614901,0.0005513598,0.0005512086,0.3195822948,0,1,0,0,0,0,0,-0.1153229074,0.2165235064,-0.0001534641,-0.0431418917,-0.1805697675,0.1660721835,0.1723137147,-0.0571251446,0.0336923782,0.0132717525,-0.0476419712,0.0463581365,-0.03187161,-0.033187522,0.0556574136,-0.11797253,-0.0330034514,0.1281446545,0.0490640405
/36/3.mp3,0.0012755104,0.0012755107,0.8823160566,0.0358641034,0.0012755103,0.0222950174,0.0012755102,0.0012755102,0.0012755103,0.0012755114,0.0012755102,0.0012755109,0.0012755104,0.0442186968,0.0012755103,0.0012755105,0.0013736372,0.9821428112,0.0013736264,0.0013736311,0.0013736304,0.0013736326,0.0013736326,0.0013736308,0.001373628,0.0013736283,0.0013736264,0.0013736301,0.0013736286,0.0013736264,0.0008567912,0.2902654453,0.2272279979,0.000857832,0.0008576615,0.0580009856,0.0008572284,0.4210760581,0,0,0,1,0,0,0,-0.0329842509,0.227081027,0.1059809294,-0.0466729082,-0.0645421111,0.1482358857,0.1269636237,-0.131026996,0.0115663658,-0.1051278402,0.0397067503,0.0817675394,-0.1360415002,-0.0100988572,0.0920958018,-0.0130303826,-0.1184633077,0.0709380302,0.1829927418
/31/7.mp3,0.2383653352,0.0022321442,0.6582342491000001,0.0022321444,0.0022321432,0.0022321431,0.0022321429,0.0022321429,0.0022321429,0.0022321514,0.038309874,0.002232148,0.0022321431,0.0383048084,0.0022321434,0.0022321436,0.0025510436,0.9124555067,0.0025510204,0.0025510288,0.0569321626,0.0025510327,0.0025510332,0.0025510299,0.0025510238,0.0025510241,0.0025510204,0.0025510281,0.0025510252,0.0025510204,0.0016241894,0.0016252313,0.5684025236,0.001626054,0.2544342508,0.1690364538,0.0016249674,0.0016263295,0,1,0,0,0,0,0,-0.0713162534,0.218092485,0.0651799193,-0.0060050509,0.1677955801,-0.0012102969,-0.0794867563,-0.0423113078,0.0269281882,-0.010613669,0.0224491541,-0.0065997007,0.0072356178,0.0194744947,0.063223276,0.0007760387,-0.0261288084,0.0916600047,0.1747549091
/31/6.mp3,0.3699215834,0.0003324469,0.2869566057,0.0003324468,0.0358769336,0.0003324468,0.0003324469,0.0003324468,0.0003324468,0.0003324475,0.0464472731,0.242681456,0.0003324469,0.0003324468,0.0147916792,0.0003324469,0.1443332316,0.1619635514,0.0003467406,0.0003467418,0.3208461042,0.0003467422,0.330412716,0.0003467417,0.000346741,0.0003467411,0.0003467406,0.0393237255,0.0003467415,0.0003467406,0.0002117136,0.1620173334,0.2521899918,0.1358319246,0.0002119017,0.2286863617,0.2206388856,0.0002118875,0,0,0,0,0,1,0,-0.1079793573,0.0461399745,0.110890451,0.1883516539,0.0098571582,-0.1952234168,-0.1511903774,0.10804918,0.0436355402,0.0266200712,0.1128946252,0.1185139618,0.17462587,0.064862908,0.063223276,-0.0033150098,-0.0812199558,0.1435735544,-0.1100646563
/31/4.mp3,0.0008680556,0.0008680556,0.0008680559,0.0008680556,0.0008680556,0.0008680556,0.6825622286,0.0008680556,0.0963895743,0.0008680556,0.0008680556,0.0008680556,0.0008680556,0.0008680556,0.2097634744,0.0008680556,0.0009920717,0.000992072,0.0009920635,0.1851579182,0.0208327549,0.0747654971,0.2623333391,0.0464269573,0.0009920648,0.0009920665,0.0009920635,0.1119314047,0.2916076634,0.0009920635,0.0006070586,0.0006072765,0.6993937625000001,0.0006077319,0.0006078608,0.0006074372,0.0006073746,0.296961498,0,1,0,0,0,0,0,-0.3558978451,0.3302103636,-0.1492519915,-0.2755498729,-0.3101958636,0.5520547795,0.481828298,-0.14193063,-0.1646045406,-0.190709527,0.0028613458,-0.0583042557,-0.1496625068,0.0488171562,0.0648338604,-0.0185933687,-0.0454429581,-0.0182469377,0.2789094228
/31/5.mp3,0.0012500001,0.7742422361,0.0012500002,0.00125,0.0012500001,0.0913373809,0.00125,0.00125,0.00125,0.0012500003,0.0012500009,0.1181703791,0.0012500017,0.00125,0.00125,0.0012500005,0.3637639462,0.6197525013,0.0013736264,0.001373631,0.0013736306,0.0013736327,0.0013736327,0.001373631,0.0013736281,0.0013736283,0.0013736264,0.0013736302,0.0013736287,0.0013736264,0.000851388,0.1298201618,0.0008518232,0.4324726267,0.2346494725,0.0008513208,0.0630159846,0.1374872224,0,1,0,0,0,0,0,0.2770720808,-0.3405280611,0.0223007702,-0.0112713318,0.2767782855,0.002830209,0.0064429458,0.1042762144,0.2957520359,0.0866454091,0.038910844,0.0991872911,0.3256276244,0.0729460499,0.063223276,0.129969258,0.0372755603,0.1435735544,-0.1224025594
/31/1.mp3,0.0004770992,0.0004770992,0.0004770992,0.0004770993,0.0004770992,0.0004770992,0.3153165126,0.0681231709,0.274136221,0.0004770992,0.0004770993,0.0004770992,0.0004770993,0.0004770993,0.0004770992,0.3366989043,0.5521823767,0.0004926144,0.0004926108,0.0004926125,0.0004926123,0.240222432,0.013902047,0.0229484693,0.1323038075,0.0004926115,0.0004926108,0.0344999727,0.0004926118,0.0004926108,0.0003005489,0.0003006155,0.0003007874,0.209458859,0.1885714059,0.30385959,0.0003006876,0.2969075058,0,0,0,0,0,1,0,0.0967629485,0.054415723,0.0594945964,-0.0240952556,0.1138824976,0.0742775261,0.1469236616,0.0057338874,-0.0224920019,0.0937893107,-0.0645339511,0.0077863653,-0.0837746725,0.0359073895,0.2042556536,0.0137941793,-0.0961941175,0.1234983288,-0.1036775715
/31/2.mp3,0.0020833333,0.0020833338,0.0020833335,0.0020833334,0.0020833334,0.0020833334,0.0020833333,0.0020833334,0.0020833333,0.2563925908,0.1642898277,0.5522342472,0.0020833334,0.0020833333,0.0020833334,0.0020833334,0.1742357501,0.383240707,0.0021645022,0.1055097751,0.3153687019,0.0021645124,0.0021645126,0.0021645097,0.0021645049,0.0021645053,0.0021645022,0.0021645084,0.002164506,0.0021645022,0.0013601366,0.1586043588,0.3291040486,0.0013608875,0.3108370499,0.0013624745,0.1960097762,0.0013612679,1,0,0,0,0,0,0,-0.0013475825,-0.0191389559,0.1951411331,0.062540443,0.0906525461,0.0529326754,-0.0082451393,0.1277964813,0.0620179748,0.064841251,-0.0562475882,0.168563757,0.045367556,0.0262157247,0.0499580691,0.0891267633,0.1356410895,0.157162379,-0.0740858293
/31/3.mp3,0.000992064,0.0009920638,0.1728383837,0.0009920637,0.0009920664,0.0009920635,0.0009920639,0.0584380603,0.0009920635,0.4829650843,0.2000507568,0.0747950114,0.0009920638,0.0009920635,0.0009920636,0.0009920636,0.5642620414,0.4004940018,0.0010989011,0.0010989048,0.0231560192,0.0010989061,0.0010989062,0.0010989048,0.0010989024,0.0010989027,0.0010989011,0.0010989042,0.001098903,0.0010989011,0.1916779274,0.0255526293,0.0006732841,0.0006732116,0.000673311,0.6582178897000001,0.0006732829,0.121858464,0,0,0,0,0,0,1,0.1359633703,0.0233902101,0.1069857782,0.0262741906,0.2973902367,0.0197698647,-0.0046598218,0.2217105357,0.1801591745,0.0236457036,-0.0223217138,-0.0094180171,-0.0218201059,0.0492787022,0.0277969398,0.099317629,0.0247598482,0.0221602176,-0.1092577081
/91/7.mp3,0.0942060585,0.0011160715,0.0011160721,0.0011160714,0.0011160715,0.0011160714,0.5355497188,0.0011160714,0.0011160716,0.1526205112,0.0011160714,0.0011160714,0.0011160715,0.0011160714,0.0880100297,0.1173368951,0.3447138751,0.4075929529,0.0012315271,0.0012315313,0.2341463454,0.0012315328,0.0012315328,0.0012315312,0.0012315286,0.0012315289,0.0012315271,0.0012315305,0.0012315292,0.0012315271,0.0007579327,0.0007581311,0.2732706088,0.1805761831,0.0007588837,0.4233263987,0.0007582332,0.1197936288,0,0,1,0,0,0,0,0.1693235747,-0.2006673383,-0.1250679346,0.1867543128,0.2077360776,-0.1133918687,-0.1308540505,0.0209010552,-0.011799162,0.0031264426,0.1271285162,-0.0725884279,-0.0919639769,-0.0119861476,0.0703425183,0.0454645863,0.1286951993,-0.1456005695,0.0757254247
/91/6.mp3,0.0022321429,0.424715738,0.0022321429,0.0022321429,0.002232143,0.002232143,0.0022321429,0.0022321429,0.0022321429,0.002232143,0.0966642562,0.4496021469,0.0022321437,0.0022321429,0.0022321429,0.0022321431,0.0019305181,0.6085555406000001,0.0019305019,0.0019305084,0.0019305083,0.3682783764,0.0019305113,0.0019305089,0.0019305045,0.0019305047,0.0019305019,0.0019305076,0.0019305055,0.0019305019,0.0408872649,0.0701163831,0.1506536612,0.0011925238,0.3410867398,0.001192582,0.3936781224,0.0011927228,1,0,0,0,0,0,0,0.1544363859,-0.3906081366,-0.2949114768,0.0834762821,0.2279868054,-0.4312844336,-0.3089273806,-0.1182838051,0.0893976089,-0.0207147871,-0.0666517058,-0.3655303098,0.1530017893,-0.1353868971,-0.2873886712,0.083972022,0.2383900177,-0.2737305271,-0.2515160089
/91/4.mp3,0.0005530974,0.0005530975,0.0005530974,0.0378152258,0.0005530974,0.0005530974,0.5202282477,0.0113225687,0.3357936899,0.0005530975,0.0005530975,0.0005530974,0.0005530976,0.0107731729,0.0785361204,0.0005530975,0.2124839089,0.3925925968,0.0006321113,0.0006321134,0.0006321132,0.0006321141,0.0006321142,0.3879702561,0.000632112,0.0006321121,0.0006321113,0.000632113,0.0006321123,0.0006321113,0.000383831,0.0810524704,0.1031333487,0.4978842158,0.0363876828,0.1665992965,0.1141750529,0.0003841019,0,0,0,0,0,0,1,0.2447768585,0.1042063618,0.1738686477,0.1291209224,0.1606781822,0.0458209656,0.0094222921,-0.3857583187,-0.1086279616,-0.0641443793,0.0583689364,-0.1077121635,-0.0839841228,-0.2296281874,-0.1790083596,0.0637449098,0.1914751992,-0.3171427445,-0.0272632455
/91/5.mp3,0.0006578952,0.0006578948,0.7286477275000001,0.0006578947,0.0006578948,0.0006578947,0.0006578947,0.0006578947,0.0006578947,0.0006578948,0.0006578947,0.0006578953,0.000657895,0.0006578947,0.000657895,0.2621417446,0.2598180114,0.0007518851,0.0007518797,0.0007518822,0.0516077974,0.6803034953,0.0007518831,0.0007518822,0.0007518806,0.0007518807,0.0007518797,0.0007518818,0.000751881,0.0007518797,0.0004580702,0.0004581684,0.1390417375,0.0359069576,0.1885953451,0.3620331353,0.0004582854,0.2730483004,0,0,0,0,0,0,1,0.1663140387,-0.3539136171,0.0124802521,0.2871892476,0.2000393729,-0.3629820215,-0.3665103973,-0.007929357,0.1640550624,0.3138629393,-0.0682189312,0.2171774694,0.1473677963,0.0470700224,-0.389209729,0.1629194588,0.1567060015,-0.2756482707,-0.3642756627
/91/1.mp3,0.0007102273,0.0007102273,0.0007102273,0.0007102273,0.0007102273,0.3591027357,0.0007102273,0.6309540819,0.0007102273,0.0007102273,0.0007102274,0.0007102273,0.0007102273,0.0007102276,0.0007102273,0.0007102273,0.4550753954,0.5351843237,0.0008116883,0.0008116911,0.0008116908,0.000811692,0.000811692,0.000811691,0.0008116893,0.0008116895,0.0008116883,0.0008116906,0.0008116897,0.0008116883,0.0005023296,0.4538546088,0.0005028892,0.4980734875,0.0005029976,0.0455582012,0.0005025322,0.0005029539,0,0,0,1,0,0,0,-0.346471955,-0.0838206706,-0.4613590444,-0.580599404,-0.4592076712,-0.1539999815,0.0351997503,-0.5000376677,-0.5900650040000001,-0.6440916624,-0.4779880388,-0.5014589566000001,-0.3946044748,-0.4027193118,-0.0321310971,-0.1444655649,0.0426373299,-0.4515618142,0.0871237149
/91/2.mp3,0.0920931309,0.0009920637,0.0009920644,0.1271554602,0.017612704,0.0009920635,0.4863215509,0.0009920635,0.0009920636,0.0009920636,0.0009920635,0.0009920636,0.0009920647,0.0009920635,0.1372765875,0.1296199287,0.6522535358,0.0009920709,0.0009920635,0.0009920669,0.0009920665,0.2896397772,0.0009920681,0.047193963,0.0009920647,0.0009920649,0.0009920635,0.0009920663,0.0009920652,0.0009920635,0.0006071616,0.0548931049,0.000607661,0.5564090821000001,0.0006079188,0.2541330435,0.0006073945,0.1321346337,0,1,0,0,0,0,0,0.0247358632,-0.2296497693,0.0493519241,-0.0096721748,-0.1512574261,-0.2278658734,-0.2733287247,-0.1496551248,-0.0030903641,0.0844666197,-0.1483076246,-0.201638821,-0.0856179086,0.0177743904,-0.1824594616,0.0541095678,0.0845781901,-0.2226587339,-0.3572077039
/91/3.mp3,0.0012755117,0.0012755108,0.0012755103,0.0012755104,0.0873122999,0.0012755103,0.0012755114,0.0425540254,0.0012755104,0.0012755131,0.0347824233,0.7140589696,0.0012755107,0.0012755102,0.1072616621,0.0012755104,0.293062386,0.5431252558,0.0014285714,0.1480980376,0.0014285754,0.0014285777,0.0014285775,0.0014285756,0.001428573,0.0014285745,0.0014285714,0.0014285771,0.0014285755,0.0014285714,0.0640951149,0.0501102396,0.5419954410000001,0.0008941794,0.2057774438,0.0802261655,0.0560068686,0.0008945472,0,0,0,0,0,0,1,0.1409104098,-0.4220678893,0.0947862168,0.0282615054,0.1070333634,-0.3547603825,-0.3925457752,-0.0731027827,0.0478583927,0.1313413756,-0.3305822042,-0.2137303605,0.0628300548,-0.2209047443,-0.388896238,-0.1366387397,0.0732377977,-0.2574507369,-0.413098914
/65/7.mp3,0.0011792453,0.0011792455,0.0011792454,0.0011792454,0.0011792478,0.0011792453,0.0011792453,0.0011792467,0.0011792453,0.1675921989,0.0863343925,0.7307432153000001,0.0011792453,0.0011792454,0.0011792454,0.0011792453,0.0012755166,0.3178639248,0.0012755102,0.0012755149,0.0012755134,0.0012755156,0.6668299216,0.0012755136,0.0012755116,0.0012755121,0.0012755102,0.0012755133,0.0012755121,0.0012755102,0.4431840176,0.0007877395,0.0237605083,0.000787564,0.0007876534,0.0007879128,0.2258725575,0.3040320468,0,0,0,0,1,0,0,0.1784737368,-0.0031519346,0.1693243566,0.2140888895,0.1207474331,0.0424823839,0.0231977174,-0.0397603387,0.0269281882,0.0417008841,0.0331651362,0.0393187618,-0.1096314665,-0.0037299297,-0.0055870552,-0.0266510968,-0.1116023415,-0.0564560576,0.0169091863
/65/6.mp3,0.0006443299,0.0006443299,0.0006443299,0.241748595,0.0006443299,0.0006443299,0.0006443299,0.718191209,0.0006443299,0.0006443316,0.00064433,0.0006443299,0.0006443301,0.0316839053,0.0006443299,0.0006443299,0.18544939,0.0007215062,0.0007215007,0.4533455453,0.1495489787,0.0179781195,0.0829293801,0.0007215025,0.0354915925,0.0007215024,0.0007215007,0.0702064767,0.0007215039,0.0007215007,0.1425671566,0.0694393032,0.2604603711,0.0004408264,0.0552285993,0.000440742,0.4709818677,0.0004411337,0,0,0,0,1,0,0,-0.1938182916,-0.0972170419,0.013352192,-0.0574479308,-0.2974176111,-0.0691609588,0.1313553815,-0.0423113078,-0.0189958027,0.0040980064,-0.0189588781,0.0789644039,0.0072356178,0.0274230839,0.0032780609,-0.0340908796,-0.1189789272,0.1348127358,-0.334083938
/65/4.mp3,0.0006188119,0.6709359877000001,0.0006188119,0.0006188119,0.0006188119,0.070477264,0.0006188119,0.0006188119,0.0006188119,0.0006188125,0.0006188127,0.1999990963,0.0006188119,0.0006188119,0.0006188119,0.0511619077,0.2124597862,0.3239582219,0.0006868132,0.0006868155,0.030815299,0.0195006944,0.0201999593,0.2809640235,0.0006868141,0.0475297025,0.0006868132,0.0604514296,0.0006868144,0.0006868132,0.0004197605,0.056253387,0.5978440464,0.2066494963,0.0004202763,0.1375728805,0.0004199243,0.0004202287,1,0,0,0,0,0,0,0.2785292078,-0.3304752278,0.1103821563,0.1809614114,0.3094511859,-0.3413421742,-0.3583680462,0.0761426461,0.2706938839,0.2718097369,-0.0686921802,0.1289375707,0.3070341543,0.0990144472,0.0093949196,0.1123276207,0.0396265706,0.0568760998,-0.3095668255
/65/5.mp3,0.0010245909,0.0010245902,0.968160755,0.0010245905,0.0010245902,0.0010245902,0.0174949735,0.0010245948,0.0010245904,0.0010245902,0.001024591,0.0010245906,0.0010245905,0.0010245907,0.001024591,0.0010245904,0.0011520788,0.6294189456,0.0011520737,0.0011520779,0.0011520764,0.3567561434,0.0011520781,0.0011520766,0.0011520749,0.0011520754,0.0011520737,0.0011520764,0.0011520752,0.0011520737,0.0007065373,0.0007066201,0.3061306081,0.0007072659,0.0007075802,0.0007074138,0.0007068962,0.6896270784,0,0,0,0,0,0,1,0.0240446419,0.0736761948,0.1114392259,-0.0005340129,0.1620700562,-0.1005262656,0.0294156417,0.1095591391,0.1262654846,0.0004988755,-0.0781178706,0.1304592575,0.0268450382,0.0275221263,0.0871909347,0.1275340488,0.073378648,-0.0062383638,0.0993739859
/65/1.mp3,0.0011574075,0.0011574075,0.0011574078,0.0011574074,0.0211136157,0.0011574074,0.5015432256,0.0011574074,0.0515566867,0.1669584553,0.0011574074,0.0011574076,0.1939448089,0.0011574074,0.0533091313,0.001157409,0.0736957908,0.4405183045,0.0012315271,0.0012315312,0.4273609666,0.0012315329,0.001231533,0.0012315314,0.0012315287,0.0012315289,0.0012315271,0.0253936388,0.021947532,0.0012315271,0.0007582285,0.194889523,0.0007590521,0.323472485,0.3689611284,0.0007588185,0.0007588259,0.1096419385,0,0,0,0,0,1,0,-0.0507236975,-0.0929119119,0.0672218096,0.1362368322,-0.0109141495,0.1368394926,-0.0548779001,-0.018447639,0.0876883214,0.0923144051,0.0392958742,-0.0743822685,-0.0064010396,0.016300625,-0.1542865389,0.0136431945,-0.0268211837,-0.2193577854,-0.0324734799
/65/2.mp3,0.0012755102,0.02435255,0.0012755103,0.0012755102,0.0012755145,0.0012755102,0.0012755102,0.0012755102,0.0012755102,0.0012755103,0.1354676975,0.8235981153,0.0012755102,0.0012755102,0.0012755103,0.0012755102,0.0013227598,0.5300737961,0.0013227513,0.0013227559,0.2678919588,0.0013227572,0.0013227571,0.0279660384,0.0013227529,0.1608406616,0.0013227513,0.0013227548,0.0013227534,0.0013227513,0.411849575,0.0845767534,0.0933556112,0.0008293053,0.0008294535,0.0008296222,0.0008294283,0.406900251,0,0,0,0,1,0,0,0.1454077847,-0.2348406448,0.2085562196,0.3145044074,0.1269734534,-0.3111967234,-0.1220010771,0.2169036907,0.2639349188,0.3490403985,-0.0151591047,0.1314894348,0.1456775698,0.1882137852,-0.0730535614,0.0557606172,0.0060496846,0.0533357794,-0.2616320219
/65/3.mp3,0.0005733945,0.0005733946,0.0005733945,0.7935123110000001,0.0005733945,0.0005733945,0.0005733945,0.0934155491,0.0005733945,0.0005733945,0.1056180113,0.0005733945,0.0005733945,0.0005733945,0.0005733945,0.0005733945,0.0006265696,0.4561617056,0.0006265664,0.4093391692,0.000626568,0.0973390014,0.0006265689,0.0006265681,0.0308944474,0.0006265673,0.0006265664,0.0006265679,0.0006265673,0.0006265664,0.0003814078,0.847516559,0.1501946628,0.0003814402,0.000381416,0.0003813854,0.0003815179,0.0003816108,0,0,0,1,0,0,0,-0.2617951736,0.1385089874,0.1177264597,-0.2347855681,-0.1356160603,0.07261744,0.1060062689,0.0546871104,-0.1981240589,-0.150204983,0.1633247888,-0.0023123511,-0.2111698474,0.0167888903,0.1302374567,-0.0122715087,-0.1290546348,-0.1076776791,0.1387409647
/62/7.mp3,0.2930030939,0.0011792454,0.095576764,0.0011792453,0.0011792453,0.0011792453,0.0277375033,0.0011792453,0.1121948058,0.0011792455,0.0011792453,0.0011792483,0.0011792461,0.0011792453,0.0011792462,0.4585161297,0.0011709674,0.6286868944,0.0011709602,0.0011709643,0.0011709634,0.3572615525,0.0011709652,0.0011709637,0.0011709616,0.0011709619,0.0011709602,0.0011709632,0.001170962,0.0011709602,0.0007270695,0.0007272556,0.3058456862,0.0007280116,0.0007280265,0.0007278436,0.0007274062,0.6897887008,0,0,0,0,0,0,1,0.1781395987,-0.2196860914,0.1022118883,0.0777253299,0.1150136547,-0.1352581798,-0.0628437279,0.0103179241,0.167162123,0.05170382,0.1106710248,0.1384039626,0.0310097464,0.0279241316,-0.0290455559,0.059706556,-0.0496659482,-0.1250318361,-0.1258483391
/62/6.mp3,0.0001790832,0.0001790831,0.0031618057,0.0001790833,0.6171111433,0.0001790831,0.0001790831,0.0001790832,0.0768584629,0.0425604066,0.1024955621,0.0261263681,0.1300745031,0.0001790831,0.0001790831,0.0001790831,0.0001914984,0.000191499,0.0001914975,0.0001914982,0.0801316417,0.8370070923,0.0282522685,0.0495856631,0.0001914977,0.0032998529,0.0001914975,0.000191498,0.0001914978,0.0001914975,0.5637942313000001,0.007472112,0.294709091,0.0878340677,0.0001162654,0.0458417107,0.0001162728,0.0001162491,0,1,0,0,0,0,0,-0.0751496312,-0.3265033215,-0.0208965346,0.3292047755,-0.1372623343,-0.3047075547,0.0809528952,-0.3183004289,0.0866971381,0.2973778197,-0.3284016274,0.1459473206,0.1298500788,0.0593705721,0.0205529742,0.1321927844,-0.0455739882,-0.0043483873,-0.4585203202
/62/4.mp3,0.0013888894,0.0013888891,0.001388889,0.0255448044,0.1582048534,0.0013888889,0.0013888894,0.0681216785,0.0013888889,0.00138889,0.0013888889,0.1791492482,0.5537016348,0.001388889,0.001388889,0.001388889,0.5363179383000001,0.2518768355,0.0014577259,0.001457731,0.0014577305,0.0014577327,0.0014577328,0.0014577309,0.0014577278,0.0014577281,0.0014577259,0.1957702062,0.0014577285,0.0014577259,0.2620652568,0.357058014,0.0009138081,0.0710164054,0.0557956162,0.1222665805,0.1299705295,0.0009137895,0,0,0,0,0,0,1,0.0616771656,-0.1804484285,-0.0733403502,0.0711473169,0.0299293031,0.0084684444,0.0229180298,-0.03565275,-0.0613015968,-0.0033536288,-0.0485807378,0.0048208747,0.0072356178,0.0018159329,-0.0159288637,-0.0266510968,-0.1243495206,0.0553020344,0.0127386142
/62/5.mp3,0.0010593221,0.0010593225,0.0010593222,0.0010593224,0.0010593239,0.0010593221,0.0010593221,0.154168379,0.0010593221,0.0010593223,0.4596770623,0.2400962475,0.1333464428,0.0010593222,0.0010593221,0.0010593225,0.4387977961,0.5469164584,0.0011904762,0.0011904802,0.0011904798,0.0011904817,0.0011904817,0.0011904802,0.0011904777,0.0011904779,0.0011904762,0.0011904795,0.0011904782,0.0011904762,0.2326837298,0.0007455546,0.0007453312,0.2509594426,0.0435602456,0.1543851846,0.0007455774,0.3161749342,0,0,0,0,0,1,0,0.2216879807,-0.0977564492,0.0464267122,0.0972944208,0.0906052354,-0.1269586278,-0.0458448401,-0.0165539014,0.0269281882,0.0188156686,0.0142013677,-0.0032280785,0.0094626874,-0.0610207205,0.0316143292,-0.0513916687,-0.0646859454,-0.0989421727,-0.0460697045
/62/1.mp3,0.0015243902,0.0015243906,0.0015243902,0.0015243903,0.0015243903,0.5584147009,0.0015243902,0.0015243911,0.0015243902,0.0015243902,0.1718197245,0.0015243903,0.0015243903,0.2499485001,0.0015243903,0.0015243902,0.5628056573,0.2193561744,0.0017421603,0.0017421664,0.079237269,0.0017421685,0.1211792633,0.0017421662,0.0017421625,0.0017421629,0.0017421603,0.0017421653,0.0017421635,0.0017421603,0.0010783144,0.181427246,0.2470562332,0.212771921,0.0010795024,0.3544284511,0.001078735,0.0010795968,0,1,0,0,0,0,0,0.2375959062,-0.2670898037,0.0088286867,0.1529114709,0.2088326374,-0.1636612914,-0.2078778337,0.0340096344,0.3022969151,0.1610070381,-0.2068027102,-0.2033589708,0.1326131991,-0.1190017877,-0.3046838062,-0.0211417305,0.0377762807,-0.1510382675,-0.2931735051
/62/2.mp3,0.0031250017,0.0031249999999999,0.1969112395,0.0031249999999999,0.0031250002,0.0031249999999999,0.0031249999999999,0.0031249999999999,0.0031250001,0.0582589183,0.0031249999999999,0.2126592013,0.0031249999999999,0.0031249999999999,0.4946706386,0.0031250003,0.0034013804,0.216311716,0.0034013605,0.0034013737,0.0034013701,0.7428718657000001,0.0034013757,0.0034013708,0.0034013646,0.0034013659,0.0034013605,0.0034013697,0.0034013659,0.0034013605,0.0021200557,0.1214119961,0.7945412414,0.002121741,0.0021233393,0.0734386494,0.0021208398,0.0021221373,1,0,0,0,0,0,0,-0.344109216,0.3318841831,-0.1668917618,-0.2592519811,-0.2806692797,0.3300015553,0.381520295,-0.1771680448,-0.2606017369,-0.3735985516,0.0592696364,-0.1702250769,-0.3299692424,-0.1670368526,0.135986721,-0.1020279764,-0.0972821427,-0.2102820404,0.1743897106
/62/3.mp3,0.0005952381,0.0005952381,0.0005952381,0.0005952381,0.0005952381,0.0005952381,0.0005952381,0.1985381641,0.0005952381,0.0005952381,0.7931285024,0.0005952381,0.0005952381,0.0005952381,0.0005952381,0.0005952381,0.1018979527,0.8643019798,0.000655308,0.0148009081,0.0006553098,0.0006553109,0.0006553108,0.00065531,0.0006553087,0.0124460658,0.000655308,0.0006553097,0.0006553096,0.000655308,0.0004010687,0.0825473427,0.0004013487,0.1613558045,0.059052903,0.1292322258,0.5666080429,0.0004012639,0,0,0,1,0,0,0,-0.4318290915,0.1987555434,-0.3507185441,-0.3567137675,-0.1625409541,0.384238944,0.2620911718,-0.0899362178,-0.333205525,-0.2278345226,0.0533906268,-0.3052065532,-0.3774065978,-0.2150741007,0.1500032267,-0.1583891037,-0.1710497338,-0.0613233361,0.3395380723
/96/7.mp3,0.00189394,0.0018939401,0.0018939398,0.0018939394,0.0018939397,0.0018939395,0.5637921611,0.0018939394,0.3344751005,0.0018939405,0.0018939394,0.0018939401,0.0018939449,0.0018939394,0.0771115144,0.0018939417,0.0019841442,0.9742062772,0.001984127,0.0019841335,0.0019841336,0.0019841365,0.0019841368,0.0019841343,0.0019841296,0.0019841298,0.001984127,0.0019841329,0.0019841307,0.001984127,0.0012509087,0.419449828,0.0012525568,0.18020164,0.0196381833,0.0012516165,0.0012513449,0.3757039219,0,0,0,0,0,1,0,0.0074745642,0.2215752768,0.1100469235,0.0186399472,-0.0125146255,0.0671697979,0.0224678079,0.0473925774,0.0317117744,0.0142832339,0.3029219232,0.0137316751,-0.0075700914,0.00631877,0.2111348767,-0.0071929337,-0.1033839878,0.0315416336,0.2909620686
/96/6.mp3,0.0012019238,0.0012019233,0.3989173982,0.0012019231,0.0012019234,0.0012019231,0.0012019231,0.0012019231,0.0412931733,0.3590741084,0.0012019231,0.0012019233,0.0012019245,0.0012019231,0.0641966742,0.1232974893,0.7075083766,0.0012987122,0.0012987013,0.0012987064,0.0012987055,0.2769071664,0.0012987078,0.0012987059,0.001298703,0.0012987034,0.0012987013,0.0012987052,0.0012987036,0.0012987013,0.0007969326,0.0435660254,0.000797638,0.6728892864,0.0007976835,0.2499675057,0.0303871758,0.0007977526,0,0,1,0,0,0,0,0.0979356143,0.0840434169,0.0933923372,-0.0594991102,0.0656105807,0.1033066045,0.1027048689,-0.0224578155,-0.0496623263,-0.0152213513,0.1634493403,0.0057340296,-0.0091266686,-0.0750548499,0.1506452456,0.0494305436,0.1871962793,-0.0123499228,0.2458643169
/96/4.mp3,0.0015243903,0.0015243904,0.0015243904,0.0015243902,0.6185433140000001,0.0015243903,0.0015243903,0.0015243902,0.0015243903,0.001524393,0.0015243902,0.3601152188,0.0015243908,0.0015243902,0.0015243903,0.0015243904,0.5901225077000001,0.2106032495,0.0016611296,0.0016611354,0.0016611347,0.0016611374,0.1810017808,0.0016611352,0.0016611316,0.001661132,0.0016611296,0.0016611343,0.0016611326,0.0016611296,0.0010253712,0.0010269452,0.1070398561,0.7005433870000001,0.0010264578,0.0010264046,0.0010256231,0.1872859551,0,0,1,0,0,0,0,0.2874134314,-0.1356313666,-0.0901206056,-0.0430904144,0.1025413643,-0.0558101824,0.0177309214,-0.0252056857,0.0223074162,-0.0029682362,-0.0602838873,0.0758429734,0.0176324355,-0.0025994461,-0.042825672,0.0235178647,0.0986850042,-0.1539011191,-0.04844056
/96/5.mp3,0.5072878456000001,0.0003551137,0.0993809864,0.0110380212,0.1515158241,0.0003551136,0.0003551136,0.0288403717,0.0003551136,0.0003551139,0.0003551136,0.187087859,0.0003551138,0.0116530686,0.0003551137,0.0003551137,0.000388201,0.914600188,0.0003881988,0.0003882001,0.0003881998,0.0003882004,0.0003882004,0.0003881999,0.0003881992,0.0807414159,0.0003881988,0.0003881997,0.0003881993,0.0003881988,0.3629746763,0.0002367383,0.0440701358,0.0002367229,0.1765290532,0.0137373369,0.0072381187,0.394977218,0,1,0,0,0,0,0,0.3056770907,-0.2677708401,-0.0413801418,0.0856456421,0.110428033,-0.1726349332,-0.1650893731,0.2023371145,0.0349886488,0.0716566472,0.0456543286,0.1316462611,-0.0268295848,-0.0067031411,-0.0322407501,-0.0049512436,-0.1065540482,-0.0740823346,-0.040484032
/96/1.mp3,0.1403562185,0.0009469698,0.3997741168,0.0009469697,0.0009469697,0.0009469697,0.0009469698,0.0009469697,0.0009469698,0.0009469698,0.0009469697,0.0009469698,0.0009469703,0.0009469697,0.0009469697,0.4475590576,0.0010822608,0.9859306963,0.0010822511,0.0010822546,0.0010822547,0.0010822563,0.0010822564,0.0010822551,0.0010822525,0.0010822526,0.0010822511,0.0010822543,0.0010822531,0.0010822511,0.0006617302,0.0006617932,0.0006627001,0.0006625433,0.0006623621,0.1653069773,0.000661977,0.8307199168,0,0,1,0,0,0,0,-0.0637163514,-0.0323774924,0.055371626,-0.0295553667,-0.0439515322,0.0802555167,0.0226441764,-0.006856649,0.0785448775,0.0688823782,0.0690462116,-0.2419738886,-0.0182632753,0.0266255451,0.0225285025,0.0235178647,0.0648874607,-0.1185768007,-0.1587948128
/96/2.mp3,0.6808973904000001,0.0007022472,0.2403507552,0.0007022472,0.0007022472,0.0007022472,0.0007022472,0.0007022472,0.0007022472,0.0007022483,0.0007022472,0.0696226387,0.0007022475,0.0007022472,0.0007022477,0.0007022473,0.404329346,0.1367228085,0.0007215007,0.0353896781,0.4163431459,0.0007215041,0.0007215041,0.0007215031,0.0007215016,0.0007215018,0.0007215007,0.0007215028,0.000721502,0.0007215007,0.0004389418,0.0492812358,0.0004394405,0.5508751766000001,0.2383000649,0.0004392786,0.0004391342,0.1597867275,0,0,1,0,0,0,0,-0.0838462905,0.0278207992,0.0522379675,0.0029488656,-0.0824908795,-0.0209930523,0.0231977174,-0.0490282327,0.0269281882,-0.0356253155,0.0329161474,-0.2620745547,-0.145788498,-0.1689312717,-0.1784927018,-0.1724055053,-0.154053054,-0.2290925191,-0.0764798935
/96/3.mp3,0.0003048782,0.0003048781,0.0160909224,0.0003048781,0.0003048783,0.0003048781,0.0003048781,0.0003048783,0.0003048781,0.0565086417,0.1822531862,0.7414887121,0.0003048783,0.0003048781,0.0003048781,0.0003048781,0.0003217522,0.0003217528,0.0003217503,0.0003217515,0.2171026346,0.7790363513,0.0003217517,0.0003217513,0.0003217507,0.0003217508,0.0003217503,0.0003217512,0.0003217508,0.0003217503,0.0001955235,0.0431502271,0.1624385416,0.0001956099,0.0001956676,0.000195671,0.2249026361,0.5687261232,0,0,0,1,0,0,0,0.1448821509,-0.338055464,-0.0691363835,0.0435180357,-0.0657725539,-0.4115642466,-0.1109185997,-0.0286149262,0.0728177156,0.173877591,-0.0832246183,0.1450549553,0.2075900101,0.1348041107,-0.0363362359,0.048729672,-0.0611998925,0.0072455388,-0.3959055505
/109/7.mp3,0.0007352942,0.0007352943,0.0007352942,0.2384508696,0.0007352947,0.0007352941,0.2897371759,0.0007352941,0.3980127192,0.0007352943,0.0007352941,0.0007352942,0.0530830057,0.0126279929,0.0007352941,0.0007352943,0.3387522677,0.5527943590000001,0.0008210181,0.0008210209,0.0008210204,0.0008210217,0.0228160918,0.0774270854,0.000821019,0.0008210197,0.0008210181,0.0008210203,0.0008210199,0.0008210181,0.000500348,0.1929304418,0.0958051348,0.0005009148,0.2415873239,0.4676743806,0.0005005193,0.0005009367,0,0,0,0,1,0,0,-0.0530737515,0.1106905904,0.0988774171,0.0285690975,0.0196962655,0.0309854731,0.0028457334,-0.0398308235,0.0251195198,0.0237991066,0.0745597816,0.106834237,-0.0005319327,0.0401986735,0.2902989927,0.1973499891,-0.0289844363,0.1687170869,0.0169091863
/109/6.mp3,0.0009920635,0.2571736198,0.0009920636,0.0009920635,0.0009920635,0.0009920635,0.0009920635,0.0009920635,0.0009920636,0.0009920644,0.0009920635,0.6967215813000001,0.0009920641,0.0009920635,0.0332079715,0.0009920637,0.1459797412,0.7140704337,0.0010822511,0.0010822547,0.128045038,0.0010822561,0.0010822561,0.0010822547,0.0010822524,0.0010822526,0.0010822511,0.0010822541,0.001082253,0.0010822511,0.0006655771,0.180206383,0.1483091387,0.4598552729,0.0006661873,0.0006659743,0.0006664133,0.2089650535,0,0,1,0,0,0,0,0.1402432073,0.0589494682,0.0493446474,0.1714473402,0.148071891,-0.1301272903,-0.0750670281,0.0137151082,0.0674133208,0.0040980064,0.06223195,0.0879895694,0.0642355677,0.059494025,0.0266825214,0.1150009503,0.2153133738,0.051175992,0.0169091863
/109/4.mp3,0.0013888889,0.0013888889,0.0013888889,0.001388889,0.0013888889,0.0013888889,0.0013888889,0.4946324276,0.0013888889,0.0013888889,0.4859231275,0.0013888889,0.0013888889,0.0013888891,0.0013888889,0.0013888889,0.1107462139,0.8431945184,0.001552795,0.0015528008,0.0015527982,0.0015528011,0.0015528005,0.0289784824,0.0015527965,0.0015528024,0.001552795,0.0015527983,0.0015528023,0.001552795,0.0009621805,0.0009634494,0.7937946124,0.0009632624,0.2004276015,0.0009631268,0.0009624405,0.0009633264,0,0,0,1,0,0,0,-0.0978144572,0.072298895,0.0355867667,-0.0034713133,-0.0698086079,0.3188334819,0.0847869919,0.1432152942,-0.1684118374,-0.0625429739,0.0331651362,-0.1498775257,-0.1039081323,-0.0592205779,0.0706200071,-0.0301247757,-0.0917260799,-0.2072745171,0.2738793151
/109/5.mp3,0.0017857143,0.0017857145,0.0017857144,0.0017857149,0.0775464698,0.0017857143,0.0017857143,0.0527347418,0.0017857143,0.0017857144,0.0017857148,0.8465045004,0.0017857144,0.0017857146,0.0017857144,0.0017857145,0.0019841405,0.8792120979,0.001984127,0.0969783212,0.0019841328,0.0019841359,0.0019841358,0.0019841333,0.0019841293,0.0019841298,0.001984127,0.0019841323,0.0019841302,0.001984127,0.001239042,0.1028402691,0.0012401898,0.0012394175,0.3729568933,0.0012395191,0.1493910441,0.369853625,0,0,0,0,0,0,1,0.2200691251,0.0577701009,0.0559988796,0.0394143145,0.2606707262,0.0338276835,0.0231977174,-0.0329052613,-0.0818970365,0.0040980064,0.0532748795,0.0789644039,-0.0072664438,0.0194744947,0.063223276,-0.0266510968,-0.0975599914,-0.015201662,0.0169091863
/109/1.mp3,0.0024038462,0.0024038462,0.0024038462,0.0024038462,0.0024038462,0.0024038462,0.0024038462,0.9639423065,0.0024038462,0.0024038462,0.0024038471,0.0024038462,0.0024038462,0.0024038462,0.0024038462,0.0024038462,0.8686066678000001,0.0027472673,0.0027472527,0.0027472591,0.0027472597,0.0027472624,0.0027472629,0.0027472604,0.0027472555,0.0027472567,0.0027472527,0.0516224819,0.0495510081,0.0027472527,0.0017383749,0.0845930134,0.0017391917,0.7145073759,0.0017391904,0.0017398616,0.1922036213,0.0017393708,0,0,0,0,0,0,1,-0.1405968769,0.0679115863,-0.1398466338,-0.3514422532,-0.1553520715,0.0771466841,0.2144896971,-0.0423113078,-0.1509527243,-0.1041846671,0.0632752971,-0.3495429904,-0.1827057885,-0.1204854528,-0.0767744637,-0.1439441545,-0.1458982478,-0.3271765432,0.0855066607
/109/2.mp3,0.1370056557,0.0010245902,0.0692599983,0.0010245902,0.0010245902,0.0832080268,0.1246023622,0.0010245903,0.0990711158,0.0010245903,0.0010245902,0.0010245929,0.0010245905,0.0010245904,0.0010245906,0.4766069356,0.0010352052,0.4697519131,0.0010351967,0.0010352001,0.5178256934000001,0.0010352016,0.0010352017,0.0010352004,0.001035198,0.0010351982,0.0010351967,0.0010351997,0.0010351986,0.0010351967,0.0006284368,0.000628479,0.0006291473,0.0006291125,0.0006291038,0.1802165949,0.0006286942,0.8160104314000001,0,0,0,0,0,0,1,0.0080841483,0.0041654038,0.0039327585,0.0990141088,0.0850538842,-0.112012394,-0.0175065827,-0.036460688,0.0484918376,0.1281770347,0.0698872361,0.0083426792,0.0124026386,0.0181076462,-0.0313943557,0.0154908309,0.0559130025,0.0399289988,0.0008068133
/109/3.mp3,0.0010593225,0.0010593221,0.1870816853,0.0010593221,0.0010593221,0.001059322,0.0181030526,0.001059322,0.0010593223,0.3696273669,0.001059322,0.0010593229,0.0010593224,0.001059322,0.4124760285,0.0010593223,0.0011520829,0.5473560208,0.0011520737,0.0011520776,0.0011520774,0.1677344736,0.0011520792,0.2722366639,0.0011520752,0.0011520754,0.0011520737,0.001152077,0.0011520758,0.0011520737,0.0007027011,0.1720390283,0.531749027,0.0007034536,0.0007035549,0.0007033274,0.0007029433,0.2926959644,1,0,0,0,0,0,0,-0.0912974222,0.0269344912,0.1672083666,-0.0401249395,-0.0024121682,0.1006998754,0.1718143838,0.1221061385,0.0199324814,0.0176583598,0.0545511086,0.0900897806,0.0177892763,0.0443032403,0.0889972761,0.0812789507,-0.0680075493,0.1482047792,0.0210765155
/100/7.mp3,0.0020161291,0.3381068985,0.0020161291,0.0020161291,0.1308320271,0.0020161291,0.0020161291,0.0020161291,0.0020161291,0.1003248308,0.2669689829,0.1415898389,0.0020161308,0.002016129,0.0020161291,0.0020161293,0.3369185151,0.138866124,0.0021008403,0.0021008481,0.0021008471,0.2434617525,0.0021008506,0.0021008477,0.0021008431,0.2597451601,0.0021008403,0.0021008465,0.0021008441,0.0021008403,0.0012899833,0.2577253219,0.709088754,0.0012910162,0.0012911179,0.0267313807,0.0012913778,0.0012910483,0,0,0,0,0,0,1,-0.0571786094,-0.0825792938,-0.1198576608,0.1477968847,0.2074451578,-0.0569672264,-0.1125351128,0.1456387132,0.2246552127,0.0930299931,-0.2609198614,0.0266239618,0.1325714259,0.0868274637,-0.1727694169,-0.0041255894,-0.0129375402,-0.0285115094,-0.2250449037
/100/6.mp3,0.0031250001,0.3702179514,0.0031250001,0.347351927,0.0031250015,0.0031249999999999,0.0031250001,0.0031250001,0.0031250001,0.0031250001,0.0031249999999999,0.0031250002,0.241805119,0.0031249999999999,0.0031249999999999,0.0031250004,0.3161597408,0.5053081527000001,0.0022321429,0.0022321509,0.0022321489,0.0022321525,0.0022321523,0.0022321492,0.0022321453,0.0022321461,0.0022321429,0.1539784816,0.0022321509,0.0022321429,0.1671687545,0.1116809564,0.2847568998,0.049203869,0.1759749107,0.001390995,0.0013919146,0.2084317001,1,0,0,0,0,0,0,0.0543167675,-0.1760882254,-0.1683240705,0.0330674056,0.0189470937,-0.0455428825,-0.12178814,0.2067971375,0.2182998368,0.025727348,-0.1562049657,-0.1300635808,0.0374140755,-0.0454243007,-0.2851071821,0.008297842,0.0160395404,-0.0838823029,-0.193096814
/100/4.mp3,0.0004770993,0.0004770993,0.0004770993,0.0004770993,0.0004770993,0.0004770994,0.0004770993,0.9851867432,0.0004770993,0.0004770993,0.0004770993,0.0004770993,0.0081338664,0.0004770993,0.0004770992,0.0004770995,0.5169620829,0.1786574289,0.0005452563,0.2658661854,0.0005452577,0.03306173,0.0005452585,0.0005452578,0.0005452569,0.0005452577,0.0005452563,0.0005452576,0.0005452578,0.0005452563,0.00033179,0.0459379176,0.2256862107,0.0003320443,0.2604958177,0.4136474484,0.0003319735,0.0532367978,0,0,0,0,0,0,1,0.2291817619,-0.3078101726,-0.1268590919,0.1807037345,0.3218449989,-0.1314582591,-0.2934952544,0.2527584057,0.3040912763,0.2538825311,-0.3120019152,0.1252383057,0.2329106446,-0.0003834553,-0.1867262831,0.0843038502,0.0674077932,0.0017427763,-0.3848345475
/100/5.mp3,0.0004960318,0.0004960318,0.0004960318,0.0004960318,0.1388528927,0.0698990526,0.0004960317,0.0406091404,0.0004960317,0.0004960318,0.0004960324,0.6554000278000001,0.0004960318,0.000496032,0.0004960318,0.089782536,0.0005291046,0.3982154845,0.0005291005,0.0005291023,0.1527134745,0.000529103,0.3631489964,0.0806310273,0.0005291012,0.0005291013,0.0005291005,0.000529102,0.0005291015,0.0005291005,0.0003257714,0.1081996296,0.6532755322,0.0003261661,0.0003261153,0.2368948096,0.000325913,0.0003260626,0,1,0,0,0,0,0,0.2011193101,-0.4320949327,0.0133021095,0.3129572732,0.1881214746,-0.4591460127,-0.2550794707,0.1404123699,0.3408460439,0.3154229315,-0.2337560494,0.2005250908,0.2771638643,0.1210271068,-0.3738226601,-0.0312299062,-0.1515496605,-0.0149246274,-0.4613766822
/100/1.mp3,0.00125,0.00125,0.0012500001,0.1212284229,0.001250001,0.00125,0.0613114377,0.00125,0.0012500002,0.0012500002,0.00125,0.7802112525,0.0012500004,0.00125,0.022248885,0.00125,0.001253143,0.2513722972,0.0012531328,0.0012531372,0.4088731783,0.0012531386,0.0012531385,0.0012531369,0.0209417393,0.3062814202,0.0012531328,0.0012531363,0.0012531361,0.0012531328,0.0007721056,0.8612433951,0.0007728058,0.0007727591,0.1341209199,0.0007726091,0.0007724981,0.0007729072,0,0,0,1,0,0,0,-0.1764483898,-0.0882234166,-0.0796856036,-0.2541185811,-0.0479276998,-0.1189581447,-0.0813376974,-0.0028736392,0.10199563,0.0651617942,-0.0363214932,-0.2037816533,-0.1377896062,-0.2172902071,-0.1755498197,-0.1324484408,-0.0516234868,-0.1956829361,-0.1399361162
/100/2.mp3,0.0028409091,0.0028409097,0.0028409092,0.0028409091,0.1339976682,0.0028409092,0.0028409091,0.0028409091,0.0028409091,0.0028409092,0.6847082076000001,0.1443623049,0.0028409091,0.0028409091,0.0028409091,0.0028409091,0.002976218,0.6783991866,0.0029761905,0.0654089389,0.0029762009,0.2234536912,0.0029762057,0.0029762019,0.0029761946,0.0029761947,0.0029761905,0.0029761997,0.0029761963,0.0029761905,0.2011861908,0.0019274442,0.6634604207,0.0019261007,0.0019254991,0.0019297707,0.1257183154,0.0019262584,1,0,0,0,0,0,0,0.0996775241,-0.285703768,-0.1784512042,-0.0394516805,0.0607127173,-0.2020098274,-0.0525750295,-0.0155014434,0.0710511122,0.0117147753,-0.2521845357,-0.0887183059,-0.0062649751,-0.0490258085,-0.0681594458,0.054152529,0.1137036639,-0.196565501,-0.2717532237
/100/3.mp3,0.0005252101,0.0005252103,0.0005252101,0.0005252102,0.0775487595,0.0971802529,0.0005252101,0.4178541637,0.0005252101,0.0005252102,0.0917881552,0.0005252102,0.3098513568,0.0005252101,0.0005252101,0.0005252103,0.7519349079000001,0.0005370639,0.0005370569,0.0005370591,0.0005370586,0.0005370596,0.0005370596,0.1543116263,0.0005370576,0.0095649644,0.0005370569,0.0492447284,0.0301102437,0.0005370569,0.0169839997,0.0003261135,0.0003260743,0.3960448812,0.2143788392,0.2641866261,0.0755060148,0.0322474511,0,0,0,0,1,0,0,0.0232509476,0.0200430953,-0.2307920177,-0.1532968622,-0.0279961147,-0.0248476774,0.1524048635,-0.3262513773,-0.280130607,-0.3031192113,-0.1359324291,-0.1611053859,-0.363386697,-0.2934680203,0.123042668,-0.1000494483,-0.020447467,-0.2215405207,0.0546716689
/54/7.mp3,0.001250001,0.0012500005,0.669967783,0.0012500005,0.0012500002,0.0012500001,0.108977069,0.00125,0.0393428255,0.03380463,0.00125,0.0012500004,0.0012500024,0.00125,0.1341576847,0.001250003,0.001400571,0.8514882314000001,0.0014005602,0.0014005649,0.1317050025,0.0014005667,0.0014005668,0.001400565,0.001400562,0.0014005622,0.0014005602,0.0014005642,0.0014005627,0.0014005602,0.0008627135,0.1288845312,0.0814252326,0.0008634226,0.2955839678,0.0008631519,0.0008630725,0.4906539078,0,1,0,0,0,0,0,0.2025044052,0.0491663036,0.0451615145,0.2272297046,0.14883692,0.0913373926,0.1973151787,0.123396833,0.0922086789,0.1202178517,0.1272810829,0.1908600822,0.2244699113,0.1934167276,0.077839394,0.1228285998,0.0744789824,0.184471118,0.1335191434
/54/6.mp3,0.0010964914,0.0010964918,0.0010964915,0.1139162926,0.0010964963,0.0010964913,0.1342562107,0.0010964912,0.3235962587,0.0010964915,0.0010964913,0.0251587062,0.1014638439,0.0010964913,0.2269782882,0.0647619722,0.11151503,0.0011709698,0.0011709602,0.0011709646,0.001170964,0.0011709661,0.8744334106,0.0011709644,0.0011709617,0.001170962,0.0011709602,0.0011709637,0.0011709624,0.0011709602,0.2018251869,0.0698747002,0.2083234398,0.0949760302,0.1115702754,0.3119824826,0.0007239826,0.0007239025,0,1,0,0,0,0,0,0.1951901996,-0.1468859839,-0.09080596,0.1516115702,0.0289602822,-0.1865911373,-0.1384248432,0.056684715,0.0602948672,0.072460068,-0.0838666319,0.0445863555,0.0458069689,0.0209275353,0.0226305559,-0.007259832,-0.0430159063,0.0029911671,-0.0178090659
/54/4.mp3,0.0013297872,0.0013297875,0.0013297873,0.2470002593,0.0013297892,0.0013297873,0.0013297872,0.0013297893,0.0013297872,0.0013297874,0.0786398174,0.3938635093,0.0013297873,0.2645389624,0.0013297874,0.0013297873,0.3299650677,0.6535513798,0.0013736264,0.001373631,0.0013736306,0.0013736327,0.0013736327,0.001373631,0.0013736281,0.0013736283,0.0013736264,0.0013736302,0.0013736287,0.0013736264,0.0008340873,0.4014746243,0.0008348907,0.0008349578,0.2470988379,0.1222701574,0.2258175108,0.0008349339,0,0,0,1,0,0,0,-0.1261422663,0.3067698345,-0.1229733332,-0.2011305944,-0.0021230212,0.0503184117,0.1138879015,-0.0187786664,-0.3779661343,-0.2861134628,0.1465755845,-0.2638801673,-0.2428976827,-0.1708262821,-0.0488942434,-0.1681646694,-0.139288283,-0.0463787864,0.302667601
/54/5.mp3,0.002016131,0.0020161303,0.0020161295,0.1905037656,0.216568269,0.0020161292,0.0020161307,0.1755226233,0.3202478111,0.0020161329,0.0020161295,0.0020161298,0.0020161341,0.0749800941,0.0020161292,0.0020161306,0.157239415,0.5573231849,0.0021008403,0.0021008475,0.002100847,0.0021008502,0.0021008504,0.0021008477,0.002100843,0.0021008433,0.0021008403,0.1884204369,0.0760085131,0.0021008403,0.0013041015,0.102782789,0.3003381845,0.3031051023,0.0013042077,0.0013047295,0.2885568365,0.001304049,0,1,0,0,0,0,0,0.0652733776,-0.0364631546,-0.029770178,0.1109889462,0.0736496194,0.1012376383,0.1183238976,0.2007669954,0.186785041,0.0844800768,0.2728453517,0.0573382569,0.0953477151,0.143709788,0.1229343266,0.0928251765,0.0632270931,0.1073571802,0.241737554
/54/1.mp3,0.001388889,0.0013888894,0.0240437029,0.0596438047,0.001388889,0.0240698973,0.2727593832,0.0013888905,0.2965148446,0.001388889,0.0013888892,0.0013888891,0.0013888896,0.1600669395,0.001388889,0.1504014242,0.2914561893,0.0015528083,0.001552795,0.0015528012,0.0015528001,0.001552803,0.6899102199,0.0015528006,0.0015527971,0.0015527976,0.001552795,0.0015527998,0.001552798,0.001552795,0.0009696767,0.0009709413,0.1838009776,0.1807450504,0.000970892,0.3462157349,0.0009699464,0.2853567807,0,0,0,0,0,1,0,-0.3385194524,-0.0578644177,-0.1682734652,-0.3549058957,-0.2403154901,-0.1009589479,-0.0906818029,-0.2058109212,-0.4273206291,-0.4016437883,0.0219151768,-0.0703616506,-0.2657565836,-0.0961093958,0.0409707642,-0.1110717486,-0.1400421127,-0.0735633051,0.0736653184
/54/2.mp3,0.0933569893,0.0005208334,0.1797142705,0.0090867661,0.1461227795,0.0005208333,0.0005208334,0.0005208344,0.0005208334,0.0005208339,0.0005208335,0.0005208334,0.1002762595,0.0107625954,0.4447442524,0.0117694185,0.3121592714,0.3880011295,0.0005854801,0.0005854821,0.1385785551,0.0005854828,0.1053394765,0.000585482,0.0005854808,0.0506522367,0.0005854801,0.0005854817,0.0005854811,0.0005854801,0.0003594087,0.570027356,0.0003597443,0.199417485,0.0003598523,0.2287568557,0.0003595221,0.0003597759,0,0,0,0,0,1,0,0.0923775046,-0.4685231993,-0.3627393199,0.1538197395,-0.0823604743,-0.4476627512,-0.0932456067,-0.2505120504,0.0464490452,-0.1022940893,-0.312026199,0.0728340307,0.1562318767,0.2189806954,-0.0892844614,0.1255730707,-0.0098828183,-0.0493178748,-0.4227711251
/54/3.mp3,0.002232143,0.046537986,0.002232143,0.0022321456,0.4072392093,0.002232143,0.0022321429,0.1132975449,0.0022321431,0.0022321431,0.135998052,0.0022321432,0.1044409153,0.0022321429,0.036920295,0.1354767078,0.0021008594,0.9726889974,0.0021008403,0.0021008472,0.0021008476,0.0021008505,0.0021008509,0.0021008483,0.0021008432,0.0021008433,0.0021008403,0.0021008467,0.0021008444,0.0021008403,0.2648009402,0.0013188005,0.2671047486,0.0013175946,0.0645856926,0.1278345762,0.2717196749,0.0013179724,0,0,0,0,0,0,1,-0.5425031544,0.2096383259,-0.4226089616,-0.5414866125000001,-0.5058695104,0.0412747005,0.0465209875,-0.3811108055,-0.4260618956,-0.4842801754,-0.1758212368,-0.2776774987,-0.609921569,-0.2944998825,-0.0581340729,-0.3722213546,-0.2349390698,-0.3472666167,0.1361040606
/107/7.mp3,0.0022321429,0.0022321432,0.0022321429,0.074970065,0.0022321429,0.0022321429,0.1810253332,0.0022321437,0.0022321432,0.0022321429,0.7149867422,0.0022321429,0.0022321436,0.0022321429,0.0022321429,0.0022321429,0.0024630715,0.0024630766,0.0024630542,0.0024630649,0.5521433444,0.3365485701,0.0024630668,0.0024630629,0.0842144012,0.0024630585,0.0024630542,0.0024630618,0.0024630587,0.0024630542,0.0304414696,0.1476375449,0.3662099463,0.0015662756,0.1169163913,0.0015665124,0.3340962231,0.0015656368,0,0,0,0,1,0,0,-0.0329048669,0.0589494682,0.0493446474,-0.0574479308,-0.0824908795,0.0424823839,-0.0014698579,-0.0423113078,0.0496911739,0.0040980064,-0.032285179,0.0661147891,-0.0019825045,0.0194744947,0.0299163926,-0.0498075072,-0.1189789272,0.1329094667,0.0404318582
/107/6.mp3,0.0015624999999999,0.0015624999999999,0.0015625001,0.2306829185,0.0015624999999999,0.0015624999999999,0.5033409057,0.0015625023,0.2014059132,0.0184722012,0.0015625004,0.0015624999999999,0.0015625004,0.0289105582,0.0015624999999999,0.0015625001,0.0017006933,0.9778910986,0.0017006803,0.001700686,0.0017006856,0.0017006881,0.0017006882,0.001700686,0.0017006824,0.0017006827,0.0017006803,0.0017006851,0.0017006832,0.0017006803,0.0010421023,0.0010424464,0.2816866354,0.3709073277,0.0010435765,0.0010434988,0.0010426615,0.3421917514,0,0,0,0,0,0,1,-0.1052712535,0.0591187457,0.0494839901,-0.0574479308,-0.0462651654,0.1287046657,0.0231977174,-0.039547764,0.0269281882,0.0040980064,0.124948182,0.0789644039,-0.0013862025,0.0194744947,0.063223276,-0.0266510968,-0.0601265848,0.1435735544,0.2221896356
/107/4.mp3,0.082923335,0.0012254903,0.1903600007,0.0012254902,0.001225491,0.0012254902,0.0755857354,0.0012254902,0.2958444378,0.0012254904,0.0012254902,0.0012254922,0.1346081084,0.0012254902,0.0681218446,0.1415271233,0.3029837249,0.3097189781,0.0012531328,0.2924158549,0.0012531367,0.0012531386,0.0012531387,0.0012531371,0.0012531344,0.0012531346,0.0012531328,0.0823500884,0.001253135,0.0012531328,0.2107647641,0.0007781549,0.0007778976,0.2759820213,0.0007778733,0.0007779876,0.0007777565,0.5093635446,0,0,0,0,1,0,0,0.0332808794,0.103021313,0.0371074401,-0.0404314874,-0.1413404523,0.0606639931,0.0193589084,-0.03009242,0.0719355534,0.1683653459,0.0541573218,0.0134096878,-0.0004614342,0.0722026342,0.0744610085,-0.0412312948,-0.1314617665,0.1960947447,0.0096081987
/107/5.mp3,0.0015243903,0.0015243909,0.0015243904,0.1479139904,0.0015243918,0.0015243904,0.4900403297,0.0874342298,0.0910490599,0.0015243903,0.0261159195,0.0015243904,0.09788013,0.0278924373,0.0194787785,0.0015243905,0.3224303273,0.4047485485,0.0016233766,0.0016233822,0.0016233817,0.0016233842,0.0016233842,0.0016233821,0.0016233786,0.001623379,0.0016233766,0.254963943,0.0016233794,0.0016233766,0.0870974579,0.0322156795,0.1590221286,0.2538271906,0.0402273126,0.4255736527,0.0010184101,0.0010181678,1,0,0,0,0,0,0,-0.0064785582,0.0589494682,0.0900863867,-0.0574479308,-0.0824908795,0.0424823839,0.0231977174,-0.0590511621,0.0269281882,0.0100373189,0.0503799102,-0.0762451505,0.1040637503,0.0194744947,0.063223276,-0.0266510968,-0.1189789272,0.1010001222,0.1167739692
/107/1.mp3,0.0284401196,0.000672043,0.9621512774,0.000672043,0.000672043,0.000672043,0.000672043,0.000672043,0.000672043,0.000672043,0.000672043,0.000672043,0.000672043,0.000672043,0.0006720437,0.0006720431,0.0007518821,0.9902255452,0.0007518797,0.0007518826,0.0007518813,0.000751883,0.0007518823,0.0007518813,0.0007518804,0.0007518808,0.0007518797,0.0007518813,0.0007518806,0.0007518797,0.0004652322,0.0719207073,0.374856449,0.0004653726,0.0220684962,0.0004654727,0.3789613541,0.150796916,0,0,0,0,0,0,1,0.0440473534,-0.2637716622,-0.0694590726,0.0027977021,-0.0374710058,-0.1690706525,0.0112882421,-0.1174800108,0.0951667861,0.2606017071,0.0248679996,0.0594059114,-0.0047353096,-0.0398462771,-0.0607577736,0.0614173884,0.0495341138,-0.0029742506,-0.061331834
/107/2.mp3,0.0021551729,0.0021551729,0.2231463521,0.0021551725,0.2841856416,0.0021551725,0.0021551724,0.0021551724,0.0021551724,0.1611076017,0.0669829967,0.2408705098,0.0021551724,0.0021551724,0.0021551727,0.0021551724,0.3038663595,0.2707821729,0.0023809524,0.189881192,0.0481351896,0.0023809631,0.0023809628,0.0497847054,0.1185027211,0.0023809588,0.0023809524,0.0023809587,0.0023809591,0.0023809524,0.0014720185,0.3957166671,0.2901185352,0.0014725565,0.2180662462,0.0391268818,0.0525537975,0.0014732972,0,0,0,0,0,0,1,-0.2504907026,0.2743489035,0.005936567,-0.2853126655,-0.091006585,0.196070114,0.2380082266,-0.0128537628,-0.0975081291,-0.1156032697,0.0287152457,-0.1582126398,-0.0391369042,-0.247849321,-0.0435834567,-0.124020137,-0.1359574272,-0.1398979324,0.1956229915
/107/3.mp3,0.0006510425,0.0006510417,0.0006510446,0.0006510417,0.009064389,0.0006510417,0.0361462384,0.0006510417,0.8475439215,0.0217430707,0.0006510417,0.0006510427,0.000651042,0.0006510417,0.0783409166,0.0006510418,0.2785308001,0.4446441211,0.0007072136,0.0007072162,0.1260244401,0.0007072164,0.0007072162,0.143728487,0.0007072143,0.0007072164,0.0007072136,0.0007072151,0.0007072164,0.0007072136,0.0004329503,0.000433401,0.2486215779,0.0004330557,0.0004330795,0.0004330794,0.1991438619,0.5500689944,0,0,0,0,0,1,0,0.0318581485,-0.1382820748,-0.1196103124,0.1244984084,-0.0769119108,-0.0575654675,0.0591441555,-0.0423113078,0.0269281882,0.0040980064,0.0331651362,-0.2333207808,-0.2063118393,-0.2321331733,-0.0670070494,-0.1995025747,-0.1524504024,-0.1767415886,0.0334296017
/98/7.mp3,0.0007911395,0.8408422158000001,0.0007911393,0.0133455751,0.0007911393,0.0007911395,0.0007911394,0.0007911393,0.0007911393,0.0007911397,0.1222092516,0.0007911393,0.0007911395,0.014109285,0.0007911393,0.0007911393,0.0008928646,0.7759662901000001,0.0008928571,0.0008928601,0.0008928601,0.0008928614,0.2133193967,0.0008928603,0.0008928583,0.0008928584,0.0008928571,0.0008928598,0.0008928588,0.0008928571,0.2506344686,0.0005492755,0.1338497376,0.000549268,0.4339530224,0.0735447723,0.0005492753,0.1063701803,0,0,0,0,0,0,1,0.1965575458,-0.4802495878,-0.2558982498,0.0435131469,0.2694971381,-0.4628260892,-0.3211384978,0.0095606699,0.1221611993,0.0582642144,-0.1546040781,-0.0235189842,0.0600565825,-0.0119213508,-0.2923350801,0.011456786,0.0731881006,-0.0857361812,-0.2996035347
/98/6.mp3,0.0007183908,0.0007183909,0.0007183909,0.2580278248,0.2895737602,0.0007183908,0.4120888247,0.0007183908,0.0007183909,0.000718391,0.0007183908,0.0182903723,0.0007183916,0.0007183908,0.0007183909,0.0141169178,0.1108698033,0.7930731236,0.000621118,0.0006211201,0.0006211199,0.0006211209,0.0892247616,0.0006211201,0.0006211188,0.0006211189,0.000621118,0.0006211198,0.0006211191,0.000621118,0.0003815491,0.1001875287,0.0003817827,0.3553418539,0.1449836975,0.0660632451,0.1382044316,0.1944559114,0,0,0,0,1,0,0,-0.2688641066,0.1564987761,0.0709191574,-0.1251471471,-0.3200374445,0.0727016068,0.0368062452,-0.1382872451,-0.3291067827,-0.3479003174,-0.0479934943,-0.171082431,-0.2300253602,-0.2195203286,0.1758059923,-0.1551801757,-0.1663719639,-0.1967799214,0.0440262903
/98/4.mp3,0.0026041667,0.0026041673,0.0026041667,0.0026041667,0.0441986333,0.0452395687,0.0026041667,0.803614936,0.0026041667,0.0026041667,0.0756968611,0.0026041669,0.0026041667,0.0026041667,0.0026041667,0.0026041667,0.0028571685,0.4798999351,0.0028571429,0.0028571524,0.0028571527,0.0028571569,0.0028571574,0.0028571537,0.0028571467,0.002857147,0.0028571429,0.0028571516,0.4858142493,0.0028571429,0.0017638593,0.3121237917,0.0017624986,0.0776017882,0.0017616968,0.0017645442,0.6014593456,0.0017624757,0,0,0,1,0,0,0,-0.3298111499,0.3555339577,-0.108150673,-0.3205553662,-0.3721878019,0.3057946157,0.2644918879,-0.0609761502,-0.3793352558,-0.3588244664,0.0350103583,-0.3636665049,-0.3118773044,-0.151724366,0.0313159512,-0.2608087892,-0.1316649677,-0.2829841367,0.2947749495
/98/5.mp3,0.0009615385,0.0994433305,0.0009615385,0.0009615385,0.0009615385,0.2359691087,0.0009615385,0.0009615385,0.0009615385,0.0009615385,0.1318886942,0.0009615385,0.0009615387,0.0009615385,0.0009615385,0.5211604047,0.9455329003,0.0010822565,0.0010822511,0.0414800588,0.0010822537,0.0010822547,0.0010822549,0.0010822539,0.0010822521,0.0010822521,0.0010822511,0.0010822563,0.0010822536,0.0010822511,0.0112193271,0.0433829061,0.0006729054,0.0815136872,0.0006732087,0.720462912,0.1414021208,0.0006729327,0,0,0,0,0,0,1,0.1809055825,-0.4180505325,-0.1533937066,0.0692496765,0.2922138642,-0.4098604492,-0.2686738277,0.0814400995,0.1054240269,0.078799541,-0.0460761238,-0.1822333921,0.1479508773,0.0385597863,-0.3406159989,0.0324055312,0.0368892761,-0.1481577393,-0.2993524106
/98/1.mp3,0.0023148169,0.0023148153,0.1013493376,0.0023148148,0.0023148151,0.0023148149,0.0023148149,0.0023148148,0.0023148149,0.4024325132,0.0023148148,0.0768315914,0.0023148183,0.0023148148,0.3916087722,0.0023148163,0.4405296276,0.0025510352,0.0025510204,0.0025510268,0.0025510276,0.1379691204,0.0025510308,0.2394726685,0.0025510233,0.0025510232,0.0025510204,0.1565183309,0.0025510244,0.0025510204,0.0016245122,0.1624607482,0.2111793708,0.1718922324,0.0016733144,0.0016250946,0.0016252637,0.4479194637,0,0,1,0,0,0,0,-0.0927620047,0.1044974013,0.0062837027,-0.2062646302,-0.1314772008,0.221439848,0.2540682026,-0.2483304312,-0.1778610278,-0.2480365479,-0.0062062257,-0.1022597182,-0.0937702431,-0.0999978413,-0.0257575064,-0.0666399327,0.0005140117,-0.1186826085,0.192880007
/98/2.mp3,0.0004340278,0.0004340278,0.0004340278,0.0004340278,0.0004340278,0.0004340278,0.0004340278,0.8344885024,0.0004340278,0.0004340278,0.0364663155,0.0004340278,0.0004340278,0.1234028209,0.0004340278,0.0004340278,0.4886255018,0.3061945788,0.0004926108,0.0004926126,0.0004926122,0.000492613,0.199761188,0.0004926123,0.0004926114,0.0004926115,0.0004926108,0.0004926136,0.0004926122,0.0004926108,0.0535902855,0.0507363094,0.0010539572,0.2865388807,0.0003010302,0.0962276894,0.0766551459,0.4348967018,0,0,0,0,0,1,0,0.0061248465,-0.2699715678,0.0256033203,0.17860864,0.0258011996,-0.192852703,0.004164318,-0.2041735609,0.1366949791,0.1427866174,-0.1796072459,0.1274453928,0.0558609987,0.2394167946,0.0551922476,0.0584317376,-0.1372057701,0.0054940775,-0.2893440931
/98/3.mp3,0.0005952384,0.0005952383,0.0005952382,0.0005952381,0.6040812816000001,0.0005952381,0.0005952383,0.0005952386,0.0005952381,0.1679632407,0.2202173793,0.0005952387,0.0005952389,0.0005952382,0.0005952381,0.0005952383,0.4032939012,0.0006553118,0.000655308,0.0559795554,0.0806478576,0.0326905,0.0497918176,0.1125077094,0.0107382908,0.1553655027,0.000655308,0.0380166511,0.0583469784,0.000655308,0.0646537418,0.0004039683,0.0004038514,0.1436174166,0.0004038697,0.1512660587,0.6388472654,0.000403828,1,0,0,0,0,0,0,0.2324046681,-0.3567361226,-0.0337705587,0.1576600154,0.2110702439,-0.2967617954,-0.1446031098,-0.1118568474,0.120372537,0.084230627,-0.1223911933,0.0056318499,0.2156632361,0.1562937679,-0.0013486504,-0.0191343494,-0.0980345424,0.1367737086,-0.386429244
/53/7.mp3,0.0007530121,0.0007530122,0.0007530121,0.0915478588,0.0007530121,0.0007530121,0.0007530121,0.8188327427000001,0.0007530121,0.0007530122,0.0007530122,0.0007530122,0.0151822626,0.0654009902,0.0007530121,0.0007530123,0.0007764063,0.0007764027,0.0007763975,0.0007764,0.3168734167,0.2466649377,0.41358415,0.0151134805,0.0007763983,0.0007763985,0.0007763975,0.0007764128,0.0007764038,0.0007763975,0.1571589062,0.0004816855,0.3950269299,0.0004816108,0.1394051435,0.0004814296,0.2957478809,0.0112164135,0,0,0,0,1,0,0,-0.0977948445,0.0338497673,0.0543834203,0.0399399841,-0.0789937815,-0.1319511496,0.0226211122,-0.0517404505,0.0269281882,0.0040980064,-0.1153042567,0.0789644039,0.0691026066,0.0194744947,-0.0812659873,-0.0266510968,-0.1189789272,0.0409143691,-0.3972175388
/53/6.mp3,0.113063585,0.0004032258,0.0004032261,0.0004032258,0.0004032258,0.0004032258,0.0765659166,0.0004032258,0.0202407761,0.3439115678,0.0004032258,0.1019658072,0.0004032261,0.0004032258,0.092224109,0.2483992053,0.188590358,0.0004382151,0.0004382121,0.0004382134,0.184095564,0.4020559333,0.000438214,0.0004382135,0.0004382126,0.0004382127,0.0004382121,0.2208760142,0.0004382128,0.0004382121,0.0002672364,0.0002673638,0.3874077505,0.2109090954,0.0002675219,0.1059464419,0.0002673254,0.2946672647,0,0,1,0,0,0,0,-0.2780348159,-0.4471842964,0.0493446474,0.0943193447,-0.055487659,-0.3860366543,0.0226211122,-0.2419370615,-0.0131422922,-0.0092346198,-0.1535716075,0.0789644039,0.0232772205,0.031801773,-0.2376079008,-0.0206295546,-0.1189789272,0.1435735544,-0.319824678
/53/4.mp3,0.0020161291,0.2121483249,0.0020161291,0.002016129,0.3896192085,0.002016129,0.0020161291,0.002016129,0.0020161291,0.0020161292,0.002016129,0.3720227877,0.0020161299,0.002016129,0.0020161291,0.0020161293,0.3174069856,0.3012217209,0.0021008403,0.0021008477,0.0449680132,0.0021008502,0.3153948369,0.0021008475,0.002100843,0.0021008434,0.0021008403,0.0021008464,0.0021008442,0.0021008403,0.0013166463,0.129175116,0.1817672434,0.1616754658,0.220084022,0.0013177816,0.0013171449,0.30334658,0,0,1,0,0,0,0,0.0403964801,-0.2176377902,0.0493446474,0.0081687752,-0.0126551934,-0.267524106,-0.3047666647,-0.0423113078,0.0594783735,0.0040980064,-0.1448016361,-0.0948539043,0.1376958262,0.0194744947,-0.0801944226,-0.0257994233,0.0682151619,0.0751609808,-0.0876411011
/53/5.mp3,0.00284091,0.0028409091,0.0664411755,0.0028409091,0.0028409093,0.0028409091,0.2483661301,0.0028409091,0.0028409152,0.0028409098,0.0028409091,0.1254053548,0.0028409091,0.0028409091,0.1534951515,0.3750421801,0.355093296,0.0029762146,0.0029761905,0.0029762016,0.0029762001,0.6091923252,0.0029762052,0.002976201,0.0029761945,0.0029761951,0.0029761905,0.0029761994,0.0029761959,0.0029761905,0.0018954788,0.0018986131,0.4826370778,0.0018977625,0.1014546574,0.001898968,0.0018958853,0.4064215571,0,0,0,0,0,0,1,-0.1079793573,0.0493870657,-0.1409443654,-0.3851866284,-0.2475307283,0.038872256,0.0231977174,-0.2072673626,-0.3746544755,-0.4612517921,0.0331651362,-0.0934810086,-0.0549276445,-0.0801927198,0.060565273,-0.0266510968,-0.0140170424,0.0204927461,0.0169091863
/53/1.mp3,0.0029761908,0.0029761911,0.002976191,0.0029761905,0.002976191,0.0029761905,0.1610972595,0.0029761905,0.1691121124,0.3807239124,0.0029761905,0.0029761935,0.0029761949,0.0029761905,0.1447903734,0.1115382376,0.2846788209,0.4626155774,0.0031055901,0.0031056012,0.0031055992,0.0031056042,0.0031056041,0.2185440269,0.0031055938,0.0031055946,0.0031055901,0.0031056085,0.003105599,0.0031055901,0.0019244759,0.3449153445,0.3951405222,0.0019264875,0.2503151788,0.0019258747,0.0019252274,0.001926889,0,0,0,0,0,1,0,-0.1466059332,-0.0074447083,-0.1570693787,-0.2090833059,-0.090205689,0.1796796612,0.1391290517,-0.3435664231,-0.2282428,-0.1759536494,0.0331651362,-0.3150795931,-0.145161977,0.0194744947,0.063223276,-0.0018060227,0.2105947897,-0.2894378967,0.0169091863
/53/2.mp3,0.0011160718,0.0011160717,0.0596755965,0.0011160717,0.139996552,0.0011160715,0.0011160715,0.0011160744,0.0011160715,0.0526167587,0.0561698865,0.0011160716,0.001116072,0.0011160718,0.4282246359,0.2521558511,0.5265296180000001,0.0011337931,0.0011337868,0.0011337896,0.0011337897,0.0260654699,0.0535518324,0.0990828609,0.001133788,0.0403611544,0.0011337868,0.0896095612,0.1568629822,0.0011337868,0.0805838892,0.0654241761,0.3268947445,0.162582905,0.1582992147,0.124347269,0.0006995281,0.0811682733,1,0,0,0,0,0,0,-0.5407940090000001,0.0354565008,-0.2854754904,-0.5903116391000001,-0.5522581874,0.1297925131,0.0448251768,-0.1706097502,-0.4618488016,-0.5066839312,-0.0017325585,-0.172126108,-0.0054688388,0.0189626306,0.063223276,-0.0556251017,-0.2309940812,-0.0045514207,0.0169091863
/53/3.mp3,0.0008928571,0.0008928572,0.0008928571,0.0008928587,0.0008928572,0.0008928572,0.0008928571,0.3495441472,0.0008928572,0.0008928571,0.6379558505,0.0008928572,0.0008928575,0.0008928572,0.0008928572,0.0008928571,0.5448738092000001,0.0008928632,0.0008928571,0.4444118746,0.0008928593,0.0008928606,0.0008928606,0.0008928594,0.000892858,0.0008928583,0.0008928571,0.0008928649,0.0008928605,0.0008928571,0.417480971,0.2480438288,0.0005491568,0.1298793109,0.0005492962,0.0005489443,0.2023994087,0.0005490833,0,0,0,1,0,0,0,-0.0839292527,0.0493870657,0.0715915217,0.0835151845,0.0091196572,0.038872256,-0.1031439115,-0.0349025813,-0.1023713167,0.0040980064,0.0331651362,-0.0558646469,0.0171651907,-0.0077517052,-0.0954919245,-0.0266510968,-0.1189789272,0.0328814415,0.0169091863
/30/7.mp3,0.0022321447,0.0022321429,0.1585725318,0.0022321429,0.0022321429,0.0022321429,0.1330117887,0.0022321429,0.0650314832,0.0022321429,0.0022321429,0.0022321429,0.0022321429,0.0022321429,0.511997755,0.1068328681,0.0023809703,0.7106420575,0.0023809524,0.0023809605,0.2232312033,0.0023809634,0.0023809635,0.0023809604,0.0399361925,0.0023809558,0.0023809524,0.0023809591,0.0023809565,0.0023809524,0.0014722942,0.0014742103,0.1336137847,0.0014729214,0.001473497,0.0014732817,0.3558387717,0.503181239,0,1,0,0,0,0,0,0.2479916236,0.2040675563,-0.0579034417,0.1046156378,0.2011254758,0.0769096758,-0.0128692374,0.2149425532,0.0015938284,-0.0200996176,0.2303296888,-0.1920204354,-0.1581814865,-0.0662806268,0.1238875961,0.0429387952,0.2202058898,-0.1000256941,0.1864627771
/30/6.mp3,0.0016447372,0.0016447371,0.2423199596,0.161653042,0.001644737,0.0016447369,0.0016447371,0.1269985255,0.0284479769,0.0557775293,0.001644737,0.2232456064,0.001644737,0.001644737,0.1467547268,0.0016447371,0.1107951804,0.0015528083,0.001552795,0.038778281,0.0341263998,0.5786104207,0.0015528031,0.0015528008,0.0015527972,0.2237145258,0.001552795,0.0015527999,0.001552798,0.001552795,0.0009482456,0.1274532932,0.00094854,0.2577753225,0.0009488835,0.0482579527,0.5627190315,0.000948731,1,0,0,0,0,0,0,0.4051268947,0.0257640394,0.0804309098,0.1933311264,0.1844620532,0.065058636,-0.0580317254,0.1505143161,-0.1968113361,-0.1086373431,0.0085749744,-0.1223808833,-0.1167219246,-0.1336294894,-0.0650357418,-0.1084743718,0.1328169425,-0.2497860036,0.2065916256
/30/4.mp3,0.0009328359,0.2415224038,0.000932836,0.0009328365,0.0807377006,0.4835765908,0.0009328358,0.0009328358,0.0009328359,0.0009328361,0.0959948929,0.0718937725,0.0009328366,0.0009328359,0.0169462787,0.0009328363,0.2944340748,0.4721134816,0.0010660981,0.0010661017,0.1509368218,0.001066103,0.0718546211,0.0010661016,0.0010660994,0.0010660996,0.0010660981,0.0010661011,0.0010661,0.0010660981,0.0006547416,0.0006549138,0.5376177013,0.3600232449,0.0006555875,0.0990831261,0.0006550269,0.0006556579,0,0,1,0,0,0,0,0.4054247925,-0.3772837049,-0.1525635133,0.3730257852,0.3833646896,-0.2694537684,-0.4168481124,0.3117556162,0.4822350727,0.3890405236,-0.2252078751,0.1034770675,0.3096880816,0.0545778529,-0.2646459962,0.2028892583,0.1909323461,0.0596648963,-0.3891243802
/30/5.mp3,0.2715772036,0.0003858025,0.0003858026,0.2308092035,0.0003858028,0.0003858025,0.0003858026,0.0003858025,0.284683303,0.0003858026,0.0003858025,0.0003858025,0.0757834495,0.0003858025,0.0003858026,0.1329030124,0.474389283,0.2012735601,0.0004302926,0.0004302941,0.0004302939,0.0004302946,0.0004302946,0.000430294,0.0004302931,0.0004302932,0.0004302926,0.3196039283,0.0004302933,0.0004302926,0.1198118959,0.0002631121,0.0002631146,0.0278462935,0.1765713289,0.5426372382,0.0002631191,0.1323438978,0,0,0,0,1,0,0,0.2457156607,-0.1859193878,-0.0501846327,0.2700472013,0.0483693329,-0.1715815702,-0.1404375341,0.0821361662,0.0315546336,0.1895788492,0.023155583,-0.1947415005,-0.026529308,0.0190523212,0.1431743384,-0.01105456,0.1941498197,-0.2482093313,-0.0828739928
/30/1.mp3,0.0010416667,0.0010416669,0.0010416667,0.2730782194,0.2618473572,0.0353345793,0.0010416667,0.0010416688,0.0010416667,0.0010416667,0.0418430426,0.0010416668,0.0010416678,0.0010416669,0.0010416667,0.3764384642,0.7739707730000001,0.1751316468,0.000952381,0.0009523844,0.0009523834,0.000952385,0.0009523849,0.0404213667,0.000952382,0.0009523838,0.000952381,0.0009523833,0.0009523838,0.000952381,0.4273282227,0.0005822682,0.0005823569,0.0005825214,0.0005825748,0.4079220682,0.0005824509,0.1618375368,0,0,0,1,0,0,0,-0.3208901566,0.3105276844,-0.1515680301,-0.2409252812,-0.2175631533,0.2899094672,0.1003608896,-0.1733332015,-0.4523718626,-0.3370706072,0.3218984037,-0.3702900581,-0.3370994748,-0.2352346454,0.0631117829,-0.3085512665,-0.3062253289,-0.18561156,0.3746765958
/30/2.mp3,0.0010245902,0.5834435979,0.0010245902,0.0010245902,0.0010245902,0.0412179022,0.0010245902,0.0010245902,0.0010245902,0.0010245902,0.3620188267,0.0010245902,0.0010245907,0.0010245902,0.0010245902,0.0010245903,0.1295828724,0.8563655744,0.0011709602,0.0011709641,0.0011709638,0.0011709656,0.0011709657,0.0011709642,0.0011709616,0.0011709618,0.0011709602,0.0011709635,0.0011709622,0.0011709602,0.0007231658,0.048617691,0.0007235094,0.1982984887,0.0974783878,0.0727772604,0.5806577888000001,0.000723708,0,0,0,0,0,1,0,-0.0092654031,0.3209789419,-0.2539073381,-0.0720023662,0.1466337949,0.245358524,-0.1315342503,0.1509034401,0.0321313536,-0.1002213422,0.120516171,-0.0407732026,0.2164704121,0.0919242933,-0.0795098109,0.1071987498,0.1657366951,0.0388499969,0.3053201594
/30/3.mp3,0.0014204554,0.0014204552,0.0014204547,0.0014204567,0.0014204548,0.0014204546,0.0014204554,0.6213325544,0.0493179712,0.1808157142,0.064050705,0.0014204548,0.001420457,0.0688580468,0.0014204546,0.0014204551,0.3102518626,0.0015528052,0.001552795,0.0015527996,0.0321765144,0.2951359702,0.0015528018,0.0015528,0.1814731838,0.001552797,0.001552795,0.0015527991,0.1669872812,0.001552795,0.0009623388,0.1022051407,0.1686102655,0.0009629334,0.0009629698,0.0009633195,0.0009628566,0.7243701757000001,0,0,0,0,0,0,1,-0.2994728658,0.2551269831,-0.121843535,-0.3598312053,-0.2687341832,0.2636844391,0.1123200941,-0.1621633748,-0.4664566186,-0.4740509324,0.1006002336,-0.3735198313,-0.4180423128,-0.148198257,-0.0592224999,-0.262286796,-0.1201607985,-0.2073484354,0.1642354178
/37/7.mp3,0.0007267442,0.0007267442,0.0007267442,0.0007267447,0.0007267442,0.0007267442,0.0007267442,0.7377626991,0.0007267442,0.0007267442,0.2520628815,0.0007267442,0.0007267443,0.0007267443,0.0007267442,0.0007267442,0.0008210307,0.9893267312,0.0008210181,0.0008210208,0.0008210206,0.0008210218,0.0008210218,0.0008210208,0.0008210191,0.0008210192,0.0008210181,0.0008210203,0.0008210195,0.0008210181,0.0005042638,0.0005045573,0.7552421142,0.2417308742,0.0005047669,0.0005044467,0.0005043202,0.0005046566,0,0,0,1,0,0,0,-0.185996219,0.2175579752,-0.0921928305,-0.4368983993,-0.4004165576,0.2083688606,0.0692940374,-0.1016345984,-0.5211746795000001,-0.4967766741,-0.0007514307,-0.360500296,-0.3680053747,-0.1795137049,0.0400097857,-0.0984421102,-0.1753379359,-0.2942487794,0.3712871028
/37/6.mp3,0.0011574076,0.0011574079,0.0011574076,0.0011574074,0.0011574075,0.0011574075,0.0011574075,0.0198237364,0.0011574075,0.490083678,0.0336003749,0.4426033181,0.0011574093,0.0011574074,0.0011574074,0.0011574079,0.0012987131,0.8783817217000001,0.0012987013,0.0012987055,0.0012987058,0.0012987076,0.0012987078,0.1060338194,0.001298703,0.0012987031,0.0012987013,0.0012987052,0.0012987038,0.0012987013,0.0008018347,0.1032898693,0.3419859296,0.2204974898,0.1917401447,0.0008029155,0.0008022881,0.1400795283,1,0,0,0,0,0,0,-0.0352926687,-0.3417147283,-0.121811288,0.075030268,0.091393609,-0.3842939015,-0.2001568679,0.019510532,0.0881567183,0.0228911177,-0.0732895828,-0.053512203,-0.0202307764,-0.0390036917,-0.1675108088,-0.0857401564,-0.227905832,-0.0465009223,-0.1456575763
/37/4.mp3,0.0012755103,0.0012755102,0.0012755105,0.0012755102,0.0012755102,0.0012755102,0.0012755102,0.0012755102,0.0012755102,0.8755921114,0.0012755102,0.0012755104,0.0012755102,0.0012755102,0.106550745,0.0012755102,0.6030253445,0.0014285819,0.0014285714,0.0014285764,0.0014285753,0.3798317564,0.0014285775,0.0014285756,0.0014285731,0.0014285749,0.0014285714,0.0014285751,0.0014285752,0.0014285714,0.0008687618,0.0008701009,0.2711178463,0.3937621057,0.0333093837,0.0008697979,0.0008689984,0.2983330051,0,0,1,0,0,0,0,-0.1045594932,-0.2980444995,-0.0012542788,-0.0635333582,0.0128471519,-0.3034483635,-0.2691902083,-0.1237498086,-0.0385814002,-0.0457305672,-0.1908537368,-0.0056927065,0.0166282935,-0.1023846628,-0.0068173058,-0.0255992554,-0.0390902016,-0.0204925637,-0.0225536075
/37/5.mp3,0.0008680557,0.0008680556,0.5708585207,0.065639824,0.0008680556,0.0008680556,0.1976811826,0.1554038036,0.0008680564,0.0008680556,0.0008680557,0.0008680556,0.0008680561,0.0008680556,0.0008680559,0.0008680557,0.0009276498,0.174632832,0.0009276438,0.0009276471,0.0009276464,0.0009276479,0.8142354171,0.0009276467,0.0009276449,0.0009276451,0.0009276438,0.0009276463,0.0009276453,0.0009276438,0.0005708942,0.0005710113,0.0005714545,0.0005715037,0.1412170291,0.1905115372,0.0005713307,0.6654152394,0,0,0,0,1,0,0,-0.023845963,-0.4040443804,-0.0916938271,0.1159972938,-0.084453812,-0.3088218441,-0.2324454307,-0.3792979892,-0.0414348091,-0.0544902964,-0.0941981583,0.1523140076,0.0071552124,-0.0096674935,-0.0711051814,-0.0590220413,-0.1057464174,-0.024813262,-0.3045335891
/37/1.mp3,0.0016025647,0.0016025646,0.0016025643,0.0016025641,0.0016025668,0.0016025642,0.0016025646,0.0016025641,0.0016025642,0.045281651,0.071680201,0.8622048086,0.001602565,0.0016025641,0.0016025642,0.0016025643,0.0017857292,0.2213728153,0.0017857143,0.0017857205,0.0017857202,0.001785723,0.7571985573000001,0.0017857208,0.0017857166,0.0017857169,0.0017857143,0.0017857196,0.0017857177,0.0017857143,0.0192429438,0.0011183713,0.3392682478,0.0011180277,0.3545674939,0.1085128419,0.1750540954,0.0011179781,1,0,0,0,0,0,0,0.1187231723,-0.1669223838,-0.0157469874,0.1709840999,0.1792891508,-0.1061798755,0.0231967421,0.0006317687,0.2863402256,0.210914797,-0.0100975029,-0.2504342052,0.1933821192,-0.1123051038,-0.1389072207,0.0472771233,0.0781455452,-0.2540514139,-0.1816367411
/37/2.mp3,0.0020161299,0.002016129,0.1653977199,0.002016129,0.0020161291,0.002016129,0.0020161296,0.002016129,0.8063764662,0.002016129,0.002016129,0.002016129,0.002016129,0.002016129,0.0020161314,0.0020161327,0.0023041658,0.6320166769000001,0.0023041475,0.0023041553,0.0023041548,0.3403334838,0.0023041585,0.0023041555,0.0023041505,0.0023041508,0.0023041475,0.0023041541,0.0023041516,0.0023041475,0.0014211127,0.0014214256,0.9900454133,0.0014227991,0.0014224471,0.0014225697,0.0014215724,0.0014226601,0,0,0,0,0,1,0,-0.5739487634,-0.1146550334,-0.1744987768,-0.4993808565,-0.4044884169,0.083171623,-0.0687542355,-0.1236207352,-0.3778933665,-0.3827985276,-0.0622190981,-0.1405159698,-0.2300995849,-0.195575136,-0.0069783218,-0.0253877691,-0.0917157292,-0.1274530828,-0.0898164713
/37/3.mp3,0.0016447368,0.001644737,0.0016447368,0.0016447369,0.0016447368,0.027960609,0.0016447368,0.9490130749,0.0016447368,0.0016447368,0.0016447369,0.0016447368,0.0016447368,0.0016447369,0.0016447368,0.0016447368,0.0018315103,0.8995340246,0.0018315018,0.0018315085,0.0350559061,0.0018315094,0.0452635101,0.0018315065,0.0018315037,0.0018315045,0.0018315018,0.0018315061,0.0018315046,0.0018315018,0.8855942689,0.0011384192,0.0011386136,0.107573981,0.0011386373,0.0011383125,0.0011388343,0.0011389333,0,0,0,1,0,0,0,-0.0988485969,0.1652260646,-0.3211550478,-0.2684993268,-0.0566585748,0.1595373038,0.0265378093,-0.044891597,-0.3512055638,-0.3701156695,0.0256049617,-0.3069064191,-0.2747391023,-0.1483020138,0.0839721349,-0.153829305,-0.0757333708,-0.1268872255,0.3746325799
/39/7.mp3,0.0004844962,0.0004844962,0.0743653675,0.0004844961,0.0004844961,0.9049214861,0.0004844961,0.0004844961,0.0004844961,0.0004844962,0.0004844961,0.0144146962,0.0004844964,0.0004844961,0.0004844961,0.0004844962,0.000541127,0.9628103385,0.0005411255,0.0005411276,0.0005411266,0.0005411276,0.0005411274,0.0306961437,0.000541126,0.0005411263,0.0005411255,0.0005411266,0.0005411261,0.0005411255,0.0003301607,0.1955079641,0.4101797471,0.0003301525,0.00033014,0.000330134,0.3926613863,0.0003303153,0,0,0,1,0,0,0,-0.5517425384,0.0589494682,0.1567678076,-0.1185418052,-0.4534744185,-0.0013468091,0.1344521772,-0.0410148265,-0.5299918625,-0.4825509789,-0.0006210003,-0.4057994559,-0.4871510698,-0.221114545,0.063223276,-0.4188648491,-0.5729269791,-0.3873832419,-0.0845615812
/39/6.mp3,0.0025,0.0025000008,0.0025,0.0025,0.0025,0.6533442815,0.0025,0.0025000001,0.0025,0.0025,0.143503695,0.0025,0.0025,0.1706520226,0.0025,0.0025,0.343690815,0.5759133717,0.0028571429,0.0028571527,0.0028571518,0.0028571563,0.0028571564,0.0028571527,0.0028571465,0.0489671696,0.0028571429,0.002857151,0.0028571479,0.0028571429,0.0018128721,0.2630566881,0.0018152932,0.3317583876,0.0018152994,0.0018139993,0.0018135663,0.396113894,0,1,0,0,0,0,0,0.2292449652,-0.0524508193,-0.0799751717,0.0689747698,0.1148235971,-0.0583666785,-0.3208775801,0.062850311,-0.0853976517,-0.1186596042,-0.1471594052,-0.1419919767,0.0580169063,0.0284723324,-0.0397876068,-0.0210146674,0.0340676018,-0.182139033,0.0591217236
/39/4.mp3,0.2194933871,0.0011574076,0.0011574076,0.0011574074,0.0011574079,0.0011574074,0.0011574074,0.0011574074,0.0011574074,0.5610438680000001,0.0011574074,0.0011574087,0.2044164459,0.0011574074,0.0011574075,0.0011574078,0.5932841797,0.3530350422,0.0013227513,0.0013227559,0.0013227554,0.0013227574,0.0391304848,0.0013227557,0.001322753,0.0013227532,0.0013227513,0.001322755,0.0013227537,0.0013227513,0.0008069429,0.0008076608,0.0921219618,0.0008079209,0.0008079308,0.6577369646,0.0008072473,0.246103371,0,0,0,0,1,0,0,0.0006462095,-0.0573606174,0.0060947166,-0.0827067784,-0.0304563227,0.085694865,0.0434067031,-0.0669555516,-0.2020009396,-0.0232204378,-0.1077894836,0.0009038127,-0.1448718628,-0.0462181903,-0.0249639141,-0.0132034572,-0.0099909877,-0.1331031159,0.0213176799
/39/5.mp3,0.0002990431,0.0002990431,0.0002990433,0.0344999698,0.0002990433,0.0051047282,0.1053057047,0.1461156568,0.1086007437,0.0853258598,0.0002990431,0.0002990432,0.4546442129,0.0245118073,0.0002990438,0.0337980138,0.2899423137,0.3426703912,0.0003132832,0.0152412621,0.0059988815,0.1640706548,0.0003132846,0.0003132842,0.0003132836,0.1256100108,0.0003132832,0.0542734999999999,0.0003132839,0.0003132832,0.1400322716,0.1997824527,0.0001920365,0.1648486932,0.0001920636,0.2999634823,0.1947969555,0.0001920446,0,0,0,0,0,0,1,0.112874849,-0.4099737392,-0.2174944447,0.1901580204,-0.191814872,-0.2829931233,0.0046797636,-0.5605087881,-0.2284568455,-0.0839897502,-0.3378096392,0.2265797535,0.0656342854,0.1403816438,-0.1614660659,0.0418881943,-0.1201669725,0.0628975781,-0.4447181273
/39/1.mp3,0.0034722224,0.2223154464,0.0034722224,0.0034722225,0.0034722225,0.0603248958,0.0034722223,0.0034722253,0.0034722223,0.0034722226,0.4157248312,0.1231584211,0.0034722253,0.0034722226,0.0034722223,0.140281953,0.3803433221,0.0039682803,0.003968254,0.0039682656,0.0039682659,0.509603322,0.0039682716,0.0039682671,0.0664024593,0.003968259,0.003968254,0.0039682646,0.0039682606,0.003968254,0.0025027865,0.5120141282,0.0025038561,0.0025028612,0.0025022634,0.3506304007,0.1248404561,0.0025032479,0,0,0,0,0,0,1,-0.1908718529,0.0690602289,-0.0539122059,-0.3576576973,-0.0604438776,0.280980769,0.2463262192,-0.1988266996,-0.2498458542,-0.1892182506,0.0404444098,-0.2792670067,-0.3961011275,-0.3138461844,-0.1676454026,-0.2998221582,-0.0947657979,-0.2852290068,0.1490152328
/39/2.mp3,0.0010245912,0.0010245903,0.001024591,0.0986531744,0.0010245902,0.0010245902,0.6229908097,0.0010245902,0.0010245903,0.0010245904,0.0010245902,0.0010245903,0.0010245914,0.0010245902,0.2650363392,0.001024591,0.7414765438,0.2130865366,0.0011160714,0.0011160753,0.0011160749,0.0011160766,0.0331601095,0.0011160752,0.0011160728,0.001116073,0.0011160714,0.0011160746,0.0011160735,0.0011160714,0.00068359,0.0006846925,0.0006842818,0.9554529349,0.0006840688,0.0404424493,0.0006837242,0.0006842585,0,1,0,0,0,0,0,-0.1145108947,-0.2085392547,0.0784409315,-0.1115416685,-0.0192364092,-0.1300316937,-0.067462104,0.005722027,-0.1769873165,-0.197803219,0.0094331828,-0.0604222899,-0.02277436,0.0168713473,-0.1253768779,0.0661925045,-0.0286794289,-0.1327523456,0.1036367186
/39/3.mp3,0.0007621951,0.0007621952,0.0007621951,0.6467641992000001,0.0007621951,0.0007621951,0.0007621951,0.231153881,0.0007621951,0.0007621951,0.1121733827,0.0007621951,0.0007621953,0.0007621952,0.0007621951,0.0007621951,0.0008403425,0.0008403428,0.0008403361,0.0008403393,0.197248314,0.0008403401,0.5439974081,0.0008403389,0.0140883582,0.1476040951,0.0008403361,0.0743016306,0.0160374819,0.0008403361,0.000517041,0.0610783172,0.633221398,0.000517436,0.0336293523,0.0005172098,0.2700018746,0.0005173711,0,0,0,0,1,0,0,0.1667163917,-0.3439346413,-0.0548285107,0.2043742989,-0.0077321974,-0.2170223225,-0.1442387627,0.0269131991,0.2612488685,0.1223065517,-0.382944007,-0.0616483661,-0.023953738,-0.0631916896,-0.2137050478,-0.1646167656,-0.1860932627,-0.0037533568,-0.3396991713
/106/7.mp3,0.0011574075,0.0011574074,0.0011574075,0.0011574074,0.0011574075,0.0011574074,0.0011574074,0.0011574074,0.0011574075,0.8556721078,0.0011574074,0.0923805729,0.0011574077,0.0011574074,0.0369010222,0.0011574075,0.4597624387,0.0012987106,0.0012987013,0.3549300036,0.0012987052,0.0012987071,0.0012987072,0.0012987056,0.0012987029,0.0012987031,0.0012987013,0.1710218087,0.0012987035,0.0012987013,0.0008069407,0.000807812,0.1426805355,0.1227230572,0.1472653234,0.0639992454,0.0008072749,0.5209098109,0,0,1,0,0,0,0,-0.0667868795,0.0589494682,0.0493446474,-0.0574479308,-0.0999235506,0.0272245389,0.0231977174,0.0778206901,0.1609251816,0.0543349544,0.0331651362,0.0789644039,0.0783229453,0.0264966314,-0.003497144,0.0439054438,-0.022611879,0.113064794,-0.092397281
/106/6.mp3,0.0010245902,0.0010245906,0.0010245902,0.0578818356,0.0010245902,0.469541662,0.0010245902,0.144602729,0.0010245902,0.0010245903,0.0699850138,0.0010245903,0.0010245908,0.1420315789,0.0010245902,0.1057112775,0.5423887403000001,0.3385969344,0.0011709602,0.0876794079,0.0011709638,0.0011709656,0.0011709656,0.0011709641,0.0196252902,0.0011709619,0.0011709602,0.0011709635,0.0011709622,0.0011709602,0.0007149748,0.159793035,0.0007157553,0.0868683868,0.4600423839,0.1606384922,0.065107355,0.066119617,0,0,0,1,0,0,0,0.2854507816,0.0589494682,0.0493446474,0.1913238055,0.1590351558,-0.0335941553,0.0231977174,0.1412084697,0.1822939315,0.1193467319,-0.1028252484,0.0635883592,0.2468038336,0.1509556976,0.0101456379,0.1141500627,0.043013094,0.0542021732,-0.2159513559
/106/4.mp3,0.98487903,0.0010080646,0.001008065,0.0010080645,0.0010080645,0.0010080645,0.0010080645,0.0010080645,0.0010080645,0.0010080646,0.0010080645,0.0010080646,0.0010080648,0.0010080645,0.0010080656,0.0010080647,0.0011520794,0.0011520838,0.0011520737,0.0011520785,0.0011520768,0.9478905184,0.0011520787,0.001152077,0.0382845584,0.0011520756,0.0011520737,0.0011520767,0.0011520754,0.0011520737,0.0007105689,0.0007106629,0.4009776126,0.0007115887,0.4875182474,0.0007111827,0.0007107943,0.1079493425,0,0,0,0,0,1,0,-0.1078505805,0.3260715945,0.1200421176,-0.0646301108,-0.1325365859,0.2029391944,0.0960887327,0.1398867316,0.0151392697,-0.0104292873,0.2066069942,0.0860692321,-0.0526435861,0.0431886402,0.0634853502,0.044239173,0.0035709926,0.0831419453,0.2442149463
/106/5.mp3,0.0010775885,0.0010775868,0.0010775871,0.0010775868,0.1040838156,0.0010775863,0.0010775875,0.2757842348,0.0179617841,0.0010775888,0.2859839668,0.0336273124,0.0010775869,0.0181567772,0.1213669295,0.1344144809,0.0010989081,0.9857142515,0.0010989011,0.0010989049,0.0010989042,0.0010989059,0.0010989059,0.0010989044,0.0010989024,0.0010989027,0.0010989011,0.001098904,0.0010989028,0.0010989011,0.0112492248,0.0539567752,0.3928893037,0.0006731833,0.0823348849,0.050193122,0.0893372187,0.3193662875,0,0,0,0,0,0,1,0.1542978465,0.090946068,0.0118551166,0.1275919029,0.0476305646,0.1670005115,0.0231977174,0.1187717859,0.11270362,0.1729556531,0.0331651362,0.130476208,0.1787362253,0.0599096289,0.0344590905,0.0021564119,-0.0786306813,0.1114134115,-0.0301429039
/106/1.mp3,0.0018382364,0.0018382361,0.3344199505,0.0018382366,0.0018382354,0.0322065592,0.0018382353,0.0018382353,0.0018382354,0.4647002208,0.0018382353,0.0018382378,0.0018382356,0.0317699704,0.1166827039,0.001838236,0.3296938892,0.1469560054,0.0020408163,0.0020408238,0.500901076,0.0020408263,0.0020408263,0.0020408234,0.002040819,0.0020408195,0.0020408163,0.0020408223,0.00204082,0.0020408163,0.0012635009,0.0870538009,0.2556706033,0.4643631427,0.1878548051,0.0012649827,0.001264088,0.0012650764,1,0,0,0,0,0,0,0.0375476115,0.2786385548,-0.1088969607,-0.1656016322,0.1994206874,0.3060844932,0.1809087647,0.0681885564,-0.016333503,0.0040980064,0.0331651362,0.1221073787,0.1047914196,0.0739831579,-0.0352098216,0.3338451519,0.2809534996,0.1206247863,0.1289363426
/106/2.mp3,0.0404835304,0.0004734849,0.6789770265,0.0004734848,0.0435361067,0.0004734849,0.0004734849,0.0004734848,0.0004734849,0.0004734849,0.0004734849,0.0143440299,0.0004734852,0.0004734848,0.2081003361,0.0098241215,0.1439747613,0.3797596922,0.0005175983,0.0005176001,0.0731090434,0.1891306647,0.1920867217,0.0005176001,0.000517599,0.0177983236,0.0005175983,0.0005175998,0.0005175993,0.0005175983,0.0484423666,0.0003161711,0.0003160525,0.3417721209,0.3819402008,0.000316188,0.1021519799,0.1247449203,0,1,0,0,0,0,0,0.1829984303,-0.0523238337,0.0580009441,0.1671387544,0.196374403,0.1145899568,0.0029518078,0.3032930147,0.1916491712,0.1996004117,0.0014282458,0.1967740001,0.2748406947,0.2469279197,0.050416825,0.1892729351,0.1678938349,0.1541521998,-0.038103329
/106/3.mp3,0.0010416667,0.1025527352,0.0010416668,0.0623934755,0.0010416667,0.7702617595,0.0010416667,0.0349579987,0.0010416667,0.0010416668,0.0010416687,0.0010416668,0.0010416676,0.0183756938,0.0010416667,0.001041667,0.2824857702,0.7034626769,0.0011709602,0.0011709641,0.0011709638,0.0011709656,0.0011709656,0.0011709641,0.0011709616,0.0011709618,0.0011709602,0.0011709635,0.0011709622,0.0011709602,0.0007274858,0.12714707,0.1473706907,0.2952436953,0.0592658605,0.1257515648,0.0769159462,0.1675776866,0,1,0,0,0,0,0,0.2047002357,0.146593428,-0.097570237,0.1283071247,0.3310906836,0.2801868732,0.0613565361,0.287827323,0.3069753064,0.3158637744,0.1837846297,0.2053078936,0.3448745864,0.0314328074,-0.0809798081,0.2051589746,0.2906152098,0.0684262098,0.227738346
/99/7.mp3,0.0004251701,0.0004251705,0.0004251701,0.0359841789,0.0004251704,0.0004251701,0.263537694,0.1234593454,0.1309816526,0.0004251701,0.0004251723,0.0212100152,0.42057541,0.0004251701,0.0004251701,0.0004251701,0.0004201708,0.0004201714,0.0004201681,0.0004201695,0.008581294,0.9863766757,0.0004201699,0.0004201694,0.0004201686,0.0004201687,0.0004201681,0.0004201692,0.0004201687,0.0004201681,0.3877653186,0.0483460488,0.0002565802,0.0782617256,0.2497187243,0.1323575758,0.0002566256,0.1030374011,0,0,0,0,1,0,0,0.178316818,-0.3383465119,-0.2524607291,0.2340037217,-0.1631941214,-0.3293403357,-0.2590949017,-0.0423113078,0.2420679649,0.0040980064,-0.230853639,0.0530170783,0.1352265763,0.0184700626,0.0147894867,-0.0399552867,-0.3059890379,0.0166975512,-0.3263877069
/99/6.mp3,0.0010245907,0.0010245904,0.2925691873,0.0010245902,0.0010245903,0.0010245902,0.0010245902,0.0010245902,0.0010245902,0.0875033521,0.0010245902,0.2585339086,0.0010245918,0.0010245902,0.3490984669,0.0010245907,0.5459856896,0.1692890396,0.0011337868,0.0011337909,0.0011337901,0.001133792,0.0011337919,0.0242933465,0.0011337882,0.0011337892,0.0011337868,0.0011337899,0.2490940316,0.0011337868,0.0006988989,0.3344633471,0.0006995724,0.6613397792,0.0006996155,0.0006995843,0.0006995932,0.0006996094,0,0,1,0,0,0,0,-0.0815419674,-0.1194749082,-0.117211958,-0.1957984533,-0.1410144695,0.2610771975,0.1225472634,-0.0172315887,-0.1947251796,-0.1570254021,-0.0685703777,-0.0853529041,-0.2960938398,-0.1221410903,-0.2202678265,-0.0439236503,-0.1189789272,-0.0919202504,-0.075294585
/99/4.mp3,0.0019531252,0.4219428473,0.0019531254,0.0019531272,0.0019531252,0.239874068,0.001953125,0.0019531251,0.0019531251,0.0019531254,0.3127924542,0.0019531254,0.0019531254,0.0019531252,0.0019531252,0.0019531259,0.0022321675,0.0022321609,0.0022321429,0.0022321509,0.0022321508,0.0022321543,0.9709820459,0.0022321515,0.002232146,0.0022321463,0.0022321429,0.0022321499,0.0022321474,0.0022321429,0.0014050661,0.00140553,0.5977880257,0.3937750975,0.0014071129,0.0014065298,0.0014057164,0.0014069214,0,1,0,0,0,0,0,0.0270774735,-0.2283344318,0.0182349535,-0.0046254924,0.0870263248,-0.1003622239,-0.0438479866,0.0135564697,-0.0618100482,-0.1344055218,0.0061216921,-0.0845645389,-0.1961116618,-0.0871438525,-0.1981438869,-0.1115869441,-0.2248942845,-0.0951412459,-0.1343074955
/99/5.mp3,0.0027173916,0.0027173913,0.0027173928,0.0027173913,0.0027173913,0.0027173913,0.0027173913,0.0027173913,0.0027173913,0.9592391173,0.0027173913,0.0027173913,0.0027173913,0.0027173913,0.0027174024,0.0027173915,0.5734670013000001,0.0031056168,0.0031055901,0.3892658124,0.0031055986,0.0031056049,0.003105604,0.0031055992,0.0031055937,0.0031056002,0.0031055901,0.0031055985,0.0031056002,0.0031055901,0.001953983,0.0019543609,0.9863076509,0.0019562699,0.0019589931,0.001956722,0.0019550632,0.0019569571,0,0,1,0,0,0,0,-0.1157362113,-0.1832375889,0.0059170568,0.0372719081,-0.0309706792,-0.0441072231,-0.0366685028,-0.2648684517,0.0269281882,0.0040980064,-0.0717146877,0.0789644039,-0.2820730075,-0.2324839523,-0.2204265695,-0.0266510968,0.0133770482,-0.1259416602,-0.2086025218
/99/1.mp3,0.0010245902,0.0010245903,0.0010245902,0.0010245903,0.0010245902,0.3594874894,0.0010245902,0.0010245918,0.0010245902,0.0010245902,0.626168246,0.0010245902,0.0010245902,0.0010245906,0.0010245902,0.0010245902,0.384550648,0.6016244371,0.0011520737,0.0011520776,0.0011520773,0.001152079,0.0011520791,0.0011520776,0.0011520751,0.0011520754,0.0011520737,0.0011520769,0.0011520757,0.0011520737,0.0007149754,0.1970143749,0.0007156918,0.1397296523,0.0473223123,0.2551340824,0.3586532535,0.0007156574,0,0,0,1,0,0,0,-0.1010292731,0.2946925091,-0.1796203353,-0.1592854544,-0.1001541244,0.3134674147,0.1183608838,-0.0423113078,-0.4007348075,-0.3134372722,0.0464196065,-0.4054899161,-0.50051416,-0.2052268237,0.063223276,-0.2770923916,-0.1189789272,-0.2905503347,0.1568865776
/99/2.mp3,0.0012254902,0.0012254908,0.0012254903,0.5419187415,0.0012254902,0.0012254903,0.0012254902,0.4409243874,0.0012254902,0.001225493,0.0012254943,0.0012254902,0.0012254905,0.0012254903,0.0012254902,0.0012254902,0.5835445681,0.0012755215,0.0012755102,0.0012755159,0.1590379162,0.0012755161,0.2433868618,0.0012755135,0.0012755116,0.0012755157,0.0012755102,0.0012755134,0.0012755155,0.0012755102,0.0007770008,0.1582265671,0.1036009359,0.0007771407,0.0424086434,0.0007771745,0.5617569291,0.1316756086,0,0,0,0,1,0,0,0.0220008945,-0.1991818257,-0.0152764952,0.0785376591,-0.0740950907,-0.2418742469,-0.2477910842,-0.2042865974,-0.133525671,0.0522200913,-0.102400115,-0.2736918823,-0.2473723868,-0.2248314121,-0.2229835415,-0.204707973,-0.1637196499,-0.1816352813,-0.1308465089
/99/3.mp3,0.0005896226,0.0005896226,0.0005896226,0.0005896227,0.0005896226,0.0005896226,0.0005896226,0.2304568481,0.0005896226,0.0005896226,0.7612884348000001,0.0005896226,0.0005896226,0.0005896227,0.0005896226,0.0005896226,0.0006738597,0.5996047711,0.0006738544,0.0006738567,0.3923089546,0.0006738576,0.0006738576,0.0006738567,0.0006738553,0.0006738554,0.0006738544,0.0006738563,0.0006738556,0.0006738544,0.0004102729,0.0004106555,0.0004104703,0.0004106469,0.2443836915,0.2022217098,0.5513421031,0.0004104501,0,0,0,1,0,0,0,-0.2273923337,0.2543765246,0.0220371256,-0.1942507553,-0.0821748998,0.3203302808,0.0237105172,-0.0142370397,-0.2776572121,-0.3106405382,0.0936226505,-0.2350408529,-0.3948605446,-0.1937080703,0.1672451396,-0.12665555,-0.1691931828,-0.1613875152,0.3456814433
/52/7.mp3,0.0011574081,0.6213002440000001,0.0011574075,0.0011574074,0.0011574098,0.0011574074,0.001157408,0.0011574074,0.0011574075,0.1232647423,0.0011574081,0.2403887122,0.0011574079,0.0011574074,0.0011574075,0.0011574075,0.184299601,0.5500955247,0.0012755102,0.0012755145,0.0012755142,0.2310447308,0.0012755162,0.0012755145,0.0012755118,0.0218050154,0.0012755102,0.0012755138,0.0012755124,0.0012755102,0.0007917982,0.1231283447,0.2812135187,0.0885394299,0.3205488313,0.1841930545,0.000792389,0.0007926336,0,0,0,0,0,0,1,0.102033326,-0.1800433254,-0.0145638859,0.087181408,0.1445443669,-0.2202382537,-0.0588297512,0.0565812016,0.0250486924,0.0544812687,-0.0604828745,0.0483191951,0.1267663434,0.0430978877,-0.051050921,0.009121457,-0.0661688109,0.0167543312,-0.2897726103
/52/6.mp3,0.2142439497,0.0005296612,0.0005296612,0.0613151619,0.0005296611,0.000529661,0.0616480592,0.000529661,0.5062996056,0.0005296611,0.000529661,0.0005296611,0.0005296617,0.000529661,0.0005296611,0.150666951,0.2456048297,0.4656285989,0.0005714286,0.0005714305,0.0005714303,0.0005714312,0.0005714312,0.0005714305,0.0005714293,0.0005714294,0.0005714286,0.2824808439,0.0005714295,0.0005714286,0.0003474569,0.1624600691,0.057418676,0.1338454575,0.1832142377,0.1874165953,0.0003475924,0.2749499151,0,0,0,0,1,0,0,-0.1067614853,-0.407271154,-0.0107714808,0.0658057375,-0.1096358986,-0.2322921982,-0.0937972805,-0.2445399355,-0.0400037991,0.0230190169,-0.2234072607,0.0880191718,0.0189289407,-0.0147289648,-0.0995565844,-0.0736563136,-0.1552434935,0.0559353483,-0.3210283816
/52/4.mp3,0.0005252101,0.0005252101,0.9585084028,0.0089285711,0.0005252101,0.0005252101,0.0005252101,0.0005252101,0.0005252101,0.0005252101,0.0005252101,0.025735294,0.0005252103,0.0005252101,0.0005252107,0.0005252101,0.0005952397,0.4019740897,0.0005952381,0.0005952403,0.2367832962,0.1174771628,0.0005952401,0.0005952393,0.0096737096,0.2287345899,0.0005952381,0.0005952393,0.0005952387,0.0005952381,0.0003624747,0.0003625893,0.8350618187000001,0.0003630601,0.1627616297,0.000362789,0.000362629,0.0003630095,0,0,0,0,0,0,1,-0.0652905871,-0.2821613055,-0.1062318609,0.0461421492,-0.1091243114,-0.2844329421,-0.0312274116,-0.2587420596,-0.0663674393,0.0014461589,-0.2660810713,0.0455037532,-0.029170515,-0.0171722655,0.0738765635,-0.0491728514,-0.1299964242,0.0708013344,-0.3305923679
/52/5.mp3,0.0009057972,0.0009057971,0.0009057974,0.0009057971,0.0009057971,0.0009057971,0.4256913446,0.0009057971,0.3615531248,0.0009057971,0.0009057971,0.0009057971,0.0009057971,0.0009057971,0.2009801679,0.0009057971,0.0010204144,0.4932219606,0.0010204082,0.0010204117,0.387540205,0.0010204126,0.0010204125,0.0010204112,0.0010204093,0.0010204096,0.0010204082,0.0010204108,0.1080133176,0.0010204082,0.0006224279,0.1002058335,0.5030796868,0.1208386112,0.2733845417,0.0006231323,0.0006227948,0.0006229717,0,1,0,0,0,0,0,-0.0508662079,-0.2298964872,-0.0159784437,0.0805503386,-0.0203580505,-0.1069699966,-0.0090889767,-0.0787280186,0.0200841453,0.0065350063,-0.0664597791,0.13013646,0.0607192041,0.0628325506,0.0294720275,0.0787630916,-0.0507177849,0.0427439595,-0.3135914216
/52/1.mp3,0.0013297886,0.0013297887,0.0013297875,0.0013297886,0.1241092926,0.0013297875,0.0013297883,0.0389096842,0.0013297875,0.0013297899,0.0013297923,0.7963550911,0.0013297876,0.0013297875,0.0246684706,0.0013297877,0.3622558008,0.2224029838,0.0014880952,0.0014881007,0.2292688144,0.0014881017,0.0014881016,0.0014880995,0.0014880969,0.0014880974,0.0014880952,0.171191417,0.0014881004,0.0014880952,0.000934074,0.492168708,0.000934621,0.000934693,0.0009343771,0.0009349995,0.1659046591,0.3372538683,0,0,0,0,0,0,1,0.0637459399,-0.3736725513,-0.0961017757,0.1014590909,-0.0119923664,-0.2889515229,-0.0708342643,-0.1153004687,0.0208937845,-0.0244232332,-0.3213475748,-0.0144877467,0.0564379279,0.0421274927,-0.1476679295,0.0224285197,0.0090904662,-0.1243911546,-0.3946023709
/52/2.mp3,0.0027173921,0.0027173914,0.0027173928,0.0027173913,0.0027173914,0.0027173913,0.0027173917,0.0027173913,0.0027173913,0.95923911,0.0027173913,0.0027173913,0.0027173914,0.0027173913,0.0027174086,0.0027173915,0.9596271861,0.0031056284,0.0031055901,0.0031056062,0.0031056003,0.003105608,0.0031056069,0.003105601,0.0031055945,0.0031055994,0.0031055901,0.0031056002,0.0031055989,0.0031055901,0.0019540904,0.0019544354,0.5432266752,0.445041562,0.0019568718,0.0019549906,0.0019546733,0.0019567013,0,0,1,0,0,0,0,-0.3438739728,0.1067147168,-0.1310706007,-0.2523359556,-0.3251959138,0.1806175627,-0.0925149088,-0.1827948702,-0.2756783116,-0.0708998461,-0.1662980814,-0.2875008169,-0.3345071894,-0.1888059503,-0.1548914606,-0.1011544418,0.0384805216,-0.2601370079,-0.0967739783
/52/3.mp3,0.0004882813,0.0004882813,0.0004882813,0.3153173414,0.0439210496,0.0004882813,0.239501652,0.0004882813,0.3362995414,0.019173968,0.0004882813,0.0004882813,0.0409036339,0.0004882813,0.0004882818,0.0004882816,0.1472594292,0.7382546541,0.0004826255,0.0004826271,0.0564060495,0.0004826277,0.0004826277,0.0004826271,0.0004826261,0.0004826262,0.0004826255,0.0532536026,0.0004826263,0.0004826255,0.0002937951,0.0002939545,0.0002939032,0.14666593,0.2359420178,0.1038255195,0.2737772792,0.2389076006,0,0,0,0,0,1,0,0.0079589064,-0.2460536834,0.021191022,-0.0431023095,-0.0378786572,-0.2774167062,-0.2278565423,-0.1292074003,-0.0266466253,-0.0710203665,-0.0861573468,-0.1043261359,-0.0556997309,-0.0631485119,-0.0287123331,-0.0467310924,-0.0943476217,-0.0393014545,-0.0781595744
/101/7.mp3,0.0009057971,0.0009057973,0.0009057971,0.0009058003,0.0009057971,0.0009057971,0.0009057971,0.0009057971,0.0009057971,0.0009057971,0.0588774712,0.0009057971,0.9284413658,0.0009057971,0.0009057971,0.0009057971,0.0009398582,0.9473409081,0.0009398496,0.0009398529,0.0009398522,0.0009398537,0.0009398536,0.0413808678,0.0009398507,0.000939851,0.0009398496,0.000939852,0.0009398511,0.0009398496,0.1936410147,0.1069623126,0.0884105463,0.0368629151,0.0005771692,0.0005771305,0.2119136416,0.36105527,0,0,0,0,0,0,1,-0.4406641127,-0.3830957553,-0.31390653,-0.2983726445,-0.3891536179,-0.0713084511,-0.1677788913,-0.4675345262,-0.3133312038,-0.1363854448,-0.2080363223,-0.1633218843,-0.171779491,-0.0375998767,-0.0915520535,-0.2144523774,-0.2513600921,-0.2289795886,-0.398870283
/101/6.mp3,0.0010964913,0.0010964913,0.0010964914,0.0010964912,0.0010964913,0.0010964912,0.0010964913,0.0010964912,0.0010964912,0.983552628,0.0010964912,0.0010964935,0.0010964919,0.0010964912,0.0010964912,0.0010964914,0.4320629956,0.1411524497,0.0012315271,0.0012315315,0.0012315309,0.3287025574,0.0857667048,0.0012315313,0.0012315287,0.0012315289,0.0012315271,0.0012315306,0.0012315293,0.0012315271,0.0007535484,0.0007545717,0.0007545301,0.5890090104,0.000754411,0.0007542796,0.0007537431,0.4064659057,0,0,1,0,0,0,0,0.0844630042,-0.0423798396,0.0140289085,0.0332062192,-0.0371491219,-0.0911180369,-0.1357058582,-0.094885916,-0.0696577053,-0.0466785528,-0.0527031709,-0.2154798821,-0.0578687091,-0.1945977081,-0.2033463799,-0.3036566427,-0.1880163342,-0.2185020727,-0.0002680662
/101/4.mp3,0.0014880953,0.0014880954,0.0014880953,0.395011076,0.0014880953,0.0014880953,0.0864769182,0.0816144451,0.1392093504,0.1904310483,0.0014880954,0.0014880953,0.0014880953,0.0262052685,0.0676590355,0.0014880954,0.3541014649,0.3219009126,0.0016611296,0.0016611353,0.0016611347,0.3057251608,0.0016611374,0.0016611352,0.0016611317,0.001661132,0.0016611296,0.0016611343,0.0016611324,0.0016611296,0.0010514322,0.0221893989,0.0010522377,0.3083904505,0.001052513,0.4205452294,0.2446664275,0.0010523107,1,0,0,0,0,0,0,-0.3295215829,0.0064903271,-0.1278085838,-0.3734118773,-0.3218737589,0.0405360754,0.0688405808,-0.0476524254,-0.2423811236,-0.2479317176,-0.0040358101,-0.3035884099,-0.3507713602,-0.174913158,0.0105306607,-0.1260119354,-0.127760718,-0.2110087728,0.075005835
/101/5.mp3,0.0026041667,0.0026041673,0.0026041667,0.0026041748,0.0026041668,0.0026041668,0.0026041667,0.6727835991000001,0.0026041667,0.0026041667,0.0799203821,0.0026041667,0.0026041683,0.2134418414,0.0026041667,0.0026041667,0.0029762065,0.8842388747000001,0.0029761905,0.0029762012,0.0029761982,0.0800467652,0.0029762027,0.0029761988,0.0029761939,0.0029761948,0.0029761905,0.0029761979,0.0029761948,0.0029761905,0.8332909004,0.0018969729,0.0018974958,0.0018974102,0.0018968466,0.0018978232,0.0018969988,0.1553255521,0,0,0,1,0,0,0,-0.2835103937,0.0657720353,-0.1572409477,-0.3228770684,-0.2715161781,0.1274654502,0.1322214163,-0.2035260827,-0.3238932715,-0.2956437662,-0.0081827137,-0.3186914813,-0.3414203771,-0.0650373802,0.1941334277,-0.127431509,-0.1701308606,-0.3162803341,0.1027081662
/101/1.mp3,0.0010593221,0.1360189259,0.0010593221,0.0010593224,0.0562640341,0.0247065656,0.0010593221,0.0684762785,0.0010593221,0.0010593222,0.0010593229,0.5073685748,0.001059323,0.0010593221,0.0010593221,0.1965723981,0.3493478416,0.4900448719,0.0011160714,0.1120480349,0.0011160749,0.0011160766,0.0011160766,0.0011160752,0.0373985133,0.001116073,0.0011160714,0.0011160745,0.0011160733,0.0011160714,0.2912292664,0.0006917195,0.0933163953,0.0529447917,0.0850083849,0.3753740408,0.0006918242,0.1007435772,0,0,0,0,0,0,1,-0.0357263513,-0.2115179674,-0.0687093837,-0.0139521592,-0.0874150377,-0.2246718603,-0.1447723046,-0.1777797886,0.0404875046,-0.0512689615,-0.1402813549,-0.1826569511,-0.0687180878,-0.0568563217,-0.327198516,-0.1554429866,-0.08164366,-0.1202097711,0.0048648527
/101/2.mp3,0.0004370629,0.0004370629,0.000437063,0.0004370629,0.0004370629,0.0074301047,0.8395979023,0.1402907311,0.0004370629,0.000437063,0.000437063,0.0074365065,0.000437063,0.000437063,0.0004370629,0.0004370629,0.0004926121,0.9935960479,0.0004926108,0.0004926127,0.0004926118,0.0004926127,0.0004926125,0.0004926118,0.0004926113,0.0004926115,0.0004926108,0.0004926118,0.0004926114,0.0004926108,0.0003013886,0.9978898829,0.0003014645,0.0003013565,0.0003014206,0.0003014231,0.0003016062,0.0003014576,0,0,0,1,0,0,0,-0.549286646,0.0518441962,-0.1714094403,-0.6203220767000001,-0.6242425468,-0.0932971538,-0.1229678929,-0.2582195914,-0.5035310427,-0.4813600266,-0.0831325134,-0.4168969417,-0.5862143229,-0.4785227336,0.0010452017,-0.4894258605,-0.5651188947,-0.3954641283,0.2862647339
/101/3.mp3,0.0005252101,0.0005252101,0.0005252101,0.0005252101,0.0005252101,0.0613634327,0.0005252101,0.8377649417,0.0005252101,0.0005252101,0.0005252102,0.0005252101,0.0005252101,0.0940438944,0.0005252101,0.0005252101,0.3169363288,0.3714354856,0.0006002401,0.0006002421,0.0006002419,0.1067398212,0.1988859533,0.0006002421,0.0006002408,0.0006002409,0.0006002401,0.0006002418,0.0006002412,0.0006002401,0.000363644,0.0364373279,0.4549876957,0.0929542224,0.0003637866,0.4141655825,0.0003637748,0.0003639659,0,0,0,0,0,0,1,-0.1864391637,-0.3675394155,-0.2544705595,-0.0843994199,-0.0051067219,-0.3649347233,-0.3940210424,-0.0463408834,0.0836526401,-0.001582871,-0.2549836589,-0.1685408012,0.0401244594,-0.1197013824,-0.251415551,-0.0561854119,0.0742820106,-0.1450677319,-0.2804869218
/55/7.mp3,0.0004032258,0.0004032258,0.0004032259,0.0004032258,0.0142467912,0.0004032258,0.3516656465,0.0004032258,0.2388741876,0.1269280757,0.0004032258,0.0004032261,0.0004032258,0.0004032258,0.2638498148,0.0004032258,0.3064070571,0.0004409203,0.0004409171,0.0004409185,0.1244195532,0.3930054252,0.0004409191,0.0004409186,0.0004409176,0.0004409177,0.0004409171,0.1564879297,0.0157117716,0.0004409171,0.0002685584,0.075865597,0.2886377124,0.0002687098,0.0002686906,0.3104763986,0.0555185986,0.2686957345,0,1,0,0,0,0,0,-0.0167934415,0.0556492728,0.1664521354,0.0483006748,0.1267187965,0.0095028632,-0.0325868485,0.0505137908,0.0149527148,0.0344177396,0.043051698,0.1661024408,0.129173238,0.1129051406,0.1275825421,0.0911372658,-0.0601790618,0.1739487312,0.005855995
/55/6.mp3,0.0052083334,0.0052083349,0.0052083337,0.0052083334,0.0052083337,0.0052083336,0.0052083333,0.1740325593,0.0052083333,0.6723572342,0.085901865,0.0052083385,0.0052083334,0.0052083333,0.0052083337,0.0052083333,0.9336733026,0.005102086,0.0051020408,0.0051020551,0.0051020556,0.0051020619,0.0051020626,0.0051020571,0.0051020466,0.005102047,0.0051020408,0.005102054,0.0051020491,0.0051020408,0.0538441272,0.0033879002,0.4773253078,0.0033842226,0.3662360803,0.0033904542,0.0890466403,0.0033852674,0,0,0,0,0,0,1,0.1480255983,0.0719104112,0.0468502597,-0.0010948312,0.050451404,0.0112075384,0.0088457584,-0.0242770511,-0.0469225281,-0.0234430206,0.1202327776,0.0817976674,0.0153769525,0.0560194776,0.0895612763,-0.0300586831,-0.0911235667,0.1427045152,0.1441396768
/55/4.mp3,0.0013888891,0.0013888895,0.2241924724,0.0013888898,0.0013888891,0.001388889,0.0013888889,0.0013888889,0.001388889,0.0013888893,0.0013888889,0.6629015901,0.0013888912,0.0013888889,0.0948503761,0.0013888897,0.1568449296,0.8275706206000001,0.0012987013,0.0012987057,0.0012987053,0.0012987073,0.0012987074,0.0012987057,0.0012987029,0.0012987031,0.0012987013,0.001298705,0.0012987036,0.0012987013,0.3512664779,0.0587039072,0.0007926491,0.0888032976,0.0855725764,0.0858342885,0.0007926024,0.3282342009,0,0,0,0,0,1,0,0.1855229202,0.0854785677,0.1350381089,0.1675590887,0.3101932372,0.0706570897,0.1155234856,0.2044821995,0.1006615724,0.0473333305,0.2640407574,0.0643053241,0.0152880572,0.0008992495,0.1732273767,0.0893844754,0.1654386299,0.0944298624,0.3361598739
/55/5.mp3,0.2747512777,0.0014204546,0.001420456,0.0014204545,0.0014204546,0.0014204545,0.001420455,0.0014204545,0.203693733,0.0014204551,0.0014204545,0.0014204546,0.0014204549,0.0014204545,0.1210781551,0.3834313767,0.1871211518,0.1644860561,0.0015873016,0.0015873072,0.4278472477,0.0015873092,0.0015873092,0.2046724957,0.0015873036,0.001587304,0.0015873016,0.0015873062,0.0015873044,0.0015873016,0.0009925166,0.0009927429,0.2561062848,0.3567867062,0.3821411606,0.0009938716,0.0009929085,0.0009938088,0,0,1,0,0,0,0,-0.1004144202,0.198664374,0.1373994523,-0.0487713237,-0.0554937402,0.1882602707,0.172995728,-0.0210708137,0.0286715374,-0.0225715009,0.1431328003,0.0926422496,0.0103223921,0.1128462361,0.1698573786,-0.0009639809,-0.0077348366,0.1519685931,0.2338360126
/55/1.mp3,0.0005530974,0.1444786782,0.0005530974,0.0203002115,0.0005530974,0.0005530987,0.0005530973,0.1616946875,0.0005530974,0.0005530974,0.0005530978,0.0005530976,0.0005530974,0.0090479362,0.6583944134,0.0005530974,0.3867597103,0.0006211214,0.000621118,0.0006211196,0.0006211192,0.2411259796,0.0006211199,0.0720916591,0.0006211185,0.0006211197,0.000621118,0.2938114583,0.0006211203,0.000621118,0.2610977853,0.220000978,0.3361093322,0.0768735763,0.0003805014,0.0419050748,0.0632521134,0.0003806386,0,0,0,1,0,0,0,0.0645889173,0.0716181308,0.0718945146,0.1525243135,0.0249117696,0.0719444552,0.0541388005,0.040527992,0.1080608225,0.0629459018,0.0498665654,0.0932525859,0.1200253629,0.0762490359,0.137315621,0.1384302727,0.1043758164,0.158885906,0.0261886085
/55/2.mp3,0.7716915820000001,0.0009615386,0.0009615388,0.0009615385,0.0009615386,0.0009615385,0.0009615389,0.0009615385,0.0169088108,0.0009615393,0.0009615385,0.0228904179,0.121482303,0.0009615385,0.0564499608,0.0009615388,0.9865424035,0.0010352085,0.0010351967,0.0010352001,0.0010351996,0.0010352011,0.0010352012,0.0010351999,0.0010351979,0.0010351981,0.0010351967,0.0010352012,0.001035199,0.0010351967,0.0006349903,0.0006357683,0.0006357959,0.5430822998,0.0006352743,0.4531053525,0.0006350296,0.0006354892,0,0,0,0,1,0,0,0.0087496993,0.2331319142,0.1000473098,0.0365726456,0.1440310235,0.3527223405,0.3755528911,0.2172905522,0.0301507886,0.0369269006,0.3449035141,0.0604585497,0.0403802186,-0.0036699991,0.0422261999,0.1513677323,0.2759926486,0.0999716412,0.247910344
/55/3.mp3,0.0003531082,0.0003531075,0.1383044502,0.0003531075,0.6310068717,0.0003531074,0.0177358669,0.0003531081,0.0003531074,0.0803336604,0.028803534,0.0403671864,0.0433751948,0.0003531074,0.0003531074,0.0172483746,0.0533301407,0.24985048,0.0003861004,0.0003861017,0.0003861015,0.4991937212,0.0003861021,0.0003861016,0.0064588519,0.1876918945,0.0003861004,0.0003861022,0.0003861013,0.0003861004,0.478772075,0.1518683835,0.0002367249,0.1503232169,0.0278491605,0.1491933583,0.0415203518,0.0002367292,0,0,0,0,0,1,0,0.0980386141,-0.1206603131,0.0759989344,0.2929046721,0.082679628,-0.1141498975,0.1045268921,0.1859842054,0.2012975501,0.1544308894,0.0483025645,0.2584816724,0.1731521752,0.1534072268,0.0940636486,0.1407385741,0.0472816975,0.221465576,0.0070882824
/97/7.mp3,0.0010775871,0.0010775863,0.342767309,0.0010775906,0.1034204719,0.0010775862,0.0010775862,0.0873840945,0.0010775862,0.0010775863,0.0010775862,0.0010775862,0.1092079907,0.0010775864,0.3453666796,0.0010775865,0.0012315322,0.8870033371,0.0012315271,0.0012315316,0.0982183082,0.0012315321,0.0012315317,0.0012315301,0.0012315283,0.0012315289,0.0012315271,0.0012315299,0.0012315287,0.0012315271,0.4552696396,0.0698571762,0.4014868146,0.0007632002,0.0007633635,0.0703326812,0.0007636829,0.0007634417,0,0,0,0,0,0,1,0.0896645025,0.0549417543,-0.1843336757,-0.0546158839,0.1413481984,0.0121998208,-0.0322608779,0.0897481343,0.067529029,-0.004117785,0.0555765661,0.0263827701,-0.0076080626,0.0009679468,0.1680951611,0.0704324238,0.0418598832,0.0456825423,-0.1399537892
/97/6.mp3,0.1721698365,0.0005341884,0.3081060011,0.1715504204,0.0005341881,0.0005341881,0.000534188,0.0005341883,0.000534188,0.0005341881,0.0005341899,0.2581559836,0.000534188,0.0841416867,0.0005341886,0.0005341882,0.1514309139,0.0005494543,0.0005494505,0.0005494522,0.0005494522,0.5617415445,0.000549453,0.0005494523,0.0005494512,0.2807835713,0.0005494505,0.000549452,0.0005494515,0.0005494505,0.0003357479,0.5839044232,0.0003356975,0.141736339,0.0003355813,0.0428765526,0.2301400686,0.0003355899,0,0,0,1,0,0,0,-0.0011353699,-0.2078037454,0.1174068058,-0.1170164806,0.1364246356,-0.2126502249,-0.2635283263,0.0068713742,0.0763478352,-0.034573647,-0.0085215478,0.1291576424,-0.1759571439,-0.1325137198,-0.0294733876,-0.1663445686,-0.0393411173,0.0045466309,-0.1976368589
/97/4.mp3,0.0006944445,0.0006944446,0.0006944445,0.0006944444,0.0006944445,0.0006944445,0.0006944445,0.0006944444,0.0006944445,0.9241990158,0.0006944444,0.0006944446,0.0006944456,0.0006944444,0.06607876,0.0006944447,0.4366968799,0.1288935671,0.0007598784,0.0007598811,0.1997853656,0.2270253889,0.000759882,0.000759881,0.0007598794,0.0007598795,0.0007598784,0.0007598806,0.0007598797,0.0007598784,0.0004648919,0.0004650006,0.0660142206,0.5991539419,0.0571729909,0.0004654991,0.0004651061,0.275798349,0,0,1,0,0,0,0,0.2409119304,-0.1681709721,0.0616819433,0.1858661437,0.1248607244,-0.1242854327,0.0189988795,0.2211477134,0.2452189032,0.2285514943,0.100090427,0.2425230883,0.2068863013,0.0228046341,0.2116637381,0.0821870716,0.1240670519,0.1147623221,-0.1513154074
/97/5.mp3,0.0011574075,0.0011574079,0.0011574076,0.001157408,0.1145526271,0.0011574075,0.0011574074,0.0011574096,0.0011574075,0.0011574077,0.0446989725,0.5944977354000001,0.0011574081,0.0011574077,0.0823535587,0.15116562,0.2775629401,0.0993509516,0.0012987013,0.3575994416,0.252499627,0.0012987076,0.0012987076,0.0012987058,0.001298703,0.0012987033,0.0012987013,0.0012987051,0.0012987036,0.0012987013,0.0008072101,0.508982699,0.0008080149,0.1478271473,0.0008077402,0.1338182186,0.1340056266,0.0729433432,0,0,0,0,0,0,1,0.1759602641,-0.1664897698,-0.0307012236,-0.0574479308,0.1228930341,0.0025090205,0.0231977174,-0.0286149262,-0.0345197321,-0.0577842664,-0.0391362976,0.1776385084,0.1154967941,0.1293485507,0.063223276,0.0049655477,-0.0128512451,0.1435735544,-0.1947853418
/97/1.mp3,0.0007621958,0.0007621953,0.0007621952,0.0860304342,0.0007621952,0.0007621951,0.0007621963,0.1160644121,0.1561312149,0.0007621963,0.0007621953,0.0007621952,0.5226540136,0.1107357752,0.0007621951,0.0007621952,0.7700647332,0.0008503472,0.0008503401,0.0008503434,0.0008503429,0.0008503444,0.0008503443,0.0008503431,0.0008503412,0.0008503415,0.0008503401,0.0008503427,0.2197311558,0.0008503401,0.0005211032,0.0005213484,0.2357937314,0.377622733,0.0005217402,0.3839762062,0.0005213069,0.0005218307,0,0,0,0,0,1,0,0.026543509,-0.0921213371,-0.166807446,-0.2239830239,-0.0268818987,-0.2240194863,-0.0954807853,-0.0238395049,-0.0713009501,-0.0734058411,-0.1105732948,-0.2177988236,-0.1961225185,-0.1479677899,-0.148594432,-0.0564332962,-0.0174111712,-0.206948281,-0.1338196343
/97/2.mp3,0.0003342246,0.0003342246,0.0003342246,0.0003342246,0.0003342246,0.0003342249,0.0003342246,0.1109387295,0.0003342246,0.0003342246,0.0003342247,0.0003342246,0.0003342246,0.8843821257000001,0.0003342246,0.0003342246,0.3869644327,0.6084519057000001,0.000381971,0.0003819723,0.0003819721,0.0003819727,0.0003819727,0.0003819722,0.0003819714,0.0003819715,0.000381971,0.000381972,0.0003819716,0.000381971,0.0002333914,0.0138960829,0.0002336009,0.3224873938,0.183342493,0.2777701266,0.0002335629,0.2018033486,0,0,0,0,0,1,0,0.3402099137,-0.4498108872,-0.1654958957,0.376913434,0.3399096454,-0.4285245973,-0.4359323906,0.0792206221,0.3527490873,0.2647464193,-0.3942029648,0.2220369053,0.3541033884,0.2070592399,-0.0281197121,0.1608598655,0.0103596171,0.1300281515,-0.4163556438
/97/3.mp3,0.001838237,0.0018382364,0.1353954807,0.0018382376,0.0018382356,0.0018382355,0.0018382359,0.0018382404,0.0018382354,0.5592364919,0.0018382363,0.0018382363,0.0018382366,0.0826289372,0.2006802507,0.0018382365,0.7143327664,0.0020408384,0.0020408163,0.0020408256,0.2611773593,0.0020408276,0.0020408273,0.0020408239,0.0020408192,0.0020408201,0.0020408163,0.002040823,0.0020408202,0.0020408163,0.0012764432,0.1158075365,0.1303429221,0.1239904808,0.0012774621,0.3806755117,0.0012767212,0.2453529224,0,0,0,0,0,0,1,-0.0428900834,0.2031020903,-0.1654645416,-0.3409872728,-0.0820650923,0.1311426794,0.1298055184,-0.0307788438,-0.1709619643,-0.1728618328,-0.0044122489,-0.1663052628,-0.3262476686,-0.1467005515,0.1843460576,0.1311699353,0.0147776932,-0.1482176388,-0.0034565813
/108/7.mp3,0.0031250003,0.0031250016,0.0031250008,0.0031250022,0.0031250004,0.0031250002,0.0031250001,0.0031250059,0.0031250002,0.5453875469,0.3555976206,0.0583898149,0.0031250033,0.0031250007,0.0031250004,0.0031250015,0.0035714605,0.9535712963,0.0035714286,0.0035714404,0.0035714408,0.0035714459,0.0035714465,0.003571442,0.0035714334,0.0035714337,0.0035714286,0.0035714394,0.0035714354,0.0035714286,0.0022751159,0.5734105707,0.120471397,0.0022762752,0.2947337,0.0022773473,0.0022782005,0.0022773934,0,0,0,0,0,0,1,-0.0399862798,0.0554025623,0.0562906479,-0.0265462922,0.0094544269,0.0309015165,0.0231977174,-0.0252056857,0.0269281882,0.0040980064,0.0331651362,0.0789644039,0.0233240095,0.0339556027,0.063223276,0.0305109974,0.0262624735,0.1435735544,0.0295154298
/108/6.mp3,0.0026041669,0.002604168,0.0026041672,0.0026041695,0.1903129561,0.0026041669,0.0026041722,0.1265940611,0.2169162905,0.0026041672,0.0026041671,0.0026041673,0.2237287844,0.002604167,0.002604167,0.2138020616,0.5885750825,0.0028571703,0.0028571429,0.0028571559,0.0028571528,0.1189163088,0.1099712667,0.0028571536,0.0028571471,0.1045322106,0.0028571429,0.0028571523,0.0522907709,0.0028571429,0.0018401419,0.4800705485,0.0018415931,0.0018415443,0.1878508347,0.1166474844,0.2080665817,0.0018412714,0,1,0,0,0,0,0,-0.1108391757,0.0577427318,0.0493446474,-0.0712905658,-0.0824908795,-0.2186609663,-0.2396030776,-0.0423113078,0.023559743,-0.0010531353,0.0331651362,0.0501936523,0.0072356178,0.0194744947,0.0717654545,-0.0266510968,-0.0893396021,0.1435735544,0.0169091863
/108/4.mp3,0.0019531251,0.037478282,0.0019531252,0.3234787996,0.0019531251,0.0308950532,0.001953125,0.0019531273,0.0019531251,0.1043397767,0.0019531254,0.3156180752,0.0019531251,0.0368386757,0.1337732091,0.0019531252,0.5591864005,0.3550472382,0.0021008403,0.0021008477,0.0021008469,0.0626570714,0.0021008502,0.0021008474,0.002100843,0.0021008434,0.0021008403,0.0021008463,0.002100844,0.0021008403,0.0013172089,0.1077703325,0.0590678045,0.5047355880000001,0.0013183113,0.1018632708,0.0013189458,0.2226085382,1,0,0,0,0,0,0,0.0426682532,-0.2987869801,-0.1374468928,-0.0105177987,0.1762215926,-0.2101218749,-0.1209665018,0.0287802152,0.0586808725,0.0254506891,-0.062897248,0.0789644039,0.0085183002,0.0280785549,0.063223276,0.0028452309,0.0236048172,0.1435735544,-0.3466061132
/108/5.mp3,0.0023148149,0.002314815,0.0023148152,0.1250164143,0.002314815,0.0023148148,0.0023148148,0.0023148243,0.0023148149,0.8425761585,0.0023148165,0.0023148207,0.002314815,0.002314816,0.0023148152,0.002314815,0.0026455265,0.9656083673,0.0026455026,0.0026455113,0.0026455118,0.0026455155,0.002645516,0.0026455126,0.0026455062,0.0026455064,0.0026455026,0.0026455107,0.0026455077,0.0026455026,0.0016240815,0.0016248182,0.3257321569,0.2439586299,0.1646804202,0.0016258884,0.0016248897,0.259129115,0,0,0,0,0,0,1,-0.1046046908,-0.1069941487,0.0493446474,0.0052030952,-0.0242635941,-0.1376034924,-0.251774502,0.0765811577,0.0581094935,0.0040980064,0.0331651362,0.0789644039,0.0072356178,0.03920054,-0.0393515954,0.0340097076,0.112030503,0.0619520604,-0.2359650681
/108/1.mp3,0.0008680563,0.0008680556,0.1466537433,0.0008680556,0.0008680556,0.0008680556,0.6337122930000001,0.0008680556,0.0008680564,0.0008680563,0.0008680556,0.0624946041,0.0008680558,0.0008680556,0.0379004163,0.1096903295,0.4116720484,0.4394548811,0.0009784736,0.0009784769,0.1381098385,0.0009784781,0.0009784781,0.0009784768,0.0009784748,0.000978475,0.0009784736,0.0009784763,0.0009784753,0.0009784736,0.0006070722,0.0006071734,0.0006078712,0.1843836324,0.0006079592,0.3215245015,0.0006073017,0.4910544885,0,1,0,0,0,0,0,-0.125984237,0.0638306045,-0.0621099383,-0.0512506134,-0.3598762647,0.044203779,0.0237898648,-0.2628073569,-0.0283952722,-0.0572956977,-0.1642304768,-0.2673174383,-0.1160664894,-0.0898755505,-0.1051158503,-0.0326138541,-0.0676054844,-0.2195383791,0.0873310981
/108/2.mp3,0.4121531007,0.0014534884,0.4328124562,0.0014534884,0.0014534885,0.0014534884,0.0014534888,0.0014534884,0.0251146608,0.0014534888,0.0014534884,0.0364173622,0.0014534884,0.0014534884,0.0014534903,0.0775140451,0.1863974611,0.6382988507,0.0016611296,0.0016611352,0.1570312241,0.0016611373,0.0016611374,0.0016611352,0.0016611316,0.0016611319,0.0016611296,0.0016611343,0.0016611325,0.0016611296,0.0010250733,0.0010255521,0.3549501821,0.4070876082,0.1587549972,0.0010259773,0.0010254941,0.0751051157,1,0,0,0,0,0,0,-0.1537485216,-0.00858065,0.055078343,-0.1272999634,-0.0894408761,0.056144558,0.0526867946,-0.0353616467,-0.2686066263,-0.2540488014,0.0549852283,-0.2290006464,-0.1288897781,0.0194744947,0.0505971612,-0.0266510968,0.0110741295,-0.0135243337,0.0065360274
/108/3.mp3,0.0010964912,0.0010964914,0.0010964912,0.4654286131,0.0010964913,0.0010964913,0.0010964912,0.1197752586,0.0010964912,0.0010964912,0.4005417417,0.0010964912,0.0010964915,0.0010964913,0.0010964912,0.0010964912,0.1579267994,0.1371425382,0.0010660981,0.4481648889,0.0210726634,0.0010661027,0.0620778729,0.0699553533,0.0010660993,0.0216856384,0.0010660981,0.0529424455,0.0237013037,0.0010660981,0.3611722538,0.0006522646,0.1593630546,0.000651962,0.2818724339,0.0006519645,0.1949837936,0.0006522732,0,0,0,1,0,0,0,-0.0452350507,-0.2896368733,-0.4348113373,-0.044704832,0.0030253854,-0.3806717446,-0.3125959994,-0.0105841869,-0.1335585502,-0.0090083005,-0.359528961,-0.3949969254,-0.3121364261,-0.3868254978,-0.2324449502,-0.1323789315,-0.0751694069,-0.2741959934,-0.3517106716
/63/7.mp3,0.2228851797,0.0006578948,0.0006578952,0.0302650186,0.0006578948,0.0006578947,0.0006578948,0.0006578947,0.0006578948,0.5629071051,0.0006578947,0.0006578949,0.0006578951,0.0336180865,0.1430877667,0.000657895,0.3928822139,0.318983811,0.000736377,0.0007363795,0.1215460507,0.1592241406,0.0007363804,0.0007363795,0.0007363779,0.0007363781,0.000736377,0.0007363791,0.0007363783,0.000736377,0.0004482458,0.0004484088,0.2542693909,0.1221734892,0.0004487078,0.2872494658,0.0004484346,0.3345138572,0,0,1,0,0,0,0,-0.0095550856,-0.4534116045,-0.2081058403,0.155323892,-0.0417521144,-0.417403304,0.0258336091,0.086271424,-0.0539342869,-0.0061169778,-0.1626187329,0.1491035985,0.1204049501,0.0737210152,0.0249021997,0.084822421,0.141083541,0.1234213812,-0.1977695737
/63/6.mp3,0.0014204546,0.2241188268,0.0014204548,0.0325123093,0.0014204546,0.2313791671,0.0014204546,0.1602467594,0.0014204546,0.0014204548,0.3122272633,0.0253111267,0.0014204551,0.0014204549,0.0014204546,0.0014204548,0.9295772092,0.0015197715,0.0015197568,0.0015197637,0.001519762,0.0015197652,0.001519765,0.0015197624,0.0521856494,0.0015197596,0.0015197568,0.0015197617,0.0015197597,0.0015197568,0.0009475213,0.0009483914,0.1937449122,0.1338166999999999,0.6676971093,0.0009489616,0.0009477749,0.0009486296,0,0,0,1,0,0,0,-0.1240012362,-0.0497354902,0.1124645026,-0.3244235611,-0.1000766418,0.0638690713,-0.1161063601,0.0583484183,-0.2684505735,-0.1843392413,0.0376961578,-0.1571751458,-0.1976503753,-0.1277287749,-0.156629541,-0.1542175781,0.034258813,-0.1718034906,-0.0779000896
/63/4.mp3,0.0003272252,0.0003272252,0.0003272251,0.0769791066,0.0054356754,0.0003272251,0.3259581616,0.0003272251,0.5713379043,0.0003272252,0.0003272251,0.0003272252,0.0003272252,0.016689675,0.0003272252,0.0003272253,0.5529160653,0.0003589404,0.0003589375,0.1216808851,0.0237864609,0.0003589392,0.0003589392,0.0003589387,0.0660300227,0.0859221093,0.0003589375,0.1034000504,0.0437518363,0.0003589375,0.0002179169,0.0213210664,0.2587114499,0.02836245,0.0002181686,0.343641702,0.000217993,0.3473092533,0,0,0,0,0,1,0,-0.3594319822,-0.4715754888,0.0561512712,-0.0200455684,-0.5004739085000001,-0.4887493568,-0.0549275134,-0.1196765351,-0.1722460896,-0.0231714125,-0.4372770359,0.0643084585,-0.2040467717,0.0208333609,0.0787256238,-0.025483607,-0.1189347312,0.0838310029,-0.4264593985
/63/5.mp3,0.3132557762,0.0014880953,0.0014880958,0.0014880952,0.0014880966,0.2875627702,0.0014880954,0.0252970078,0.0014880954,0.0014880953,0.0014880952,0.0014880953,0.1853375495,0.0014880952,0.0014880958,0.1721778459,0.0013477149,0.7768174214,0.0013477089,0.0013477138,0.0255849656,0.1619463704,0.0013477141,0.0013477123,0.0221741274,0.0013477109,0.0013477089,0.001347712,0.0013477107,0.0013477089,0.0008229647,0.3917920806,0.4513950067,0.0008238822,0.1428747583,0.000823506,0.0008234456,0.0106443558,0,0,0,0,0,0,1,0.0673041233,-0.2788358305,-0.117480691,0.1612233632,-0.0723168717,-0.1607335492,0.063184225,-0.008687218,0.014775658,0.0734485296,-0.1375300566,-0.1817690204,-0.0656421668,-0.0079525729,0.0580831195,0.0339098692,-0.0173459923,-0.1890868251,-0.0828324586
/63/1.mp3,0.0012755108,0.0012755103,0.2586516121,0.0012755103,0.0690889847,0.0012755102,0.0012755103,0.056712472,0.0012755103,0.1068991701,0.0012755105,0.3744636379,0.001275511,0.0012755104,0.1214290185,0.0012755105,0.2156574379,0.4085731745,0.0012755102,0.0012755145,0.0012755142,0.0372298164,0.0012755162,0.1944160684,0.0012755118,0.1326438892,0.0012755102,0.0012755138,0.0012755124,0.0012755102,0.0007972647,0.1641981874,0.2066856298,0.1954762108,0.2421679863,0.0007977535,0.1890794311,0.0007975364,1,0,0,0,0,0,0,-0.1438291026,-0.1853563546,-0.3146751424,0.043861293,0.1060896675,-0.3096843263,-0.040512553,0.0220581405,-0.001544506,0.0607394004,-0.11506788,-0.0888893883,0.0195343606,-0.1455073839,-0.1683831103,-0.1477587354,0.0363018229,-0.258604903,-0.3435057493
/63/2.mp3,0.0023148153,0.0023148158,0.0023148151,0.0023148157,0.002314815,0.002314815,0.0023148151,0.0770836824,0.0023148149,0.6667884686000001,0.2260352503,0.0023148152,0.0023148164,0.0023148149,0.0023148149,0.0023148155,0.3125243146,0.6568633726,0.0025510204,0.0025510291,0.0025510284,0.0025510323,0.0025510324,0.0025510291,0.0025510236,0.0025510241,0.0025510204,0.0025510277,0.0025510249,0.0025510204,0.0016046584,0.0016052235,0.1655928786,0.001605712,0.2179782944,0.2849122819,0.0784086408,0.2482923103,0,0,0,1,0,0,0,-0.1987090887,0.0190648903,-0.313313998,-0.3699547443,-0.0835306642,0.006134069,-0.1980091675,-0.0916579375,-0.2908064625,-0.1538735459,0.0477339299,-0.3740871146,-0.3400816221,-0.1714922591,-0.1418381702,-0.0939149859,-0.0703972942,-0.2375506989,0.1434926387
/63/3.mp3,0.0017857154,0.0017857145,0.860891375,0.001785715,0.0921629545,0.0017857143,0.0017857143,0.023731371,0.0017857145,0.0017857148,0.001785715,0.0017857179,0.0017857144,0.0017857147,0.0017857201,0.0017857147,0.0020408342,0.8125663684000001,0.0020408163,0.002040823,0.0020408232,0.0020408261,0.0020408265,0.1629437687,0.002040819,0.0020408192,0.0020408163,0.0020408224,0.0020408202,0.0020408163,0.0012641155,0.0012654836,0.3076513759,0.1084686038,0.4803479478,0.0012645943,0.0984729088,0.0012649703,1,0,0,0,0,0,0,-0.0078537049,0.1093686953,-0.2857690679,-0.2036192797,-0.0265961423,0.0261285573,0.0195384271,-0.0160815398,-0.1487804105,-0.0504350237,0.1492569129,-0.2349656481,-0.159628361,-0.1088006653,-0.058265429,-0.1227460482,0.1495293287,-0.2306918676,0.1925128958
/64/7.mp3,0.0012254904,0.1274923916,0.0012254905,0.0012254903,0.1825807897,0.0012254902,0.0012254904,0.0492903916,0.0618917647,0.1567123431,0.0444656417,0.2177780126,0.0712695285,0.0012254904,0.0799407038,0.0012254904,0.1647488292,0.0010661068,0.0010660981,0.0010661021,0.0010661015,0.7291211294000001,0.0010661033,0.0010661018,0.0010660995,0.0944029308,0.0010660981,0.0010661013,0.0010661,0.0010660981,0.022614451,0.1212475482,0.5683285442,0.0740149628,0.1211336725,0.000648647,0.0913633001,0.0006488742,0,0,0,0,0,0,1,0.1550729445,0.0596117946,0.123546539,0.0794284335,0.0409806455,0.0804486152,0.1142577863,0.0070942879,0.1707551692,0.1127226601,0.1031556523,-0.076651683,0.0824786626,0.0730351788,-0.0284390863,0.0136097113,0.0464781633,0.083996517,0.028282243
/64/6.mp3,0.0008680558,0.0008680556,0.0008680556,0.1507051372,0.0008680556,0.0008680556,0.1255665345,0.0008680556,0.5034922466,0.000868056,0.0008680556,0.2098194133,0.0008680558,0.0008680556,0.0008680562,0.0008680556,0.2088901686,0.0009920696,0.0009920635,0.0009920662,0.0009920662,0.4190002951,0.0009920675,0.0009920665,0.0009920646,0.0009920649,0.0009920635,0.2705242911,0.0916645892,0.0009920635,0.0006160317,0.0006161687,0.0790792049,0.0006169492,0.2365901867,0.000616906,0.0006163249,0.6812482279000001,0,1,0,0,0,0,0,-0.0543594813,0.1011124982,0.0965872257,-0.0205075322,0.0623154697,0.0866911318,0.0261759652,0.0472474767,0.0754109975,0.0214319535,0.0728244631,0.0052187403,0.0510156725,0.0248383249,-0.0839555642,-0.0038379879,-0.0703230885,-0.0066767265,0.2249463892
/64/4.mp3,0.0446701721,0.0005530974,0.6306739705000001,0.0005530974,0.0005530974,0.0005530973,0.0005530974,0.0005530973,0.0005530974,0.1645996397,0.0005530973,0.1431653649,0.0005530977,0.0005530973,0.0005530974,0.0108067815,0.4781773883,0.0005903218,0.0005903188,0.2417951664,0.0005903201,0.2735339233,0.0005903207,0.0005903201,0.0005903193,0.0005903193,0.0005903188,0.0005903235,0.0005903209,0.0005903188,0.0003615603,0.0003621044,0.2262486943,0.4244339701,0.1966436116,0.0003619564,0.0003616621,0.1512264408,0,0,1,0,0,0,0,0.2364027849,-0.0687580039,0.0799343597,0.1315916376,0.1128728892,0.0288645173,0.0186071233,-0.0274609857,0.1654778072,0.19403664,0.0331651362,0.0889805208,0.1393155547,0.0900996238,-0.1145372642,0.0358359173,-0.0269809913,0.122309849,-0.0654652782
/64/5.mp3,0.0010416668,0.001041667,0.0010416668,0.0010416667,0.0010416667,0.0618160531,0.0010416667,0.7693107258,0.0010416667,0.0010416668,0.1060090359,0.0010416668,0.0503641834,0.001041667,0.0010416667,0.001041667,0.420404221,0.3424010361,0.0011904762,0.0011904804,0.0011904796,0.0011904815,0.0011904815,0.0011904799,0.0011904776,0.0011904779,0.0011904762,0.2240994769,0.0011904793,0.0011904762,0.2840701887,0.0007364564,0.0007365021,0.1239724147,0.236573484,0.1897126916,0.0007366401,0.1634616224,0,0,0,0,0,0,1,-0.2796777387,0.0897790859,0.0219061846,-0.1502012331,-0.0943147668,0.0587538847,0.0314061612,-0.0454883097,0.0058687756,0.0040980064,0.0857910544,-0.2154393078,-0.2247014641,-0.1737694603,-0.1802523023,-0.3098224859,-0.2491143472,-0.1593741694,0.0729089612
/64/1.mp3,0.0025,0.0025000005,0.0025000001,0.0025000001,0.0025000153,0.0025000001,0.0025,0.3451434113,0.0025,0.0025000003,0.2163416618,0.3255704066,0.0829445036,0.0025000002,0.0025000001,0.0025,0.0023041618,0.5825436066,0.0023041475,0.0023041556,0.0023041539,0.3898065623,0.0023041575,0.0023041544,0.0023041502,0.0023041508,0.0023041475,0.0023041535,0.0023041511,0.0023041475,0.7911557177,0.0015444143,0.0014233783,0.0689979482,0.0014227404,0.0014231338,0.0014232203,0.1326094471,0,0,0,1,0,0,0,0.050865882,0.0964219553,0.1197565959,0.1282383158,0.108841668,0.0759692397,0.0301487016,0.1272261244,0.2228398293,0.1552571604,0.1945290132,0.0103903828,0.0674763166,0.030112752,-0.1344070016,0.05128264,-0.0698070877,0.0069189708,0.0635447294
/64/2.mp3,0.001388889,0.0013888893,0.0013888891,0.3744463901,0.4090248011,0.0239850746,0.0013888889,0.0781476042,0.0013888889,0.0013888892,0.001388889,0.099118348,0.0013888912,0.001388889,0.001388889,0.0013888893,0.1753595497,0.6900452164,0.0012106538,0.0012106578,0.0012106575,0.0012106593,0.0012106594,0.1212780148,0.0012106553,0.0012106555,0.0012106538,0.0012106572,0.0012106558,0.0012106538,0.2914840701,0.0359348407,0.1365318057,0.2015365247,0.0840376653,0.0007498102,0.2489753804,0.0007499028,0,1,0,0,0,0,0,-0.1161904702,0.0673965949,0.040806749,-0.1893769224,-0.1295879718,0.130660833,0.1311749099,-0.0483798224,-0.0350984858,-0.0569441098,0.0574141368,-0.0418098832,0.0067533325,-0.0155426083,-0.0621994137,-0.0693515331,-0.0592381918,0.0174734334,0.0684385495
/64/3.mp3,0.0031249999999999,0.0031250006,0.0031249999999999,0.1537998335,0.1013259067,0.0031250001,0.0031249999999999,0.0031249999999999,0.0031249999999999,0.0031249999999999,0.6542189203000001,0.0531553386,0.0031249999999999,0.0031249999999999,0.0031250001,0.0031249999999999,0.0034013856,0.9557822039,0.0034013605,0.0034013726,0.0034013698,0.0034013762,0.003401375,0.0034013705,0.0034013644,0.0034013655,0.0034013605,0.0034013693,0.0034013657,0.0034013605,0.0021579024,0.2038569668,0.1645767861,0.0021601215,0.0021571029,0.0021629958,0.6207688141000001,0.0021593103,0,0,0,1,0,0,0,0.060415672,0.1125507554,0.1348885251,-0.0915894329,-0.0531697339,0.1904562998,0.1845222719,-0.0401081381,0.0135942007,0.0698322489,0.1620735701,-0.1405038509,-0.1183320158,-0.035927989,-0.0044184983,-0.0764254029,-0.0511737626,-0.1025760712,0.2527299049
/90/7.mp3,0.0019531253,0.0019531255,0.0019531256,0.0019531262,0.0019531252,0.0019531251,0.0019531251,0.0019531335,0.0019531251,0.6276935793,0.0019531265,0.0019531267,0.130863733,0.0481627606,0.1698424113,0.0019531259,0.4648892996,0.0020408316,0.0020408163,0.0020408233,0.1419295135,0.3707321538,0.0020408259,0.0020408232,0.0020408189,0.0020408193,0.0020408163,0.0020408221,0.0020408198,0.0020408163,0.001276978,0.1002042873,0.1797216393,0.6518802943,0.0012778507,0.0012781899,0.0630830073,0.0012777533,0,0,0,0,0,1,0,-0.1007055892,-0.0199210203,-0.0080128836,-0.0629163486,-0.1321408863,0.0322643775,-0.0324253105,-0.0338207994,-0.0052094717,-0.0110476488,-0.052505681,-0.0949774367,0.0129989073,-0.1202052622,-0.0211588538,-0.13477286,-0.1339900834,0.0272848797,-0.0209690193
/90/6.mp3,0.0019531251,0.0019531254,0.0019531252,0.0344193774,0.0019531301,0.0019531251,0.001953125,0.0019531266,0.001953125,0.0019531254,0.244906247,0.6952837404000001,0.0019531266,0.0019531252,0.0019531252,0.0019531252,0.0019841394,0.3942556599,0.001984127,0.001984134,0.5819347597,0.0019841358,0.0019841357,0.001984133,0.0019841293,0.0019841299,0.001984127,0.0019841322,0.0019841301,0.001984127,0.0012263918,0.5811802122,0.4114563011,0.0012274337,0.0012265947,0.0012289233,0.0012268254,0.0012273178,0,0,0,0,1,0,0,-0.1261034179,0.0533842942,-0.0283177439,-0.1633801263,-0.0837223396,0.0259155247,-0.0188254545,-0.0539809076,-0.0487636979,-0.0626654922,0.0003419396,0.090410026,0.1305493088,0.0319807771,-0.0056736946,-0.0526267606,-0.1696269563,0.1474785924,0.0294777305
/90/4.mp3,0.0020833334,0.0020833345,0.0020833336,0.0020833405,0.0020833335,0.581160156,0.0020833334,0.0528148375,0.0020833334,0.0020833336,0.0514662496,0.0020833336,0.0020833336,0.2895587465,0.0020833335,0.0020833338,0.3252778648,0.6461506434000001,0.0023809524,0.0023809605,0.0023809598,0.0023809635,0.0023809636,0.0023809605,0.0023809554,0.0023809558,0.0023809524,0.0023809591,0.0023809565,0.0023809524,0.001506992,0.0497207683,0.3111963009,0.3916878438,0.0500853183,0.1927864392,0.0015075446,0.0015087929,0,1,0,0,0,0,0,0.0275305283,-0.0454497736,-0.0479868037,-0.0533251222,-0.0472997402,-0.0134517504,-0.1989902887,0.056895476,0.0057165756,0.1011403085,-0.0441437872,0.063890884,0.0268095598,0.0541929326,0.0646296182,-0.0232695957,-0.116632601,0.1462295379,-0.0627343555
/90/5.mp3,0.0006868132,0.0006868134,0.0006868135,0.0499512725,0.0006868132,0.0006868132,0.0117151999,0.0006868138,0.0006868133,0.700774497,0.0117443408,0.0111483256,0.0006868134,0.0612202971,0.1472647466,0.0006868133,0.0007363807,0.601525363,0.000736377,0.0007363797,0.3896380937,0.0007363801,0.00073638,0.000736379,0.0007363778,0.0007363781,0.000736377,0.0007363788,0.0007363781,0.000736377,0.0004535283,0.0798142154,0.0971412108,0.0437186051,0.2643187258,0.0998012201,0.3562984659,0.0584540286,0,0,0,0,0,0,1,-0.0430945282,0.0395808037,0.0469922631,-0.0564765833,0.0118844556,-0.0368611023,0.0103633302,-0.0154553305,0.075015167,0.0259875544,0.0515460436,0.0702076918,0.0421984644,-0.0050919582,-0.0753974062,-0.072482569,-0.1396896514,0.1230078169,0.045553209
/90/1.mp3,0.6904914231,0.0020833336,0.0532634429,0.0020833336,0.0020833335,0.0020833334,0.002083334,0.0993633197,0.0363764186,0.0020833342,0.0020833338,0.0020833336,0.0020833351,0.0020833336,0.0975887232,0.002083334,0.4254468103,0.3465760526,0.0021645022,0.0021645097,0.2041675622,0.0021645123,0.0021645124,0.0021645095,0.0021645049,0.0021645053,0.0021645022,0.0021645083,0.0021645059,0.0021645022,0.0013305237,0.0013314076,0.1871963314,0.5221871088,0.0916568303,0.1936347916,0.0013309205,0.0013320861,0,0,1,0,0,0,0,-0.1311986491,0.0181249907,0.0269682714,-0.1996853585,-0.0793361352,0.1231151399,0.068444107,-0.1339807762,-0.106472139,-0.0937355278,-0.0904507673,-0.09783032,-0.1495503306,-0.1295827662,-0.23269267,-0.1444748708,-0.1691922301,-0.1766780745,-0.0961082068
/90/2.mp3,0.0013297873,0.0013297879,0.0013297874,0.0013297884,0.0013297873,0.704163881,0.0013297872,0.1306757549,0.0013297873,0.0013297874,0.1478731264,0.0013297874,0.0013297875,0.0013297876,0.0013297873,0.0013297876,0.2877912775,0.6950658278,0.0014285714,0.0014285763,0.0014285758,0.001428578,0.0014285781,0.0014285762,0.0014285732,0.0014285735,0.0014285714,0.0014285754,0.0014285739,0.0014285714,0.000880659,0.0008812544,0.0008815908,0.310709139,0.2489715858,0.1217144822,0.000881051,0.3150802378,0,1,0,0,0,0,0,-0.0605205166,0.0594934565,0.0070754553,-0.0519097765,0.0566551485,-0.0831273717,-0.0317055449,-0.0362362451,0.0058548268,-0.0847746476,-0.0063080247,0.0753330662,-0.0029982709,0.0087042445,-0.1177406177,-0.0819004631,-0.1347790237,0.1105650473,-0.0095528037
/90/3.mp3,0.0019531251,0.4081655622,0.0019531253,0.0019531261,0.0019531251,0.1740672641,0.001953125,0.0019531266,0.0019531251,0.0019531253,0.2517751964,0.1425544716,0.0019531262,0.0019531252,0.0019531251,0.0019531256,0.3043092043,0.6718812195,0.001984127,0.0019841337,0.0019841332,0.0019841362,0.0019841363,0.0019841337,0.0019841295,0.0019841298,0.001984127,0.0019841326,0.0019841304,0.001984127,0.0012638916,0.0675288614,0.0012648495,0.3584227189,0.0943885632,0.0012650178,0.07545104,0.4004150577,0,1,0,0,0,0,0,-0.0356982065,-0.001083179,0.058303878,-0.0958091227,-0.0461187477,0.0351565496,0.0198025113,-0.0499037661,0.1498208081,0.0790226619,0.01968856,-0.0581960569,-0.1409598452,0.0036661876,0.0683572723,-0.0765410067,-0.1202239808,-0.0295850935,0.0194107206
/46/7.mp3,0.0014534884,0.0929248165,0.0014534885,0.0014534884,0.0014534885,0.0014534884,0.0014534884,0.048339771,0.0014534884,0.0014534885,0.3791513421,0.4621422078,0.0014534895,0.0014534884,0.0014534884,0.0014534887,0.0016233899,0.865227681,0.0016233766,0.001623382,0.1152917479,0.0016233842,0.0016233844,0.0016233823,0.0016233787,0.0016233789,0.0016233766,0.0016233813,0.0016233795,0.0016233766,0.2141945824,0.0366225187,0.3693173092,0.0946555226,0.2304201293,0.001002084,0.0527859266,0.0010019273,1,0,0,0,0,0,0,0.1815265377,-0.2854931675,-0.3159091058,-0.0819669346,0.1738626725,-0.3745969425,-0.485738648,0.0305165473,0.0269281882,0.0040980064,-0.2079680456,0.0789644039,0.0072356178,-0.0454983858,-0.2444109699,-0.0266510968,-0.0826394012,-0.0283370447,-0.3659876857
/46/6.mp3,0.0020161298,0.0020161292,0.00201613,0.0622228675,0.1923353461,0.002016129,0.0020161291,0.0020161291,0.0020161291,0.1545967051,0.002016129,0.3640601571,0.0020161308,0.002016129,0.2046075005,0.0020161296,0.7438273805000001,0.0017006951,0.0017006803,0.0456239178,0.001700685,0.1918411688,0.001700688,0.0017006853,0.0017006824,0.0017006857,0.0017006803,0.0017006849,0.0017006856,0.0017006803,0.0010426522,0.1782639403,0.3118177548,0.0010436354,0.2693866156,0.0010436314,0.0275840691,0.2098177012,1,0,0,0,0,0,0,0.1433550424,-0.2904161928,0.0493446474,-0.1942072485,-0.0640950898,-0.2880646721,-0.2670020173,-0.1603937911,0.0269281882,-0.0829559625,-0.1482324935,0.0373367318,0.0072356178,0.0194744947,-0.2119917936,0.046368185,0.0325761577,-0.0972111705,-0.3243683133
/46/4.mp3,0.0022321431,0.1661703541,0.0022321431,0.0022321429,0.002232143,0.1826116956,0.0022321429,0.0022321429,0.0022321429,0.0022321432,0.400398399,0.0022321433,0.063202587,0.0022321429,0.0022321429,0.1630633913,0.7895197947,0.0025510368,0.0025510204,0.0025510277,0.0025510278,0.002551031,0.0025510313,0.0550146304,0.0025510233,0.0854318874,0.0025510204,0.002551027,0.0445234215,0.0025510204,0.0016041063,0.1699719708,0.0016053131,0.235261956,0.3357976851,0.0016054955,0.1796225503,0.074530923,0,0,0,0,0,0,1,0.0067642817,-0.3102722249,-0.1621294058,0.0107853286,-0.1700976398,-0.3437192083,-0.2512839094,-0.2262640416,0.0269281882,0.0040980064,-0.3408162093,0.0872747083,0.1083993655,0.0194744947,0.0028470202,0.1410610097,0.0824207043,0.0421450609,-0.2424658986
/46/5.mp3,0.0004562044,0.0004562045,0.0004562044,0.2432381144,0.0250104298,0.0004562044,0.0004562044,0.7053211850000001,0.0004562044,0.0004562045,0.0157289538,0.0056830683,0.0004562045,0.0004562044,0.0004562045,0.0004562044,0.0004520806,0.6391835158,0.0004520796,0.0004520813,0.3553915202,0.0004520812,0.000452081,0.0004520804,0.00045208,0.0004520802,0.0004520796,0.0004520805,0.00045208,0.0004520796,0.8995559524000001,0.0295992243,0.069466885,0.0002755542,0.0002755095,0.0002755538,0.0002757374,0.0002755834,0,0,0,1,0,0,0,-0.4904045443,0.2123544936,-0.2297026421,-0.4473915059,-0.4261306449,0.1957109203,0.2188375307,-0.167687477,-0.3890968533,-0.435378896,-0.035527898,-0.2155072558,-0.3883476634,-0.2050110395,0.0843581163,-0.0550192213,-0.2616352412,-0.2450647438,0.2970175643
/46/1.mp3,0.0004280823,0.0004280823,0.0004280822,0.0004280824,0.0004280826,0.0004280822,0.6568878224,0.0900556613,0.161779504,0.0004280825,0.0004280822,0.0004280822,0.0795030617,0.0070650453,0.0004280822,0.0004280823,0.5245723528,0.2522062646,0.0004859086,0.0004859103,0.2081495565,0.0004859108,0.0004859108,0.0102127296,0.0004859092,0.0004859097,0.0004859086,0.00048591,0.0004859098,0.0004859086,0.0002964006,0.160300966,0.0002967015,0.2512066893,0.0523284157,0.5349776269000001,0.000296486,0.0002967139,0,0,0,0,0,1,0,-0.1680180844,-0.2463065222,-0.1223625841,-0.1450377349,-0.2778358622,-0.2291400069,-0.0311225709,-0.228222868,-0.1298791632,-0.0481549105,-0.2240093182,-0.1648434867,-0.1071221195,-0.0434018614,0.0082190815,-0.1041334583,-0.1131179694,-0.2020381721,-0.2140188536
/46/2.mp3,0.0009057972,0.1133393338,0.0009057973,0.000905798,0.0252346193,0.0009057972,0.0009057971,0.000905801,0.0009057972,0.3031228126,0.0009057991,0.5327822506000001,0.0009057983,0.0009057976,0.0155572058,0.0009057976,0.7136488241000001,0.0009157587,0.0009157509,0.0009157546,0.0009157539,0.0009157556,0.2753621353,0.0009157541,0.0009157521,0.0009157524,0.0009157509,0.0009157537,0.0009157526,0.0009157509,0.0005609056,0.0433521698,0.0005615022,0.5713640651,0.1541411158,0.2288975512,0.0005611707,0.0005615196,0,1,0,0,0,0,0,-0.0795624648,-0.2946289517,0.0007963199,-0.0624969533,-0.0732203317,-0.1831141969,-0.258495749,0.085708068,0.0343384559,0.0391270145,-0.1645516842,0.0789644039,0.0402162884,0.0194744947,0.0010471718,0.0127930213,0.0617877401,0.0577892699,-0.2424672961
/46/3.mp3,0.0014534885,0.0014534892,0.0014534887,0.0014534893,0.0014534885,0.0014534885,0.0014534884,0.5592349821,0.0014534884,0.0014534887,0.1688850479,0.0550219626,0.0014534899,0.0014534885,0.0014534885,0.1994161423,0.3628310025,0.4324774893,0.0015873016,0.001587307,0.1872311537,0.0015873089,0.001587309,0.0015873069,0.0015873036,0.0015873039,0.0015873016,0.0015873061,0.0015873043,0.0015873016,0.1294917062,0.0613669733,0.0009862054,0.009371062,0.1422386856,0.2143934701,0.0588282677,0.3833236298,0,0,0,0,0,0,1,0.1478530832,-0.2965038531,-0.03555778,0.0108352951,0.003009359,-0.1872630025,-0.232572405,-0.0051296862,0.1278841027,0.0175384291,-0.193042726,0.016893998,0.0072356178,0.0194744947,0.0513977715,0.0729617118,0.0385068396,-0.0339685903,-0.3604949028
/79/7.mp3,0.0164310854,0.0008012822,0.0008012828,0.0008012825,0.0008012822,0.0008012821,0.7264973149,0.0249887577,0.0599754895,0.0008012826,0.0008012823,0.027883455,0.1362110731,0.0008012822,0.0008012828,0.0008012828,0.4940333241,0.496226395,0.0008116883,0.0008116911,0.0008116908,0.000811692,0.000811692,0.000811691,0.0008116893,0.0008116895,0.0008116883,0.0008116906,0.0008116897,0.0008116883,0.0004985285,0.0004991357,0.0004988125,0.3010046185,0.2793436599,0.084883493,0.0788992965,0.2543724554,0,0,1,0,0,0,0,-0.4254259521,-0.142087343,0.0015840148,-0.314126373,-0.2818501488,0.0583314996,0.1268687118,-0.3181923795,-0.4087117267,-0.4044519682,-0.0662256643,0.0169872927,-0.1319604231,-0.0223815836,0.0466736356,-0.0265398784,0.0442231139,-0.2384449027,-0.1349523019
/79/6.mp3,0.0010775871,0.0010775864,0.0010775883,0.0010775863,0.0010775863,0.0683880095,0.0010775862,0.0792910525,0.0010775863,0.0010775864,0.0010775865,0.0010775868,0.0010775869,0.0010775864,0.6489358705,0.1904540278,0.1483513931,0.3291677069,0.0012315271,0.0012315313,0.508934073,0.0012315328,0.0012315329,0.0012315313,0.0012315286,0.0012315289,0.0012315271,0.0012315306,0.0012315292,0.0012315271,0.0663699214,0.0669195161,0.0377580678,0.0596765176,0.0007826955,0.282289049,0.3200787861,0.1661254465,0,1,0,0,0,0,0,0.0843799002,-0.0992788624,0.033718458,-0.0128895095,-0.0401606221,-0.1256418596,-0.0198017659,0.0812988712,-0.028315543,0.0890882483,0.0763452974,0.0048375206,-0.0242751067,0.0145478897,0.0618980913,-0.0154603005,-0.0523794862,-0.0774810642,0.1059104629
/79/4.mp3,0.0020161291,0.0020161295,0.0020161292,0.3934599056,0.0020161291,0.0020161316,0.002016129,0.1058624704,0.0020161291,0.0020161292,0.4744679414,0.0020161292,0.0020161292,0.0020161299,0.0020161291,0.0020161294,0.7300307843,0.2431834412,0.0022321429,0.0022321508,0.0022321498,0.0022321534,0.0022321535,0.0022321504,0.0022321457,0.0022321462,0.0022321429,0.0022321493,0.0022321468,0.0022321429,0.0014052615,0.0014067302,0.0014063369,0.5743301461,0.4172324977,0.0014064793,0.001405707,0.0014068413,0,0,0,1,0,0,0,-0.2374221921,-0.1539809126,0.0342162441,-0.1933989862,-0.1641831324,0.0420508079,0.0175043417,-0.1589332409,-0.1753399301,-0.1427205479,-0.0645633484,-0.0261077845,0.1250021361,0.0568593731,0.0699291988,-0.0003044416,0.0078242468,-0.0890215131,-0.1128269908
/79/5.mp3,0.0019531256,0.0019531251,0.1038772224,0.001953125,0.2997041853,0.001953125,0.001953125,0.001953125,0.001953125,0.4718096867,0.001953125,0.1011714034,0.0019531259,0.001953125,0.0019531253,0.0019531253,0.0446688531,0.6244841051000001,0.0020408163,0.002040823,0.0020408235,0.0652487741,0.0020408268,0.0020408242,0.0020408192,0.1056275834,0.0020408163,0.1416032984,0.0020408203,0.0020408163,0.001290218,0.2515795756,0.1853794796,0.14093234,0.2465543945,0.001290555,0.1716826856,0.0012907516,0,0,0,0,0,0,1,0.0839295862,-0.334783603,0.0550822888,-0.0313422886,0.0639481806,-0.4531470354,-0.5031620048000001,0.0267571508,0.1145727209,0.0621575255,-0.0222697448,-0.0297225441,0.0661145994,-0.0218003446,-0.0787117559,-0.0023397666,0.0562097672,-0.0396620576,-0.0972479451
/79/1.mp3,0.2238442573,0.0012755113,0.0012755118,0.0012755113,0.0012755104,0.0012755104,0.0012755106,0.0012755102,0.0176532789,0.0012755107,0.0219761401,0.0012755113,0.0012755118,0.0012755103,0.5451444484,0.1773512552,0.250043641,0.6415896022,0.0013477089,0.0013477134,0.0935419276,0.0013477151,0.0013477152,0.0013477134,0.0013477106,0.0013477108,0.0013477089,0.0013477127,0.0013477112,0.0013477089,0.000833826,0.0008347786,0.5323276331,0.3510183729,0.0008349938,0.1124815584,0.0008340763,0.0008347609,1,0,0,0,0,0,0,-0.1908653014,0.2455987184,-0.0831387591,-0.3453683618,-0.2057466274,0.1522118421,0.3387023457,0.0098255876,-0.3005514137,-0.2106180008,0.0443204641,0.0019176184,-0.1722276051,-0.0069070895,-0.0730287742,0.0376748608,0.0895343078,-0.1795675235,0.2097445285
/79/2.mp3,0.0027173915,0.5971387625,0.0027173917,0.0027173933,0.0027173915,0.0027173951,0.0027173914,0.0027173967,0.0027173914,0.0027173917,0.1338486155,0.0027173917,0.0027173928,0.0537424316,0.0027173915,0.1826614802,0.7884883102,0.1757973089,0.0029761905,0.0029762021,0.0029761991,0.0029762043,0.002976204,0.0029761995,0.002976194,0.0029761952,0.0029761905,0.0029762112,0.0029762001,0.0029761905,0.0018392404,0.0018404383,0.3765599881,0.6123962525000001,0.0018412731,0.0018420924,0.0018396223,0.001841093,0,0,0,0,0,0,1,0.0939150763,-0.2328845937,0.0710140118,0.0616469068,0.1469911938,-0.082945743,-0.0947272296,0.1174653241,0.1546751134,0.140705383,-0.0538045342,0.0005471324,0.0175983562,-0.0434956214,-0.1673686588,0.0021136728,0.1027446353,-0.0887287926,-0.1519135099
/79/3.mp3,0.0007352941,0.0007352941,0.0007352942,0.0007352942,0.0007352947,0.0007352941,0.0007352941,0.0949113234,0.0007352941,0.8280904442,0.0007352941,0.0312483249,0.0369263772,0.0007352941,0.0007352941,0.0007352942,0.0008116917,0.4625538939,0.0008116883,0.0008116913,0.0008116902,0.5277058282,0.0008116914,0.0008116903,0.0008116891,0.0008116895,0.0008116883,0.0008116902,0.0008116894,0.0008116883,0.2173383745,0.0621942678,0.2932362025,0.0005008195,0.3554304244,0.0005009796,0.0702979786,0.000500953,0,0,0,0,0,0,1,0.1666513002,-0.3471952299,-0.0244072238,0.1701552128,0.1407367188,-0.2867554003,-0.1025906769,0.1622363311,0.2751280855,0.1004174496,-0.0853342649,0.0863330297,0.130079684,0.0359054159,0.0115411914,0.0008923061,0.0817831083,0.1495814129,-0.2591388662
/112/7.mp3,0.0010593221,0.001059322,0.001059322,0.001059322,0.001059322,0.001059322,0.984110167,0.001059322,0.0010593238,0.0010593222,0.001059322,0.001059322,0.001059322,0.001059322,0.001059322,0.0010593224,0.534855548,0.4508587059,0.0011904762,0.0011904805,0.0011904791,0.0011904812,0.0011904809,0.0011904793,0.0011904774,0.00119048,0.0011904762,0.001190479,0.0011904801,0.0011904762,0.0007356529,0.0007359592,0.000736815,0.2130849994,0.4455084078,0.1143278496,0.0007360323,0.2241342838,0,1,0,0,0,0,0,-0.2889632272,-0.2514388367,-0.161990364,-0.4136986139,-0.4087617873,-0.2713293575,-0.1973314341,-0.2972524686,-0.1299983466,-0.1163475538,0.0194494363,-0.3157122113,-0.3566297689,-0.42074356,-0.2277505916,-0.4202588071,-0.1823907193,-0.3235202816,-0.2738141429
/112/6.mp3,0.0001373626,0.0208123277,0.0001373627,0.0976153349,0.3587197742,0.0001373626,0.0001373627,0.0001373626,0.3932370531,0.0001373627,0.0001373626,0.1063274806,0.0219144029,0.0001373626,0.0001373626,0.0001373627,0.0437665485,0.0001469733,0.0001469724,0.0001469728,0.0162688694,0.0204320339,0.4364492232,0.0001469728,0.2025394755,0.0125924603,0.0001469724,0.0001469729,0.2669225802,0.0001469724,0.1186198524,0.1112873777,0.5566364420000001,0.0298186041,8.97514e-05,0.1760718536,0.0073863553,8.976350000000001e-05,0,0,0,0,1,0,0,-0.3825323817,-0.4652682437,-0.4503586457,0.0163445782,-0.5163665897,-0.4726759151,-0.307143976,-0.4125818651,-0.1996399974,0.0761150896,-0.3637755509,-0.1579497271,-0.1619038191,-0.125142048,0.0186767566,-0.1275074494,-0.3453651035,-0.1962358735,-0.3996172559
/112/4.mp3,0.0013586959,0.0013586962,0.0013586957,0.0013586957,0.0930761179,0.0013586957,0.0013586958,0.132045353,0.0013586957,0.6609103522,0.0429777953,0.0560447273,0.0013586965,0.0013586957,0.0013586957,0.0013586959,0.1822132938,0.0949899393,0.0014880952,0.0014881008,0.1436966603,0.0014881026,0.0014881026,0.3548818972,0.0014880972,0.210825323,0.0014880952,0.0014880997,0.0014880979,0.0014880952,0.0009203458,0.0009210655,0.1981926192,0.0009207621,0.0698856808,0.0600366044,0.056906013,0.6122169092,0,0,0,0,0,0,1,-0.2216947553,-0.2178971524,0.2904968346,-0.0726926972,-0.0610734555,-0.3751180391,-0.4025879464,-0.0606462631,0.1854148657,0.079795653,-0.1505722941,0.1106783355,0.0808145545,-0.1357944437,-0.2324044614,-0.1077073281,0.0377193202,-0.1148944297,-0.4034320146
/112/5.mp3,0.0006578948,0.0006578948,0.0006578948,0.0006578948,0.2188661624,0.0006578947,0.0006578947,0.0287213345,0.0006578947,0.2518848709,0.0006578949,0.4051641641,0.0006578952,0.0006578948,0.0006578948,0.088126625,0.257865953,0.0460344997,0.0006675567,0.0006675592,0.0006675588,0.3755852225,0.00066756,0.3138387446,0.0006675576,0.0006675578,0.0006675567,0.0006675587,0.0006675579,0.0006675567,0.078736272,0.0890060463,0.0004091723,0.2944119141,0.1273325288,0.2186747275,0.1910200871,0.000409252,0,0,0,0,0,0,1,0.0074886271,-0.2550573223,0.0256659198,-0.1715693086,-0.100728318,-0.2101015648,-0.2801255569,-0.1403619342,-0.1054468408,-0.1750545831,-0.1004569569,-0.1461376206,-0.2233874266,-0.1016707309,-0.1418153618,-0.1840282233,-0.0068016273,-0.2391572985,-0.1881735863
/112/1.mp3,0.0013297874,0.0013297874,0.0013297874,0.0013297872,0.0013297874,0.0013297873,0.0013297873,0.0013297872,0.0013297873,0.6040309651,0.0013297872,0.3773520107,0.0013297889,0.0013297872,0.0013297873,0.0013297876,0.7065474281,0.1334938047,0.0014880952,0.0014881007,0.0014880997,0.0014881022,0.0014881021,0.1435896838,0.001488097,0.0014880982,0.0014880952,0.0014880994,0.0014880984,0.0014880952,0.0009196661,0.0009203068,0.1939057577,0.5893367504,0.0009207371,0.2121562462,0.0009198633,0.0009206723,0,0,1,0,0,0,0,-0.3469305581,-0.1211697459,-0.2841318093,-0.1843680541,0.0207173952,-0.0249478436,0.0599155438,-0.0105484354,-0.1565560895,-0.0389211215,0.0415180478,-0.3234109196,-0.2869320029,-0.2249883129,-0.2146369119,-0.1044316986,-0.0601393656,-0.3099693242,-0.1311411113
/112/2.mp3,0.0008333337,0.0008333336,0.0008333337,0.0008333333,0.0008333345,0.0008333334,0.0008333334,0.0008333333,0.0008333334,0.0680225071,0.0197243869,0.7626737485,0.0008333341,0.0008333333,0.1395793541,0.0008333336,0.0008928691,0.0008928641,0.0008928571,0.0008928602,0.0008928602,0.8799873231,0.0008928617,0.0008928605,0.0008928584,0.1092983526,0.0008928571,0.0008928599,0.0008928588,0.0008928571,0.0005538179,0.1499265623,0.414296508,0.2883408009,0.0005541791,0.0005540667,0.1452199769,0.0005540882,0,0,1,0,0,0,0,0.0566410313,-0.381300119,-0.1990442769,0.0100652958,-0.0575553362,-0.3644991317,-0.3673732271,0.0910151328,0.1561087895,0.0762525249,-0.0863058895,-0.0425939613,-0.0022946035,-0.0421827284,-0.1679852526,-0.1394992407,-0.1322169836,-0.1091507617,-0.2348052237
/112/3.mp3,0.0010080645,0.248081242,0.0010080646,0.0010080645,0.0010080646,0.0010080645,0.0010080645,0.0010080645,0.0010080645,0.0010080648,0.0010080645,0.7378058541,0.0010080647,0.0010080645,0.0010080646,0.0010080646,0.0995516757,0.615390228,0.0011520737,0.0011520776,0.0011520774,0.0011520791,0.0011520792,0.0011520777,0.272385256,0.0011520754,0.0011520737,0.001152077,0.0011520758,0.0011520737,0.0007146909,0.0007151957,0.5370072033000001,0.0007156858,0.0007155135,0.000715116,0.0007149027,0.4587016921,0,0,1,0,0,0,0,-0.2884824016,-0.2088998664,0.0442882421,-0.118729528,0.0860074766,-0.1735591117,-0.2603835673,-0.0900973414,-0.3167663407,-0.4192991229,-0.0632911123,-0.1235971805,-0.0763750579,-0.1749731783,-0.0832582275,-0.0390039884,-0.094719174,-0.1595672221,-0.257426339
/41/7.mp3,0.0011792461,0.001179246,0.0011792488,0.0011792464,0.0011792454,0.0011792454,0.0011792453,0.0431860526,0.0011792453,0.0011792455,0.0429116347,0.5024240739,0.001179246,0.0011792455,0.2413759637,0.1571305693,0.5074109673,0.0012531422,0.0012531328,0.0636150602,0.0012531362,0.415189472,0.0012531381,0.0012531363,0.0012531342,0.0012531347,0.0012531328,0.0012531429,0.0012531373,0.0012531328,0.0007722838,0.1370120131,0.0007731685,0.00077303,0.0007730255,0.2361770934,0.1935594853,0.4301599003,0,1,0,0,0,0,0,0.0315201081,-0.2126847751,-0.2027850506,-0.0564271512,-0.0193970696,-0.3060420547,-0.2634617908,-0.1114506146,-0.1052930337,-0.1655890231,-0.0156241118,0.1213677158,-0.0079427048,0.0346608373,-0.1320353076,-0.0373407697,-0.0427829131,-0.1361997257,0.0115413135
/41/6.mp3,0.0011363637,0.0011363637,0.0011363637,0.0011363637,0.0011363646,0.0011363636,0.0011363637,0.0556818293,0.0011363636,0.2899066852,0.0011363636,0.1350793612,0.1561683266,0.0011363636,0.0011363637,0.3506637963,0.3245996226,0.6276423572000001,0.0011904762,0.0011904802,0.0011904798,0.0346627563,0.0011904817,0.0011904802,0.0011904777,0.0011904779,0.0011904762,0.0011904795,0.0011904782,0.0011904762,0.0007360314,0.0249769105,0.1529227798,0.0007365927,0.0007363519,0.4109745906,0.165814587,0.2431021561,0,1,0,0,0,0,0,-0.0874486928,-0.1023273802,0.0462259574,-0.2101467728,0.041898878,-0.258949063,-0.2509022675,0.1470979533,-0.2619428785,-0.2191569793,-0.0242304145,0.0967232033,-0.0597453565,-0.04045481,0.0270734913,0.085245899,-0.068793492,-0.0214248689,0.1038151645
/41/4.mp3,0.0010416669,0.0010416671,0.4695813016,0.0010416667,0.1408182331,0.0010416667,0.0010416667,0.0858445782,0.0010416667,0.1887007978,0.0133236725,0.0913147485,0.0010416673,0.0010416667,0.0010416668,0.0010416668,0.0010989096,0.8657184982,0.0010989011,0.0010989048,0.0010989045,0.0010989062,0.0010989063,0.024671057,0.0010989025,0.0010989027,0.0010989011,0.097522502,0.001098903,0.0010989011,0.120065146,0.0006878835,0.087220284,0.0006877956,0.7319775857,0.0006878282,0.0579854687,0.0006880083,0,0,0,0,0,0,1,-0.0585851889,-0.2032995545,-0.2681487479,-0.0928634271,-0.1342798065,-0.1337904592,-0.1063756957,-0.1558905041,-0.3502324633,-0.2259971754,-0.0035536362,-0.2132881306,-0.37404861,-0.2251964358,-0.1886468423,-0.3384904356,-0.2598843941,-0.2519633125,-0.0574070542
/41/5.mp3,0.0019531251,0.0842897891,0.0019531251,0.0019531252,0.0019531251,0.4217891515,0.0019531251,0.0019531271,0.001953125,0.0019531252,0.3881540648,0.0019531253,0.001953127,0.0019531252,0.001953125,0.082329489,0.0021645227,0.8086696238000001,0.0021645022,0.0021645092,0.1653562756,0.0021645128,0.0021645133,0.0021645105,0.0021645051,0.0021645052,0.0021645022,0.0021645089,0.0021645064,0.0021645022,0.0573228957,0.1255268785,0.2923471105,0.0013464728,0.144447201,0.204743886,0.1729192238,0.0013463318,0,1,0,0,0,0,0,0.1704614018,-0.0776587182,0.0294850155,0.0406898439,0.0857310336,-0.0986256055,-0.020453535,0.1018999915,0.0038276548,0.0566790737,0.0058523585,0.0337914709,0.0419757348,-0.019806251,-0.093928452,-0.0275671684,-0.1254311811,-0.0453383473,-0.0665719643
/41/1.mp3,0.0010593225,0.0010593223,0.1902234033,0.0010593223,0.0304412894,0.0010593221,0.001059322,0.0226602764,0.0010593221,0.6597472581,0.0436526414,0.0010593225,0.0010593223,0.0010593222,0.0426819088,0.0010593222,0.0011160812,0.4972577343,0.0011160714,0.0011160751,0.0011160752,0.4893493733,0.001116077,0.0011160755,0.0011160729,0.001116073,0.0011160714,0.0011160748,0.0011160735,0.0011160714,0.0006872948,0.1104148264,0.3715069133,0.1659726499,0.3493545979,0.0006880376,0.0006875638,0.0006881164,1,0,0,0,0,0,0,0.0041092135,0.0114975599,-0.016940147,-0.0429575315,-0.0626924788,0.1580764722,0.146421935,0.1016223792,0.1331485526,0.1872578559,0.045620731,-0.2079281642,-0.0843393657,0.0269036848,-0.0047632552,-0.0734320159,-0.0370404977,-0.2386306057,0.0324420834
/41/2.mp3,0.0011792454,0.0011792457,0.0011792454,0.0011792453,0.0011792454,0.0011792453,0.0011792453,0.0011792453,0.0011792453,0.8883774449,0.0951131177,0.0011792464,0.0011792464,0.0011792453,0.0011792454,0.0011792456,0.5766178577000001,0.1960925539,0.0011904762,0.0011904803,0.0011904799,0.0011904817,0.0011904818,0.0011904802,0.0011904777,0.0011904779,0.0011904762,0.2141943221,0.0011904782,0.0011904762,0.0007359636,0.0671122522,0.0007365431,0.4424024369,0.4474187172,0.0007364878,0.0401208158,0.0007367834,0,0,0,0,0,0,1,-0.3027990613,0.0215496297,-0.0932364609,-0.2329130301,-0.2015639833,0.0670308853,-0.123244289,0.0602456363,-0.1892435405,-0.2559858694,0.0382833061,-0.1216936701,-0.2191563228,-0.150325664,-0.1353237442,-0.1129086568,-0.1485389998,-0.0543935014,0.0365873177
/41/3.mp3,0.0009615385,0.2333167836,0.0009615385,0.0009615397,0.0851516987,0.0009615385,0.0009615385,0.0009615385,0.0009615385,0.0009615385,0.0009615398,0.0009615385,0.0009615385,0.6690315147,0.0009615385,0.0009615386,0.6155455804000001,0.3712675777,0.0010989011,0.0010989049,0.0010989045,0.0010989061,0.0010989062,0.0010989048,0.0010989024,0.0010989027,0.0010989011,0.0010989042,0.001098903,0.0010989011,0.0006691227,0.0937432208,0.0006694847,0.1962243772,0.1680181335,0.2547157609,0.2852902958,0.0006696043,0,0,0,1,0,0,0,-0.2354127533,0.2994194045,0.0926120769,-0.3431667826,-0.1559519586,0.1974198391,-0.0672171895,0.045418091,-0.2024806479,-0.1162850669,0.1312947678,-0.2745009065,-0.1998570332,-0.1640770977,-0.0722667407,-0.2478363878,-0.1916135501,-0.175243917,0.3597548635
/115/7.mp3,0.0013020833,0.0013020833,0.0013020833,0.0013020845,0.0013020834,0.0013020833,0.0013020833,0.9804687483,0.0013020833,0.0013020833,0.0013020834,0.0013020833,0.0013020836,0.0013020834,0.0013020833,0.0013020833,0.443766059,0.0014881064,0.0014880952,0.0014881005,0.0302528299,0.001488102,0.0014881019,0.0320166004,0.0744410464,0.1973151916,0.0014880952,0.0956640515,0.1161275247,0.0014880952,0.2203232404,0.0009141795,0.0009139796,0.4258125516,0.0009142659,0.000913933,0.2556599338,0.0945479161,0,0,0,0,0,0,1,-0.2614834485,-0.3619461711,-0.4653298887,-0.4535533029,-0.5361966719,-0.3724300277,-0.3803895692,-0.4869541278,-0.3865662415,-0.4158596931,-0.2918826533,-0.3629312601,-0.4808068093,-0.1663726446,-0.1158192488,-0.3540302668,-0.416943337,-0.3362600516,-0.3684942543
/115/6.mp3,0.6914937495,0.0010245906,0.0010245909,0.001024591,0.0010245903,0.0010245902,0.0010245902,0.0626220272,0.0010245903,0.0010245904,0.0010245904,0.0397393658,0.0010245911,0.0010245903,0.193849771,0.0010245908,0.7175723431000001,0.0011160805,0.0011160714,0.2690347634,0.0011160744,0.0011160765,0.0011160762,0.0011160746,0.0011160727,0.0011160749,0.0011160714,0.0011160743,0.001116075,0.0011160714,0.00067983,0.1751008239,0.0006805314,0.405252686,0.229488621,0.0006806451,0.000680092,0.1874367706,0,1,0,0,0,0,0,-0.0467000855,0.0537964901,0.042686765,-0.0553751,-0.1321024336,0.0336682742,0.0152485261,-0.0522110578,0.0143565121,-0.0003268252,-0.1427135876,-0.1188205961,-0.1406746967,-0.0264123948,-0.0392135674,0.019070014,-0.0350729879,-0.1615184676,0.0114579021
/115/4.mp3,0.0662278804,0.0012500006,0.0590629796,0.0012500009,0.0012500002,0.0856669835,0.0012500002,0.0012500001,0.0847094691,0.0012500004,0.00125,0.0816841336,0.0012500011,0.0012500002,0.2432832152,0.368115335,0.5160021777,0.2118498711,0.0013477089,0.0013477136,0.2573231217,0.0013477152,0.0013477152,0.0013477134,0.0013477106,0.0013477109,0.0013477089,0.0013477127,0.0013477112,0.0013477089,0.0008337472,0.0008342228,0.307294379,0.1858013484,0.0008348439,0.5027327507,0.0008339957,0.0008347122,0,0,0,0,0,0,1,-0.1107037764,0.157047988,-0.0734725179,-0.3963240967,-0.2487684039,0.1557917627,0.1379599326,-0.0258541611,-0.215454688,-0.2104362682,0.1389029911,-0.1869057195,-0.2598363403,-0.2020844584,0.0496988448,-0.002946473,-0.1159359345,-0.2983487759,0.2448855272
/115/5.mp3,0.0009765625,0.0009765627,0.0009765625,0.0009765626,0.0009765625,0.4171609285,0.0009765625,0.4148781808,0.0009765625,0.0009765625,0.1552655779,0.0009765625,0.0009765625,0.0009765626,0.0009765625,0.0009765625,0.3336468117,0.652960302,0.0011160714,0.0011160752,0.0011160748,0.0011160765,0.0011160766,0.0011160752,0.0011160728,0.001116073,0.0011160714,0.0011160745,0.0011160733,0.0011160714,0.000690717,0.0006908911,0.0006912636,0.0006918513,0.0481429079,0.3674542999,0.0006911381,0.5809469312000001,0,0,0,0,0,0,1,0.0593027256,-0.2935293769,0.2061400348,0.0105279186,-0.0050208841,-0.1039906101,-0.369300303,-0.0134260898,-0.1394860716,-0.1863727795,0.0595412008,0.007325643,0.0289948348,0.0065192191,-0.1163669628,0.0187691308,-0.0924110368,-0.1174692695,0.1079869319
/115/1.mp3,0.1203024911,0.0016025641,0.3950119738,0.0016025641,0.0016025641,0.0016025641,0.0016025641,0.0016025641,0.0016025641,0.4638522006,0.0016025641,0.0016025641,0.0016025641,0.0016025641,0.001602565,0.0016025642,0.0017421715,0.7052125850000001,0.0017421603,0.0017421663,0.2738814419,0.001742168,0.0017421679,0.0017421656,0.0017421623,0.0017421628,0.0017421603,0.0017421649,0.001742163,0.0017421603,0.0010692302,0.20519185,0.2770823812,0.001070603,0.5123744745000001,0.001070934,0.0010700241,0.0010705029,0,1,0,0,0,0,0,-0.0142704397,0.0165254002,-0.0057188514,-0.0464251885,0.0008693792,0.0926251235,0.1139662668,-0.1190675554,0.0309493782,0.0085306053,-0.003630681,-0.0860245237,-0.2713384041,-0.1133894229,-0.0248716756,-0.0119893853,0.0522738392,-0.2471902811,-0.0471284072
/115/2.mp3,0.0023148152,0.0023148148,0.0023148152,0.0023148196,0.0023148148,0.0023148148,0.0023148151,0.0642191504,0.0771498566,0.0023148148,0.0023148154,0.0023148148,0.0023148148,0.2871120004,0.5437412081,0.002314815,0.5185172503000001,0.4529112459,0.0023809524,0.002380961,0.0023809589,0.0023809627,0.0023809625,0.0023809592,0.002380955,0.0023809559,0.0023809524,0.0023809708,0.0023809607,0.0023809524,0.0231519479,0.1191431722,0.1006633567,0.1935656181,0.0014910855,0.0014897115,0.3771761634,0.1833189448,1,0,0,0,0,0,0,-0.0976235419,0.0734455147,0.0615033832,-0.2019170774,0.0603418473,0.1439042416,0.1650587169,-0.0122639381,-0.0439967709,-0.0124569683,0.1117921071,-0.0869491742,-0.2192626825,-0.0179467909,-0.0133205871,-0.0737761538,-0.2095351065,-0.2313926201,0.0508751307
/115/3.mp3,0.001179246,0.0011792457,0.5021924861,0.155278855,0.0011792454,0.0011792453,0.0011792455,0.0011792453,0.1217892652,0.0011792455,0.0011792453,0.0011792455,0.0011792468,0.0403691096,0.1673985819,0.001179246,0.4704378618,0.5150342557,0.0012106538,0.0012106581,0.001210657,0.0012106589,0.0012106588,0.0012106572,0.0012106551,0.0012106555,0.0012106538,0.0012106629,0.0012106579,0.0012106538,0.0007403331,0.124989692,0.3439685221,0.2462885353,0.0400438668,0.1807129292,0.0625151982,0.0007409234,0,0,0,0,0,1,0,0.0397201788,0.0575282622,0.0604970741,0.0577198023,0.0242133974,0.0423972268,0.0449551365,0.055248653,0.0571166504,0.0692008397,0.0386489934,0.1405142189,0.0199802423,0.037428606,-0.0832349513,-0.0035907348,-0.042432268,-0.0837421733,0.0934084319
/83/7.mp3,0.0771602328,0.0017857143,0.7712091558,0.0017857143,0.0017857144,0.0017857143,0.0017857143,0.0017857143,0.0017857143,0.0017857168,0.0017857143,0.1284163214,0.0017857143,0.0017857143,0.0017857158,0.0017857144,0.0020408399,0.9734693147,0.0020408163,0.0020408235,0.0020408218,0.0020408254,0.0020408249,0.0020408222,0.0020408186,0.0020408193,0.0020408163,0.0020408215,0.0020408194,0.0020408163,0.0012632897,0.0012640945,0.5090593348,0.0012649646,0.1660052246,0.0012648438,0.0012637805,0.3186144675,0,0,0,0,0,0,1,-0.1056165565,-0.0672641361,0.0156283653,-0.2067740414,-0.0866522439,-0.3149112993,-0.3365332417,-0.1813951685,-0.1896564987,-0.2005371566,0.0621409272,0.0016447939,-0.0984723551,-0.0443379661,-0.1431901261,-0.1462950724,-0.1351829867,-0.060939689,0.0645137314
/83/6.mp3,0.0013586957,0.0013586961,0.0013586958,0.1676418135,0.3154777212,0.0013586957,0.0013586957,0.0013586982,0.0013586957,0.0013586957,0.0196678707,0.197018585,0.001358696,0.1049457204,0.1816613288,0.0013586957,0.0010661069,0.9861406874,0.0010660981,0.0010661016,0.0010661015,0.0010661031,0.0010661032,0.0010661019,0.0010660994,0.0010660996,0.0010660981,0.0010661012,0.0010661,0.0010660981,0.1638927282,0.0779194015,0.0913221964,0.267945554,0.081274954,0.0006488865,0.1140223394,0.2029739401,0,0,0,0,0,1,0,-0.1831537332,-0.1647439282,-0.2209415004,-0.1285242581,-0.0998045515,-0.2141297923,-0.1490031375,-0.1272130758,-0.1903989036,-0.2552308442,-0.0077632589,-0.0553497878,0.0172169238,-0.1909493586,-0.2442896386,-0.2162854727,-0.1547331039,-0.1288950289,0.0319406406
/83/4.mp3,0.0029761905,0.0029761905,0.0029761905,0.0029761906,0.0029761905,0.0029761933,0.0029761905,0.9553571384,0.0029761905,0.0029761905,0.002976191,0.0029761905,0.0029761905,0.0029761915,0.0029761905,0.0029761905,0.7532810777000001,0.2059025006,0.0034013605,0.0034013735,0.0034013711,0.003401377,0.0034013768,0.0034013719,0.0034013648,0.003401367,0.0034013605,0.0034013703,0.0034013676,0.0034013605,0.2150136989,0.0021585593,0.0021588705,0.4850482335,0.2891432477,0.002158442,0.0021596779,0.0021592702,0,0,0,0,0,0,1,-0.2576225729,-0.1128669965,-0.3154142398,-0.4795686915,-0.3752079098,-0.2334606557,-0.0633113811,-0.2966833318,-0.4008872448,-0.1961428397,0.0069163238,-0.3085597499,-0.3532001314,-0.1861257557,-0.1499828747,-0.3237556363,-0.3042617252,-0.334310188,-2.66612e-05
/83/5.mp3,0.0007621951,0.0007621953,0.0007621952,0.3062243302,0.0007621951,0.0007621952,0.0007621951,0.6553466987000001,0.0007621951,0.0007621972,0.0285204319,0.0007621951,0.0007621953,0.0007621951,0.0007621951,0.0007621951,0.0008305687,0.1778121903,0.0008305648,0.0008305678,0.0008305668,0.0008305683,0.5522512805,0.2329077344,0.0008305656,0.0287231304,0.0008305648,0.0008305668,0.000830566,0.0008305648,0.7632631374000001,0.0005109479,0.1582942609,0.0005108086,0.0005111562,0.0005107683,0.0005111379,0.0758877827,0,0,0,1,0,0,0,-0.3990859678,0.0268819922,0.0850139334,-0.3587107847,-0.4196492634,-0.1167903205,-0.125524738,-0.3425444767,-0.357827891,-0.3467430549,-0.212082892,-0.2205187305,-0.2993533215,-0.1598135965,-0.1555065124,-0.2484705726,-0.3645187262,-0.2059952273,-0.2639756699
/83/1.mp3,0.000492126,0.000492126,0.000492126,0.000492126,0.000492126,0.000492126,0.4505462699,0.000492126,0.1603496367,0.000492126,0.000492126,0.000492126,0.0004921262,0.000492126,0.000492126,0.3827064553,0.3556655281,0.6377913825,0.0005452563,0.0005452581,0.0005452579,0.0005452588,0.0005452588,0.0005452581,0.0005452569,0.000545257,0.0005452563,0.0005452578,0.0005452572,0.0005452563,0.0003316724,0.0003317537,0.0003320483,0.6303399145,0.1543036374,0.000332052,0.0003318211,0.2136971007,0,0,0,0,0,1,0,-0.3110823834,-0.3413809981,-0.2501889435,-0.1784142492,-0.4884715639,-0.1301382281,0.0401350656,-0.4662337916,-0.337268813,-0.2713047814,-0.3052564635,-0.202522327,-0.224903698,-0.2319580342,-0.2013971943,-0.1918635458,-0.1868812264,-0.3108902275,-0.3517289063
/83/2.mp3,0.0004340278,0.0004340278,0.0004340278,0.2381221795,0.0004340278,0.0004340278,0.3317296312,0.0004340289,0.416753256,0.0004340279,0.0004340279,0.0004340278,0.0004340282,0.0081865979,0.0004340278,0.0004340279,0.6588832062000001,0.0004826282,0.0004826255,0.0095056909,0.009260769,0.1447405808,0.1066706673,0.0004826268,0.0314311769,0.0361295243,0.0004826255,0.0004826266,0.0004826266,0.0004826255,0.0002942331,0.0002943013,0.0002946289,0.0537449249,0.1285789697,0.5473506525,0.0002943785,0.2691479109,0,0,0,0,1,0,0,-0.527413095,0.064998886,-0.3581124918,-0.4877810243,-0.4763622523,-0.0755738093,-0.1820377052,-0.4035405101,-0.3668140053,-0.4693143977,-0.1836924917,-0.2625262257,-0.4003862616,-0.3512833535,-0.231957939,-0.4009810787,-0.4155264922,-0.2678159531,-0.142014895
/83/3.mp3,0.0024038482,0.0024038469,0.4270661535,0.2478308461,0.0024038465,0.0024038462,0.0024038469,0.0024038462,0.0024038463,0.0845877428,0.0024038462,0.0024038466,0.0024038494,0.082463865,0.1316090756,0.0024038475,0.249538148,0.6461425138,0.0025510204,0.0025510291,0.0025510285,0.0762580573,0.0025510325,0.0025510292,0.0025510237,0.0025510241,0.0025510204,0.0025510277,0.0025510249,0.0025510204,0.0016245202,0.3437226968,0.2163559605,0.2821801149,0.0016266591,0.151238336,0.0016251484,0.001626564,0,1,0,0,0,0,0,-0.2386296152,-0.1467362786,-0.2359058433,-0.2086366219,-0.3115020317,-0.263300919,-0.3029011022,-0.1014811025,-0.2671768801,-0.3100949158,-0.0659784758,-0.0369638975,-0.1874454775,-0.1881295134,-0.2741847741,-0.1747195244,-0.0141081863,-0.199048277,-0.0145852006
/77/7.mp3,0.0005296617,0.0005296611,0.3191910766,0.3033507246,0.000529661,0.000529661,0.0005296611,0.1770700633,0.0005296611,0.0005296615,0.0005296611,0.0005296618,0.0005296612,0.0090393169,0.0408732032,0.145179003,0.4065448545,0.5868106129,0.0005537099,0.0005537117,0.0005537115,0.0005537124,0.0005537124,0.0005537117,0.0005537105,0.0005537106,0.0005537099,0.0005537114,0.0005537108,0.0005537099,0.0003381236,0.0003385499,0.0003381077,0.3011971247,0.6237897569,0.0530030752,0.0206569674,0.0003382946,0,1,0,0,0,0,0,-0.1115720364,-0.1313214472,0.0909150861,-0.0485071909,-0.0696592166,0.1269242302,0.0505446663,-0.1901091162,-0.2724905489,-0.0924079277,0.1110013938,-0.0018886178,0.0085172466,-0.0384046018,0.0091967807,0.0313269006,0.0426788454,-0.2161749882,-0.1892765786
/77/6.mp3,0.0009765626,0.0009765626,0.0009765626,0.0009765637,0.0491047186,0.0009765625,0.1309850319,0.0009765625,0.3141586235,0.0009765627,0.0009765625,0.0009765634,0.166966365,0.0009765625,0.2894830493,0.0395365839,0.2852259099,0.0010661071,0.0010660981,0.7019808784,0.0010661015,0.0010661033,0.0010661033,0.0010661018,0.0010660995,0.0010660997,0.0010660981,0.0010661012,0.0010661,0.0010660981,0.0795989107,0.1069668258,0.1769672965,0.2016628128,0.0006661911,0.1253676094,0.3081042479,0.0006661059,0,1,0,0,0,0,0,0.0389664162,0.0065861566,-0.0210436541,-0.0470656472,-0.2124492432,-0.17245167,-0.1123685742,-0.0108078571,0.0460560213,-0.0603766704,0.0459971964,0.2237907813,0.2432327668,0.0165935764,0.005797894,0.0332699568,0.0827875513,0.1396961588,-0.0280524568
/77/4.mp3,0.0006720431,0.0006720431,0.0006720435,0.3186016729,0.0006720431,0.000672043,0.0006720432,0.0006720436,0.5732102811,0.0557590354,0.0006720431,0.0006720431,0.0006720435,0.0363053715,0.0087311636,0.0006720432,0.4160216822,0.2656757505,0.0006868132,0.0708374863,0.0293370653,0.0006868162,0.0658875234,0.0305699106,0.0569117052,0.0606379888,0.0006868132,0.0006868169,0.0006868151,0.0006868132,0.0004197402,0.1732146657,0.3447967326,0.1770205768,0.0004202553,0.3032879614,0.0004198701,0.0004201979,0,0,0,0,0,1,0,0.1267347101,-0.320596827,0.1052887108,0.1894660061,-0.0332795336,-0.2621531062,-0.2741357257,0.0400820968,0.2943367193,0.2760419133,0.1022228898,0.217081783,0.1587373342,0.1463793799,-0.1323354858,0.2079320019,0.2220377016,-0.0833573619,-0.3626023158
/77/5.mp3,0.0008802821,0.000880282,0.0008802819,0.0358817437,0.0008802818,0.0008802817,0.000880282,0.104943656,0.0008802817,0.5691126630000001,0.2794985531,0.0008802836,0.000880282,0.0008802818,0.0008802817,0.0008802818,0.6061967074,0.3375287936,0.0010060362,0.0010060397,0.0452080774,0.0010060408,0.0010060409,0.0010060396,0.0010060375,0.0010060377,0.0010060362,0.001006039,0.0010060379,0.0010060362,0.3060170051,0.0006227167,0.0006227305,0.0006230202,0.0006230666,0.6902454001,0.0006230915,0.0006229693,0,0,0,0,0,0,1,0.0071127961,-0.07073303,0.0659845244,0.0195606116,0.2659078832,0.0122644943,-0.0120442845,0.285810694,0.0368859561,0.0166338392,0.0285902376,0.2250608582,0.1385116565,0.0947083761,0.0307015105,0.1066329348,-0.0129014575,0.1750910293,0.1481845819
/77/1.mp3,0.0008802817,0.0008802818,0.0008802817,0.1344725207,0.0008802828,0.0008802817,0.0008802817,0.1623049699,0.0008802817,0.0008802818,0.4081008394,0.2845582877,0.0008802819,0.0008802818,0.0008802818,0.0008802817,0.0007764019,0.5069590719,0.0007763975,0.0007764003,0.0320239454,0.0007764008,0.0452807418,0.3008356719,0.0007763984,0.1079129768,0.0007763975,0.0007763995,0.0007763987,0.0007763975,0.3577666511,0.0004760924,0.2547823947,0.0004757742,0.0004761241,0.0004757427,0.0621915191,0.3233557018,0,0,0,1,0,0,0,-0.4028543202,0.0029412194,-0.0102275593,-0.4062469812,-0.4430356029,0.0348483791,0.0664124833,-0.0084563661,0.0046156288,-0.0819812576,0.0331651362,-0.1000091137,-0.1488053433,-0.0014874066,-0.0877755622,-0.0266510968,-0.1188075668,-0.1162729711,0.0169091863
/77/2.mp3,0.1321874786,0.000516529,0.1018720829,0.0005165289,0.0280114634,0.0005165289,0.0005165289,0.0005165289,0.0005165289,0.000516529,0.0005165289,0.0005165295,0.0005165292,0.0005165289,0.3314643847,0.4007827713,0.2589283473,0.6339461096,0.0005624297,0.0005624316,0.0005624314,0.0005624323,0.1009388044,0.0005624316,0.0005624304,0.0005624305,0.0005624297,0.0005624313,0.0005624307,0.0005624297,0.0003437286,0.1710014721,0.2229707108,0.0003439658,0.0003439394,0.4835735576,0.1210786546,0.0003439711,0,0,0,0,0,0,1,-0.0063785629,-0.0798361464,0.0765364147,-0.0078461262,0.0356479053,-0.0571834361,-0.0551191186,-0.0112471467,0.0166164419,0.0232943114,-0.0281905461,-0.0163512448,-0.0599911779,0.0819529846,-0.0665033854,0.0101282348,0.019402784,-0.0109104406,-0.0526379193
/77/3.mp3,0.0006377554,0.0006377552,0.0006377563,0.0006377555,0.0006377552,0.0006377551,0.121620772,0.0006377551,0.2233753925,0.0470269811,0.0006377551,0.1372259482,0.4637355942,0.0006377551,0.0006377586,0.0006377554,0.3255408859,0.3381307131,0.0007072136,0.0525256753,0.0316052711,0.0007072168,0.1007356902,0.0007072159,0.0474527666,0.073556569,0.0007072136,0.0143325257,0.0125838297,0.0007072136,0.0702784253,0.0546104129,0.1159937585,0.0747006534,0.0821871901,0.2297614558,0.1148621256,0.2576059784,0,0,0,0,0,1,0,0.1083427419,-0.174271585,0.0532611161,0.0422783766,0.0062393141,-0.0077558296,-0.052528029,0.152415143,0.1231695007,0.1509559157,0.0484042003,0.1279391745,0.0630931157,0.082415781,0.0202078213,0.1194300086,0.0796205367,0.0077889229,-0.2280933498
/48/7.mp3,0.0004310345,0.0004310346,0.0004310345,0.0004310345,0.0132981394,0.6030246364,0.0004310345,0.0004310345,0.0004310345,0.0004310345,0.3780737751,0.0004310346,0.0004310349,0.0004310345,0.0004310345,0.0004310346,0.1503526252,0.8437765205000001,0.0004892368,0.0004892384,0.0004892383,0.000489239,0.000489239,0.0004892384,0.0004892374,0.0004892375,0.0004892368,0.0004892382,0.0004892376,0.0004892368,0.0295676801,0.1868090614,0.1242994872,0.0002980293,0.5708452196,0.000297861,0.0875845101,0.0002981515,0,0,0,0,0,1,0,0.2378922663,-0.2054882971,0.3564930121,0.0040968817,-0.05195564,-0.2758944984,-0.3498393141,-0.2790791869,-0.0710392276,0.0624083785,0.08144686,0.0789644039,0.0159831395,0.0194744947,0.0177492515,0.0358298398,0.0366993214,-0.0304078231,-0.2089951781
/48/6.mp3,0.0003342246,0.0003342247,0.0003342246,0.2858239153,0.3374206061,0.0169893383,0.0003342246,0.000334225,0.260733921,0.0003342246,0.0003342252,0.0003342246,0.0003342248,0.0003342248,0.0003342246,0.0953557472,0.0003625843,0.5951405084,0.0003625816,0.0003625828,0.0555117755,0.0212001144,0.0003625875,0.1254532857,0.0541744569,0.0283464527,0.0003625816,0.0003625831,0.117635324,0.0003625816,0.44460509,0.0002196419,0.1006607125,0.0002195988,0.0002195553,0.1321631052,0.1229848092,0.1989274872,0,0,0,1,0,0,0,-0.2296746443,0.3528710622,-0.0323556514,-0.5349835466,-0.1071411344,0.1600527455,0.0262311175,0.0574432284,-0.4353074978,-0.2889864626,-0.0216516135,-0.4561904782,-0.4949642393,-0.3463449426,0.0665399102,-0.2501729654,-0.2218681816,-0.4102827725,0.4419150383
/48/4.mp3,0.00125,0.9419367676,0.00125,0.0012500002,0.0012500001,0.0012500014,0.00125,0.0405632261,0.00125,0.00125,0.0012500005,0.0012500035,0.0012500003,0.0012500002,0.00125,0.0012500001,0.5035804058,0.0014285839,0.0014285714,0.0014285773,0.001428576,0.0014285787,0.0014285786,0.2219011358,0.0014285733,0.0014285738,0.0014285714,0.2588041279,0.0014285745,0.0014285714,0.0008808907,0.0681040782,0.4591360484,0.339962034,0.1292719703,0.0008818903,0.0008812383,0.0008818499,0,0,0,0,0,0,1,0.1345766471,-0.0185029668,-0.1828681863,0.0596125303,0.0310717556,0.1475218354,0.1687610748,0.0073468833,-0.0242650458,0.0387132578,-0.1718042077,-0.122780758,0.0589556234,-0.0328128471,-0.2256705258,-0.1230695113,-0.1221587496,-0.3724654648,-0.0854823478
/48/5.mp3,0.0011574075,0.0235217335,0.0011574075,0.0011574074,0.0011574075,0.0011574075,0.0011574074,0.2169643118,0.0011574074,0.0011574076,0.2071024689,0.1612740922,0.0011574083,0.0384093491,0.0011574074,0.3411539689,0.4864907718,0.0012987127,0.0012987013,0.0012987067,0.0946534428,0.0012987081,0.2842025715,0.0012987059,0.0012987031,0.0012987035,0.0012987013,0.0012987053,0.1216661647,0.0012987013,0.2118425408,0.0008075176,0.072610823,0.0427319431,0.1368977574,0.4771921072,0.0008078448,0.0571094662,0,0,0,0,0,0,1,0.2424704763,-0.2151886292,-0.1392569595,0.2788255697,0.1729022297,-0.1908008485,-0.1695282267,-0.0337160163,0.1314331773,0.1695519234,-0.1385906943,-0.0660196863,0.2154361052,0.0132050943,-0.1108217131,-0.0361561675,-0.0968336945,-0.1411879672,-0.124625747
/48/1.mp3,0.0028409091,0.0028409091,0.0028409091,0.0028409091,0.0028409091,0.0028409091,0.0028409091,0.0028409091,0.0028409091,0.9573863636,0.0028409091,0.0028409091,0.0028409091,0.0028409091,0.0028409091,0.0028409091,0.003105611,0.9596272294,0.0031055901,0.0031056009,0.0031055991,0.003105604,0.0031056039,0.0031055998,0.0031055937,0.0031055945,0.0031055901,0.0031055984,0.0031055951,0.0031055901,0.0019540317,0.0019544538,0.7797818477,0.0019565037,0.2084849753,0.0019562773,0.0019549436,0.0019569669,0,0,1,0,0,0,0,-0.0853262815,0.1573709132,-0.1464496154,-0.1915982546,-0.1034419944,0.0942165066,0.0693351145,-0.1538383436,-0.1883717422,-0.2839984943,0.0063638702,-0.2940437876,-0.2857032228,-0.1969917362,-0.1157032354,-0.2415439972,0.037327179,-0.3495693832,0.0328147907
/48/2.mp3,0.0003571429,0.0003571429,0.0003571429,0.0003571429,0.0003571432,0.0003571429,0.5997382546000001,0.0003571429,0.2723313383,0.000357143,0.0003571429,0.0003571429,0.1232875494,0.0003571429,0.0003571429,0.0003571429,0.394778604,0.320939397,0.0003924647,0.0398917787,0.0887718069,0.0003924664,0.0003924664,0.0272034816,0.0003924651,0.0003924655,0.0003924647,0.0003924657,0.1252752085,0.0003924647,0.0002400813,0.1892095379,0.0002403767,0.2634847082,0.1027117332,0.4436329817,0.0002402077,0.0002403734,0,0,0,0,0,1,0,-0.0409397127,-0.1910271744,-0.3931484757,-0.0702324165,-0.1950389537,-0.0884222512,-0.1830179534,-0.1345807399,-0.1144501045,-0.1284959667,-0.1522245642,-0.3191903901,-0.2418337793,-0.1233508992,-0.0508734972,-0.3550969636,-0.2641310493,-0.3405944842,-0.0903685688
/48/3.mp3,0.0020161302,0.0020161311,0.0020161297,0.0020161317,0.074666975,0.0020161293,0.0020161298,0.155869546,0.0020161293,0.6258845123,0.0757645328,0.0456370002,0.0020161329,0.0020161294,0.0020161293,0.0020161309,0.8784006384,0.0948135835,0.0022321429,0.0022321517,0.0022321501,0.0022321542,0.002232154,0.0022321507,0.0022321458,0.0022321465,0.0022321429,0.0022321496,0.0022321469,0.0022321429,0.0013750964,0.0538768133,0.001375871,0.2819091828,0.0013760199,0.5729932706,0.085717988,0.001375758,0,0,0,0,0,0,1,0.1165511653,-0.1944325976,-0.0487580474,-0.0808584567,0.2065946645,-0.0587316338,-0.10145486,0.0649352113,0.0081890249,-0.0508313927,0.060151353,-0.1481781371,0.0072356178,-0.1392903013,-0.3077498694,-0.0266510968,0.0804328008,-0.2458169815,-0.0155371508
/70/7.mp3,0.0029761905,0.0029761906,0.0029761907,0.0029761905,0.5350876264000001,0.0029761905,0.0029761905,0.0029761905,0.0029761907,0.0029761908,0.0029761905,0.3245108282,0.0029761905,0.0029761905,0.1017110682,0.0029761905,0.8035494907,0.0029762122,0.0029761905,0.0029762004,0.0029761996,0.002976204,0.0029762042,0.0029762004,0.0029761941,0.0029761946,0.0029761905,0.0029761987,0.1607361297,0.0029761905,0.0018676749,0.0952247964,0.0018688441,0.3259541685,0.2070055402,0.0018683194,0.3643415448,0.0018691116,0,1,0,0,0,0,0,-0.201764252,-0.0700531029,-0.2674902336,-0.3141553155,-0.3871177494,-0.3382760187,-0.3280400153,-0.2332248642,-0.2178032664,-0.2355293713,-0.1027267729,-0.4296815847,-0.3020476598,-0.3568855476,-0.4329958288,-0.4495116375,-0.3358710639,-0.3726412927,-0.0950110251
/70/6.mp3,0.0003156566,0.0003156567,0.1672559983,0.1152908189,0.0003156566,0.0003156566,0.0053776584,0.0003156568,0.0003156566,0.4446028204,0.0042291411,0.0003156566,0.0003156566,0.0284810597,0.2319215934,0.0003156566,0.0003501427,0.9029559073,0.0003501401,0.0003501412,0.0157591788,0.0003501417,0.077433364,0.0003501412,0.0003501405,0.0003501406,0.0003501401,0.000350141,0.0003501407,0.0003501401,0.000214633,0.1342853357,0.2748406661,0.0002147552,0.0587389658,0.1980651348,0.1304320749,0.2032084345,0,0,0,0,0,1,0,0.0360347548,-0.0665008481,0.0422398195,0.020641488,0.0909712522,0.0112815188,-0.0059642638,0.0374695715,0.031860101,0.0632372729,0.132512412,0.1998569741,0.0280463749,0.0521849807,-0.0019406505,-0.0168509107,-0.0406789256,0.1742343297,-0.0606295565
/70/4.mp3,0.00078125,0.1601554721,0.0007812501,0.0007812501,0.0007812501,0.0007812505,0.00078125,0.095131357,0.00078125,0.0373909791,0.2281611804,0.4705672594,0.0007812507,0.0007812502,0.00078125,0.0007812502,0.4677780946,0.5224816218,0.0008116883,0.0008116911,0.0008116906,0.0008116918,0.0008116918,0.0008116907,0.0008116892,0.0008116895,0.0008116883,0.0008116931,0.0008116906,0.0008116883,0.126918101,0.0004970317,0.1627352145,0.4320393469,0.1857165967,0.0004968499,0.0910998969,0.0004969623,1,0,0,0,0,0,0,-0.0743604156,-0.1017551854,-0.0851987806,-0.112359044,-0.1906120893,0.0470092388,0.0128123168,-0.1689825421,0.0261582474,-0.0968452919,-0.1502597917,0.0065682932,0.0333040907,-0.0304248136,-0.0586576442,-0.1292783309,-0.1697995232,-0.0052794677,-0.085859635
/70/5.mp3,0.0014204545,0.0014204548,0.0014204546,0.176520559,0.0014204546,0.0014204546,0.0014204545,0.327316002,0.0014204546,0.1144785734,0.3646394102,0.0014204546,0.0014204549,0.0014204546,0.0014204545,0.0014204546,0.0013477196,0.9824797377,0.0013477089,0.0013477134,0.0013477132,0.0013477152,0.0013477153,0.0013477136,0.0013477106,0.0013477108,0.0013477089,0.0013477128,0.0013477113,0.0013477089,0.7541917061000001,0.0008399114,0.0008405278,0.0008400228,0.0937774027,0.0594747869,0.0008402508,0.0891953914,0,0,0,1,0,0,0,-0.3531568624,0.389538543,-0.0585850717,-0.3934873597,-0.2938260081,0.3513863001,-0.0022419342,-0.0586956456,-0.3546454698,-0.2833982384,0.0832108206,-0.221101616,-0.2730107268,-0.2858629886,-0.0379228133,-0.1760777265,-0.078976176,-0.1680151939,0.3294969673
/70/1.mp3,0.8052675177,0.0007621953,0.0007621955,0.0568843062,0.0007621952,0.0007621951,0.0207026518,0.0405320482,0.0007621955,0.0007621956,0.0007621953,0.0407667781,0.0007621956,0.0282247416,0.0007621954,0.000762198,0.2965694267,0.5932520334,0.0008605852,0.0008605881,0.1007120829,0.0008605891,0.0008605892,0.0008605881,0.0008605863,0.0008605864,0.0008605852,0.0008605876,0.0008605867,0.0008605852,0.0005344227,0.0005345644,0.2482649749,0.1464387085,0.1981550048,0.4050024536,0.0005346826,0.0005351886,0,0,0,0,0,0,1,-0.3128474669,-0.2194946775,-0.1282972017,-0.0836347617,-0.2663547475,-0.1762632684,-0.0880771254,-0.177824814,0.005173078,0.0063123947,0.1225292393,0.0214938693,-0.0366032819,-0.0197194038,-0.1826203719,-0.0145437643,0.0392092822,0.0324068449,0.0302118215
/70/2.mp3,0.0007530126,0.0007530123,0.0007530121,0.000753012,0.4900486794,0.0007530121,0.0007530125,0.000753012,0.0007530121,0.0007530134,0.0007530121,0.1056817977,0.3944803633,0.000753012,0.0007530121,0.0007530123,0.7145338668,0.275499334,0.0008305648,0.0008305676,0.0008305673,0.0008305686,0.0008305686,0.0008305675,0.0008305658,0.000830566,0.0008305648,0.0008305671,0.0008305662,0.0008305648,0.0005083003,0.0005084796,0.0005089344,0.1208085258,0.0539316371,0.6897428503,0.000508572,0.1334827004,0,0,1,0,0,0,0,-0.0203083775,-0.006348098,0.1137800297,-0.0151799816,0.0802860395,-0.0552940107,0.0832472339,0.062926692,0.0484395142,0.0536492208,0.031658742,0.07978323,0.1003235541,0.0680123869,0.0416700815,0.0804700571,0.1131505785,0.1272250781,0.03244901
/70/3.mp3,0.5688359958,0.0012500001,0.0012500004,0.00125,0.0012500001,0.00125,0.0966422533,0.00125,0.2444100417,0.0012500003,0.00125,0.0012500001,0.0012500007,0.00125,0.0751117062,0.0012500013,0.3533263919,0.0014285877,0.0014285714,0.0014285758,0.0014285757,0.6295307052,0.0014285778,0.0014285761,0.0014285732,0.0014285733,0.0014285714,0.0014285753,0.0014285738,0.0014285714,0.0008747671,0.0008761742,0.1684002353,0.3114774823,0.1172115671,0.0593538703,0.0008750822,0.3409308215,0,0,1,0,0,0,0,-0.0012674751,0.037211078,0.1556150788,-0.0680701404,-0.0503487312,0.0814336434,-0.0049077559,-0.0389596024,0.0167481695,0.0160075106,0.1292813794,0.0762706836,-0.0038011467,0.059421603,0.0379959262,0.0357877253,-0.1051111385,0.0006356816,0.008256852
/84/7.mp3,0.0004844962,0.0004844964,0.0004844962,0.0004844962,0.0004844962,0.2227190324,0.0004844962,0.2333551392,0.0004844962,0.0004844963,0.5376273759,0.0004844963,0.0004844975,0.0004844963,0.0004844961,0.0004844965,0.7239668828,0.0005494544,0.0005494505,0.0534910028,0.0005494521,0.1071180787,0.0005494529,0.0005494522,0.1099295172,0.0005494515,0.0005494505,0.000549452,0.0005494517,0.0005494505,0.1070916226,0.0845257578,0.1435028292,0.0874729667,0.000337499,0.4269213108,0.0003373709,0.149810643,0,0,0,1,0,0,0,-0.0637837341,-0.1537396665,0.0536137572,0.0099299129,-0.0486656535,-0.3000275854,-0.3490766869,0.0536580745,0.0708880469,0.1296406665,0.0406667847,-0.1473742485,0.0072356178,-0.1376240637,-0.1314753848,-0.2071927132,-0.2803567648,-0.0602936568,0.0229721393
/84/6.mp3,0.6167605182,0.0007716052,0.0907304691,0.000771605,0.000771605,0.000771605,0.0007716053,0.0343512949,0.000771605,0.2351381612,0.0145318993,0.0007716057,0.0007716055,0.0007716051,0.0007716054,0.0007716051,0.6118842418,0.3254209145,0.0008116883,0.0008116911,0.0008116908,0.0537662548,0.0008116921,0.000811691,0.0008116893,0.0008116895,0.0008116883,0.0008116906,0.0008116897,0.0008116883,0.0004943285,0.000494635,0.1332121947,0.0004949259,0.1303159205,0.7339984394,0.0004945621,0.0004949939,0,1,0,0,0,0,0,-0.0161309387,-0.3631868901,0.0260134854,-0.0574479308,-0.0672916323,-0.1804086056,-0.1104726062,-0.0423113078,0.0269281882,0.0040980064,-0.0962459986,-0.1369857622,-0.0072956941,-0.0306567868,-0.1190775337,-0.0587768245,-0.1189789272,-0.0720734016,-0.0277923448
/84/4.mp3,0.0009191177,0.0009191182,0.0009191178,0.0009191178,0.1446750247,0.0009191177,0.0009191177,0.0307993277,0.0009191177,0.5972923712,0.0118102164,0.0948667271,0.111365155,0.0009191177,0.0009191177,0.000919118,0.5199879123,0.4677671631,0.0010204082,0.0010204116,0.0010204113,0.0010204128,0.0010204129,0.0010204116,0.0010204094,0.0010204096,0.0010204082,0.001020411,0.0010204099,0.0010204082,0.0652600309,0.1339493784,0.0006262126,0.3112168277,0.0006260133,0.4312170184,0.0564785452,0.0006259734,0,1,0,0,0,0,0,-0.0502228194,0.0979142602,0.056168508,-0.0503889798,-0.0867330338,-0.0346471415,-0.3535332885,0.103839421,-0.0836235555,-0.077273823,-0.0455494474,-0.0677949798,-0.3432712655,-0.0377778629,0.1138691734,-0.0072075262,-0.1182428803,0.010152574,-0.0610126933
/84/5.mp3,0.0007530121,0.0007530121,0.1450795501,0.0137284136,0.0007530121,0.0007530121,0.0128750394,0.0220607932,0.0007530122,0.7979730698,0.0007530122,0.0007530121,0.0007530126,0.0007530122,0.0007530121,0.0007530121,0.0221450303,0.9677709113,0.0008403361,0.0008403392,0.0008403381,0.0008403395,0.0008403393,0.0008403382,0.000840337,0.0008403403,0.0008403361,0.0008403381,0.0008403404,0.0008403361,0.0005147292,0.0005153289,0.3559688525,0.0005152128,0.583149031,0.0583065372,0.0005149437,0.0005153648,0,0,0,0,0,1,0,-0.1079793573,-0.1973752512,-0.017812797,-0.0330419373,-0.0904662134,-0.2634350945,-0.4558371043,-0.2369366299,-0.2746295846,-0.3292122261,-0.1209336846,-0.1729751026,-0.0983415981,-0.2057141031,-0.0865054472,-0.1080111012,-0.1261917264,-0.1921613442,-0.2283969019
/84/1.mp3,0.0009469697,0.0009469699,0.0009469697,0.0009469697,0.0009469697,0.00094697,0.0009469697,0.8123427612,0.0009469697,0.0009469697,0.1134090693,0.0619375628,0.0009469697,0.0009469698,0.0009469697,0.0009469697,0.6755444393000001,0.0010822564,0.0010822511,0.0010822534,0.0010822537,0.0010822547,0.0010822548,0.0684550193,0.0010822521,0.0759731713,0.0010822511,0.065782985,0.1045041068,0.0010822511,0.23946696,0.1133962417,0.0006694122,0.0006697038,0.0006695065,0.6437888942000001,0.0006698436,0.000669438,0,0,0,0,0,0,1,-0.4854794004,0.0404035174,-0.3733552451,-0.6808936602,-0.7542585208,0.3999332736,0.3636385278,-0.4938244673,-0.3502650976,-0.5229806586,-0.3964702742,-0.4449180808,-0.6206102407,-0.3581111446,-0.4384401821,-0.4991080469,-0.3691692976,-0.4080226111,-0.1096787943
/84/2.mp3,0.0010080647,0.0456577824,0.0010080649,0.0869440194,0.458654784,0.0010080646,0.0010080647,0.0010080662,0.0344921659,0.0010080649,0.0010080648,0.1832567765,0.0010080663,0.0196509721,0.1622709136,0.0010080651,0.3608179733,0.6257891404,0.0011160714,0.0011160752,0.0011160748,0.0011160765,0.0011160766,0.0011160752,0.0011160728,0.001116073,0.0011160714,0.0011160745,0.0011160733,0.0011160714,0.0006841525,0.0006844321,0.003785154,0.2717599081,0.0006842048,0.2212045316,0.0941579881,0.4070396287,1,0,0,0,0,0,0,-0.2570537222,0.0057419642,-0.1066787875,-0.1028131035,0.0599378172,-0.1351124001,-0.3687837414,-0.0253398515,-0.2399184415,-0.2391014718,-0.0706252259,-0.30282369,-0.2516318094,-0.3160652064,-0.2633013069,-0.2526025485,-0.2526031469,-0.1977360047,-0.2318560016
/84/3.mp3,0.0048076924,0.0048076923,0.0048076928,0.0048076923,0.0048076926,0.0048076923,0.0048076923,0.0048076923,0.0048076926,0.1609290661,0.0048076923,0.6137657162,0.0048076924,0.0048076923,0.1628052164,0.0048076924,0.0047619414,0.938095074,0.0047619048,0.0047619212,0.0047619197,0.0047619271,0.0047619273,0.0047619211,0.0047619107,0.0047619117,0.0047619048,0.0047619184,0.0047619131,0.0047619048,0.0030517212,0.4032809578,0.4892954864,0.0030556031,0.0030534732,0.003059398,0.0921487979,0.0030545623,1,0,0,0,0,0,0,-0.0617259715,-0.3040550115,-0.2589596888,0.0510576664,0.1038074807,-0.4684704531,-0.5891936493000001,0.0506232518,0.0328626263,-0.2832185044,-0.1858198706,-0.4001487968,-0.1478817442,-0.3004905193,-0.159884127,-0.1041167472,-0.0615881643,-0.1718484752,-0.4216590106
/24/7.mp3,0.0009328358,0.0009328359,0.0009328359,0.0324587952,0.021576802,0.0009328358,0.0009328358,0.0308756031,0.0009328358,0.2120379803,0.0009328358,0.6773765893,0.0009328371,0.0163458703,0.0009328359,0.0009328359,0.001035204,0.3367308504,0.0010351967,0.0010352004,0.5990413545000001,0.001035201,0.0010352009,0.0010351994,0.0010351978,0.0010351982,0.0010351967,0.0528406029,0.0010352005,0.0010351967,0.0006383302,0.5121758673,0.3305182241,0.0006386001,0.0006389282,0.0625488071,0.0922023854,0.0006388575,0,0,0,0,0,0,1,-0.0585489058,-0.0344416067,-0.0751448855,-0.0634914718,0.0318981814,-0.1910301882,-0.1320095755,-0.0143933583,-0.0197235939,0.0206917616,0.0207207397,0.1613150277,0.0240043328,0.0429053589,-0.0089079866,0.0044070259,-0.0735675449,0.092569981,-0.0457883321
/24/6.mp3,0.0029761951,0.0029761913,0.0029761938,0.0029761927,0.2951846576,0.0029761906,0.0029761905,0.1427797791,0.0029761906,0.3205687883,0.0029761912,0.0029761909,0.0029761909,0.002976191,0.205752474,0.0029761924,0.2544826898,0.0032467803,0.0032467532,0.0032467658,0.0032467641,0.7065561668,0.0032467698,0.003246765,0.0032467577,0.0032467585,0.0032467532,0.0032467632,0.0032467593,0.0032467532,0.0020847691,0.3491559299,0.0020880072,0.0020858535,0.0020866918,0.0020869711,0.0020857359,0.6383260415,1,0,0,0,0,0,0,-0.0440490459,0.0421488036,0.0323630617,-0.0419335252,0.0105894204,0.0036657002,-0.0216103065,0.0217733769,-0.0370859257,-0.0799175345,-0.0091495052,-0.0198879237,0.0053952475,0.002642799,-0.0191396051,-0.0319123888,-0.0779629159,-0.0124410569,0.0250751153
/24/4.mp3,0.0012019231,0.0012019231,0.0012019231,0.1730640022,0.0012019231,0.0012019231,0.0012019231,0.5580776416000001,0.0012019231,0.0012019231,0.2532333556,0.0012019231,0.0012019234,0.0012019232,0.0012019231,0.0012019231,0.153575545,0.0013227625,0.0013227513,0.0013227565,0.3668242313,0.0013227581,0.4650499209,0.0013227561,0.0013227531,0.0013227535,0.0013227513,0.0013227554,0.0013227538,0.0013227513,0.0008229433,0.0808691258,0.0008239845,0.1131883415,0.7804219539,0.000824114,0.0008233951,0.022226142,0,0,0,1,0,0,0,-0.1085487319,0.0391672066,-0.0914451323,-0.0631327502,-0.1381250643,0.0161453935,0.0435132184,-0.0704827426,-0.0678939294,-0.0844871972,-0.0023924566,0.0001283543,-0.0098624674,0.0147546817,-0.0409416994,-0.0206046585,-0.0680092695,-0.1383310938,0.0020489244
/24/5.mp3,0.0020833335,0.0020833333,0.0020833341,0.0020833333,0.0020833333,0.0020833333,0.304887254,0.0020833333,0.1646114246,0.0020833334,0.0020833333,0.0020833333,0.0020833333,0.0020833333,0.5034179851,0.0020833352,0.28273779,0.0022321546,0.0022321429,0.2358298708,0.0022321467,0.413753715,0.0453571516,0.002232147,0.0022321446,0.0022321517,0.0022321429,0.0022321466,0.0022321525,0.0022321429,0.0013895897,0.0013902094,0.9902669229,0.0013913745,0.0013902676,0.0013908503,0.0013898767,0.001390909,0,1,0,0,0,0,0,-0.5312724013,0.1733488524,-0.0642538875,-0.1826924245,-0.3317391552,0.1597654129,0.2497239332,-0.1389674322,-0.1887304225,-0.2199004403,0.0278293706,-0.0258290334,-0.0939944677,0.0245467298,0.053358123,-0.0032613987,-0.0490899531,0.0170707233,0.1041315208
/24/1.mp3,0.0009765654,0.0009765628,0.3756485005,0.0220193105,0.0009765626,0.0009765625,0.0009765627,0.0009765625,0.0334348731,0.5017263386,0.0009765625,0.0564287839,0.0009765639,0.0009765625,0.0009765628,0.000976563,0.4417553703,0.2673750658,0.0010504202,0.0010504238,0.0010504234,0.2301855852,0.0010504251,0.0501797577,0.0010504215,0.0010504217,0.0010504202,0.0010504231,0.001050422,0.0010504202,0.000651484,0.2259008697,0.0006522586,0.3886383668,0.1506822768,0.2321708611,0.0006516593,0.0006522237,0,0,0,0,0,1,0,-0.186859783,0.0159258989,-0.3362892817,-0.3019294079,-0.0472073114,-0.0030096271,-0.0102093909,-0.0618722208,-0.1763407306,-0.1736213736,-0.1300564151,-0.2576640993,-0.1390485662,-0.2164621003,-0.1667760289,-0.1301965808,-0.1503263636,-0.1585226353,-0.0903674052
/24/2.mp3,0.0031250002,0.6950436181,0.0031250007,0.0031250025,0.1135121659,0.0031250003,0.0031249999999999,0.1038462546,0.0031250001,0.0031250012,0.0031250067,0.0500979471,0.0031250005,0.0031250006,0.0031250007,0.0031250008,0.5875243626000001,0.0034013864,0.0034013605,0.0034013724,0.0034013712,0.0034013765,0.3716592098,0.0034013721,0.0034013648,0.0034013655,0.0034013605,0.0034013703,0.0034013668,0.0034013605,0.0021958334,0.1197085677,0.0021972636,0.3283741918,0.0021976027,0.0021969034,0.0022000954,0.540929542,0,1,0,0,0,0,0,-0.0564547983,-0.0869324574,-0.2119728983,-0.1893981588,-0.0883571251,-0.0867697393,-0.1725576273,-0.0857832499,-0.1734720736,-0.1387335288,-0.1035222141,-0.0554411591,-0.2013490712,-0.0410680319,-0.1200901351,-0.0876162962,-0.1308974038,-0.1693131114,-0.1516741823
/24/3.mp3,0.0005841122,0.0005841123,0.0005841122,0.0005841122,0.0005841127,0.0005841122,0.0005841122,0.0005841122,0.0005841122,0.513482106,0.1009912687,0.3076902597,0.0005841123,0.0005841121,0.0005841122,0.0708270188,0.0006157672,0.0006157685,0.0006157635,0.0006157659,0.1672629984,0.0006157664,0.7037655872,0.0006157654,0.0006157643,0.0006157645,0.0006157635,0.0006157652,0.1221979963,0.0006157635,0.026214551,0.1381853506,0.0896450925,0.0003771135,0.3615928562,0.0589812849,0.1998074085,0.1251963428,0,0,0,0,0,0,1,-0.0256923922,-0.1214770982,0.010249273,0.0993840977,-0.0362551952,-0.1060644355,0.0070244973,-0.2009003116,0.0064298639,0.0065443317,-0.2129360742,0.1466546793,0.165440653,0.0642148517,-0.0383496034,0.0499891602,-0.0717530106,0.0345515785,-0.2102480151
/23/7.mp3,0.0016025646,0.0016025642,0.3083994305,0.0016025641,0.0016025652,0.0016025641,0.0016025645,0.0016025641,0.2479427652,0.1671030187,0.0016025641,0.0016025652,0.1387141969,0.0016025641,0.1202123801,0.0016025644,0.1617403906,0.8204024271,0.0014880952,0.0014881002,0.0014880999,0.0014881021,0.0014881022,0.0014881003,0.0014880971,0.0014880973,0.0014880952,0.0014880995,0.0014880978,0.0014880952,0.0762257483,0.1343655882,0.2387028269,0.4125365674,0.0673468402,0.0009209444,0.0689807054,0.0009207791,1,0,0,0,0,0,0,-0.1226113904,-0.411227289,-0.4164839499,-0.2133609809,-0.0008314224,-0.3892717671,-0.2153654935,-0.2303559908,-0.5110805443,-0.322671994,-0.5115973359,-0.2373536343,-0.2990287498,-0.0739739131,-0.0305624206,-0.1651515138,-0.2364014682,-0.2241852241,-0.410461737
/23/6.mp3,0.0004084967,0.0004084968,0.0004084968,0.2678301446,0.0004084968,0.0004084967,0.0004084967,0.0004084967,0.0004084968,0.0004084968,0.0004084972,0.6493244106,0.0004084967,0.0068519721,0.0710915112,0.0004084967,0.2066433296,0.4488277883,0.0004549591,0.0004549606,0.2058001719,0.0004549611,0.0004549611,0.0004549606,0.0004549596,0.1341791099,0.0004549591,0.0004549603,0.0004549598,0.0004549591,0.0002767986,0.1204191082,0.313004658,0.0002769607,0.0002769101,0.3641124056,0.2013560997,0.0002770589,0,0,0,0,0,1,0,-0.3804660124,-0.5356437939,-0.2925773037,0.2430030723,-0.2525449332,-0.4912298457,-0.465001075,-0.4317818138,-0.1813506284,0.2363464208,-0.4492419051,0.1553755511,0.3800458187,0.1543000878,-0.2952337561,0.0956684699,0.1060774909,-0.0712940312,-0.5115387398
/23/4.mp3,0.0008561644,0.0008561648,0.0008561645,0.26968851,0.2093128686,0.0008561644,0.0008561644,0.0425156343,0.0008561644,0.0008561645,0.019607938,0.4494572394,0.0008561648,0.0008561644,0.0008561644,0.0008561646,0.2926086691,0.0009784815,0.0009784736,0.0009784773,0.0009784767,0.6956496176,0.0009784784,0.000978477,0.0009784749,0.0009784751,0.0009784736,0.0009784765,0.0009784753,0.0009784736,0.000604281,0.192231173,0.122737433,0.000604861,0.0807275076,0.4189217708,0.0006045813,0.1835683923,0,1,0,0,0,0,0,0.1945712391,-0.2712778629,-0.0760017639,0.0965513915,0.2486032985,-0.3765548701,-0.4242847814,0.045968805,0.2513963445,0.1125319321,-0.2154521085,-0.0007357317,0.2834133947,0.0719922812,-0.2060397989,0.1452621881,0.2320584549,-0.0728720617,-0.3454208454
/23/5.mp3,0.0022321444,0.3753354642,0.0022321432,0.0022321462,0.0022321437,0.0022321431,0.0022321441,0.2216665037,0.0022321431,0.087299049,0.0745527252,0.0022321433,0.216592677,0.002232143,0.002232143,0.0022321439,0.6782773487,0.0025510405,0.0025510204,0.0025510297,0.0025510285,0.0025510327,0.0025510327,0.0575025759,0.0025510237,0.0025510243,0.0025510204,0.0526371882,0.1860726139,0.0025510204,0.2756120246,0.0016052966,0.0016050981,0.6455745030000001,0.0016058648,0.0016058861,0.0016055897,0.0707857371,0,0,0,0,0,0,1,-0.5286685089000001,-0.3618478596,-0.4752269849,-0.5176392734,-0.4876669593,-0.422999242,-0.4551201088,-0.4491839594,-0.4161636686,-0.3731289728,-0.3577166754,-0.484934181,-0.5533218734,-0.436098739,-0.2774071522,-0.3273985754,-0.2314905322,-0.3358873283,-0.0046932019
/23/1.mp3,0.459154122,0.0006443299,0.1323026919,0.0006443299,0.0006443299,0.0006443299,0.3084686426,0.0006443299,0.0221660947,0.0006443299,0.0006443299,0.0006443299,0.0006443299,0.0006443299,0.0708208191,0.0006443308,0.2487951465,0.5150756581,0.000736377,0.0007363795,0.174812849,0.0007363804,0.0007363804,0.0539525616,0.0007363779,0.0007363781,0.000736377,0.0007363791,0.0007363783,0.000736377,0.0004515892,0.0004523311,0.1706545889,0.2242111463,0.0004521086,0.0004521026,0.0004517409,0.6028743924000001,0,0,1,0,0,0,0,0.0781339422,-0.2187426551,-0.066502555,0.1138044509,0.0756885701,-0.1096191299,-0.0621377299,-0.1453556523,-0.0406069234,-0.0229622543,-0.342176256,-0.0980310369,0.1067401326,0.072683858,-0.0920024538,0.0484773833,0.1764324362,-0.0501341722,-0.3275265526
/23/2.mp3,0.0025000004,0.0025,0.3434283417,0.0025,0.0025000049,0.0025,0.0025,0.0025,0.0025,0.2354453133,0.0025,0.3085847709,0.0825415673,0.0025,0.0025000013,0.0025000001,0.5763600028,0.0027472784,0.0027472527,0.3906728523,0.0027472611,0.0027472669,0.0027472662,0.0027472614,0.0027472562,0.0027472578,0.0027472527,0.0027472756,0.002747263,0.0027472527,0.0016900791,0.0016913919,0.9881609631,0.0016915015,0.0016910875,0.0016933476,0.0016904948,0.0016911345,0,1,0,0,0,0,0,0.1073764237,-0.2009456452,0.0303222915,0.1169118259,0.0177355841,-0.0590748399,-0.0179787197,0.1106344976,0.013427098,0.0253848121,-0.2982158561,-0.2333045788,0.1590351859,-0.1347073557,-0.2483988153,-0.0488483037,-0.1387241667,-0.1506039463,-0.2597045372
/23/3.mp3,0.0012254905,0.0012254903,0.0641499245,0.001225494,0.0012254904,0.0012254902,0.0012254902,0.0012254903,0.0012254902,0.5695310398,0.0012254902,0.3126326549,0.0389804936,0.0012254902,0.0012254903,0.0012254905,0.1780052588,0.6656612979000001,0.0013477089,0.0013477134,0.0013477131,0.141508616,0.0013477152,0.0013477135,0.0013477106,0.0013477108,0.0013477089,0.0013477127,0.0013477112,0.0013477089,0.0008282378,0.0008288317,0.4906870436,0.5043395273,0.0008292902,0.0008295126,0.0008284489,0.000829108,0,0,0,0,0,1,0,0.1032023997,0.1274846768,-0.2114958471,-0.0156229052,0.2247509817,0.0934784712,-0.1713790338,0.0998862678,-0.1898339119,0.0159451731,0.0322214662,-0.2726770558,0.0650237235,-0.2042288335,-0.3006641273,0.0683547908,0.1135995966,-0.2584994643,0.1105066949
/4/7.mp3,0.0029761905,0.0029761912,0.0029761907,0.0029761905,0.0029761907,0.0029761906,0.0029761905,0.0991630251,0.0029761905,0.6265483798,0.0957809767,0.142793331,0.0029761905,0.0029761905,0.0029761907,0.0029761905,0.269106551,0.3656781898,0.0032467532,0.0032467647,0.2320804956,0.100667168,0.003246769,0.0032467647,0.0032467576,0.0032467581,0.0032467532,0.0032467628,0.0032467591,0.0032467532,0.1575694968,0.0788462197,0.5598342860000001,0.0020869115,0.0741920467,0.002089956,0.1232940295,0.0020870538,1,0,0,0,0,0,0,-0.0511553539,-0.1481478038,-0.1731523209,-0.0512149297,0.0644093328,-0.3650600463,-0.3736117486,-0.0423113078,0.0269281882,0.0040980064,-0.0615920887,-0.0982624518,0.0072356178,0.012352982,-0.3494102602,-0.1013878601,-0.2515027825,-0.1000409743,-0.1250800193
/4/6.mp3,0.0003955698,0.0003955698,0.0003955698,0.0003955698,0.6382171784,0.0003955696,0.0003955697,0.0003955709,0.1185228301,0.0003955697,0.0003955705,0.0598325819,0.00039557,0.0003955698,0.114254224,0.0648219161,0.0336520802,0.1717432018,0.000410509,0.0004105105,0.3862436742,0.0511340175,0.0004105107,0.3471519467,0.0067910005,0.0004105104,0.000410509,0.00041051,0.0004105104,0.000410509,0.173760207,0.1615746615,0.0969259063,0.0609105341,0.0002513486,0.0397069752,0.466618986,0.0002513814,1,0,0,0,0,0,0,-0.0627313218,0.0476428016,0.0343674141,0.0404660817,-0.0824908795,-0.3208874303,-0.1517607759,-0.1308558482,-0.142984883,-0.0303645114,-0.3157332688,-0.0771537391,0.0072356178,0.0194744947,-0.0454321777,-0.0999535627,-0.3550073595,-0.2091992807,-0.3734086462
/4/4.mp3,0.0017361113,0.0017361111,0.0017361117,0.0017361111,0.0017361111,0.0017361111,0.0017361112,0.0017361111,0.0017361111,0.8845813897,0.0017361111,0.0017361111,0.0017361111,0.0017361111,0.0911130538,0.0017361112,0.8029234578000001,0.1739104661,0.0019305019,0.0019305091,0.0019305074,0.0019305107,0.0019305105,0.0019305078,0.0019305042,0.0019305065,0.0019305019,0.0019305071,0.0019305068,0.0019305019,0.0012027648,0.0012042389,0.2560989447,0.5375861342,0.0725101288,0.0012039577,0.0012031133,0.1289907175,0,0,1,0,0,0,0,-0.0998272029,-0.1017866315,-0.253348868,-0.2748789202,-0.1447520815,-0.0944333086,-0.1121659376,0.0076884121,-0.1727810889,-0.1928679401,0.0237711503,-0.1503778135,-0.2889268621,-0.2743074653,-0.291286257,-0.1838927937,-0.2423145402,-0.2196223183,-0.057798723
/4/5.mp3,0.1972011971,0.0011363638,0.4168031764,0.0011363636,0.0011363638,0.0011363637,0.0011363638,0.0011363636,0.1039211821,0.0011363653,0.0011363636,0.0011363638,0.1437938013,0.0011363636,0.054160076,0.0727569284,0.1898350911,0.1828561302,0.0012531328,0.0012531372,0.4880780037,0.0012531387,0.0012531388,0.1266994212,0.0012531344,0.0012531347,0.0012531328,0.0012531364,0.001253135,0.0012531328,0.0007769343,0.0790833421,0.3460933949,0.1486194488,0.0007778997,0.1295436021,0.0007772616,0.2943281165,0,0,1,0,0,0,0,-0.1133073543,-0.1816829684,-0.056981853,-0.2422517656,-0.2601630208,-0.2621249528,-0.2897620996,-0.0433908401,-0.2097870848,-0.257895555,-0.2094264158,-0.1429007469,-0.1856139227,-0.136221246,-0.1603325744,-0.1542584755,-0.1852132083,-0.1001789636,-0.2960378131
/4/1.mp3,0.719041985,0.0007267444,0.000726745,0.1308031812,0.0007267442,0.0487202809,0.0007267442,0.0201071196,0.0007267442,0.0007267474,0.0007267444,0.0007267443,0.0007267445,0.0124951289,0.0007267447,0.0615648571,0.0007764032,0.9899068065,0.0007763975,0.0007764001,0.0007763999,0.000776401,0.0007764011,0.0007764001,0.0007763985,0.0007763986,0.0007763975,0.0007763997,0.0007763988,0.0007763975,0.0004719164,0.0004721416,0.7768249824,0.0768085003,0.0004723133,0.1440057583,0.0004720213,0.0004723665,0,0,0,0,1,0,0,-0.2938122376,0.0716462723,-0.0015137338,-0.4153367981,-0.331368888,-0.3187628698,-0.0797279018,-0.3441095458,-0.1628261946,-0.2677117547,-0.0725472255,-0.1612197718,-0.443262413,-0.1608952639,-0.0131810126,-0.1126599741,-0.1180369195,-0.0840385355,-0.1978750792
/4/2.mp3,0.1165324703,0.0011574075,0.0011574081,0.0011574075,0.0011574109,0.0011574074,0.0011574075,0.0510238756,0.0011574074,0.5478664084,0.0011574077,0.0011574086,0.0011574082,0.0011574076,0.2706883494,0.0011574078,0.1834927266,0.0012755195,0.0012755102,0.0012755145,0.0012755141,0.801201114,0.0012755161,0.0012755145,0.0012755118,0.001275512,0.0012755102,0.0012755138,0.0012755124,0.0012755102,0.0007820243,0.0807872885,0.1207399351,0.0007826812,0.0007826358,0.0953924964,0.0358893734,0.6648435653,0,0,1,0,0,0,0,-0.0972422349,-0.3588201227,-0.0273919286,-0.0398122439,-0.027731441,-0.2229425414,-0.1987561759,-0.1588990996,0.0200053964,0.0163319966,-0.1062363926,-0.0553904168,0.1302452116,-0.0068098564,-0.1776814442,-0.0104302287,-0.1086012268,-0.0600697371,-0.2106588788
/4/3.mp3,0.0005252101,0.0005252102,0.0005252101,0.0005252104,0.0005252101,0.0005252101,0.4064662346,0.0005252101,0.1319616582,0.0005252101,0.0005252101,0.0005252101,0.4547443751,0.0005252101,0.0005252101,0.0005252104,0.3208430851,0.2189287022,0.0005760369,0.0005760389,0.0005760385,0.0005760394,0.0005760394,0.0005760387,0.0005760375,0.0005760377,0.0005760369,0.2069282453,0.2475395866,0.0005760369,0.0003523594,0.2086898103,0.0827942857,0.3076712855,0.0003527722,0.1880493684,0.0003524697,0.2117376488,0,0,0,0,0,1,0,0.0130773492,-0.1824048507,-0.2582355447,-0.0684887374,-0.2629703164,-0.3041493599,-0.1688395822,-0.4100773213,-0.1728508827,-0.1390090164,-0.1283618516,-0.1205874708,-0.0982660394,-0.1167635122,-0.0510116633,-0.1248379788,-0.1117562173,-0.0834263706,-0.2576862127
/15/7.mp3,0.0007022473,0.0007022475,0.0007022474,0.4334690785,0.0007022472,0.0120229798,0.0119502123,0.000702248,0.0007022474,0.3081668176,0.0085075415,0.0007022474,0.0007022472,0.0007022477,0.2188608961,0.0007022473,0.7293468453,0.2610223127,0.0008025682,0.000802571,0.0008025705,0.0008025718,0.0008025717,0.0008025706,0.0008025691,0.0008025694,0.0008025682,0.0008025728,0.0008025704,0.0008025682,0.0004905499,0.0574727234,0.3894763053,0.0004910931,0.0004911551,0.5505962504,0.0004907849,0.0004911381,0,0,0,0,0,1,0,-0.3764534438,0.0409020359,0.0377282453,-0.181514672,-0.0365692629,0.0647037253,0.0298776336,-0.2060440967,-0.455657592,-0.2743740744,-0.0872459427,-0.1892983844,-0.2936417781,-0.0343380403,0.0670807226,-0.0998747868,-0.1254489817,-0.1594821393,0.0464059592
/15/6.mp3,0.0032894737,0.5193222427,0.0032894737,0.0032894737,0.0032894737,0.11135649,0.0032894737,0.1627336592,0.0032894737,0.0032894737,0.1671139238,0.0032894737,0.0032894737,0.0032894737,0.0032894737,0.0032894737,0.0037594335,0.0037594279,0.0037593985,0.0037594116,0.0037594115,0.9511276659,0.0037594177,0.0037594127,0.0037594037,0.0037594041,0.0037593985,0.0037594101,0.0037594057,0.0037593985,0.0804894944,0.1198445171,0.4942231691,0.0023625086,0.1681620746,0.0023654536,0.1301903385,0.0023624441,0,1,0,0,0,0,0,0.0573551563,-0.0867734187,-0.1091306515,-0.0280430643,-0.0499418891,-0.0289512435,-0.1931921712,0.0840831781,-0.1097660787,-0.0937917383,-0.1651784478,-0.2646405068,0.0043201513,-0.1399790287,-0.2367454897,0.0132153848,-0.0353719875,-0.3101855175,-0.2719483964
/15/4.mp3,0.0999260332,0.0007183908,0.0344407949,0.024647217,0.0007183909,0.1395078517,0.0007183936,0.0007183909,0.0382571608,0.0007183908,0.0007183908,0.0007183908,0.0007183911,0.000718391,0.3542797871,0.3024756344,0.1606761444,0.7516490687,0.0007936508,0.0007936535,0.0007936532,0.0007936544,0.0007936545,0.0789446101,0.0007936518,0.0007936519,0.0007936508,0.000793653,0.0007936522,0.0007936508,0.2025703992,0.0004891635,0.1441296781,0.1373544384,0.276986754,0.2374912306,0.0004891925,0.0004891438,0,0,0,0,0,1,0,-0.115737329,0.2151434976,-0.0329052988,-0.0592644232,-0.1324855461,0.1402156988,0.0620656036,-0.0209901546,-0.1756169476,-0.0056904598,0.1346193616,-0.197297873,-0.2758251965,0.0160294385,0.072193768,-0.0169220152,-0.0365029225,-0.151013883,0.3250041883
/15/5.mp3,0.9881594751,0.0003742515,0.0003742517,0.0003742516,0.0003742515,0.0003742515,0.0003742515,0.0003742528,0.0003742515,0.0003742515,0.0003742517,0.0003742515,0.0003742516,0.0066010017,0.0003742518,0.0003742515,0.0678869523,0.7428576108,0.0004251701,0.1845785564,0.0004251714,0.000425172,0.000425172,0.0004251715,0.0004251706,0.0004251707,0.0004251701,0.0004251713,0.0004251708,0.0004251701,0.0002583859,0.0002585123,0.3331276277,0.2254630346,0.3100659725,0.0002585348,0.0002584849,0.1303094471,0,0,0,0,1,0,0,-0.0321651609,-0.2011270674,-0.0466260385,-0.1109703935,0.0368794394,-0.1551249952,-0.1353486819,0.0143328189,-0.0775818314,-0.2088098747,-0.3030489936,-0.0739032589,-0.0317215287,-0.0082102667,-0.0022997642,-0.0373257699,-0.041989985,-0.1477775048,-0.2959045123
/15/1.mp3,0.4769217932,0.0010775865,0.0378430801,0.166394224,0.0010775863,0.0010775863,0.0010775862,0.0010775881,0.0010775862,0.0565064859,0.0209638048,0.0010775871,0.0010775863,0.0424312165,0.1892411162,0.0010775864,0.0011904858,0.296296992,0.0011904762,0.0011904802,0.2638565002,0.0011904818,0.4267512374,0.0011904804,0.0011904777,0.0011904779,0.0011904762,0.0011904797,0.0011904784,0.0011904762,0.0007272547,0.0590544698,0.5938158760000001,0.2236049873,0.0120619383,0.1092800892,0.0007274067,0.0007279781,0,0,0,0,0,1,0,-0.1222178474,0.0564932358,-0.0306500834,-0.0597697459,-0.1369493982,0.0417794426,0.115552888,-0.061652632,0.0280863775,0.0631934052,-0.0085999365,-0.0743902487,0.0643004494,-0.1133298296,-0.2509580921,0.0359118896,0.1250944795,-0.188122893,-0.1402291279
/15/2.mp3,0.00078125,0.00078125,0.00078125,0.041068111,0.00078125,0.00078125,0.5517381920000001,0.0007812515,0.000781251,0.00078125,0.0007812503,0.00078125,0.3822105818,0.0156081121,0.00078125,0.00078125,0.6757266877,0.0008928651,0.0008928571,0.000892861,0.3135589944,0.0008928614,0.0008928611,0.0008928597,0.0008928582,0.0008928603,0.0008928571,0.0008928595,0.0008928602,0.0008928571,0.0005414806,0.1303231849,0.243979325,0.322360384,0.1665154939,0.1351963753,0.0005416434,0.0005421128,0,0,0,0,0,1,0,-0.2842564096,-0.1048594117,-0.1746516661,-0.1335487026,-0.2996251541,0.133239104,0.1553958859,-0.3014656515,-0.2090641602,-0.1823169128,-0.3040945187,-0.0860533586,-0.1729591547,-0.1092803557,-0.0186842393,-0.0352000575,-0.1193023825,-0.1088110385,-0.1801507461
/15/3.mp3,0.0011160714,0.4515065308,0.0011160715,0.0011160715,0.0011160714,0.0011160738,0.0011160714,0.0424761359,0.0011160714,0.0011160715,0.4579869872,0.0346374864,0.0011160714,0.0011160715,0.0011160714,0.0011160714,0.0011520822,0.7934888818,0.0011520737,0.0011520778,0.0011520768,0.0011520786,0.0011520785,0.0011520769,0.001152075,0.0011520754,0.0011520737,0.1926861981,0.0011520777,0.0011520737,0.0007150797,0.0654780238,0.2710845614,0.0007153753,0.3141019224,0.0007158538,0.3464737103,0.0007154734,0,0,0,0,0,0,1,0.0868648558,-0.1964782975,0.0060979107,0.0036532838,0.1169590097,-0.0478277424,-0.058543367,0.0585993323,0.0321847861,-0.0172402075,0.00138627,-0.1182478963,0.0144049289,-0.0081062161,0.0035501353,0.0720893146,-0.020248797,-0.2225051693,0.0253287225
/3/7.mp3,0.5528403223,0.0011792453,0.4143706577,0.0011792453,0.0011792453,0.0011792453,0.0011792455,0.0011792453,0.0011792455,0.0011792453,0.0011792453,0.0011792453,0.0011792453,0.0011792453,0.0011792455,0.0174588307,0.0013227564,0.9594867605,0.0013227513,0.0013227562,0.0246401927,0.0013227566,0.0013227562,0.0013227544,0.0013227526,0.0013227532,0.0013227513,0.0013227543,0.001322753,0.0013227513,0.0008068047,0.0008068715,0.4238698442,0.0008075264,0.0008079612,0.0008072441,0.0008072911,0.5712864568,0,0,0,0,0,1,0,-0.1778670182,0.0988315996,0.0468961873,-0.2091011682,-0.0930221355,0.0431055677,0.0169664215,-0.0372492202,-0.0053468736,0.0027332865,-0.00544173,-0.0635731013,-0.1942699344,0.0278682013,0.0473765015,-0.0235753276,-0.0648526486,-0.0185500817,0.0149352016
/3/6.mp3,0.0017361111,0.0333586712,0.0017361112,0.0017361111,0.0017361112,0.0017361112,0.0017361111,0.0017361111,0.0017361111,0.0017361112,0.1302310301,0.8138408539,0.0017361111,0.0017361111,0.0017361111,0.0017361111,0.001879715,0.8891860218000001,0.0018796992,0.0018797055,0.0882575265,0.0018797081,0.0018797084,0.001879706,0.0018797017,0.0018797019,0.0018796992,0.0018797048,0.0018797027,0.0018796992,0.0985837786,0.2129556521,0.3312687918,0.001148561,0.3120038125,0.0417411279,0.0011492938,0.0011489823,0,0,0,0,0,0,1,0.1289818928,-0.2317923019,0.0510892333,0.033103008,0.0613394542,-0.1120961466,-0.2711177758,0.161348475,0.0565599616,-0.0145517558,-0.0503736196,-0.0473713098,0.1523136179,0.0317155625,0.0445189367,-0.0081117043,0.0034014792,0.022962943,-0.1608692126
/3/4.mp3,0.0012254903,0.0012254903,0.0012254904,0.0414089764,0.0634331458,0.0012254902,0.0012254916,0.0012254902,0.3517429668,0.0975445988,0.0012254902,0.1099854239,0.1275674953,0.0012254902,0.1972879789,0.0012254905,0.3712097565,0.6140118852,0.0012315271,0.0012315316,0.00123153,0.0012315321,0.0012315318,0.0012315302,0.0012315283,0.0012315315,0.0012315271,0.0012315299,0.0012315316,0.0012315271,0.0633982126,0.2326422709,0.103950509,0.2607046973,0.0007499014,0.0007497807,0.3370548112,0.0007498168,0,1,0,0,0,0,0,-0.0953789395,0.0522289456,0.0299037084,-0.0962298923,-0.1106431095,-0.0573536619,0.0436630089,-0.0184009478,-0.2098675148,-0.2727621363,0.0484432603,-0.2332640763,-0.2140838428,-0.1663486739,-0.0448787939,-0.1416055863,-0.115931566,-0.1427929513,-0.0828653906
/3/5.mp3,0.0104166667,0.0104166699,0.010416667,0.0104166671,0.0104166668,0.0104166672,0.0104166667,0.5174810621,0.0104166667,0.1771629027,0.1699393634,0.0104166668,0.0104166667,0.0104166667,0.0104166667,0.0104166669,0.4285518574,0.4489988581,0.0102040816,0.0102041212,0.0102041173,0.0102041351,0.0102041355,0.0102041205,0.0102040959,0.0102040982,0.0102040816,0.0102041142,0.0102041016,0.0102040816,0.3557375091,0.0073628624,0.342175515,0.0073616762,0.0073558068,0.139197462,0.1334463554,0.0073628129,0,0,0,1,0,0,0,-0.1100349678,0.0424562395,-0.0468230368,-0.0995910837,-0.0707337357,0.0420457761,-0.0383398478,-0.1079420065,-0.3062092067,-0.2569666719,0.0674155376,-0.0640479808,-0.1775216493,-0.1076278897,0.1191023934,-0.0400246258,0.0657597228,-0.0206604749,0.0212260618
/3/1.mp3,0.3795558439,0.0008333334,0.1151957972,0.0008333333,0.0008333334,0.0008333333,0.0008333334,0.0008333333,0.0008333334,0.2643297316,0.0008333333,0.1601504694,0.000833334,0.0008333333,0.0716014899,0.0008333336,0.3643671804,0.3296786109,0.000952381,0.0009523842,0.2954779962,0.0009523853,0.0009523854,0.0009523841,0.0009523821,0.0009523823,0.000952381,0.0009523836,0.0009523826,0.000952381,0.0005789551,0.0005790997,0.161340706,0.2031480834,0.0005795773,0.1816872383,0.0005792461,0.4515070942,0,0,1,0,0,0,0,-0.1876621183,-0.2824252227,-0.0919221018,-0.1792341429,-0.0109149476,0.0827491004,0.059028384,-0.0570292916,-0.068326434,-0.0810106405,-0.0101928064,0.0665935351,-0.0299838257,-0.0346156162,0.017353985,0.1074401783,0.2101101804,-0.0280489203,-0.1702058869
/3/2.mp3,0.0011574075,0.001157408,0.0011574077,0.0924729799,0.0011574076,0.0011574075,0.0011574076,0.0011574106,0.0193764291,0.5658983997,0.0276640282,0.0011574088,0.0011574083,0.0011574078,0.2818566738,0.0011574079,0.1591427605,0.001275521,0.0012755102,0.0012755152,0.0012755144,0.7490697391000001,0.0012755167,0.0012755148,0.0216729177,0.0012755123,0.0012755102,0.0573594451,0.0012755126,0.0012755102,0.0007771444,0.3363734129,0.0007778914,0.0007778868,0.0007777248,0.2381037381,0.1696531019,0.2527590997,1,0,0,0,0,0,0,0.2475344834,-0.2699446949,-0.0164706148,0.164776888,0.0042906821,-0.1706148356,-0.143001898,0.1622707623,0.1987142239,0.2229383538,0.0189379316,0.0376965478,0.091125413,-0.0141773358,-0.136644219,-0.0354054264,-0.0804192057,0.0277402442,-0.174909822
/3/3.mp3,0.0009057971,0.0009057973,0.0009057971,0.7227408356,0.0739580561,0.0009057971,0.0154035648,0.0009057978,0.0009057972,0.0009057971,0.177027977,0.0009057972,0.0009057972,0.0009057972,0.0009057971,0.0009057971,0.0435876555,0.3929331628,0.0009157509,0.5107452265,0.0009157535,0.0252013209,0.0009157549,0.0009157537,0.000915752,0.0009157535,0.0009157509,0.0009157533,0.0192908605,0.0009157509,0.0298039521,0.082978666,0.0005667461,0.0005665924,0.1593518834,0.0005664093,0.7255992575,0.0005664932,0,0,0,1,0,0,0,-0.3277933494,0.033283636,-0.0453831171,-0.2271268544,-0.1244159493,0.0852585796,0.0011895241,0.0138699326,-0.1541710883,-0.1278804482,0.05399351,-0.1653349458,-0.1314423852,-0.0819229602,0.0275278931,-0.0549411341,-0.2134119179,-0.10728974,0.0021114673
/12/7.mp3,0.7346675406000001,0.0015243905,0.0015243912,0.0015243902,0.0015243905,0.0015243903,0.001524391,0.0015243902,0.0560100231,0.0015243915,0.0015243903,0.0015243904,0.0015243915,0.0015243902,0.0981128248,0.0929169237,0.6795531645,0.0017421748,0.0017421603,0.0017421671,0.2995408539,0.001742169,0.0017421689,0.0017421664,0.0017421626,0.0017421631,0.0017421603,0.0017421655,0.0017421634,0.0017421603,0.0010598145,0.0010600734,0.191070127,0.3686024683,0.0010613725,0.4350246261,0.0010602552,0.001061263,0,0,1,0,0,0,0,-0.352590044,0.0151441289,-0.133998254,-0.4199266678,-0.2604959923,0.1815379959,0.1951734843,-0.2618302655,-0.3211066989,-0.2784200902,0.0994506608,-0.0833879279,-0.3036514968,-0.1565403735,0.2017364112,0.0239922048,0.0178927031,0.0001480057,-0.0098140678
/12/6.mp3,0.000753012,0.0007530122,0.0007530121,0.0007530121,0.0007530129,0.0007530121,0.1151963824,0.0128947515,0.2731832307,0.0007530121,0.0242685855,0.0580766713,0.5088502571,0.000753012,0.000753012,0.0007530121,0.2072092938,0.4677408903,0.0008116883,0.0426117833,0.0008116899,0.0197789026,0.2553539219,0.00081169,0.0008116891,0.000811692,0.0008116883,0.00081169,0.000811692,0.0008116883,0.2416704982,0.2535599939,0.4516282185,0.0004987126,0.0004987461,0.0004987383,0.0511462669,0.0004988255,0,0,0,0,0,1,0,-0.0900561817,-0.4109856034,-0.2117217318,0.0879729176,-0.1063681224,-0.2042989949,-0.1207887259,-0.2289082882,0.1416051982,0.139789933,-0.2175692412,0.0419078984,0.1689830665,-0.0021865378,-0.0404106947,-0.0296164727,-0.0871602614,0.0134421802,-0.4456903479
/12/4.mp3,0.0011363637,0.0011363637,0.0011363638,0.0389972702,0.0011363648,0.0011363636,0.0011363637,0.0193553317,0.0011363637,0.7747976358,0.0011363636,0.0721625243,0.044010554,0.039313046,0.0011363637,0.0011363637,0.1675162447,0.6396197819,0.0012531328,0.0012531371,0.0012531367,0.1790794849,0.0012531387,0.0012531371,0.0012531344,0.0012531346,0.0012531328,0.0012531364,0.001253135,0.0012531328,0.0007820783,0.0216132348,0.1792096281,0.3852981902,0.2423990798,0.0007828772,0.1691322382,0.0007826735,0,0,0,0,0,0,1,-0.0638535184,-0.1700154231,-0.0304016121,0.08207096,0.2040831544,-0.1838459784,-0.2573663651,0.2068230588,0.3165709383,0.0917360991,-0.0668330024,0.0421018414,0.1822361009,0.0410865796,-0.0941992744,0.0480024816,0.1526538905,-0.0442218293,-0.1883015275
/12/5.mp3,0.6426188221,0.0011792453,0.0996809867,0.0011792453,0.0011792453,0.0011792453,0.0011792456,0.0011792453,0.0200455218,0.0011792454,0.0011792453,0.0011792453,0.0011792457,0.0011792453,0.181402436,0.0432805343,0.0368187766,0.2655331146,0.0011904762,0.0011904805,0.1756903238,0.5100529964,0.001190481,0.0011904794,0.0011904775,0.0011904812,0.0011904762,0.0011904791,0.0011904814,0.0011904762,0.000735638,0.0007359803,0.6496274646,0.0007367978,0.3459552841,0.0007363071,0.0007359005,0.0007366278,0,0,0,0,0,1,0,0.0173379857,0.2462798577,-0.1253837277,-0.0503649801,-0.2383547972,-0.0300551526,-0.0827777175,-0.2545240167,-0.1624780974,-0.2278122926,0.0647290789,-0.0654306025,-0.1906811062,-0.0192126243,0.1019354867,0.0223524613,0.0799448745,-0.0929895696,0.2089187574
/12/1.mp3,0.0024038473,0.0444413819,0.0349710109,0.0024038462,0.157669976,0.0024038462,0.0024038462,0.0024038462,0.0024038462,0.3131751766,0.0024038462,0.1148458839,0.002403848,0.0024038462,0.3108581054,0.0024038468,0.3785166693,0.0025510412,0.0025510204,0.00255103,0.0025510287,0.4130919259,0.002551033,0.0025510294,0.0025510238,0.1803301044,0.0025510204,0.002551028,0.002551025,0.0025510204,0.0015833996,0.5003521352,0.0687731989,0.0015853458,0.0900933749,0.0015841427,0.001583844,0.3344445588,0,0,1,0,0,0,0,-0.0916376031,-0.3598152169,-0.1913367328,-0.0666968804,-0.0604732219,-0.0837426055,-0.038350481,-0.2006476908,0.0351640385,-0.0599766634,-0.1638399164,-0.1983448264,-0.0601517076,-0.1225955762,-0.2510337865,-0.1130549393,-0.0325759197,-0.1174370084,-0.3531557583
/12/2.mp3,0.0010080645,0.1551937432,0.0010080645,0.016244667,0.6278782049,0.0010080645,0.0010080645,0.0010080663,0.0010080645,0.0010080645,0.1691860959,0.0010080646,0.0010080645,0.0204085774,0.0010080646,0.0010080645,0.0011520818,0.3506875734,0.0011520737,0.0011520777,0.0011520772,0.001152079,0.0011520789,0.0011520774,0.0011520751,0.0011520754,0.0011520737,0.5123718896,0.1242676933,0.0011520737,0.0007153547,0.0007153084,0.2580954151,0.0007151389,0.7143158868,0.0007149138,0.024012351,0.0007156313,0,0,0,1,0,0,0,-0.2664806616,0.068125599,0.0093809769,-0.2042798783,-0.2319262105,0.0207703223,-0.0226968798,-0.226362412,-0.2640050669,-0.3178145039,-0.1409205059,-0.1509025684,-0.1772519772,-0.0105888378,-0.0811588723,-0.076973367,-0.0661563019,-0.1022160132,-0.0655160762
/12/3.mp3,0.0007440476,0.0148964782,0.0878813187,0.0007440476,0.0007440477,0.0007440476,0.0007440476,0.0007440476,0.0007440476,0.0007440477,0.2694111257,0.4824131897,0.000744048,0.0007440476,0.0007440476,0.1372133634,0.0008403432,0.5699429111000001,0.0008403361,0.0008403389,0.0008403389,0.3919687221,0.0008403402,0.0008403392,0.0008403372,0.0288446445,0.0008403361,0.0008403386,0.0008403377,0.0008403361,0.2686108287,0.27612832,0.0005132261,0.0005131997,0.0422982544,0.2180496096,0.0005133214,0.1933732402,0,0,0,0,0,0,1,0.1631716002,-0.3808204355,0.0091423189,0.1863810375,0.1633635828,-0.2351573837,-0.2985348677,0.0909034338,0.3529757344,0.3432538223,-0.0602551314,0.0913208238,0.2424517769,-5.91561e-05,-0.0714073409,0.0218483234,0.00302727,0.0467210872,-0.375991389
/85/7.mp3,0.7619903816,0.0010775862,0.1389894244,0.0010775862,0.0010775862,0.0010775862,0.0010775863,0.0010775862,0.0528015133,0.0332876446,0.0010775862,0.0010775862,0.0010775862,0.0010775862,0.0010775875,0.0010775863,0.0011520797,0.107311662,0.0011520737,0.0011520781,0.0011520767,0.8788634242000001,0.0011520786,0.0011520769,0.001152075,0.0011520755,0.0011520737,0.0011520766,0.0011520754,0.0011520737,0.0007105466,0.0007108315,0.4254518656,0.0007112942,0.1950525233,0.00071108,0.0007109244,0.3759409345,0,0,0,0,0,0,1,0.1340434378,0.0060724374,0.0082757171,0.1773818907,0.1368987281,-0.2249694889,-0.2955305004,0.0332893609,-0.0844672072,0.0565933039,0.0510955331,0.0404026153,0.0686999735,-0.0516236073,-0.0176067327,-0.0184955856,0.0664749325,0.0311334311,0.0963942974
/85/6.mp3,0.0003205129,0.0003205129,0.1318215156,0.1052192121,0.0003205133,0.0003205128,0.0513657186,0.000320513,0.0003205135,0.2124541024,0.0003205129,0.0003205129,0.0003205133,0.0003205129,0.4956138078,0.000320513,0.3074658275,0.4760170329,0.0003518649,0.0078223985,0.0070538916,0.1011206004,0.0003518665,0.000351866,0.0003518653,0.0977053253,0.0003518649,0.0003518659,0.0003518655,0.0003518649,0.0002138288,0.1809391809,0.2480005526,0.0002140647,0.0002140232,0.391060175,0.0002139307,0.1791442443,0,0,0,0,0,1,0,-0.0013523077,-0.3729407455,0.0957594438,0.1258572179,-0.0408575151,-0.3740537451,-0.4028249368,-0.0128372022,0.0814511836,0.0018292044,-0.3114984435,-0.0370601013,-0.0235593115,0.0389494039,-0.1350731052,-0.1399189246,-0.3227970283,-0.0510554019,-0.3089585438
/85/4.mp3,0.0010416676,0.0010416668,0.0010416673,0.1916746542,0.1199966807,0.0010416667,0.001041667,0.0010416686,0.0139546002,0.0010416668,0.001041667,0.0010416668,0.1487016773,0.0010416669,0.3120983395,0.2031573766,0.5690357258000001,0.1593835508,0.0011337868,0.0011337909,0.0237693601,0.0332776258,0.2043296381,0.0011337905,0.0011337883,0.0011337885,0.0011337868,0.0011337912,0.0011337893,0.0011337868,0.0929215598,0.0780039973,0.1492558222,0.1583088981,0.0006996415,0.3155440028,0.0576687769,0.1475973013,0,0,0,0,0,1,0,0.1047817528,0.0003599136,0.1477176567,0.148871514,0.0963785867,-0.118708895,0.0066396603,0.1741759533,-0.0116903189,-0.0464314783,-0.1305647906,-0.1711216226,-0.062322028,0.0025591808,-0.1233724381,-0.2063276664,-0.2288743261,-0.192633544,-0.0284645833
/85/5.mp3,0.0007183908,0.000718391,0.0007183908,0.0007183911,0.0007183908,0.0007183908,0.0007183908,0.2369180185,0.0007183908,0.0007183908,0.0816913485,0.0007183908,0.6720515517,0.0007183909,0.0007183908,0.0007183909,0.000821024,0.8890890815,0.0008210181,0.0008210208,0.0008210205,0.0008210218,0.0008210218,0.1010586773,0.0008210191,0.0008210192,0.0008210181,0.0008210203,0.0008210194,0.0008210181,0.369706439,0.0661334849,0.0967830599,0.0005029508,0.1022068307,0.1046770803,0.000502885,0.2594872694,0,0,0,0,0,0,1,-0.1111170595,-0.3147141458,-0.0632319811,-0.0699201889,-0.3220790166,-0.0644538017,-0.2417949207,-0.2407112083,-0.2838413332,-0.2059432688,-0.1788498273,-0.2449270626,-0.3116129141,-0.2539493684,-0.1958392253,-0.3970509389,-0.4911229261,-0.2629524668,-0.3280874873
/85/1.mp3,0.6738649817,0.0018939398,0.0018939404,0.1907170708,0.0018939395,0.0018939395,0.0018939394,0.0018939394,0.0018939395,0.0018939397,0.0018939394,0.0326251356,0.0018939396,0.0018939395,0.0800655365,0.0018939398,0.237691457,0.7370984032,0.0021008403,0.0021008474,0.0021008469,0.0021008501,0.0021008502,0.0021008475,0.002100843,0.0021008433,0.0021008403,0.0021008463,0.002100844,0.0021008403,0.0013166847,0.2168260498,0.1160347321,0.2634151095,0.0013183924,0.0013182855,0.0013171455,0.3984536005,0,0,0,0,0,1,0,-0.1247775772,0.1689747846,-0.0133498782,0.0721591866,-0.0122252731,0.0878332285,-0.1206219317,-0.0395623263,-0.346142641,-0.3749691793,0.2850221804,-0.3360638118,-0.3565814123,-0.2263849077,-0.0898963103,-0.1812059669,0.0145490353,-0.3145519509,0.2357250535
/85/2.mp3,0.1740310604,0.0005040323,0.455134376,0.0005040323,0.0894925129,0.0005040323,0.0005040323,0.0005040323,0.0005040323,0.0005040323,0.0005040323,0.0005040323,0.000504033,0.0005040323,0.2752936626,0.0005040324,0.2957254817,0.0933357755,0.0005494505,0.0005494525,0.2908445513,0.0005494531,0.3145996757,0.0005494524,0.0005494512,0.0005494514,0.0005494505,0.0005494521,0.0005494515,0.0005494505,0.153377478,0.000338264,0.0003383172,0.2161054358,0.312494768,0.0003383228,0.0003382591,0.316669155,0,1,0,0,0,0,0,0.0544053815,-0.0237150173,0.0834487561,0.1157001677,0.1445398738,0.0018482303,-0.1434611977,0.0170534168,0.0213006767,0.0655278217,0.0945231474,-0.0075411357,0.147190553,0.0319253848,-0.2170868336,0.037271534,-0.0093846414,-0.0369033407,0.0274530159
/85/3.mp3,0.0007022473,0.0007022473,0.0007022473,0.0432505645,0.000702248,0.0007022472,0.0007022472,0.0007022472,0.0007022472,0.4086003427,0.0007022472,0.5390198774,0.0007022476,0.0007022472,0.0007022473,0.0007022474,0.2712357815,0.2456850056,0.0007072136,0.000707216,0.4752998471,0.0007072168,0.0007072169,0.0007072159,0.0007072144,0.0007072146,0.0007072136,0.0007072156,0.0007072148,0.0007072136,0.0431732807,0.0528978091,0.1250982083,0.000433331,0.2331164141,0.244764387,0.0004333744,0.3000831953,0,0,0,0,0,1,0,0.0915611665,-0.1123372903,0.1346060453,0.1466257114,-0.0071978643,-0.0599708816,-0.2607401885,0.0429573317,0.0714850839,0.1180858688,-0.0556457301,0.0670731673,0.0592742186,0.1535769885,-0.0863655304,0.0966302689,0.0168479319,0.0065205587,-0.0910331729
/71/7.mp3,0.7162749012,0.0014880961,0.0014880962,0.0014880959,0.0240659435,0.0014880954,0.0014880953,0.0413475468,0.0014880954,0.0014880957,0.0798746713,0.0014880957,0.0014880971,0.0252955135,0.098260465,0.0014880961,0.0017006956,0.5770842608,0.0017006803,0.0017006858,0.0017006861,0.0017006885,0.2867538064,0.0017006867,0.0017006826,0.1174543975,0.0017006803,0.0017006855,0.0017006837,0.0017006803,0.0010601137,0.0407466723,0.1703549495,0.300070626,0.0808591313,0.0010611336,0.0010606068,0.4047867669,1,0,0,0,0,0,0,0.2164779482,0.0131642818,0.0560752656,0.0393387895,0.0956462185,0.0853324683,0.0370850894,0.0623998524,-0.1218002551,-0.0290131345,-0.1534173194,0.0171582796,-0.1234619028,-0.0001110347,-0.0406665647,0.037980258,-0.0591202361,-0.1582116843,-0.2265480865
/71/6.mp3,0.1055893184,0.0020161302,0.081715343,0.2010349918,0.0020161293,0.1053546258,0.0020161291,0.0345508819,0.0020161291,0.0276129495,0.160136938,0.1157661186,0.1541259269,0.0020161291,0.0020161291,0.0020161301,0.7584116784,0.0023041627,0.0023041475,0.0023041543,0.0023041542,0.2139384903,0.0023041575,0.0023041549,0.0023041502,0.0023041504,0.0023041475,0.0023041535,0.0023041512,0.0023041475,0.0014547455,0.0014554975,0.0014556737,0.2828848965,0.3780646185,0.331772066,0.0014565762,0.0014559261,0,1,0,0,0,0,0,0.0552633123,-0.0716900523,-0.1769477701,-0.0974637983,0.1276752898,-0.4299255734,-0.174309798,-0.0075878549,-0.2860398486,-0.3082772179,-0.4542215742,-0.0287440989,-0.0947557192,-0.0539573554,-0.313244078,-0.131271902,-0.0330155892,-0.2382824243,-0.2529207932
/71/4.mp3,0.2143453111,0.0004032258,0.396665749,0.0004032258,0.0004032258,0.0004032258,0.0004032258,0.0004032258,0.244893159,0.0004032258,0.0004032258,0.0196547911,0.0004032259,0.0004032258,0.1200055056,0.0004032259,0.5368958091,0.0004226568,0.0004226543,0.2483473926,0.0004226552,0.2101075917,0.0004226557,0.0004226552,0.0004226547,0.0004226556,0.0004226543,0.0004226551,0.0004226556,0.0004226543,0.0959311072,0.0002591972,0.1084806824,0.024181128,0.2573846091,0.0002591852,0.0787174165,0.4347866744,0,1,0,0,0,0,0,-0.2483704254,-0.4792975924,-0.4005720102,0.2109567546,-0.291431473,-0.3704130361,-0.397331356,0.0547347936,-0.1679708596,-0.1228902065,-0.4632082104,0.0933849595,0.2528944574,0.0867080808,-0.2011773227,0.0636242698,-0.0546010848,0.1295952474,-0.3088676086
/71/5.mp3,0.0009615387,0.000961539,0.3755105306,0.0009615385,0.0009615386,0.0168558098,0.0009615385,0.0475463564,0.0009615385,0.0009615387,0.0733743569,0.4761360199,0.0009615401,0.0009615385,0.0009615385,0.0009615389,0.4248261306,0.0010352043,0.0010351967,0.0010352001,0.0010351998,0.4498442856,0.0010352014,0.0010352001,0.001035198,0.0010351981,0.0010351967,0.1139423934,0.0010351984,0.0010351967,0.1345059261,0.0006355385,0.0006355507,0.2967497845,0.3418101954,0.2243917833,0.0006354643,0.000635757,0,0,0,0,1,0,0,0.0749963336,-0.0224365165,-0.2646947119,-0.068767226,-0.0796904828,-0.022113912,-0.157472757,-0.210720728,-0.3199420971,-0.4872863152,0.067414892,-0.2807957157,-0.4469634526,-0.3051462848,-0.2110888287,-0.3067193509,-0.0478715467,-0.3823151964,0.1408497166
/71/1.mp3,0.0009615406,0.0009615386,0.2254086702,0.4143134002,0.0009615385,0.0009615385,0.0009615387,0.0009615394,0.0873790582,0.0577984359,0.0009615386,0.0009615386,0.000961539,0.0009615386,0.0270499633,0.1784350832,0.4969749045,0.0010504277,0.0010504202,0.0010504236,0.0010504233,0.0010504248,0.4904200239,0.0010504236,0.0010504214,0.0010504216,0.0010504202,0.001050423,0.001050422,0.0010504202,0.0006383881,0.0135812476,0.1471061137,0.0006389668,0.1176708236,0.6990598616,0.0206656331,0.0006389653,0,0,0,0,0,1,0,0.124801802,-0.2061645986,-0.4223977188,-0.0711502256,-0.0933516619,-0.1430645398,-0.0949123834,-0.2838281287,-0.3422946179,-0.2921760658,-0.394070844,-0.0946729166,-0.1606640243,-0.1135820356,-0.2710107754,-0.0512521594,-0.0260866142,-0.2207062359,-0.2163042603
/71/2.mp3,0.0009615387,0.0009615387,0.194308431,0.0009615386,0.0009615386,0.0009615385,0.070470252,0.0009615385,0.0009615387,0.6324651774000001,0.0009615385,0.0009615387,0.0009615404,0.0009615385,0.0912176743,0.000961539,0.8148567138,0.1721562445,0.0010822511,0.0010822549,0.0010822544,0.0010822561,0.0010822561,0.0010822547,0.0010822524,0.0010822527,0.0010822511,0.0010822541,0.0010822529,0.0010822511,0.000661823,0.0680097241,0.0006625068,0.6288817809,0.0006622438,0.2997974726,0.000662015,0.0006624337,0,0,0,0,1,0,0,-0.0797006243,0.006150812,-0.3325330275,-0.0634482576,-0.0443351917,-0.0161591512,-0.2035568887,-0.1262612321,-0.1862975084,-0.3789818156,0.0054197711,-0.0924194344,-0.0322653979,-0.1004698284,-0.1552154012,-0.0923246801,-0.0171752884,-0.142432998,0.1432567027
/71/3.mp3,0.0420075305,0.0006377553,0.0006377555,0.0006377551,0.0202021363,0.0006377551,0.0006377555,0.0006377551,0.0006377552,0.0006377559,0.0211058121,0.0006377553,0.0006377553,0.0006377551,0.6720518916,0.2376173211,0.0186464253,0.419469869,0.0007002801,0.0007002827,0.1709636844,0.000700283,0.3839172037,0.0007002818,0.0007002808,0.0007002836,0.0007002801,0.0007002817,0.0007002837,0.0007002801,0.023333915,0.100240262,0.3606536897,0.000428806,0.3219868629,0.0245868813,0.1683407357,0.0004288474,0,0,0,0,0,0,1,-0.0653389239,-0.3375798215,-0.1005283215,0.0909441823,-0.1457345903,-0.0739396707,0.2035849467,-0.1557763775,0.080938488,-0.0634922888,-0.4521022897,0.0495323823,0.1823098008,-0.0351725525,-0.1307421816,0.0307439659,-0.0747172561,0.0615687742,-0.4920270337
/76/7.mp3,0.0005122951,0.1602850172,0.0005122951,0.0608957405,0.0541020566,0.0302329509,0.1552718487,0.0005122951,0.4769506403,0.0005122951,0.0005122956,0.0005122952,0.057651089,0.0005122952,0.0005122951,0.0005122952,0.1518015953,0.5531167804,0.0005807201,0.000580722,0.0960372611,0.0005807227,0.1932371516,0.000580722,0.0005807208,0.0005807209,0.0005807201,0.0005807217,0.0005807211,0.0005807201,0.1513821799,0.1288713535,0.0457384801,0.1259713188,0.1990927843,0.3070820334,0.0415061058,0.0003557442,0,0,0,0,1,0,0,-0.1086474791,-0.4924172604,-0.4886828827,0.00650771,-0.3599478566,-0.4496898963,-0.1042373826,-0.2735985222,-0.2957511283,0.0040980064,-0.0569302258,0.0042731771,-0.1189092604,0.0194744947,0.063223276,-0.0266510968,-0.1471175197,-0.1491957791,-0.3277317524
/76/6.mp3,0.0005896227,0.0005896228,0.0005896227,0.000589623,0.0005896227,0.0530839948,0.0005896226,0.3262774109,0.0005896227,0.0005896227,0.6129734988000001,0.0005896227,0.0005896227,0.0005896229,0.0005896227,0.0005896227,0.2032257757,0.7101675171,0.0006738544,0.0006738567,0.0006738565,0.0006738575,0.0006738576,0.0006738567,0.0791942915,0.0006738554,0.0006738544,0.0006738563,0.0006738556,0.0006738544,0.2861406642,0.1196758056,0.0934217584,0.0004106111,0.1466895174,0.2214407946,0.0503090306,0.0819118181,0,0,0,1,0,0,0,-0.020832068,-0.2636243928,-0.4719799506,-0.0436647151,-0.0368790846,-0.1609928253,0.0137391275,8.968970000000001e-05,0.0571404291,0.0040980064,0.028243304,0.0789644039,0.0072356178,0.0194744947,0.063223276,-0.0266510968,-0.1189789272,0.0036645841,-0.127617261
/76/4.mp3,0.0044642857,0.1270132689,0.0044642857,0.0044642859,0.0044642927,0.0044642862,0.0044642858,0.6685483707000001,0.0044642857,0.0044642857,0.0044643023,0.0044642858,0.0759783875,0.07488852,0.0044642857,0.0044642857,0.221833161,0.0039682815,0.003968254,0.0039682672,0.0039682634,0.0039682697,0.4385637039,0.0039682641,0.0039682579,0.2022419348,0.003968254,0.0039682631,0.0976785715,0.003968254,0.2007534464,0.0025559866,0.3612243231,0.0025569371,0.4252379968,0.0025584727,0.0025564522,0.0025563851,0,1,0,0,0,0,0,-0.3759825014,-0.4453295738,-0.6658219361000001,-0.6071531896,-0.7091639394,-0.1979089574,0.0299896777,-0.4746241685,-0.3357765077,-0.3857147647,-0.0866617706,-0.459233198,-0.5094613732000001,-0.3158170771,0.024259019,-0.0266510968,-0.1189789272,-0.3646424065,0.0169091863
/76/5.mp3,0.0005896227,0.0005896228,0.0005896227,0.0005896228,0.0005896227,0.8639169195,0.0005896227,0.1050149518,0.0005896227,0.0005896227,0.0005896238,0.0005896227,0.000589623,0.0005896227,0.0005896227,0.0234030323,0.0006675591,0.9913217408,0.0006675567,0.0006675595,0.0006675582,0.0006675639,0.0006675591,0.0006675583,0.0006675574,0.0006675577,0.0006675567,0.0006675582,0.0006675575,0.0006675567,0.0004101762,0.0462259129,0.2943933992,0.000410379,0.2992641163,0.0004107424,0.0821019884,0.2767832855,0,0,0,0,0,0,1,0.1210150846,-0.5025793432,-0.4831008615,-0.1406187344,0.400987767,-0.5663195253000001,-0.6130931282000001,0.3466891086,0.2136459954,0.0156456449,-0.4460361779,-0.2381287339,0.0818076564,-0.2354240014,-0.356140539,-0.007121229,0.1478062841,-0.3061842755,-0.5118243908
/76/1.mp3,0.0009057974,0.0009057972,0.5994779642,0.0009057971,0.0009057972,0.0009057971,0.0009057992,0.0009057971,0.0763361071,0.1655098313,0.0009057971,0.0009057972,0.0538843784,0.0009057971,0.0948279453,0.0009057998,0.2045206787,0.5407652508,0.0010060362,0.0010060396,0.118395054,0.0010060408,0.0010060409,0.1262586344,0.0010060375,0.0010060377,0.0010060362,0.001006039,0.0010060379,0.0010060362,0.0006161915,0.1963551206,0.1372186039,0.0006169398,0.0006169297,0.1860082769,0.00061644,0.4779514977,0,0,1,0,0,0,0,-0.2142777636,-0.4158560955,-0.1379971946,-0.055540022,-0.2161318257,-0.0330917418,-0.0383456961,-0.0816728242,0.0269281882,-0.061770717,-0.2316257511,-0.0138522759,-0.1254929821,0.0919851959,-0.1374271765,0.0340188233,0.0355751985,-0.0564729305,-0.4682331269
/76/2.mp3,0.0011574075,0.0011574075,0.0011574075,0.0011574098,0.0011574075,0.0011574074,0.7974012176,0.0011574075,0.0011574076,0.0011574075,0.0011574074,0.0011574075,0.0469323638,0.0011574074,0.0011574074,0.140620119,0.0012987122,0.9558689785,0.0012987013,0.028546564,0.0012987055,0.0012987074,0.0012987076,0.0012987059,0.001298703,0.0012987031,0.0012987013,0.0012987051,0.0012987037,0.0012987013,0.0008015728,0.0008016825,0.0008024698,0.000802514,0.0008023892,0.0277799878,0.0008019982,0.9674073856,0,0,1,0,0,0,0,-0.6736171186000001,0.1297923445,-0.4264863869,-0.6701820605000001,-0.6656254597,0.115441014,0.0323518528,-0.3064809192,-0.5992231298,-0.4269119182,-0.1986859224,-0.3671643184,-0.4915092385,-0.3665630367,0.130462948,-0.3417078965,-0.2347038811,-0.2572043969,0.1023865627
/76/3.mp3,0.0017361111,0.0017361111,0.0017361112,0.0017361111,0.0433613309,0.0017361111,0.0017361111,0.0017361111,0.0017361111,0.7445790667000001,0.0017361111,0.1894901576,0.0017361111,0.0017361111,0.0017361112,0.0017361111,0.0018315127,0.6161306346000001,0.0018315018,0.0018315083,0.2404711814,0.0018315098,0.0018315096,0.1232516185,0.0018315039,0.0018315045,0.0018315018,0.0018315065,0.0018315046,0.0018315018,0.0635440943,0.0622273166,0.5219597278,0.0011379521,0.1140438238,0.0396115321,0.1963370625,0.0011384909,0,0,0,0,0,0,1,-0.0531713367,-0.4408384398,-0.1372074172,-0.2520403998,-0.1190058705,-0.2600543195,-0.3616663463,0.1509773153,0.0554944105,-0.2816217568,-0.0912597751,0.0346391472,0.1446438103,-0.1150178959,-0.4844455536,-0.011399582,0.2247553156,-0.2413670187,-0.2996634899
/82/7.mp3,0.0011160714,0.0011160714,0.0011160714,0.0011160715,0.0011160714,0.554312071,0.0011160714,0.3197272441,0.0011160714,0.0011160714,0.1114517562,0.0011160714,0.0011160714,0.0011160715,0.0011160714,0.0011160714,0.0011904823,0.6852076693,0.0011904762,0.0011904804,0.0011904792,0.0011904812,0.001190481,0.1826603311,0.0585242086,0.0617030013,0.0011904762,0.0011904791,0.0011904779,0.0011904762,0.1354488011,0.0385633873,0.2785576451,0.1101849167,0.000736458,0.0007361699,0.4350361024,0.0007365196,0,1,0,0,0,0,0,0.0797360099,-0.3972478434,-0.2421523328,-0.1691931599,0.2242129611,-0.4980376922,-0.5057564309,0.0653367105,-0.291396233,-0.343617159,-0.4071243389,-0.3977940054,-0.278481155,-0.261979212,-0.2954904312,-0.1241097884,0.0409709078,-0.4448067139,-0.2535353441
/82/6.mp3,0.0028409092,0.671117343,0.0028409093,0.0028409105,0.0028409145,0.0028409092,0.0028409091,0.0028409152,0.0028409091,0.0028409093,0.2891099144,0.0028409094,0.0028409093,0.0028409098,0.0028409093,0.0028409095,0.4500820466,0.0032467742,0.0032467532,0.0032467625,0.0032467628,0.5109568283,0.0032467673,0.0032467637,0.0032467571,0.0032467572,0.0032467532,0.0032467617,0.0032467586,0.0032467532,0.0020843182,0.0020854426,0.3665724697,0.0020872351,0.5811600530000001,0.0020888175,0.0020855353,0.0418361286,0,0,0,0,0,0,1,0.1746041721,-0.3576688747,-0.2801017836,0.0180012908,0.2194978983,-0.216583701,-0.2084995376,0.0723847229,-0.2470502851,-0.3567790017,-0.3260879053,-0.2881845543,-0.1329445546,-0.1434944527,-0.2243608859,0.0104550813,0.1021323408,-0.3408972511,-0.1231412464
/82/4.mp3,0.000600962,0.0006009619,0.0097767104,0.0006009625,0.0987462846,0.0006009616,0.0006009616,0.4794029825,0.0006009616,0.0006009617,0.1813637025,0.1343646342,0.0006009625,0.0191610471,0.056464575,0.0159123683,0.2555871638,0.1296311839,0.000621118,0.0006211203,0.0246836385,0.0962311475,0.0006211204,0.3994163554,0.0006211187,0.0142191912,0.000621118,0.0758834861,0.0006211202,0.000621118,0.41922647,0.2977703099,0.2810948544,0.0003817593,0.0003816538,0.0003815243,0.0003817762,0.0003816521,0,0,0,1,0,0,0,-0.4479757855,-0.1015499689,0.1352200146,-0.3669729126,-0.2657423445,-0.2020456354,-0.2642008679,-0.1080942206,-0.4896099048,-0.3883116408,-0.0152785619,-0.2799749756,-0.2613995469,-0.0725612455,0.0115969671,-0.1606785056,-0.3056423109,-0.2983137171,-0.0038870909
/82/5.mp3,0.0016891893,0.7553935748,0.0016891893,0.0016891892,0.0016891893,0.0016891903,0.0016891892,0.2209577707,0.0016891892,0.0016891893,0.001689192,0.0016891893,0.0016891902,0.0016891892,0.0016891892,0.0016891895,0.3662563055,0.1546914904,0.0018796992,0.0018797061,0.4583754669,0.0018797083,0.0018797083,0.0018797057,0.0018797017,0.0018797021,0.0018796992,0.0018797047,0.0018797026,0.0018796992,0.030908691,0.001160627,0.0011597119,0.3596237244,0.2229797077,0.0011596532,0.0558205403,0.3271873445,0,1,0,0,0,0,0,0.1425149586,-0.3764847546,-0.3409248506,0.1112312293,0.2602397778,-0.3471850359,-0.3738117565,0.1043985533,0.0312811785,0.0094367424,-0.3845671034,-0.2124909704,-0.1221639491,-0.0010505882,-0.275600352,0.0201690775,0.080342043,-0.226370415,-0.1481393696
/82/1.mp3,0.0002962086,0.0002962086,0.0002962086,0.1509886633,0.0804415557,0.0002962085,0.0273628529,0.0002962085,0.2713027672,0.0002962086,0.0002962085,0.3965610268,0.0002962088,0.0002962085,0.049457461,0.0212197958,0.0462143307,0.314432318,0.0002963841,0.0002963851,0.5945616285,0.0002963855,0.0002963855,0.0138387921,0.0002963845,0.0002963846,0.0002963841,0.0002963849,0.0282854684,0.0002963841,0.000180525,0.3079714315,0.2606712921,0.0528025404,0.1721008189,0.205912069,0.0001806383,0.0001806848,0,0,0,0,1,0,0,-0.2199254575,-0.4453891589,-0.2654566704,0.1677736076,-0.325219046,-0.3941749679,-0.1604251425,-0.4862227764,-0.1341727852,0.0114538806,-0.4486302006,0.0616492255,-0.1213343657,-0.0214973858,-0.1632125371,-0.002850953,0.0155983353,-0.1499112368,-0.5786395665
/82/2.mp3,0.0013297878,0.0013297875,0.8193253852,0.0013297872,0.0013297874,0.0013297873,0.0013297875,0.0013297872,0.0013297874,0.1620575856,0.0013297872,0.0013297875,0.0013297891,0.0013297872,0.0013297909,0.0013297878,0.0770649817,0.9057921226,0.0014285714,0.0014285762,0.0014285761,0.0014285781,0.0014285783,0.0014285765,0.0014285733,0.0014285734,0.0014285714,0.0014285756,0.001428574,0.0014285714,0.0008745823,0.0008751685,0.146846938,0.4178925346,0.430884501,0.0008757691,0.0008748815,0.0008756251,0,0,1,0,0,0,0,-0.254343535,-0.0130450758,-0.1172037602,-0.3134680239,0.1462064075,-0.2643677463,-0.2288989197,0.1380176768,-0.3932608499,-0.3355391042,-0.1086956687,-0.2507283469,-0.2867988632,-0.1685999477,-0.2281303352,-0.0147863866,0.2125889433,-0.3599420939,-0.2834175366
/82/3.mp3,0.0015243902,0.0015243906,0.0015243902,0.1267096913,0.0261411407,0.0015243903,0.0015243902,0.7626760798000001,0.0015243903,0.0015243903,0.0661804042,0.0015243904,0.0015243907,0.0015243903,0.0015243903,0.0015243902,0.0015197668,0.0015197689,0.0015197568,0.3871157992,0.0015197613,0.222684882,0.0015197638,0.0015197617,0.0015197587,0.0015197592,0.0015197568,0.3734819484,0.0015197593,0.0015197568,0.8871095280000001,0.0009627296,0.1071116031,0.0009633817,0.000962283,0.0009637509,0.0009630191,0.0009637046,0,0,0,1,0,0,0,0.0951249234,-0.3805106759,-0.4973811281,0.0099991462,-0.3729427116,-0.4452412878,-0.3414219681,-0.0068011314,-0.0847294558,-0.0674282798,-0.0165258801,-0.4457070945,-0.3836591962,-0.3035901308,-0.5004314135,-0.2617739766,-0.149140903,-0.4108075695,-0.1769699185
/49/7.mp3,0.0010416667,0.1915285921,0.0010416668,0.0010416667,0.0359236838,0.5412018384,0.0010416667,0.0010416667,0.0010416667,0.001041667,0.2043788323,0.0155087194,0.0010416667,0.0010416667,0.0010416668,0.0010416667,0.0011709703,0.7942855788000001,0.0011709602,0.001170964,0.0557125552,0.0011709658,0.1371212711,0.0011709645,0.0011709617,0.0011709618,0.0011709602,0.0011709637,0.0011709625,0.0011709602,0.0007190975,0.0007199024,0.5623698323,0.0007194005,0.387935824,0.0007194511,0.0177447438,0.0290717484,1,0,0,0,0,0,0,0.1237682046,-0.0286456405,0.1282658718,0.1485309207,-0.0336300097,-0.0152386067,0.0362782059,0.0105728813,0.2788823482,0.2857852436,0.2046911696,0.1884325719,0.2191689066,0.1675124222,0.0631437469,0.0910607783,-0.1063858748,0.1973481899,0.0297974029
/49/6.mp3,0.0010245902,0.0010245905,0.0010245902,0.0010245903,0.1778065613,0.0010245902,0.0010245902,0.0010245902,0.0010245902,0.1812688775,0.1275977387,0.5010317395,0.0010245904,0.0010245902,0.0010245902,0.0010245903,0.0011709688,0.5575323327,0.0011709602,0.0011709642,0.0011709638,0.4284161112,0.0011709656,0.0011709641,0.0011709617,0.0011709619,0.0011709602,0.0011709634,0.0011709622,0.0011709602,0.0007188511,0.0007197057,0.5010716552,0.1536042675,0.3417271361,0.0007195238,0.0007191062,0.0007197543,0,0,0,0,0,0,1,-0.0296036647,0.1457822282,0.114903085,-0.0138740728,0.0793713168,0.1311580269,0.0460827754,-0.0600185509,0.112526,0.1566553143,0.0653382494,0.1507709087,0.1723100946,0.2089107325,0.1503057806,0.1279209827,0.075714273,0.1787535124,0.0191767817
/49/4.mp3,0.0012755119,0.0012755107,0.001275511,0.0012755112,0.2567274213,0.0012755103,0.0012755109,0.0186005699,0.1078372313,0.5401049924,0.0012755107,0.0012755104,0.0012755118,0.0012755105,0.0626991649,0.0012755109,0.6453588612000001,0.3384685966,0.0013477089,0.0013477135,0.001347713,0.0013477151,0.0013477152,0.0013477134,0.0013477106,0.0013477108,0.0013477089,0.0013477127,0.0013477112,0.0013477089,0.0984485944,0.1074226516,0.0485290862,0.0806089268,0.0008290725,0.662502679,0.00082967,0.0008293195,0,0,0,0,0,0,1,-0.2060542513,0.0634394759,0.0793729246,-0.0612534101,-0.1158141169,0.0803000355,0.068482463,0.0465593715,-0.0076745671,0.0056576863,0.1388985528,0.1105231543,0.0482646877,0.0980728034,0.1527703535,4.32423e-05,-0.0795551755,0.200270755,0.0802429542
/49/5.mp3,0.0020833334,0.4022370868,0.0020833335,0.0020833333,0.0020833371,0.0020833334,0.0020833334,0.0020833334,0.0020833334,0.0020833336,0.2655579813,0.2662628145,0.0020833351,0.0020833333,0.0020833334,0.0409421112,0.371970308,0.0023041705,0.0023041475,0.0023041587,0.0023041552,0.0023041604,0.0023041599,0.0023041557,0.0023041507,0.0023041519,0.0023041475,0.6003798325,0.0023041541,0.0023041475,0.0014224071,0.1106105355,0.4718639196,0.1571091528,0.001423167,0.0014232985,0.0950224543,0.1611250651,0,0,0,0,0,0,1,0.1487718317,-0.085896682,0.0629426874,0.0621851529,-0.0193221808,0.0814457979,-0.0178185915,0.1589076216,0.0728889103,0.0050993646,0.0618070801,0.0718093576,0.1392977474,0.1374421807,0.1470121924,0.1028456098,-0.0159618407,0.2311554745,0.0120418333
/49/1.mp3,0.3151733515,0.0008802821,0.0008802827,0.0008802818,0.0847423184,0.0008802817,0.0008802818,0.0008802817,0.0008802818,0.000880282,0.0286376044,0.0008802819,0.0008802828,0.0008802817,0.46736311,0.0944005136,0.1007237385,0.887847665,0.000952381,0.0009523841,0.0009523839,0.0009523853,0.0009523854,0.0009523842,0.0009523821,0.0009523823,0.000952381,0.0009523836,0.0009523826,0.000952381,0.130874308,0.1556608349,0.0005878803,0.1668696905,0.1220660839,0.1203089081,0.1311892673,0.1724430269,0,0,0,0,1,0,0,-0.1068224562,-0.2866327773,-0.2153390428,0.0058752926,-0.1117940597,-0.114260831,0.1253983753,-0.2492212572,-0.1399646385,-0.0824807362,-0.2261299106,-0.0953704639,-0.0978157134,-0.0877992259,-0.0941183498,0.0062716359,-0.0265208353,-0.022472724,-0.2196226016
/49/2.mp3,0.00078125,0.0164772006,0.00078125,0.0007812501,0.1602929151,0.00078125,0.00078125,0.00078125,0.00078125,0.1196861159,0.107362288,0.4178942714,0.0007812503,0.00078125,0.00078125,0.1704747085,0.3058097089,0.3262569199,0.0008818342,0.0008818372,0.0008818369,0.3582331758,0.0008818383,0.0008818372,0.0008818353,0.0008818355,0.0008818342,0.0008818367,0.0008818357,0.0008818342,0.0005438259,0.0005444786,0.3053144266,0.2065615834,0.1655944842,0.3203526953,0.0005440169,0.0005444893,0,0,0,0,0,0,1,-0.1099143532,-0.1508012559,-0.1860447603,-0.0657874847,-0.1815813168,-0.0317533512,-0.0034869048,-0.0193018122,0.1218255569,0.0545259987,0.0468590052,0.051998566,0.0927220155,0.0812679939,-0.0108102554,0.0859289126,0.0920363362,0.0365540907,0.0527285445
/49/3.mp3,0.0007183908,0.0007183908,0.0007183908,0.0007183908,0.0007183908,0.0007183908,0.0007183908,0.0007183908,0.0007183908,0.2494315793,0.0007183908,0.7405109492,0.0007183909,0.0007183908,0.0007183908,0.0007183908,0.0008210236,0.9893267396,0.0008210181,0.0008210209,0.0008210203,0.0008210216,0.0008210216,0.0008210205,0.000821019,0.0008210192,0.0008210181,0.0008210202,0.0008210193,0.0008210181,0.0005025545,0.0005029473,0.4776873718,0.000502981,0.0005029031,0.0005030943,0.1563485024,0.3634496456,1,0,0,0,0,0,0,-0.0904808576,0.1249203404,0.056741735,-0.0079900576,-0.0447058922,0.0866414576,0.0566900857,-0.0721225291,0.0372865323,0.0129684458,-0.1792139488,0.0426729965,-0.0047123081,0.0066748523,0.0476349898,-0.016999668,-0.083062969,0.0635045233,-0.1034741344
/40/7.mp3,0.0003810976,0.0003810976,0.0003810976,0.0003810976,0.0003810997,0.0003810976,0.0003810976,0.0003810976,0.0003810976,0.0534934324,0.0003810976,0.9411711992,0.0003810977,0.0003810976,0.0003810976,0.0003810976,0.1422274965,0.8526704499000001,0.0004251701,0.0004251715,0.0004251712,0.0004251719,0.0004251719,0.0004251713,0.0004251705,0.0004251707,0.0004251701,0.0004251729,0.0004251714,0.0004251701,0.0002595686,0.0375330212,0.3263437697,0.0002597628,0.4194941502,0.0002596493,0.0002598058,0.2155902724,0,0,0,0,1,0,0,-0.2378396709,-0.0685347755,-0.0926028076,-0.5022005477,-0.3495358291,-0.1478191047,-0.2155730738,-0.0471666818,-0.4617539249,-0.1576586326,-0.0294485871,-0.2849847406,-0.3105269505,-0.0119085447,-0.1052074904,-0.0398167851,-0.076624269,-0.1446856578,-0.0760291735
/40/6.mp3,0.6911265482000001,0.0004310346,0.000431035,0.0004310345,0.070815404,0.0004310345,0.0004310346,0.0004310345,0.0004310345,0.0004310356,0.0004310345,0.0541384599,0.1205117876,0.0004310345,0.058666419,0.0004310346,0.4474744916,0.2347001335,0.0004520796,0.0004520811,0.0004520809,0.0772029157,0.0004520816,0.1424212238,0.0004520801,0.0004520802,0.0004520796,0.0941325121,0.0004520806,0.0004520796,0.1379613708,0.0002758024,0.0002758274,0.0002758545,0.304321756,0.5002817013,0.0563318691,0.0002758186,0,0,0,0,0,1,0,-0.0966470213,0.0201454671,-0.2650251578,-0.0915594394,-0.2021534234,0.0150745047,-0.2004841178,-0.1131400011,-0.0582129384,-0.1283509614,0.0345832527,-0.1910992024,-0.2421764899,-0.2045294331,-0.0723444394,-0.0986494152,-0.0819058059,-0.0752044961,-0.0782288011
/40/4.mp3,0.0011363644,0.0907096154,0.0011363639,0.001136364,0.0011363638,0.0011363681,0.0011363642,0.0011363657,0.0011363637,0.0551059696,0.2391721674,0.6013758725,0.0011363656,0.0011363639,0.0011363637,0.0011363642,0.4970720342,0.3693262442,0.0012106538,0.0012106579,0.0012106575,0.0012106593,0.0321006818,0.0012106578,0.0012106552,0.0012106555,0.0012106538,0.0012106571,0.0893944782,0.0012106538,0.0206933588,0.0007592264,0.068576862,0.254720527,0.3320429009,0.0577010731,0.000759626,0.2647464258,0,0,0,0,0,0,1,0.0334453716,0.1166866786,-0.1532094894,0.0009227046,0.0169195204,-0.0909383357,-0.0961977597,0.0409507188,-0.013697862,0.0796316737,-0.0369226641,0.035365073,0.0010932418,-0.0704655174,-0.0407129974,-0.0878911764,-0.1035469341,-0.0945996141,-0.0402239147
/40/5.mp3,0.0007621952,0.0007621952,0.0007621953,0.447877875,0.0007621951,0.0007621951,0.3163568906,0.0007621954,0.1686342105,0.0007621952,0.0007621952,0.0007621951,0.0007621952,0.0260545732,0.0326923035,0.0007621952,0.2604371832,0.6695062756,0.0008210181,0.0610253238,0.0008210205,0.0008210218,0.0008210218,0.0008210207,0.000821019,0.0008210194,0.0008210181,0.0008210203,0.0008210196,0.0008210181,0.0005043855,0.2013728166,0.1130008816,0.000504937,0.1535510674,0.3501789692,0.0005045606,0.1803823821,0,0,0,0,0,1,0,-0.0088692739,-0.101100667,-0.0301354696,-0.0058352239,0.0531917325,-0.0662877604,-0.3615795376,0.1309062487,0.0272726842,0.018103529,0.1050246498,0.0787961893,-0.174197014,-0.2879025283,-0.1421257978,-0.2189139453,-0.3106570199,-0.1071759743,0.054242806
/40/1.mp3,0.0013586973,0.0013586959,0.0502647121,0.0013586989,0.0612889003,0.0013586957,0.0489015758,0.3577910038,0.0013586959,0.0454740966,0.0958178298,0.1335622695,0.0013586964,0.0013586958,0.1451413773,0.0522473589,0.0010504293,0.5013927603,0.0010504202,0.0010504236,0.486002163,0.0010504252,0.0010504254,0.001050424,0.0010504216,0.0010504217,0.0010504202,0.0010504233,0.0010504221,0.0010504202,0.2579247084,0.00064579,0.000645548,0.0006455753,0.0006455713,0.0006457666,0.000645547,0.7382014935,0,0,0,0,1,0,0,-0.1826451016,-0.3262230048,-0.2283295351,-0.0489419518,-0.0057184937,-0.2899236896,-0.2983889935,0.0354459078,0.1487520957,0.0858775358,-0.0440278076,-0.1134093116,0.0685368208,-0.0333134932,-0.3164339852,0.029995852,0.003955427,-0.1956528503,-0.5561407552000001
/40/2.mp3,0.0010416674,0.0010416667,0.2165352832,0.0010416668,0.0500099823,0.0010416667,0.0010416667,0.0447813731,0.0010416667,0.2021491754,0.0010416669,0.3013588342,0.0010416667,0.0010416668,0.1747486836,0.0010416669,0.1861792692,0.5102750221,0.0011160714,0.0011160752,0.0011160749,0.0011160766,0.2912688986,0.0011160752,0.0011160728,0.001116073,0.0011160714,0.0011160746,0.0011160734,0.0011160714,0.0006873079,0.0446424332,0.202755852,0.3643980389,0.3622791445,0.0006874893,0.0006875435,0.0238621906,1,0,0,0,0,0,0,-0.1084576534,0.0389064919,0.0071432591,-0.0675127039,-0.0616299106,-0.0090718323,-0.1002175067,-0.108631051,-0.1052342249,-0.0686310708,-0.0102038358,-0.1724840395,-0.2057522063,-0.1612059325,-0.1099267546,-0.0639412003,-0.0156328492,-0.0933005036,-0.1023558615
/40/3.mp3,0.1357251631,0.0011363641,0.0011363643,0.0202721178,0.0011363638,0.0011363637,0.0011363643,0.0199306242,0.0011363638,0.5953375753,0.0556405835,0.0011363638,0.0011363649,0.0011363636,0.0553769843,0.1074896755,0.8159281053,0.0012531395,0.0012531328,0.0012531357,0.0012531362,0.1690342718,0.0012531377,0.0012531365,0.0012531342,0.0012531341,0.0012531328,0.0012531358,0.0012531347,0.0012531328,0.0007674183,0.0007682444,0.0548861469,0.0007682765,0.000768118,0.9405058481,0.0007676443,0.0007683034,0,0,0,0,0,0,1,-0.3835489041,0.1912188502,-0.1238206517,-0.4950450968,-0.3641528461,0.1261861075,0.0984957589,-0.1423949882,-0.398030623,-0.2751862194,0.1037368936,-0.4074613884,-0.4408669785,-0.2803430283,-0.0423889585,-0.306860351,-0.2604026764,-0.2829869605,0.0239128971
/114/7.mp3,0.0010964915,0.9307517567,0.0010964913,0.0010964913,0.0010964919,0.0010964913,0.0010964914,0.0010964912,0.0010964913,0.0010964917,0.0010964918,0.0010964941,0.0010964922,0.0538973596,0.0010964912,0.0010964915,0.0012531457,0.8342728610000001,0.0012531328,0.001253137,0.1506895026,0.0012531387,0.0012531388,0.0012531372,0.0012531344,0.0012531346,0.0012531328,0.0012531364,0.0012531351,0.0012531328,0.0007683587,0.078871932,0.4218727819,0.0007682102,0.0007680335,0.0852400047,0.0196981312,0.3920125479,0,1,0,0,0,0,0,0.2504426812,-0.1044517259,0.0887977263,0.0973143376,0.085945338,-0.056462361,0.0241518404,0.2909860745,0.1567721803,0.0883794035,-0.0677294693,0.1175094616,0.079861018,0.0773485808,-0.0256671871,0.0395486016,-0.0075896201,-0.0029455881,-0.1560817943
/114/6.mp3,0.0016025641,0.0645042137,0.0016025642,0.0273267856,0.0016025642,0.0016025642,0.0016025641,0.0016025641,0.0016025641,0.0016025643,0.3734045309,0.5155336992,0.0016025648,0.0016025641,0.0016025641,0.0016025643,0.5156122263,0.2991345336,0.0017421603,0.0395687035,0.0017421657,0.0017421684,0.0017421685,0.0017421662,0.0017421624,0.0017421628,0.0017421603,0.0355544787,0.0944505831,0.0017421603,0.171115769,0.2406494204,0.0010986119,0.0010984127,0.4288286227,0.0010980083,0.0010988199,0.1550123352,1,0,0,0,0,0,0,0.1894158053,-0.2024671792,0.0608825141,-0.0477573331,0.1073900737,-0.1212852095,-0.0633448267,0.1670699349,0.0641140655,0.0486000959,0.015855475,0.0903210529,0.019870215,0.0486941299,-0.0368371724,-0.0034917299,-0.1150819745,-0.0290487808,-0.1799340397
/114/4.mp3,0.0007267442,0.0007267444,0.0007267459,0.0007267443,0.0007267461,0.0007267442,0.0007267442,0.0285771878,0.0007267442,0.7846216768000001,0.0270913399,0.1509888605,0.0007267443,0.0007267443,0.0007267447,0.0007267443,0.3473038553,0.2564108034,0.0008210181,0.3872541234,0.0008210205,0.0008210218,0.0008210218,0.0008210207,0.0008210191,0.0008210192,0.0008210181,0.0008210209,0.0008210197,0.0008210181,0.1051922064,0.1745527205,0.0005070452,0.2392761874,0.2687199383,0.0005069442,0.080964435,0.130280523,1,0,0,0,0,0,0,0.2477546609,-0.3070651984,0.0623526684,0.0027540741,0.2125919994,-0.216078691,-0.3647715242,0.1796985809,0.0424338338,0.0811028787,-0.1522768577,0.0897383668,0.0951766598,0.0641518069,-0.1636251167,0.0125827588,-0.1194749804,0.0673721228,-0.3071517879
/114/5.mp3,0.0009469697,0.0009469699,0.0009469698,0.0009469698,0.0009469698,0.0009469697,0.0009469697,0.0009469711,0.0009469697,0.6093311121,0.0565388617,0.2147643517,0.0009469703,0.0009469699,0.0009469697,0.1080020353,0.0010822587,0.6338947420000001,0.0010822511,0.0010822548,0.3531182129,0.001082256,0.001082256,0.0010822546,0.0010822524,0.0010822526,0.0010822511,0.001082254,0.0010822529,0.0010822511,0.000658324,0.291486389,0.3626649083,0.0006590272,0.0006588022,0.0951878074,0.0006585291,0.2480262127,0,0,0,0,0,1,0,0.1376605526,0.0356628765,0.0204183046,0.0451570973,0.1106300213,0.0464147804,-0.0591223339,0.0434012909,0.0388206391,0.0149489579,0.0531879664,-0.0156561317,0.0235277012,0.060128302,0.0487450629,0.007922703,-0.0652793659,-0.0370205038,0.0851486805
/114/1.mp3,0.0012500005,0.3100147761,0.0012500003,0.0012500015,0.0012500018,0.0383435131,0.0012500006,0.00125,0.0220525373,0.1367181236,0.00125,0.2508453795,0.1234876913,0.00125,0.1072879739,0.0012500005,0.7613841432,0.0636345797,0.0013227513,0.0013227565,0.1604309795,0.0013227579,0.0013227579,0.0013227559,0.0013227531,0.0013227535,0.0013227513,0.0013227553,0.0013227537,0.0013227513,0.1325976398,0.0008189487,0.0008183762,0.3978675838,0.0008185123,0.2204835772,0.0008186339,0.2457767282,0,0,0,0,0,1,0,-0.0486164388,-0.0351048869,-0.0403674499,-0.0612480233,0.0452352058,0.0503557395,0.0621088589,-0.0864952142,-0.0795861354,-0.1078318322,-0.2065098057,-0.1205746644,-0.1754608046,-0.0550803696,0.0599102391,0.0588225496,0.1020700111,-0.1721946506,-0.0516916753
/114/2.mp3,0.0004496404,0.0004496404,0.0004496403,0.0004496403,0.0004496403,0.0004496403,0.0596424231,0.0004496403,0.7884750644,0.0004496404,0.0004496403,0.0004496404,0.0652478255,0.0004496403,0.0004496411,0.0812390022,0.0005065882,0.9441880982,0.0005065856,0.0005065874,0.0005065869,0.0005065877,0.0005065876,0.000506587,0.0497328606,0.0005065863,0.0005065856,0.0005065868,0.0005065863,0.0005065856,0.0003096736,0.1000305187,0.0047580994,0.0003099872,0.1852126521,0.054473868,0.1123372619,0.542567939,0,0,0,0,0,1,0,-0.1646092537,0.0903154059,-0.0225183912,-0.1233077998,-0.2164560786,-0.1495636532,-0.1034150335,-0.0152137841,-0.1782028703,-0.1541373782,0.1203060264,-0.1481974675,-0.2620858954,-0.0377202023,0.059521657,0.0232785131,-0.0841658987,-0.2297699349,0.1330081523
/114/3.mp3,0.0015625002,0.0015625001,0.0015625006,0.0015625006,0.0015625001,0.0015624999999999,0.1042038701,0.0015625083,0.3919710503,0.0015625002,0.0015625014,0.0015625002,0.0015625011,0.0015625009,0.3740683612,0.1110067048,0.0016611383,0.5975778161,0.0016611296,0.0016611355,0.0016611338,0.0016611366,0.0016611363,0.0016611341,0.0016611314,0.001661132,0.0016611296,0.3824885852,0.0016611319,0.0016611296,0.0010251338,0.0010258461,0.8731977683000001,0.0010261403,0.0605493894,0.0611237737,0.0010255758,0.0010263726,0,0,0,0,0,1,0,-0.0096664198,-0.1915934763,0.0753598267,0.0137563807,-0.0592301224,-0.2671414147,-0.1871208225,-0.0042880938,0.0694292553,0.0358390556,0.0472563804,-0.0692868061,-0.1542061545,-0.0174129505,-0.0076940999,0.0244846973,-0.0346700678,-0.2243575553,0.0153091591
/47/7.mp3,0.0006510417,0.4143918977,0.0006510417,0.4897203132,0.0006510417,0.0874242462,0.0006510417,0.0006510419,0.0006510417,0.0006510417,0.0006510425,0.0006510417,0.0006510417,0.0006510417,0.0006510417,0.0006510417,0.8007853768000001,0.0007440519,0.0007440476,0.0007440496,0.1902860308,0.0007440503,0.0007440504,0.0007440497,0.0007440484,0.0007440484,0.0007440476,0.0007440514,0.0007440495,0.0007440476,0.0004566217,0.0620912448,0.0004570623,0.0004570329,0.151424996,0.7672730927,0.0173828726,0.000457077,0,1,0,0,0,0,0,0.0647990054,-0.2276986691,-0.1824688023,0.121255526,0.0381765412,-0.2791211819,-0.352292115,-0.0310566383,0.0420437183,0.0698431622,-0.3357218976,-0.0098166771,0.0426564888,-0.0346767388,-0.1718055067,0.0286760749,-0.0379986952,-0.1426061622,-0.3973496694
/47/6.mp3,0.0012254902,0.0465718969,0.0012254902,0.0012254902,0.0012254902,0.0012254902,0.0012254902,0.4609779395,0.0012254902,0.0012254902,0.4765187909,0.0012254902,0.0012254902,0.0012254902,0.0012254902,0.0012254902,0.3524799172,0.0013736331,0.0013736264,0.0256671604,0.1355765015,0.0286243114,0.0626211632,0.1693189563,0.0443160933,0.0505945407,0.0013736264,0.0652582053,0.0600486384,0.0013736264,0.4733965795,0.0008462608,0.1630376758,0.0008462385,0.2380375565,0.0008458849,0.0008458523,0.1221439516,0,1,0,0,0,0,0,-0.0033753334,-0.1943454116,-0.2684761663,-0.2496583203,-0.0381511127,-0.2107696402,-0.1470883945,-0.2066745913,-0.2864902925,-0.2255783853,-0.4140246231,0.0479305856,-0.010405726,-0.0494536885,0.0328967102,-0.0268215904,0.0417155632,-0.1078359273,-0.5388908946000001
/47/4.mp3,0.0014534895,0.5034837344,0.0014534886,0.0014534884,0.0014534887,0.0014534885,0.0014534893,0.0483385262,0.0014534885,0.0356731643,0.3146859554,0.0818302415,0.001453491,0.0014534884,0.0014534884,0.0014534891,0.1704794011,0.0014881067,0.0014880952,0.0014881005,0.3268872989,0.2847255001,0.0014881024,0.0014881004,0.0014880972,0.0014880975,0.0014880952,0.2030268117,0.0014880979,0.0014880952,0.0009271986,0.0697188241,0.4086833415,0.0009276825,0.131465672,0.1772216081,0.2101280636,0.0009276097,1,0,0,0,0,0,0,0.322862378,-0.3915763408,-0.0345742587,0.3601182609,0.3557939277,-0.3786362229,-0.278389245,0.2524022235,0.264897717,0.2503283974,-0.1996590426,0.1835574958,0.2427697099,-0.0380635816,-0.2096427312,0.1031267782,0.0347434104,-0.1654439507,-0.342302183
/47/5.mp3,0.0007022472,0.0007022473,0.0007022473,0.0007022474,0.2680151831,0.0007022472,0.0120178495,0.0170796147,0.0007022473,0.0007022478,0.0007022474,0.5259889218,0.1691737101,0.0007022473,0.0007022472,0.0007022473,0.3898869594,0.0007598841,0.0007598784,0.0806791759,0.0007598805,0.3016181948,0.0199849142,0.0007598805,0.2009918302,0.0007598795,0.0007598784,0.0007598844,0.0007598812,0.0007598784,0.0004668345,0.1748959802,0.2342797042,0.0004672072,0.431721137,0.0004673614,0.0004673081,0.1572344674,0,0,0,0,0,1,0,-0.294269073,-0.0237840413,-0.2495589829,-0.1534431145,-0.2055350747,-0.3071510102,-0.1504344586,-0.1906078519,-0.3078942707,-0.3524143769,0.1115587002,-0.1846405869,-0.2568997301,-0.1463857965,-0.1151199356,-0.2319385641,-0.1798276393,-0.1816741742,-0.1786294962
/47/1.mp3,0.00625,0.0062500017,0.00625,0.1065826641,0.00625,0.0062500002,0.00625,0.0062500001,0.00625,0.00625,0.8059173339,0.0062500001,0.00625,0.00625,0.00625,0.00625,0.0064935925,0.9155841354,0.0064935065,0.0064935278,0.0064935307,0.0064935398,0.0064935416,0.0064935332,0.0064935159,0.0064935159,0.0064935065,0.0064935277,0.00649352,0.0064935065,0.9449316665,0.0043133431,0.0043139462,0.0043157719,0.0043137727,0.0291809449,0.0043155788,0.0043149758,0,0,0,1,0,0,0,-0.14999011,0.2897691691,-0.1259298494,-0.2619985691,-0.2682016054,0.1269725975,-0.001406064,-0.3124140878,-0.4190761374,-0.4316027874,-0.0111192989,-0.428260434,-0.4687667386,-0.4104749625,-0.2072472086,-0.2691838214,-0.1311377241,-0.3920827525,0.1147555215
/47/2.mp3,0.1150654303,0.0008333337,0.0967906026,0.0008333347,0.0141149039,0.0008333334,0.0008333334,0.3802411049,0.0008333334,0.0008333335,0.0448183181,0.0008333356,0.0008333335,0.2914380799,0.0008333334,0.0500315555,0.0008818417,0.3078116458,0.0008818342,0.0008818371,0.0008818371,0.6675549194,0.0008818385,0.0008818374,0.0149332321,0.0008818355,0.0008818342,0.0008818368,0.0008818358,0.0008818342,0.1982642512,0.0005398606,0.0005397599,0.339312779,0.060310239,0.0521247673,0.3483685976,0.0005397455,0,0,0,0,0,1,0,0.028604714,-0.2871997694,-0.0116425724,0.1466350784,0.1954262118,-0.2147433991,-0.2225183085,0.1829581563,0.0576483438,0.0284546058,-0.1266622075,-0.0264924555,0.0222801793,-0.0477110602,-0.1808710944,-0.0301038126,0.0659636743,-0.1687133208,-0.1164256893
/47/3.mp3,0.0034722225,0.1798146714,0.0034722226,0.0034722222,0.1649749633,0.0034722224,0.0034722224,0.0034722223,0.0034722223,0.0034722228,0.1342775594,0.4792661307,0.0034722274,0.0034722222,0.0034722223,0.0034722237,0.0037594424,0.9511276748,0.0037593985,0.0037594113,0.0037594104,0.0037594161,0.0037594164,0.0037594115,0.0037594032,0.0037594039,0.0037593985,0.0037594093,0.0037594051,0.0037593985,0.0024054945,0.2892663037,0.5089973750000001,0.0024079596,0.1617518719,0.0303568409,0.0024065973,0.0024075571,0,0,0,0,0,0,1,-0.0522155308,0.0845505391,0.0977609516,-0.0315504199,0.1369458073,-0.1842848385,-0.2202293255,0.2416273427,0.0885063152,0.0455228368,0.1050797375,-0.169590207,0.027057596,-0.1698259378,-0.1559276588,-0.0714870253,-0.0704153191,-0.1283356836,0.0455189916
/113/7.mp3,0.0008223687,0.0008223685,0.0996739293,0.0298469022,0.098823581,0.0539509083,0.0008223684,0.0008223701,0.3349753432,0.0008223685,0.0008223687,0.0362896099,0.0008223687,0.0008223687,0.339038407,0.0008223685,0.0008710866,0.153333404,0.0008710801,0.0008710832,0.2501305809,0.0008710842,0.3282650913,0.0008710831,0.0292344202,0.1520312647,0.0008710801,0.0008710826,0.0800365788,0.0008710801,0.0005369871,0.5674278317,0.0005374953,0.1070782916,0.0005374594,0.0005375456,0.1434166424,0.179927747,0,0,0,0,0,1,0,-0.2205042705,-0.2863246063,-0.1567200182,0.0380201246,-0.2802345926,-0.148841316,0.0053877628,-0.3611646192,0.0269281882,0.0336520625,-0.1086723301,0.1069635347,0.0538014141,0.1046531052,0.0704459432,0.057842535,-0.0323800605,0.1505729106,-0.4078174901
/113/6.mp3,0.1546902772,0.094292302,0.0009469707,0.0484548349,0.0009469714,0.0009469697,0.0009469701,0.0009469697,0.0009469698,0.0639453779,0.0009469697,0.2162548222,0.1201879429,0.0326526969,0.0886998732,0.1741930815,0.7252969975,0.2620979329,0.0010504202,0.0010504238,0.0010504234,0.001050425,0.001050425,0.0010504237,0.0010504215,0.0010504217,0.0010504202,0.0010504231,0.001050422,0.0010504202,0.0742906774,0.0230085578,0.0006455628,0.4393801998,0.0006455457,0.4168524502,0.0006457943,0.044531212,0,0,0,0,0,1,0,-0.0479906076,-0.1105802859,0.0962735802,-0.0709443327,-0.0991417124,-0.2256048814,-0.1100640992,-0.1550027473,0.0269281882,-0.0162839486,-0.0200182097,0.0768418312,0.0552580554,0.035530772,0.0301172257,0.0019992202,-0.056359347,-0.0176047058,-0.2607747655
/113/4.mp3,0.000919118,0.0009191182,0.0009191202,0.0009191178,0.0606162919,0.0009191177,0.0009191179,0.0009191177,0.0009191177,0.807450046,0.0139239334,0.0519997772,0.0009191205,0.0009191177,0.0558996501,0.0009191181,0.7309740076,0.0010352049,0.0010351967,0.0010352005,0.1483913539,0.0010352016,0.0010352016,0.0010352002,0.001035198,0.1092474435,0.0010351967,0.0010351997,0.0010351985,0.0010351967,0.0006421396,0.1031520257,0.117382392,0.099764434,0.0006419564,0.6722535642,0.0055215498,0.0006419384,0,0,0,0,1,0,0,-0.3323446122,-0.111668807,0.0043617872,-0.2379552375,-0.1314080248,0.1058403048,0.1293342982,-0.3842523158,-0.351984169,-0.3264768507,-0.1847805147,-0.1157074614,-0.20412166,-0.1460081057,-0.0486956653,-0.0234282678,-0.1034091873,0.0154549996,-0.3749970579
/113/5.mp3,0.5599170683,0.0017361111,0.0347516301,0.0017361111,0.0017361129,0.0017361111,0.0017361111,0.0017361111,0.0017361111,0.0017361111,0.0017361111,0.0017361111,0.1963909907,0.0017361111,0.1881069753,0.0017361114,0.0015528015,0.8255128463,0.001552795,0.0015528007,0.1558535759,0.0015528013,0.0015528009,0.0015527988,0.0015527966,0.0015527973,0.001552795,0.0015527986,0.001552797,0.001552795,0.0009476146,0.3675559147,0.6267548534,0.0009480211,0.0009486037,0.0009483173,0.0009480817,0.0009485935,0,0,0,0,0,0,1,-0.1617891113,0.0589494682,0.0493446474,-0.2844377296,-0.3404803029,0.0661852939,0.0231977174,-0.0423113078,-0.0006145704,-0.2391785066,-0.0935951524,-0.2534088286,-0.2319943211,-0.109931625,0.0393612224,-0.1162774915,-0.1196508864,-0.2768880626,0.0169091863
/113/1.mp3,0.0020833334,0.0020833339,0.0020833334,0.6180335581,0.0020833334,0.0712050624,0.0020833333,0.1860205006,0.0020833334,0.0020833334,0.0997408775,0.0020833334,0.0020833334,0.0020833335,0.0020833334,0.0020833335,0.7040766638,0.0023809648,0.0023809524,0.0023809576,0.0023809588,0.002380961,0.2673518539,0.0023809594,0.0023809548,0.0023809547,0.0023809524,0.0023809579,0.0023809562,0.0023809524,0.0014893488,0.0014924551,0.0014903839,0.2299139244,0.2309145228,0.5317188375,0.0014900424,0.0014904852,0,1,0,0,0,0,0,-0.0232168259,-0.0853140919,0.0265054603,-0.1176245833,-0.0340351379,0.018739885,-0.0568416071,-0.0431178417,-0.0013540962,-0.0435763561,-0.1414178828,-0.2937317217,-0.2436110465,-0.1833597088,-0.3410062114,-0.0588253507,0.0076480014,-0.2486894908,-0.3200024185
/113/2.mp3,0.0026041668,0.002604168,0.002604167,0.2319460475,0.0026041668,0.0914872707,0.0026041667,0.0026041683,0.0026041668,0.002604167,0.3270486215,0.002604167,0.002604167,0.0469264671,0.0026041669,0.2739457549,0.7666860939,0.0029762062,0.0029761905,0.0029761971,0.0029761985,0.1518261382,0.002976202,0.0029761994,0.0029761937,0.0487496072,0.0029761905,0.0029761974,0.002976195,0.0029761905,0.0018670012,0.1170775114,0.0018692253,0.4916138872,0.001869224,0.087979886,0.0018679661,0.2958552988,1,0,0,0,0,0,0,-0.0581251936,0.0589494682,-0.057425712,-0.0592858694,0.0077930985,-0.0105515165,-0.2796863098,-0.0271608736,0.0269281882,0.0040980064,-0.0295010361,-0.1715103517,-0.1379242428,-0.0963720407,-0.1702665628,-0.0533436874,-0.0011548787,-0.1962012535,-0.3195947833
/113/3.mp3,0.0024038462,0.5549436173,0.0024038462,0.4114025205,0.0024038508,0.0024038462,0.0024038462,0.0024038526,0.0024038462,0.0024038462,0.0024038496,0.0024038463,0.0024038462,0.002403847,0.0024038463,0.0024038462,0.3684913838,0.59854151,0.0027472527,0.0027472622,0.0027472614,0.0027472656,0.0027472657,0.0027472621,0.0027472562,0.0027472567,0.0027472527,0.0027472606,0.0027472576,0.0027472527,0.3795728567,0.0017644082,0.0017634548,0.3549903678,0.1105968833,0.0017623899,0.1477859327,0.0017637066,0,0,0,1,0,0,0,-0.5042480998000001,-0.1378583448,-0.1282192267,-0.1489217219,-0.2166374232,-0.0021749426,-0.3195292894,-0.0583991834,-0.2860712066,-0.2301858624,0.0367723144,-0.3787061857,-0.251803054,-0.2596355877,-0.0653399678,-0.1458055995,-0.0119255726,-0.3664176089,0.0483935447
/78/7.mp3,0.0021551724,0.0507701481,0.0021551726,0.0021551725,0.0021551724,0.0021551726,0.0021551724,0.85239597,0.0021551724,0.0021551726,0.0021551783,0.037044339,0.0021551725,0.0339274673,0.0021551724,0.0021551724,0.0023809697,0.6336236213,0.0023809524,0.0023809606,0.0023809596,0.3378048814,0.0023809634,0.0023809603,0.0023809554,0.0023809558,0.0023809524,0.002380959,0.0023809564,0.0023809524,0.1163580295,0.1034720691,0.3021898072,0.0014901538,0.0014910101,0.0510021786,0.2368653927,0.187131359,0,0,0,0,0,0,1,0.0899264343,-0.0984321573,-0.3655963691,-0.1394696258,0.0070010346,-0.1278475671,0.019325515,-0.0875896149,-0.2115231127,-0.0595024104,-0.2680715066,-0.2752592953,-0.0179260265,-0.0633459208,-0.0807965583,-0.1216013788,-0.0233953252,-0.344602888,0.0372072663
/78/6.mp3,0.0019531256,0.0019531265,0.0019531256,0.0019531253,0.0019531255,0.5744984459,0.0019531253,0.001953128,0.0019531252,0.001953126,0.3981577831,0.0019531261,0.0019531341,0.0019531253,0.0019531251,0.0019531276,0.7629242768000001,0.159545266,0.0022321429,0.0529768309,0.0022321498,0.0022321535,0.0022321535,0.0022321503,0.0022321457,0.0022321463,0.0022321429,0.0022321511,0.0022321474,0.0022321429,0.0013898925,0.2434443252,0.001391757,0.4581544109,0.2914457241,0.0013914734,0.0013906147,0.0013918021,0,1,0,0,0,0,0,-0.159940574,0.0356770334,-0.3751175377,-0.121287793,0.1224199521,-0.044811297,0.0065590256,-0.0030481596,-0.4068592437,-0.3795046608,-0.1992758739,-0.4462248098,-0.2273254632,-0.2695152692,-0.2259535516,-0.2728631702,-0.0963668673,-0.4067858637,-0.0275561748
/78/4.mp3,0.0010245907,0.0010245907,0.0153175533,0.0010245912,0.0010245906,0.0010245903,0.0010245902,0.0689549922,0.0010245902,0.0010245903,0.0140047492,0.1807608931,0.3935841993,0.0010245902,0.0010245903,0.3171317082,0.6759625941,0.2419663489,0.0010504202,0.0010504238,0.0010504234,0.0705164124,0.001050425,0.0010504237,0.0010504215,0.0010504217,0.0010504202,0.0010504231,0.001050422,0.0010504202,0.2736854288,0.0006487986,0.0006485975,0.0006488565,0.000648681,0.7224221736,0.000648838,0.000648626,0,1,0,0,0,0,0,-0.0380950753,-0.2806947686,-0.1584668635,0.0165864731,-0.0168042969,-0.3038737828,-0.2384876491,0.0503641426,0.0926273221,0.1460204566,0.0214225723,-0.0461900945,-0.0586078382,-0.050127161,-0.1324980992,-0.1235083084,-0.0127212154,-0.1956658629,0.0459268896
/78/5.mp3,0.0031250001,0.0031250014,0.0031250003,0.0031250015,0.0031250001,0.0031250002,0.0031249999999999,0.0031250001,0.0031250001,0.7000376998000001,0.1036701162,0.0031250003,0.0031250003,0.1556671789,0.0031250001,0.0031250006,0.0031056076,0.9596272347,0.0031055901,0.0031056012,0.0031055982,0.0031056059,0.0031056029,0.0031055988,0.0031055935,0.0031055945,0.0031055901,0.0031055978,0.0031055946,0.0031055901,0.0019852791,0.0019866904,0.8966171376000001,0.0019862681,0.0019848889,0.0914690806,0.0019851547,0.0019855006,0,0,0,0,0,1,0,-0.1620684038,0.1840651578,-0.21484166,-0.1737989093,-0.2367993988,0.2221927352,0.0363402561,-0.0020459365,-0.4680080698,-0.4027243319,0.1719556829,-0.3216244316,-0.5255094174,-0.2016614936,-0.0172515054,-0.1375437825,-0.0572212087,-0.2256587342,0.3831323327
/78/1.mp3,0.0010245902,0.0010245903,0.0010245902,0.0010245904,0.0010245902,0.0223711672,0.0010245902,0.7194683944,0.0010245902,0.0010245902,0.0010245902,0.0010245902,0.0010245902,0.016497023,0.0010245902,0.2293683327,0.6270037867,0.0011709707,0.0011709602,0.0011709652,0.001170964,0.0011709663,0.146778481,0.0011709643,0.0011709618,0.1924172052,0.0011709602,0.001170965,0.0220908893,0.0011709602,0.3196792154,0.0007195844,0.0848956826,0.0688606039,0.0914257798,0.3680360987,0.0656632365,0.0007197988,0,0,0,0,0,0,1,-0.2121515511,-0.0506533859,-0.3300737025,-0.2751756034,-0.120611343,-0.1914703634,-0.2211607129,-0.0549157267,-0.0984773568,-0.1468866586,-0.110638246,-0.5403674930000001,-0.2046004113,-0.2883355624,0.0733283895,-0.4308814965,-0.3769299584,-0.3357625212,0.0547770403
/78/2.mp3,0.0237352482,0.0020161294,0.3155589445,0.0020161291,0.0020161291,0.0020161291,0.002016129,0.1532840727,0.002016129,0.0540721511,0.4311721633,0.0020161291,0.0020161291,0.0020161291,0.002016129,0.0020161292,0.0020408325,0.9326074417,0.0020408163,0.0020408233,0.0429026992,0.0020408257,0.0020408257,0.0020408231,0.0020408188,0.0020408193,0.0020408163,0.002040822,0.0020408198,0.0020408163,0.3561410394,0.1088722697,0.1212275856,0.0012775846,0.0012776687,0.0443928757,0.0012781199,0.3655328563,0,0,0,0,0,0,1,0.0019998326,0.0537714451,-0.180072344,0.0238822648,0.0122188757,-0.0031698247,0.0455528575,6.81138e-05,-0.0624914947,0.036357004,-0.0559590972,-0.0846675735,0.0127643737,-0.1113487483,-0.145552962,-0.1001476739,-0.0131382232,-0.093641941,-0.0611620326
/78/3.mp3,0.1320922342,0.000618812,0.0006188121,0.0894567589,0.000618812,0.0006188119,0.0006188126,0.0006188135,0.4984863014,0.0006188122,0.0006188122,0.0006188119,0.0006188122,0.0006188121,0.0571793656,0.2159784054,0.6775432112,0.11725634,0.0006802721,0.0739273028,0.0006802738,0.000680275,0.0138027115,0.0006802739,0.0006802728,0.0006802744,0.0006802721,0.0412390328,0.0707892157,0.0006802721,0.0004156639,0.1409150228,0.0004160679,0.0004160758,0.1072170825,0.3316700555,0.0473664886,0.371583543,0,0,0,0,1,0,0,-0.3511644517,0.0542841251,-0.2974297943,-0.0988286924,-0.1113108658,-0.0301036676,0.0943687552,-0.0321554812,-0.2516972501,-0.073906544,-0.2200258608,-0.0166498936,-0.2168833709,-0.045036131,0.0581723324,-0.1193387596,-0.2258286466,-0.0140119504,0.0975751518
/2/7.mp3,0.0009469699,0.0009469698,0.0009469697,0.0009469697,0.0009469698,0.0009469697,0.9857954519,0.0009469697,0.0009469698,0.0009469709,0.0009469697,0.0009469698,0.0009469703,0.0009469697,0.0009469697,0.0009469699,0.0734358919,0.9135770662,0.0010822511,0.0010822547,0.0010822545,0.0010822561,0.0010822562,0.0010822549,0.0010822525,0.0010822526,0.0010822511,0.0010822542,0.001082253,0.0010822511,0.0006616291,0.0006617089,0.0006623405,0.0006624146,0.000662355,0.1737869555,0.0006619274,0.8222406691,0,0,1,0,0,0,0,-0.2906178735,0.0589494682,0.0493446474,-0.2561967481,-0.120492395,0.0424823839,0.0231977174,-0.1876912003,-0.2432924492,-0.2600090124,0.0331651362,-0.0709791967,-0.3590569237,-0.0208071453,0.0630867243,-0.1381114567,-0.1525671273,-0.1108992489,-0.0709752513
/2/6.mp3,0.1055073603,0.002403847,0.4860329772,0.0024038465,0.0024038466,0.0024038463,0.0024038462,0.0569288857,0.0024038463,0.0999012937,0.0477500623,0.0024038512,0.0024038485,0.0902588399,0.0919859551,0.002403847,0.0026455265,0.6992500904000001,0.0026455026,0.0026455114,0.2690037885,0.0026455156,0.002645516,0.0026455126,0.0026455062,0.0026455064,0.0026455026,0.0026455107,0.0026455077,0.0026455026,0.0016460426,0.1027443181,0.3706241474,0.0016474028,0.3938713061,0.1261718849,0.0016469487,0.0016479494,0,1,0,0,0,0,0,0.1061340124,-0.1399369971,-0.0544582199,0.0837598834,0.1007094588,-0.2851703541,-0.1598265502,0.1026787176,0.2346026587,0.231125004,0.0221213315,0.0181738511,0.1608130416,-0.0170052358,-0.0222565017,-0.0072011351,0.0077622456,-0.0138901784,-0.164703501
/2/4.mp3,0.0017361126,0.0017361115,0.1499211757,0.0017361111,0.0017361113,0.0017361112,0.0017361112,0.0017361111,0.0017361112,0.1352707379,0.0017361111,0.2909825464,0.0017361142,0.0017361111,0.2845617722,0.1201665401,0.6140373355000001,0.0727709522,0.0015873016,0.0015873079,0.0015873063,0.0015873093,0.0015873091,0.0015873067,0.0015873036,0.0015873053,0.0015873016,0.0015873061,0.2957313532,0.0015873016,0.0009930467,0.284039932,0.000994114,0.4091059094,0.1140283753,0.1888506551,0.0009941694,0.0009937981,0,0,1,0,0,0,0,-0.1527373969,-0.1221943302,-0.0138986138,-0.2257011705,-0.1983415865,-0.0633159941,-0.0526262326,-0.0288006916,-0.0497652946,-0.0522356012,0.0535122819,-0.1900178119,-0.1679449239,-0.1439421088,0.0640293498,-0.2404893478,-0.2136062061,-0.2117943326,0.1394790481
/2/5.mp3,0.0008012836,0.0008012822,0.5277531224,0.0008012826,0.0008012822,0.0008012821,0.0008012822,0.0008012821,0.0415060511,0.0008012833,0.0008012821,0.0008012831,0.1032214662,0.0008012821,0.1871016707,0.1316035823,0.2788049814,0.7114547378,0.0008116883,0.000811691,0.0008116908,0.000811692,0.0008116921,0.000811691,0.0008116893,0.0008116895,0.0008116883,0.0008116906,0.0008116897,0.0008116883,0.0005005873,0.000500973,0.0369185521,0.1521867563,0.2818717305,0.0167132437,0.1632160864,0.3480920706,0,0,1,0,0,0,0,-0.06521311,-0.0894412424,0.0273110211,-0.208984435,-0.0626275073,-0.0693741294,-0.1674773665,0.0512172294,-0.194549926,-0.1741559338,0.1248814717,0.0119318562,0.0132379898,0.0416327723,0.0014987745,-0.0152562748,-0.1147324936,0.1103483885,0.0795542194
/2/1.mp3,0.0015243903,0.0015243902,0.0015243903,0.5625190108,0.0015243903,0.0015243902,0.0322125874,0.0015243903,0.0258849181,0.0015243902,0.0015243902,0.0015243902,0.0015243907,0.0015243902,0.3433998022,0.0192153883,0.0863458408,0.7731818566,0.0014005602,0.0014005652,0.0014005639,0.0835859604,0.001400566,0.0014005641,0.0014005618,0.001400564,0.0014005602,0.0428807111,0.0014005654,0.0014005602,0.0008810498,0.2144196518,0.4117914024,0.0008812078,0.241456941,0.0008811249,0.1288069369,0.0008816854,0,1,0,0,0,0,0,0.0929826432,0.0292680081,-0.0878533429,-0.0685287386,-0.0068426907,-0.1279884265,-0.1031357823,0.0397201689,-0.0669307487,0.0104834388,0.0638965802,-0.1489975335,-0.0524130198,-0.073859548,-0.1385050491,-0.0891014918,-0.062099949,-0.1332261234,-0.019969956
/2/2.mp3,0.0027173914,0.5065328506,0.0027173914,0.0027173913,0.1216095969,0.0027173914,0.0027173913,0.0027173913,0.0027173913,0.0027173915,0.0027173945,0.3365314601,0.0027173926,0.0027173913,0.0027173914,0.0027173917,0.790255271,0.002747272,0.0027472527,0.0027472615,0.002747261,0.0027472649,0.1767776193,0.0027472617,0.002747256,0.0027472564,0.0027472527,0.0027472602,0.0027472576,0.0027472527,0.001714411,0.0017165353,0.1246898124,0.234788384,0.6319435923,0.0017148461,0.0017167325,0.0017156863,0,1,0,0,0,0,0,0.0014510568,-0.0355839026,-0.0532246111,-0.0393672745,0.0239910059,-0.1131404399,-0.1127639586,-0.0461164662,0.0247153131,-0.0665655816,-0.0381430076,0.0002079936,-0.0100129191,-0.0085134965,-0.0872452754,0.0104599558,0.049382143,-0.0404882288,-0.0638120971
/2/3.mp3,0.0027173915,0.0027173924,0.0027173917,0.0027173927,0.0027173915,0.0027173915,0.0027173914,0.0027173957,0.0027173914,0.0027173918,0.1666311294,0.7953253808,0.0027173929,0.0027173918,0.0027173915,0.0027173921,0.2418229783,0.0028571662,0.0028571429,0.0028571536,0.0028571523,0.7238912172,0.0028571572,0.0028571531,0.0028571467,0.0028571473,0.0028571429,0.0028571515,0.0028571481,0.0028571429,0.0017876301,0.184585134,0.1041173803,0.0017889431,0.4022576584,0.1035702044,0.2001037999,0.0017892498,0,0,0,0,0,0,1,0.0014831292,0.0991848827,-0.0242592958,0.0098371779,-0.0568767047,-0.0276290163,0.0062552484,0.0168582908,0.0075232514,-0.0319341797,0.0947178509,0.0185550248,-0.0181179782,-0.1023473305,-0.0729146337,-0.1450126445,-0.289392028,0.0494593966,-0.0013033082
/13/7.mp3,0.0014204546,0.0014204546,0.0014204547,0.0014204545,0.1154134498,0.0014204545,0.0014204546,0.0014204545,0.0014204546,0.0371706667,0.0014204545,0.2187116508,0.0014204548,0.0014204545,0.0421953686,0.5708838636,0.7308982878,0.0015873144,0.0015873016,0.0015873075,0.0015873066,0.2500540442,0.0015873093,0.0015873071,0.0015873037,0.0015873041,0.0015873016,0.0015873062,0.0015873044,0.0015873016,0.0009930935,0.2133474624,0.0009938683,0.1226445123,0.0009938392,0.6590390054,0.0009944532,0.0009937657,0,0,1,0,0,0,0,0.0194378986,0.057247888,0.1163652105,-0.0367330391,0.0163911976,-0.0158008017,-0.1010287407,0.0138603594,-0.0259243447,0.0307544409,0.0832235453,0.0789783737,0.044636525,0.0179863694,0.0290516157,-0.0039212825,-0.0156896463,0.1534886645,0.2133607493
/13/6.mp3,0.0008802817,0.0008802818,0.0008802817,0.3344164855,0.0008802819,0.0008802817,0.5708005561,0.0008802822,0.0008802828,0.0008802817,0.0008802818,0.0008802817,0.0529384151,0.0312811608,0.0008802817,0.0008802818,0.4950390437,0.4933779195,0.000965251,0.0009652542,0.0009652539,0.0009652554,0.0009652554,0.0009652542,0.0009652521,0.0009652523,0.000965251,0.0009652537,0.0009652526,0.000965251,0.0005927268,0.0005930497,0.000593594,0.3791327189,0.0005934199,0.4878481301,0.0005929562,0.1300534044,0,0,0,0,1,0,0,0.0202154325,0.0759314499,-0.1578938108,-0.0199532664,-0.0401590711,-0.138723671,0.0054157661,-0.0423113078,-0.0860839826,0.0040980064,0.0331651362,0.0088092197,0.0453014858,-0.1058757224,-0.0854461362,-0.0430410473,-0.1179087993,-0.1138425488,0.0943709745
/13/4.mp3,0.001388889,0.0013888889,0.0013888894,0.0013888889,0.001388889,0.0013888889,0.0013888889,0.0013888889,0.0013888889,0.8245315372,0.0013888889,0.0606651828,0.0013888889,0.0013888889,0.0967477237,0.0013888889,0.5723447127,0.0015873156,0.0015873016,0.1491247889,0.0015873063,0.2610701343,0.0015873091,0.0015873067,0.0015873036,0.0015873059,0.0015873016,0.0015873062,0.0015873059,0.0015873016,0.0009770835,0.0009776299,0.4795047662,0.2198751357,0.0009782835,0.0009775857,0.0009773773,0.2957321383,0,0,1,0,0,0,0,-0.0536543002,0.0166546007,-0.0128167663,-0.0322913357,0.0645705962,0.084376788,0.096115254,0.191287741,-0.1034045271,0.014937604,0.0395212725,0.116041084,0.1352420471,0.0766338254,0.0351384202,0.0250176747,-0.0172587497,0.0977521754,-0.0074861182
/13/5.mp3,0.0009615385,0.0009615385,0.0009615385,0.0301519728,0.0009615385,0.0009615385,0.0009615385,0.5877952573,0.0009615385,0.0009615385,0.3695527693,0.0009615385,0.0009615388,0.0009615386,0.0009615385,0.0009615385,0.001035203,0.318175183,0.0010351967,0.0010352003,0.1839353384,0.0010352012,0.4865022902,0.0010351998,0.0010351979,0.0010351982,0.0010351967,0.0010351994,0.0010351984,0.0010351967,0.0006382677,0.2558439932,0.2253580261,0.0006386932,0.0006388924,0.0006384673,0.0006386213,0.5156050388,0,0,0,1,0,0,0,-0.0024970102,0.0545363396,0.1815512898,-0.0399435015,0.1063257945,-0.0830958785,-0.2267348077,0.1224072727,-0.193185001,-0.1062446884,0.0345584895,-0.1147467635,0.0151505766,0.0062599454,-0.0463533021,-0.1158204609,-0.1120903148,-0.0091964494,0.0332180945
/13/1.mp3,0.0006944448,0.0006944449,0.0344643222,0.0006944446,0.0006944445,0.0123341831,0.0006944444,0.0006944463,0.0006944444,0.2616214255,0.0006944467,0.5720405085,0.0006944446,0.0006944446,0.0608116209,0.0517834899,0.4089265292,0.0007598838,0.0007598784,0.2408917321,0.0007598802,0.3418230565,0.0007598812,0.0007598803,0.0007598792,0.0007598811,0.0007598784,0.0007598801,0.0007598811,0.0007598784,0.0004667437,0.1305503111,0.4833364478,0.0004673029,0.3048383467,0.079406563,0.0004670039,0.000467281,0,0,0,0,0,0,1,-0.0459825205,-0.3814061374,-0.120943134,-0.0036600178,0.0118768132,-0.1807114146,0.0535090757,0.1344620818,0.1543800891,-0.0008910919,-0.2092843735,0.0643995588,0.1187162059,0.0338654295,-0.0916795317,-0.0214029536,-0.0041530752,0.1146834099,-0.2610637822
/13/2.mp3,0.0005081301,0.0005081301,0.0005081301,0.0005081303,0.0124932374,0.0005081301,0.391027928,0.1237246456,0.2241892686,0.0005081301,0.0005081301,0.0005081301,0.242975489,0.0005081301,0.0005081301,0.0005081303,0.0005494546,0.3427874086,0.0005494505,0.057677953,0.0577682986,0.0005494529,0.1340407965,0.0351862503,0.009049423,0.0654957538,0.0005494505,0.2824159582,0.0128308988,0.0005494505,0.2846545719,0.0003329554,0.1353982656,0.1804237233,0.0003330522,0.0755793563,0.0003329218,0.3229451534,0,0,0,0,0,1,0,-0.0985182914,0.2099493386,0.001290124,-0.146416754,-0.0300760661,0.2739914372,0.1130183217,-0.0090891971,-0.2649849954,-0.123297578,0.0448491459,0.0656442314,-0.0016910312,0.0689548657,0.1306691753,-0.004619889,-0.1295017251,0.029237243,0.0140367618
/13/3.mp3,0.2349953162,0.0036764721,0.0036764727,0.0036764736,0.0036764728,0.0036764708,0.0036764716,0.0507585944,0.003676471,0.0036764737,0.003676472,0.1253839347,0.2652207812,0.0036764715,0.283200179,0.0036764726,0.1866392553,0.7657415877,0.003968254,0.0039682674,0.0039682671,0.003968273,0.0039682735,0.0039682683,0.0039682592,0.0039682597,0.003968254,0.0039682657,0.0039682613,0.003968254,0.0025011238,0.0025018028,0.7414570913,0.0025049969,0.2435206997,0.0025071761,0.0025022928,0.0025048164,0,1,0,0,0,0,0,0.0868202835,0.0914160789,-0.002714629,-0.022788195,0.0477655894,0.1414205983,-0.0135135253,0.0015104289,-0.0910894714,-0.0014817141,0.0723409173,-0.1234321122,-0.0075634226,0.0384672677,-0.0614380884,-0.0072016981,0.0392785208,-0.0201868906,0.0478569201
/5/7.mp3,0.0013297874,0.0013297873,0.0013297874,0.0013297872,0.0547390188,0.0013297872,0.0013297873,0.0013297872,0.0013297873,0.5037790619,0.0013297872,0.3427557774,0.0013297873,0.0013297872,0.0827686943,0.0013297873,0.6457478677,0.1412528752,0.0014577259,0.0014577312,0.0014577305,0.0014577329,0.0014577329,0.0014577309,0.1969642341,0.0014577281,0.0014577259,0.0014577301,0.0014577285,0.0014577259,0.0008935054,0.0732955608,0.000894505,0.6051312647,0.0199440895,0.0993489821,0.000894046,0.1995980465,0,0,1,0,0,0,0,0.0762648547,-0.1073638823,0.3032995385,-0.0389739475,0.1911357884,-0.0450091044,0.0365433018,0.1980715319,0.0338510913,0.0105489497,0.0425627308,0.0901764269,0.0072356178,0.0953223368,0.063223276,0.0489385776,0.1249533775,0.1409732142,0.0601866595
/5/6.mp3,0.1300119731,0.0005733946,0.0005733945,0.0005733946,0.1981379464,0.4421066169,0.0005733945,0.0005733952,0.0005733945,0.0005733946,0.088498451,0.134937672,0.0005733945,0.0005733946,0.0005733946,0.0005733945,0.0006211228,0.1801221414,0.000621118,0.0479632575,0.0669874923,0.0006211207,0.0006211206,0.0006211198,0.2156185041,0.2617177885,0.000621118,0.038819386,0.1844235922,0.000621118,0.3151270516,0.1283424001,0.305935688,0.0003817042,0.0788087017,0.0003815395,0.1220411485,0.0489817665,0,0,0,1,0,0,0,-0.111247986,0.144261032,-0.0058410621,-0.1067302423,-0.1747266337,0.3314279972,0.3616733407,-0.2317303329,-0.3337450701,-0.3072757758,-0.084085507,-0.2776790068,-0.1921894848,-0.0685807289,0.1206109879,-0.2515907835,-0.3463206433,-0.0902085143,0.0162654109
/5/4.mp3,0.0018382353,0.0385376729,0.0018382355,0.644684133,0.0018382354,0.0321731033,0.0018382353,0.0018382353,0.0018382353,0.0018382354,0.1401136544,0.1242708473,0.0018382354,0.0018382354,0.0018382354,0.0018382355,0.9749033994,0.0019305204,0.0019305019,0.00193051,0.0019305083,0.0019305121,0.0019305119,0.0019305089,0.0019305046,0.0019305052,0.0019305019,0.0019305079,0.0019305055,0.0019305019,0.0011810675,0.0011827328,0.0011813872,0.175197672,0.0011815657,0.8177106846000001,0.0011834109,0.0011814794,0,1,0,0,0,0,0,0.0676948748,-0.0967689677,-0.0495238042,0.0166056834,0.0922024212,0.0265397968,0.0443672992,0.0203389954,0.1514302057,0.0050763291,-0.0022339802,3.78809e-05,0.0138130644,0.0534637013,0.0627976459,0.0643856531,0.1949467004,0.0113505185,-0.0091144156
/5/5.mp3,0.0014880954,0.0014880959,0.0014880955,0.0014880955,0.1122624624,0.0014880953,0.0014880953,0.0014880953,0.0014880953,0.5139880154,0.0467636772,0.1752355441,0.1044596508,0.0014880953,0.0014880954,0.0324096961,0.3526916124,0.001519769,0.0015197568,0.0015197617,0.0015197614,0.4745158103,0.0015197637,0.0015197618,0.0015197587,0.1560752101,0.0015197568,0.001519761,0.0015197594,0.0015197568,0.000954882,0.0909262041,0.4948477738,0.2880177266,0.000955648,0.122386994,0.0009550043,0.0009557674,1,0,0,0,0,0,0,0.0107073477,-0.0208125045,0.0603406086,0.0269794413,-0.0613210932,0.0401122393,0.0495814548,0.0619240704,0.0269281882,0.060722798,0.0158941697,-0.0183320157,0.0973477971,-0.0249213146,0.0703373699,0.0541990712,0.0551807018,0.0958722885,0.0169091863
/5/1.mp3,0.0011574075,0.0011574074,0.001157408,0.0011574077,0.0011574074,0.0011574074,0.0011574074,0.0011574113,0.0011574074,0.6148765478,0.0011574081,0.0011574093,0.0011574075,0.0011574078,0.3689197404,0.0011574075,0.0013227574,0.715028957,0.0013227513,0.0013227561,0.0013227545,0.0013227568,0.269097996,0.0013227547,0.0013227527,0.0013227532,0.0013227513,0.0013227544,0.0013227532,0.0013227513,0.0008071503,0.4404319931,0.0880805209,0.0008077085,0.0008078593,0.0008080508,0.0963637941,0.371892923,0,0,0,0,0,0,1,0.1090378038,-0.1854256875,0.0081882556,0.0709036209,0.1196103238,-0.135477188,-0.0238620532,0.0061841257,0.2567416854,0.1562475688,-0.1449787636,-0.0183778645,0.1459920339,-0.1003488917,-0.1191513726,-0.0442309349,0.0084097821,-0.0100787758,-0.2733896761
/5/2.mp3,0.0027173914,0.0027173913,0.0431046397,0.0027173913,0.0027173913,0.0027173913,0.9188518748,0.0027173913,0.0027173984,0.0027173913,0.0027173913,0.0027173913,0.0027173913,0.0027173913,0.0027173913,0.0027173913,0.2425856809,0.0029762112,0.0029761905,0.0029762,0.1974761103,0.181557869,0.1830762699,0.0029761998,0.002976194,0.1685182974,0.0029761905,0.0029761983,0.0029761976,0.0029761905,0.0018666031,0.0018669281,0.0796590233,0.001868255,0.0018679557,0.0018699603,0.0018676503,0.9091336241,0,1,0,0,0,0,0,-0.196169318,0.0710975973,-0.1342437513,-0.2312112905,-0.340670828,0.0764967363,0.2348278579,-0.1076165319,-0.3342914876,-0.1032583127,0.0331651362,-0.2593290251,-0.3079665971,-0.2234129385,0.0556590999999999,-0.174885738,-0.1916973716,-0.1522232091,0.025140282
/5/3.mp3,0.0263823427,0.0004251702,0.3245534781,0.0004251702,0.452093991,0.0144893808,0.0004251701,0.0201396906,0.0004251705,0.1067459094,0.0517686748,0.0004251707,0.0004251706,0.0004251701,0.0004251701,0.0004251702,0.3540905113,0.2435991821,0.0004492363,0.1422955969,0.0294923422,0.0120845167,0.043044945,0.0004492377,0.0149751548,0.0004492369,0.0004492363,0.1577223299,0.0004492376,0.0004492363,0.3182437035,0.0550717225,0.0126960138,0.3780904498,0.1010905447,0.0002740252,0.0484376164,0.086095924,0,0,0,0,1,0,0,0.0919224389,-0.2488376872,-0.2291092053,0.0861068263,0.0036966677,-0.0830760895,-0.0091188221,0.043644709,0.1326814174,0.0680847204,-0.0102135814,-0.0214796276,0.0266425579,-0.0219283891,0.036011612,0.0061011285,-0.0961913782,-0.0078631142,-0.0740904916
/14/7.mp3,0.00125,0.0012500001,0.0012500001,0.3948947503,0.00125,0.00125,0.0012500001,0.0012500021,0.2760266087,0.00125,0.0012500004,0.00125,0.0012500001,0.0741655407,0.2399130973,0.0012500001,0.5181711543,0.0802804398,0.0014285714,0.0014285769,0.3858340849,0.0014285785,0.0014285784,0.0014285764,0.0014285733,0.0014285737,0.0014285714,0.0014285757,0.001428574,0.0014285714,0.000881184,0.4125080084,0.0008817753,0.1813874817,0.0008817767,0.1820803335,0.2204978734,0.000881567,0,0,0,0,0,1,0,-0.12225349,0.0776413148,0.0767948616,-0.0416723227,-0.1120195089,0.0763970979,-0.1972875047,-0.0371059717,-0.0079289856,-0.1003009236,0.0478701826,0.1551711395,-0.1423872485,-0.0353258958,-0.1399059619,-0.1074690328,-0.2578716407,0.1016997448,0.1144784463
/14/6.mp3,0.0787687714,0.0017361118,0.1464199487,0.0017361137,0.2717300063,0.0017361112,0.0017361112,0.0017361112,0.0017361113,0.0017361113,0.0268781363,0.0017361114,0.246563168,0.0017361111,0.0357541048,0.1782608602,0.4008314035,0.4541495038,0.0015197568,0.0736924632,0.0321655271,0.0015197639,0.0015197639,0.0015197619,0.0254832626,0.001519759,0.0015197568,0.0015197611,0.0015197595,0.0015197568,0.0757160165,0.0361117743,0.0009414738,0.2949043694,0.1424983841,0.2241933221,0.22469296,0.0009416999,0,0,0,0,0,1,0,-0.0262020486,0.0375815431,-0.0219833239,0.0397191928,-0.0077957269,0.0625008315,-0.0011111579,-0.0490695264,0.019056072,0.0026319203,0.0716367785,0.0658085049,-0.0014954353,-0.0090433378,-0.1246744367,-0.0317816667,-0.0562858249,0.0133362888,0.1062567216
/14/4.mp3,0.0005896226,0.0005896227,0.0005896227,0.0005896227,0.0005896227,0.1366943235,0.0005896226,0.0005896235,0.0005896226,0.0100402463,0.81725118,0.0289387772,0.0005896226,0.0005896229,0.0005896227,0.0005896227,0.0006265718,0.7899626104,0.0006265664,0.0609705947,0.0136057199,0.0006265694,0.0006265695,0.0006265687,0.0006265672,0.0432436101,0.0006265664,0.0865783514,0.0006265676,0.0006265664,0.0003838033,0.0363960081,0.0003841095,0.0003841496,0.2350062842,0.2066923821,0.5203691939,0.0003840693,0,0,0,1,0,0,0,-0.3431115262,0.1345441314,-0.3367374813,-0.428920015,-0.4016533781,-0.0614168842,-0.0066520841,0.0131253496,-0.4280411592,-0.3298359064,-0.0176395572,-0.4436071853,-0.3960325844,-0.516621749,-0.1901611757,-0.3626125836,-0.2216057338,-0.3925154017,0.2847907305
/14/5.mp3,0.0018939395,0.0018939401,0.0018939395,0.0018939395,0.1326228779,0.0328434916,0.0018939394,0.1391131347,0.0018939394,0.0018939396,0.099226682,0.5753604777,0.0018939403,0.0018939396,0.0018939395,0.0018939396,0.1597494008,0.8157607487,0.0020408163,0.0020408232,0.0020408228,0.0020408259,0.002040826,0.0020408234,0.0020408189,0.0020408192,0.0020408163,0.0020408222,0.0020408199,0.0020408163,0.2441588709,0.1485850884,0.0012781494,0.0012775551,0.3490202983,0.0012777171,0.0012778729,0.2531244479,1,0,0,0,0,0,0,0.158580437,0.065622148,-0.0623273278,0.0408646237,0.0739316807,0.0076863941,-0.1207627728,0.0226443596,0.0936315416,0.0902650214,0.0247125711,-0.1209965886,0.0519798177,-0.1858304294,-0.0768356203,-0.2374181712,-0.1059699052,-0.0814444649,0.0320188399
/14/1.mp3,0.0012500006,0.0012500003,0.4587774278,0.0012500003,0.0012500001,0.00125,0.00125,0.0012500034,0.0012500001,0.0012500003,0.063392969,0.1562475408,0.0012500011,0.0257155061,0.1700582503,0.1133082998,0.0012531559,0.818175981,0.0012531328,0.0012531369,0.0012531372,0.0012531389,0.0012531392,0.1033660462,0.0012531345,0.0646734597,0.0012531328,0.0012531367,0.0012531353,0.0012531328,0.0007769163,0.0635782338,0.1909442501,0.0007778644,0.5452015386,0.1688704517,0.0007771828,0.0290735624,0,0,0,0,0,0,1,-0.0812273532,0.0053098342,-0.1612236615,-0.098848742,-0.0965219321,0.0815997529,-0.145265799,-0.0151048114,-0.1924130016,-0.1173780865,0.038757148,-0.1221600587,-0.2660447098,-0.1568900944,-0.1264112103,-0.0001107481,-0.082200793,-0.1449621763,0.056773156
/14/2.mp3,0.0020833347,0.0020833349,0.0020833339,0.0020833356,0.0833079176,0.0372880392,0.0020833343,0.0020833334,0.0020833337,0.076923913,0.0020833334,0.7026354216,0.0020833347,0.0020833334,0.0769280322,0.0020833345,0.3037165304,0.5826501579000001,0.0021008403,0.0021008475,0.0021008469,0.0021008501,0.0021008502,0.0021008475,0.002100843,0.0021008433,0.0021008403,0.0905240183,0.002100844,0.0021008403,0.1536101335,0.0013047294,0.179665725,0.2406623595,0.0013045359,0.0013046989,0.0013047335,0.4208430843,1,0,0,0,0,0,0,-0.0139378707,0.0679491894,-0.032042822,-0.1199824177,-0.0952665146,0.0181103983,-0.052335468,-0.0935627105,-0.1559588417,-0.0020537826,0.0203013477,-0.2265378759,-0.1036549918,-0.1255869579,-0.1335739266,-0.1288932151,-0.1065486439,-0.1385251749,0.0389998984
/14/3.mp3,0.0013888903,0.0801876512,0.4260453416,0.1345400162,0.0164998918,0.0013888889,0.0013888891,0.0013888889,0.001388889,0.218991662,0.0013888889,0.0739329733,0.0013888912,0.0013888889,0.0013888903,0.0373024583,0.2518681442,0.7309889611,0.0014285714,0.0014285762,0.0014285758,0.001428578,0.0014285781,0.0014285762,0.0014285732,0.0014285735,0.0014285714,0.0014285754,0.0014285739,0.0014285714,0.0008689113,0.1440987213,0.0008697472,0.0008696882,0.0008694442,0.23760936,0.0545779934,0.5602361343,0,0,1,0,0,0,0,0.0026579704,-0.0717447247,-0.0258812227,0.0051053655,-0.1037610551,0.0109682443,-0.0426260789,-0.0250878248,0.0173024638,0.0321034928,0.0138012809,0.1647612925,0.0219272434,0.0023075235,-0.1622495214,0.012406544,-0.0841804313,-0.0433924362,-0.1873866857
/22/7.mp3,0.0010416705,0.0010416668,0.0010416668,0.001041667,0.0010416667,0.0010416667,0.4674099901,0.0319116614,0.2660560701,0.0010416667,0.0010416669,0.0010416667,0.001041667,0.0194467893,0.0010416667,0.2037171505,0.0011520891,0.9850229973,0.0011520737,0.0011520777,0.001152077,0.0011520788,0.0011520788,0.0011520773,0.0011520751,0.0011520754,0.0011520737,0.0011520768,0.0011520756,0.0011520737,0.0007109225,0.1871727516,0.0407141311,0.0007116093,0.2629561161,0.0007115176,0.0007116999,0.5063112517,0,0,0,0,0,1,0,-0.0731998777,0.2525594989,0.0493446474,-0.2376543323,-0.1158037407,0.0424823839,0.0972978801,-0.1768786678,-0.1652045384,-0.1736169343,0.0026536561,-0.2046258966,-0.2282554851,-0.2980267538,-0.273423261,-0.1084117929,-0.0957160289,-0.1610449018,0.0169091863
/22/6.mp3,0.0008802818,0.0008802818,0.0008802817,0.0008802817,0.0534004758,0.0008802817,0.2727279714,0.0008802817,0.4519387125,0.0634978205,0.0008802817,0.0008802818,0.1487519208,0.0008802817,0.0008802817,0.0008802818,0.0009398561,0.6575711149,0.0009398496,0.0009398528,0.0009398524,0.0009398538,0.3311506634,0.0009398526,0.0009398507,0.000939851,0.0009398496,0.0009398522,0.0009398512,0.0009398496,0.1447394425,0.0005773042,0.3401051906,0.2105162327,0.3023303507,0.0005771332,0.0005772966,0.0005770496,0,0,0,0,0,1,0,0.0005220234,0.0589494682,0.0493446474,-0.0574479308,-0.0824908795,0.0424823839,0.0231977174,-0.1822426232,0.0269281882,0.0040980064,-0.0655324372,-0.1560008385,-0.0539248774,-0.19688311,-0.3676382068,-0.122539826,-0.1230247981,-0.2501942623,0.034723008
/22/4.mp3,0.0007102273,0.0007102274,0.7369326893,0.0007102276,0.0007102273,0.0007102273,0.0007102273,0.0007102273,0.0007102273,0.0007102274,0.0007102273,0.0007102274,0.253124128,0.0007102273,0.0007102273,0.0007102275,0.4777682835,0.0008116947,0.0008116883,0.5124914287,0.0008116907,0.000811692,0.000811692,0.0008116908,0.0008116893,0.0008116896,0.0008116883,0.0008116932,0.0008116906,0.0008116883,0.0005022258,0.0005022769,0.0005028407,0.0005027733,0.0005029823,0.2930342308,0.0005024869,0.7039501832,0,0,1,0,0,0,0,-0.186014736,0.0486495082,-0.0631454525,-0.0981471932,-0.1821373809,0.0387932739,0.0189580924,-0.0512939501,-0.1061255714,-0.1650001098,-0.2143977515,-0.0001428893,-0.2467077784,-0.1080947731,-0.2768723398,-0.3149728785,-0.1621178875,0.087713365,-0.1098773376
/22/5.mp3,0.0008333334,0.0008333333,0.6672004787,0.1473067342,0.0008333334,0.0008333333,0.1746594429,0.0008333427,0.0008333335,0.0008333333,0.0008333341,0.0008333333,0.0008333336,0.0008333333,0.0008333336,0.0008333334,0.0008928636,0.1233616902,0.0008928571,0.8659239972,0.0008928599,0.0008928613,0.0008928613,0.0008928601,0.0008928582,0.0008928585,0.0008928571,0.0008928597,0.0008928587,0.0008928571,0.0005483423,0.0005484686,0.0005488035,0.0005491167,0.1160983369,0.0005490231,0.0005486951,0.8806092139,0,0,0,0,1,0,0,-0.1079793573,-0.0958671117,0.0126942145,0.0204228243,0.0281705177,0.0424823839,0.1494760985,-0.0423113078,0.0269281882,0.0040980064,-0.2414120014,0.0682071289,-0.0161874187,0.0738597842,-0.24556972,-0.0266510968,-0.11588387,-0.1021331983,-0.1142317263
/22/1.mp3,0.0004280856,0.0004280823,0.0004280843,0.0004280822,0.9517441026,0.0004280822,0.0004280822,0.0004280822,0.0004280822,0.0004280822,0.0422627382,0.0004280823,0.0004280822,0.0004280822,0.0004280842,0.0004280831,0.0004761924,0.6324506571,0.0004761905,0.0004761922,0.0181510828,0.0691518336,0.0144290834,0.0004761916,0.0004761909,0.0004761913,0.0004761905,0.008885046,0.2531227671,0.0004761905,0.7082070673,0.0428835713,0.2239241282,0.0002903304,0.0002902333,0.0002903553,0.0238239209,0.0002903934,0,0,0,1,0,0,0,-0.1756807578,-0.0387491738,-0.1129055848,-0.1055894043,-0.0168810782,-0.1011197673,-0.1416674143,-0.0835961528,0.0269281882,0.0040980064,-0.1417427813,-0.1121548077,0.0198928627,-0.2025932188,-0.0974636181,-0.2048972579,-0.2678046453,-0.090804998,-0.2198387252
/22/2.mp3,0.0020833356,0.0020833336,0.1233639899,0.0020833333,0.1476858243,0.0020833333,0.0020833341,0.0020833333,0.2372046473,0.466745528,0.0020833333,0.0020833345,0.0020833346,0.0020833333,0.0020833374,0.0020833341,0.432880226,0.3407451534,0.0021645022,0.0021645098,0.0021645088,0.0021645122,0.0021645123,0.0021645094,0.0021645048,0.0021645053,0.0021645022,0.1653356845,0.0393938671,0.0021645022,0.001345662,0.0957843884,0.2094679023,0.256159254,0.0013466403,0.001346523,0.001347631,0.433201999,1,0,0,0,0,0,0,0.0106419863,-0.0647541583,-0.0327770562,-0.0076131679,0.1451977287,0.1683944531,0.0473863875,0.0778848069,0.036301564,-0.0130852643,-0.0624113343,-0.3451343161,-0.03842686,-0.0136177484,-0.2565530315,-0.0552284361,-0.0800575281,-0.2782235471,-0.1174584451
/22/3.mp3,0.0010245903,0.0010245904,0.0010245903,0.0214203438,0.0010245903,0.0010245902,0.0010245902,0.0010245902,0.0010245902,0.9642353908,0.0010245902,0.0010245914,0.0010245908,0.0010245902,0.0010245903,0.0010245905,0.6526976523,0.3332507947,0.0011709602,0.0011709642,0.0011709638,0.0011709656,0.0011709656,0.0011709641,0.0011709616,0.0011709619,0.0011709602,0.0011709635,0.0011709622,0.0011709602,0.000718862,0.0007196214,0.0007198031,0.4187530863,0.0007196941,0.3484760269,0.0007190889,0.2291738172,0,0,0,0,1,0,0,0.0278636262,0.084440869,0.0078206512,0.0882421156,0.0756706748,-0.0401003055,0.0714749754,-0.0423113078,-0.0935065039,0.0040980064,-0.158958714,-0.0238516821,0.005407971,0.0405243179,-0.2539700319,-0.0130960011,-0.0497660935,-0.2057599902,-0.1714718934
/25/7.mp3,0.0021551729,0.0021551724,0.002155173,0.0664373567,0.0693568648,0.0021551724,0.0021551747,0.0021551725,0.4660240538,0.0021551729,0.0021551724,0.0021551755,0.0021551732,0.0021551724,0.3723196432,0.0021551772,0.0023809677,0.7357089324,0.0023809524,0.0023809607,0.0023809591,0.2357195746,0.0023809628,0.0023809597,0.0023809552,0.0023809558,0.0023809524,0.0023809587,0.0023809561,0.0023809524,0.2201301504,0.1678231623,0.3890863796,0.0015077341,0.0015083122,0.0015083675,0.2169276226,0.0015082714,0,0,0,0,0,1,0,0.0909341905,0.0589494682,0.0493446474,-0.0574479308,0.0765897995,0.0352335577,0.0231977174,-0.0423113078,0.0269281882,-0.0142356258,0.0331651362,0.0789644039,0.0072356178,0.0194744947,0.0370367452,-0.0266510968,-0.1168901944,-0.0978587276,0.0169091863
/25/6.mp3,0.000568182,0.0005681821,0.1274639708,0.0005681822,0.209205793,0.0005681819,0.0005681818,0.0005681818,0.0005681818,0.0005681826,0.4527976106,0.1360049464,0.0005681821,0.0005681818,0.0682776769,0.000568182,0.0006211229,0.3465299872,0.000621118,0.0006211201,0.0556437832,0.0626089002,0.1284890868,0.00062112,0.0006211188,0.3510485358,0.000621118,0.0006211197,0.0507107513,0.000621118,0.198131635,0.2477699828,0.3110600277,0.0003818246,0.0003816731,0.000381918,0.0816614746,0.1602314642,0,0,0,1,0,0,0,-0.3168473282,-0.1119940874,-0.0211591746,-0.2406511251,-0.3965915768,-0.1260515601,-0.1041996565,-0.3695890032,-0.3557998776,-0.3542469452,-0.3277769304,-0.3176363714,-0.4378018535,-0.3951145184,-0.2277577574,-0.4161146716,-0.500191029,-0.2070783156,0.0169091863
/25/4.mp3,0.0009328363,0.0009328359,0.1284774893,0.0009328358,0.0009328359,0.0009328358,0.2330015162,0.0009328358,0.1728031119,0.3767261314,0.0009328358,0.0009328359,0.0009328361,0.0009328358,0.0787305561,0.000932836,0.2148793459,0.3950757469,0.0009784736,0.0009784769,0.1389022476,0.2133831134,0.0289532701,0.0009784769,0.0009784748,0.000978475,0.0009784736,0.0009784763,0.0009784754,0.0009784736,0.0005987051,0.0005994135,0.0005992001,0.3373849556,0.0005991865,0.0005992401,0.1287425223,0.5308767767,0,0,1,0,0,0,0,-0.0707798856,0.0589494682,0.011275849,-0.0469536156,-0.0824908795,0.0346272902,0.0240436422,0.0105328306,-0.0506251583,0.0040980064,-0.178874103,-0.1925721418,-0.0405139877,-0.0017401209,0.0572733867,-0.0241665894,0.096987902,-0.1149369468,-0.1292481234
/25/5.mp3,0.0011363636,0.5971233152000001,0.0011363637,0.0011363637,0.0011363637,0.0011363637,0.0011363636,0.2196379992,0.0011363636,0.0011363637,0.0011363651,0.0011363637,0.0011363637,0.0941746396,0.0011363636,0.0754276806,0.3129159418,0.224882007,0.0012315271,0.0012315314,0.0012315308,0.2210740453,0.0820168349,0.0012315311,0.0206719004,0.1285870343,0.0012315271,0.0012315319,0.0012315298,0.0012315271,0.0007681629,0.0857280643,0.3525959587,0.0007683078,0.3269128568,0.1428182823,0.0213763182,0.0690320489,0,0,0,1,0,0,0,-0.1079793573,-0.0915312588,0.0493446474,-0.1106442601,-0.0824908795,-0.0589482815,-0.1176389712,-0.0423113078,-0.0766151363,-0.2374898552,-0.0026256298,-0.1249874972,-0.1924095565,-0.098828169,-0.0005060968,-0.1252608114,-0.1883430643,-0.0799526665,0.0149315319
/25/1.mp3,0.9409980715,0.0009057972,0.0009057979,0.0009057971,0.0009057972,0.0009057971,0.0009057972,0.0009057971,0.0009057972,0.0009057973,0.0009057971,0.0009057972,0.0009057979,0.0009057971,0.0463207665,0.0009057974,0.5123250368,0.0010060447,0.0010060362,0.0010060402,0.2235426779,0.0010060413,0.253065858,0.0010060397,0.0010060375,0.0010060379,0.0010060362,0.0010060392,0.0010060381,0.0010060362,0.0006191173,0.0006192221,0.152566534,0.4003722434,0.0006196801,0.1851613183,0.0006193563,0.2594225286,0,0,1,0,0,0,0,-0.1534059236,-0.0544898754,0.0565068503,-0.1679022508,-0.167083414,0.0700024113,0.073888843,-0.1354609514,-0.1452460273,-0.0786374821,-0.103313532,-0.0365020512,-0.0249264755,0.026073237,-0.1322693117,0.0196430881,0.0506866247,-0.0019699684,-0.123978843
/25/2.mp3,0.0012254902,0.0012254904,0.0012254902,0.0012254903,0.0012254902,0.5034211487,0.0012254902,0.2831921166,0.0012254902,0.0012254902,0.1974553616,0.0012254902,0.0012254902,0.0012254904,0.0012254902,0.0012254902,0.0014005863,0.9817926524,0.0014005602,0.0014005648,0.0014005649,0.0014005669,0.0014005671,0.0014005654,0.0014005621,0.0014005622,0.0014005602,0.0014005644,0.0014005628,0.0014005602,0.0008682042,0.0008684112,0.0008689214,0.0008695351,0.146358905,0.1231878122,0.0008687526,0.7261094583000001,0,0,0,0,0,0,1,-0.1668405248,-0.0880930286,-0.0614989267,-0.1292984134,0.0692701284,-0.1281675365,-0.2219319591,-0.1560391332,-0.1666491759,-0.1736804516,-0.1089716721,-0.059164622,-0.0925821155,-0.2164003686,0.0207101933,0.0191845513,0.0506866247,-0.1524340542,-0.2651107408
/25/3.mp3,0.0007812503,0.00078125,0.3690074515,0.0007812501,0.00078125,0.00078125,0.00078125,0.0580469167,0.00078125,0.0007812517,0.0007812502,0.5627893781000001,0.0007812504,0.0007812501,0.0007812507,0.0007812502,0.0535866558,0.0343932631,0.0007849294,0.0007849322,0.0007849319,0.9033858399,0.0007849333,0.0007849322,0.0007849304,0.0007849306,0.0007849294,0.0007849317,0.0007849308,0.0007849294,0.0004774057,0.0864246958,0.0004778846,0.3909395099,0.2288313456,0.0004779896,0.0004776358,0.2918935329,0,0,0,0,1,0,0,-0.0500350074,-0.1075664412,-0.0776930209,0.0280691599,0.0263665408,0.0242229203,-0.00652964,-0.0158148292,0.0269281882,0.0717653295,-0.0229323761,0.0445129253,0.0240942618,0.1105997066,0.085482523,0.003197387,0.1332802335,0.0681001115,-0.1311509139
