filename,timbre_topic_0,timbre_topic_1,timbre_topic_2,timbre_topic_3,timbre_topic_4,timbre_topic_5,timbre_topic_6,timbre_topic_7,timbre_topic_8,timbre_topic_9,timbre_topic_10,timbre_topic_11,timbre_topic_12,timbre_topic_13,timbre_topic_14,timbre_topic_15,chroma_topic_0,chroma_topic_1,chroma_topic_2,chroma_topic_3,chroma_topic_4,chroma_topic_5,chroma_topic_6,chroma_topic_7,chroma_topic_8,chroma_topic_9,chroma_topic_10,chroma_topic_11,chroma_topic_12,chroma_topic_13,loudness_topic_0,loudness_topic_1,loudness_topic_2,loudness_topic_3,loudness_topic_4,loudness_topic_5,loudness_topic_6,loudness_topic_7,Apps,Consumer,Future,Health,Home,Mobility,Os,having_finished_successfully,having_a_problem,process_ongoing,being_ready,having_news,being_empty,shutting_down,urgency_reminder,encouraging_confirmations,starting_prompts,waiting_prompts,sophistication,positivity,progressiveness,dominance,solidity,purity,playfulness,negative_warnings
/61/7.mp3,0.0010080647,0.0010080653,0.0010080647,0.0010080645,0.0010080647,0.9848790244000001,0.0010080646000000001,0.0010080645,0.0010080646000000001,0.0010080648,0.0010080667,0.0010080649,0.0010080673,0.0010080645,0.0010080645,0.0010080653,0.1530956466,0.8330794383000001,0.0011520737,0.0011520776,0.0011520773,0.001152079,0.0011520791000000001,0.0011520776,0.0011520752,0.0011520754,0.0011520737,0.001152077,0.0011520757,0.0011520737,0.0007107621,0.1333584256,0.023611518600000003,0.0007116065,0.1958284456,0.0007113002000000001,0.0007108605000000001,0.644357081,0,1,0,0,0,0,0,0.3495848576,-0.2475775305,-0.0293408066,0.1731680912,0.38653594100000005,-0.1685124183,-0.2007293558,0.3115471978,0.0932985202,-0.0761358397,0.025491123900000003,0.11251771810000001,0.2447351676,0.10641891120000001,0.043519808300000004,0.2545721328,0.3252339314,0.1435735544,-0.12967866690000002
/61/6.mp3,0.0007621951,0.2824010112,0.0007621951,0.0007621953,0.1252233023,0.0007621952,0.0007621951,0.0007621951,0.0007621951,0.0007621951,0.0299321322,0.0007621952,0.0007621951,0.5532972124000001,0.0007621951,0.0007621952,0.24137259960000002,0.748174416,0.0008710801,0.0008710831000000001,0.0008710828000000001,0.0008710841000000001,0.0008710842,0.000871083,0.0008710812000000001,0.0008710814,0.0008710801,0.0008710826,0.0008710816,0.0008710801,0.0005303131000000001,0.076591331,0.0005305339,0.3108709536,0.0005305692,0.058222760900000003,0.5521929531,0.0005305851,0,0,0,1,0,0,0,-0.2042447305,-0.030982313,-0.0149000876,-0.16904416490000002,-0.07848504590000001,0.019870412400000002,-0.0603414291,-0.0423113078,-0.3145148671,-0.23031008260000002,-0.016602415500000002,-0.1584014776,-0.036511657,-0.1061347583,-0.0046160831000000005,-0.0266510968,-0.094113928,-0.1164149268,0.0169091863
/61/4.mp3,0.07415946450000001,0.0004496403,0.0340743918,0.0004496403,0.0004496403,0.0004496403,0.0004496406,0.0004496403,0.5544568515,0.0004496405,0.0004496403,0.0004496405,0.0004496403,0.0004496403,0.20330947,0.1290537783,0.00047619430000000004,0.3271631974,0.00047619050000000004,0.0004761921,0.6150957285,0.00047619270000000003,0.00047619270000000003,0.0004761921,0.00047619110000000003,0.0004761912,0.00047619050000000004,0.0004761918,0.0525029646,0.00047619050000000004,0.0002902618,0.1726398265,0.54113161,0.2847764298,0.0002905517,0.00029040850000000004,0.0002904341,0.0002904776,0,1,0,0,0,0,0,-0.0004555401,-0.3688861144,-0.0306946718,0.3103536501,-0.0824908795,-0.3114359673,0.0231977174,-0.0572678485,-0.0200250511,0.0696735448,-0.207602423,0.0912979795,0.110834583,0.0875863976,0.002091163,0.1139193445,-0.0520230599,0.0940014306,-0.3246957065
/61/5.mp3,0.000466418,0.00046641790000000004,0.000466418,0.00046641790000000004,0.10136664690000001,0.0004664183,0.0532627722,0.13672302790000002,0.0004664183,0.00046641790000000004,0.000466418,0.00046641790000000004,0.0004664184,0.0093226526,0.6941943018000001,0.00046641790000000004,0.0004793883,0.9144831412000001,0.0004793864,0.0004793881,0.0004793875,0.0004793883,0.0797642114,0.0004793875,0.00047938690000000003,0.00047938710000000004,0.0004793864,0.0004793875,0.000479387,0.0004793864,0.1046693769,0.1171067261,0.1849826671,0.00029263010000000003,0.0002925846,0.0002926749,0.41997285360000003,0.1723904867,0,0,0,0,0,1,0,-0.1809622254,-0.0354519986,0.27892018760000004,-0.28459922,-0.1335294142,-0.0842378701,-0.059365956600000006,-0.1302295695,-0.29077740760000004,-0.1425870501,0.2072396361,0.0167326912,-0.1079215785,0.0058698676,0.0740214893,-0.0266510968,-0.11674281160000001,-0.030286646900000002,-0.0237396277
/61/1.mp3,0.0005,0.0005000002,0.0005000008000000001,0.0753588343,0.0005000009,0.0005,0.0005,0.0005,0.0005,0.7691559186,0.06430245030000001,0.0005000006,0.0005000003,0.0171105554,0.06857223850000001,0.0005000001,0.25333978890000003,0.28126509310000003,0.0005330490000000001,0.0005330508,0.21579582730000002,0.035218911900000004,0.015603417500000001,0.0005330508,0.0005330497,0.1945125621,0.0005330490000000001,0.0005330505,0.00053305,0.0005330490000000001,0.0186897109,0.0580995967,0.15251411,0.00032354570000000003,0.2269892679,0.1542215448,0.0474738672,0.34168835680000004,0,0,0,0,1,0,0,0.0468284767,-0.48324499130000004,0.1362525078,0.1412314831,0.004842651,-0.4536428159,-0.10545873160000001,-0.10714772,-0.0638806609,0.1662781455,-0.1446875115,0.0711453885,0.2492681864,0.0115715064,-0.1120574839,0.0194693505,-0.0361935663,0.0321279332,-0.34875355420000004
/61/2.mp3,0.0010416672,0.2245764576,0.001041667,0.0010416675,0.0940253534,0.09564066210000001,0.0010416671,0.0325097372,0.0010416668,0.4315511591,0.0010416684,0.0609931816,0.0010416680000000002,0.0010416669,0.051328443,0.0010416673000000001,0.6398510642,0.1837760163,0.0011520737,0.0011520778,0.1637000815,0.0011520791000000001,0.0011520791000000001,0.0011520776,0.0011520752,0.0011520754,0.0011520737,0.001152077,0.0011520757,0.0011520737,0.0007191423,0.16494394140000002,0.0786084799,0.12175297700000001,0.0007195253,0.5868813548,0.045655109900000004,0.0007194693,0,0,0,0,1,0,0,0.3032429678,-0.1898327169,0.0512046367,0.31464383290000003,0.1576778515,-0.1841265269,-0.0636158399,0.2002150927,0.21499329050000002,0.23068405150000001,-0.1911806388,0.023403131900000002,0.0496203007,0.0194744947,-0.0265016297,0.041943339,0.1183475253,-0.0454151333,-0.24504621340000002
/61/3.mp3,0.0041666667,0.0041666677000000004,0.004166667000000001,0.0041666667,0.0041666667,0.0041666668000000006,0.0041666667,0.5439091158,0.0041666667,0.0041666669,0.1288263776,0.2730978381,0.0041666668000000006,0.0041666667,0.0041666667,0.0041666667,0.5966655697000001,0.0047619375000000005,0.0047619048,0.2153105146,0.0047619192,0.0047619257,0.1356428458,0.0047619205,0.0047619105,0.004761911000000001,0.0047619048,0.0047619177,0.004761913400000001,0.0047619048,0.22082077630000002,0.10405781800000001,0.2867904791,0.0032107083,0.0032123339000000002,0.1025335026,0.2761626196,0.0032117622,0,0,0,0,0,0,1,-0.17353977680000002,0.2440135437,-0.0688286161,-0.21165925100000002,-0.1294862681,0.1796168817,0.211117994,0.0039097747,-0.25572911060000003,-0.2570820998,0.1850461542,-0.1549990494,-0.1697959725,-0.0095476638,0.06322327600000001,-0.0111386125,-0.0318516297,-1.49426e-05,0.2745249318
/95/7.mp3,0.0014880953000000001,0.0014880953000000001,0.0014880954,0.0014880953000000001,0.0014880953000000001,0.0014880952000000001,0.0014880952000000001,0.0014880952000000001,0.0014880952000000001,0.8972793967,0.0014880952000000001,0.0818872692,0.0014880957,0.0014880952000000001,0.0014880952000000001,0.0014880954,0.0017006917,0.0017006941,0.0017006803,0.0017006866,0.0017006853,0.9778910942000001,0.0017006881000000001,0.0017006858,0.0017006824000000002,0.0017006829000000001,0.0017006803,0.0017006850000000002,0.0017006831,0.0017006803,0.0010510599000000001,0.0010522362,0.48948404370000004,0.1308658556,0.2722100153,0.0010520763,0.0010513996,0.1032333133,0,0,0,0,0,0,1,0.0553090039,0.17939713100000002,0.11637502100000001,-0.0258928257,0.0804623029,0.1803234635,0.1024055452,0.12744211190000002,0.1918726881,0.16450193470000002,0.1992650587,0.09871755880000001,0.1462693499,0.0837897288,0.0545312124,-0.0013816879,0.1366903142,0.1161858721,0.26993135700000004
/95/6.mp3,0.00390625,0.00390625,0.0039062502,0.00390625,0.0039062501000000005,0.00390625,0.00390625,0.31640625,0.00390625,0.1326766577,0.00390625,0.5001358419,0.00390625,0.00390625,0.00390625,0.00390625,0.4877351124,0.1995993926,0.0037593985000000003,0.0037594128,0.2713120173,0.0037594173000000002,0.0037594172,0.0037594118,0.0037594035000000003,0.0037594045,0.0037593985000000003,0.0037594098000000003,0.0037594053,0.0037593985000000003,0.0023597633,0.0023617367,0.6147993767000001,0.0023620405,0.3710290462,0.0023642875000000002,0.0023610054,0.0023627437000000003,1,0,0,0,0,0,0,0.0592915897,0.141175572,0.1181016988,0.0316404338,0.0819395593,0.08641432210000001,0.0955982207,0.1185194873,0.0576205106,0.0918004936,0.2225214077,0.0760840557,0.1870844713,0.0367394866,-0.0181785015,0.0976524612,0.0506866247,0.1394864368,0.17330205810000002
/95/4.mp3,0.4030846736,0.0041666667,0.1304072752,0.0041666668000000006,0.0041666667,0.0041666667,0.0041666667,0.0041666667,0.0041666667,0.20649637070000001,0.0041666667,0.0041666667,0.0041666667,0.0041666667,0.2100116796,0.0041666674,0.3536754643,0.0044643246,0.0044642857,0.0044643038000000005,0.0044643009,0.004464309200000001,0.5927529585,0.0044643022,0.0044642919,0.0044642932,0.0044642857,0.0044642998,0.0044642945,0.0044642857,0.0029091169,0.4790307608,0.5035080231,0.0029117826,0.0029095023,0.002912034,0.0029087535,0.0029100269,0,1,0,0,0,0,0,0.0904458382,0.14267020900000002,0.1761567943,0.0615167447,0.1340814207,0.25744141600000003,0.15595380720000002,0.1066561594,0.1096837538,0.058590108700000004,0.2262258544,0.0991146675,0.029628250000000002,0.0845854384,0.0760687542,0.1314019783,0.0994748101,0.1864488497,0.0778135269
/95/5.mp3,0.0009920635,0.0009920638000000001,0.0009920635,0.0009920635,0.0009920635,0.0009920641,0.0009920635,0.9851190423,0.0009920635,0.0009920635,0.0009920675,0.0009920635,0.0009920635,0.0009920637,0.0009920635,0.0009920635,0.3050236676,0.5431787533,0.0011160714,0.0011160752,0.0011160749,0.0011160766000000001,0.0011160766000000001,0.0011160752,0.0011160728000000001,0.019076641300000002,0.0011160714,0.0011160746,0.1215601978,0.0011160714,0.0006877028,0.06840016780000001,0.22406638950000002,0.1955707556,0.0023783303,0.2809057392,0.06855547840000001,0.1594354363,0,0,0,0,0,0,1,0.13220443,0.0427121747,0.14072567360000002,0.08535143390000001,0.0291891237,0.0925308803,0.0250293114,0.1546983931,0.1068498284,0.0860797442,0.1679148665,0.1680753636,0.19096725950000001,0.17764256320000002,0.0426317178,0.0383296718,0.1178564809,0.1817441722,0.036186984400000004
/95/1.mp3,0.0022321429,0.0022321431000000003,0.0022321429,0.0022321429,0.0022321429,0.6928429212,0.0022321429,0.1098712502,0.0022321429,0.0022321429,0.1682679713,0.0022321429,0.0022321429,0.0022321429,0.0022321429,0.0022321429,0.1721930115,0.6227347299,0.0025510204,0.0025510291000000003,0.0025510286,0.1770109771,0.0025510327,0.0025510294,0.0025510238,0.0025510241000000003,0.0025510204,0.0025510278000000003,0.002551025,0.0025510204,0.0015830048,0.0015837077,0.7258969847000001,0.11402094360000001,0.1521603932,0.001585793,0.0015838291,0.0015853439,0,1,0,0,0,0,0,0.078802509,0.014884971700000001,0.1001074925,0.0657386021,0.16109544550000002,-0.1374817502,-0.1010915285,0.2879547832,0.131862484,0.1978678657,0.0556825285,0.1750374746,0.3936032876,0.1676407577,0.034724360100000004,0.23615453120000002,0.21802213280000002,0.2348681353,-0.15958056580000002
/95/2.mp3,0.0008223685,0.0008223688,0.0900872437,0.0008223685,0.0008223685,0.0008223685,0.0008223684,0.2403109112,0.0008223684,0.0008223686000000001,0.1002119073,0.4956133556,0.06473052850000001,0.0008223684,0.0008223684,0.0008223687,0.449328732,0.214255872,0.0009157509,0.0009157541,0.196019563,0.1312383067,0.0009157552,0.0009157540000000001,0.0009157521000000001,0.0009157522,0.0009157509,0.0009157535,0.0009157525,0.0009157509,0.135467984,0.0395799105,0.0005640833,0.37650451300000004,0.2524049174,0.1289077949,0.0005638776,0.06600691930000001,0,0,0,0,1,0,0,0.2363987568,0.104571803,0.11216873690000001,0.1633647557,0.0480410703,0.1778947619,0.0599754907,0.0673745063,0.0422969346,0.0511316223,0.0833298593,0.0816199835,-0.012945777200000001,0.0821869236,0.2011721027,0.0992234624,0.1966480459,0.1761504972,0.2559394801
/95/3.mp3,0.0015243902,0.0015243906,0.0015243902,0.0015243903000000001,0.0015243903000000001,0.1023730078,0.0015243902,0.6239013364,0.0015243902,0.0015243902,0.1309701473,0.0015243903000000001,0.09952057880000001,0.0264666365,0.0015243903000000001,0.0015243902,0.21183003960000002,0.0015528088,0.001552795,0.0015528015,0.0015528003000000001,0.0015528032,0.0015528031,0.4707870058,0.0015527972000000001,0.0015527977,0.001552795,0.3003021597,0.0015527980000000002,0.001552795,0.3712038996,0.10756411860000001,0.0009631091,0.024245722,0.0009634482000000001,0.114986135,0.0009632715,0.379110296,0,0,0,0,0,0,1,0.0202163045,0.2568874917,0.0826549984,-0.0533029805,0.0575970904,0.1333573092,0.0365404515,-0.0116627215,0.0255536679,0.0040980064000000005,0.1239526803,0.3026376968,0.26163530760000003,0.1763887601,0.11429815830000001,0.14453910250000002,0.14794805360000002,0.20354937920000002,0.155928968
/59/7.mp3,0.0013020834,0.001302084,0.0013020835,0.0329769122,0.0373970308,0.0013020834,0.0013020834,0.0013020841,0.0013020834,0.3553425954,0.2064169739,0.33099233440000003,0.0013020842,0.0238533165,0.0013020835,0.0013020838,0.5162682005,0.1336812667,0.0013477089,0.0013477137,0.16022029540000002,0.0013477153,0.0013477153,0.0301502296,0.0013477106,0.0013477109,0.0013477089,0.0013477128,0.14755060250000002,0.0013477089,0.0008283993000000001,0.1827056096,0.0963757268,0.5242953445,0.0008292829000000001,0.0008293422,0.0008287925,0.1933075022,0,0,0,0,0,0,1,-0.1593115212,-0.4190038424,-0.4556834442,-0.060806549800000005,-0.11541227820000001,-0.181926777,-0.16013312400000002,-0.0670256837,-0.1246513212,-0.0358461932,-0.2723659332,-0.3071786177,-0.1493918065,-0.2746480309,-0.4411661304,-0.2652168843,-0.1398488302,-0.2801818113,-0.4611206618
/59/6.mp3,0.0009765626,0.0009765627,0.0009765626,0.0009765634,0.7931415268,0.0009765625,0.0495490179,0.0009765625,0.0009765627,0.0009765651,0.0009765625,0.11245883270000001,0.0009765647,0.0009765625,0.0331318655,0.0009765629000000001,0.2755155852,0.7116912099,0.0010660981,0.0010661017,0.0010661014,0.001066103,0.001066103,0.0010661016,0.0010660994,0.0010660996,0.0010660981,0.0010661011,0.0010660999000000001,0.0010660981,0.0006517228,0.1588049954,0.2698670265,0.5384328036,0.0006522369,0.0006521119,0.030286838200000003,0.0006522647000000001,0,0,0,0,1,0,0,-0.4444735325,-0.21737452440000002,-0.1673700826,-0.0913163645,-0.0766576898,-0.1081832606,-0.1650507121,-0.036631992700000005,-0.3702270105,-0.4335005127,0.0117840513,-0.279888138,-0.0329999667,-0.3719355548,-0.3745757153,-0.24899163940000002,-0.0362692,-0.2941381303,-0.206354591
/59/4.mp3,0.1728849036,0.0015243913,0.3809164372,0.2577147285,0.0564757064,0.0015243904,0.0015243905,0.0015243918,0.0015243904,0.0637072497,0.026550320500000002,0.0015243908,0.0015243934,0.0280311325,0.0015243914,0.0015243915000000001,0.7705253391,0.2099940934,0.0016233766000000001,0.0016233825,0.0016233813,0.001623384,0.0016233839,0.0016233816000000001,0.0016233785000000001,0.001623379,0.0016233766000000001,0.0016233857,0.0016233810000000001,0.0016233766000000001,0.0010087513,0.0979750459,0.1639256599,0.2122275558,0.0575557838,0.4652880548,0.0010091872,0.0010099613,0,0,0,0,1,0,0,-0.2024322352,-0.3675796932,-0.06973166880000001,-0.2628301827,-0.1761004365,-0.342892629,-0.2169880579,-0.0492832857,-0.2374369202,-0.0313525298,-0.38025378600000004,-0.1450098588,-0.1650919907,-0.2625265574,-0.305381513,-0.0607720231,-0.057794796700000005,-0.1497686645,-0.3120722294
/59/5.mp3,0.21729414600000002,0.0003633721,0.1331279398,0.0003633721,0.0003633721,0.0003633721,0.0003633722,0.0003633721,0.46167430610000004,0.0003633722,0.0003633721,0.0920871285,0.0003633724,0.0003633721,0.00036337260000000003,0.0918193853,0.1982579484,0.30664778470000004,0.00038610040000000003,0.0185366382,0.3138641149,0.0003861021,0.054035343900000005,0.0003861017,0.0648214627,0.0132750257,0.00038610040000000003,0.00038610150000000003,0.0282450751,0.00038610040000000003,0.0002359633,0.00023604,0.3330979669,0.1459892046,0.49868557300000005,0.0212829462,0.00023604300000000002,0.0002362629,0,1,0,0,0,0,0,-0.4378260774,-0.3201923078,0.0530765453,-0.46329349870000003,-0.4964619149,-0.4600724731,-0.2362718308,-0.29303957,-0.1647877046,-0.13524911820000002,0.0440907766,-0.2629878724,-0.23703650380000002,-0.37302458400000005,-0.13949589310000002,-0.4088332749,-0.37409937320000003,-0.2558524713,-0.3559516695
/59/1.mp3,0.0022321432,0.0022321436,0.0022321434,0.1243722227,0.0022321431000000003,0.0022321429,0.2999272014,0.0022321429,0.0022321433,0.1736507601,0.0022321429,0.0022321434,0.0022321474,0.2281631215,0.1493331143,0.0022321441,0.3125243146,0.6568633726,0.0025510204,0.0025510291000000003,0.0025510284,0.0025510323,0.0025510324,0.0025510291000000003,0.0025510236,0.0025510241000000003,0.0025510204,0.0025510277000000002,0.0025510249,0.0025510204,0.0015834729000000001,0.0946869134,0.3693901475,0.2946595569,0.0015852075,0.2349254197,0.0015839665,0.0015853156,0,0,0,0,0,1,0,-0.3994535994,-0.055453157600000004,-0.21128090570000002,-0.2950356752,-0.22310985660000002,-0.0514908861,-0.1534279004,-0.2283094844,-0.4363435699,-0.42538593680000003,-0.0686252099,-0.44188136720000004,-0.42706166710000004,-0.3637103028,-0.3687092583,-0.22111706990000002,-0.0691737926,-0.4766956147,-0.10445931750000001
/59/2.mp3,0.001602565,0.0016025653000000001,0.0016025649,0.18384434230000002,0.0016025644,0.0016025643,0.3177522971,0.0016025657,0.1754966124,0.0016025645,0.0915001337,0.0016025646,0.079578404,0.0016025643,0.1358025621,0.0016025654000000002,0.3434009087,0.1785564254,0.0017421603,0.0017421665,0.3369884241,0.0017421686,0.1236326053,0.0017421663,0.0017421625,0.0017421629,0.0017421603,0.0017421653,0.0017421635,0.0017421603,0.0010884118000000001,0.1493682998,0.1621348252,0.1774847059,0.0010888741000000001,0.0964822692,0.07966909230000001,0.3326835217,1,0,0,0,0,0,0,-0.1519231188,-0.3450064733,-0.2408998725,-0.08949032180000001,-0.19761958470000002,-0.2683349714,-0.0363853222,-0.0585368677,-0.060449999500000004,-0.1073910169,-0.3086229779,-0.2626389148,-0.0804722362,-0.1891165854,-0.3656651845,-0.2507270622,-0.1821319985,-0.255226728,-0.2589124129
/59/3.mp3,0.1433131097,0.0004882813,0.0004882816,0.0004882813,0.0004882813,0.0004882813,0.0004882813,0.0004882822,0.2607888772,0.0004882813,0.0004882814,0.40416457510000003,0.1509079464,0.0004882814,0.0354543957,0.0004882815,0.5966445008,0.38620253130000004,0.0005138746,0.0115003352,0.0005138761000000001,0.0005138769,0.0005138769,0.0005138763,0.0005138752,0.0005138753,0.0005138746,0.0005138764,0.0005138756,0.0005138746,0.0003142724,0.05700812,0.0003145945,0.4510609816,0.2404345015,0.1609355996,0.00031438,0.08961755040000001,0,0,0,0,0,1,0,-0.3042519137,-0.29753639660000003,-0.3495974432,-0.0820939787,-0.2579190139,-0.49034368,-0.18912358710000002,-0.1323269515,-0.0771179357,0.0005574244,-0.1978493663,-0.0677226404,-0.1132047944,-0.1557570747,-0.0617706593,-0.18310775410000002,-0.12638823400000002,-0.1304457895,-0.3151851088
/92/7.mp3,0.001644737,0.0016447383,0.001644737,0.0016447369,0.001644737,0.0016447371,0.0016447369,0.0016447369,0.0016447369,0.0016447371,0.0016447436000000001,0.9753289298000001,0.0016447442000000001,0.0016447368,0.0016447369,0.0016447375,0.0018315168,0.9761904119,0.0018315018,0.0018315079,0.0018315077,0.0018315104,0.0018315106000000002,0.0018315083,0.0018315042000000001,0.0018315044,0.0018315018,0.0018315071,0.0018315051,0.0018315018,0.0011475628,0.1559424599,0.6395370303,0.1379963724,0.0011486716,0.0619311913,0.0011479037,0.001148808,0,1,0,0,0,0,0,0.0617265919,-0.062467167100000005,-0.1821348559,-0.0618015129,-0.0328368629,-0.1765545476,-0.32873875280000003,-0.0037214357,-0.0001619329,-0.0001516823,-0.1053897252,-0.1059029164,-0.18283505760000002,-0.0681956397,-0.1165711147,-0.0687554102,-0.0105287453,-0.1392852739,-0.2134209654
/92/6.mp3,0.2559864089,0.0010775863,0.0010775873,0.0010775862,0.0010775863,0.0010775862,0.0010775866,0.0010775862,0.0534529949,0.0010775869,0.0010775862,0.0593171516,0.001077587,0.0010775862,0.6183124065000001,0.0010775866,0.0010661069000000001,0.239383276,0.0010660981,0.0010661017,0.5109053483,0.0010661032,0.0010661033,0.0010661019,0.0010660995,0.0010660996,0.0010660981,0.0010661012000000001,0.23798426420000002,0.0010660981,0.0006548728,0.1867243455,0.4483062613,0.0518212593,0.3105269742,0.0006557349,0.0006550248,0.0006555272,1,0,0,0,0,0,0,-0.043269887900000005,0.20452302900000002,-0.2500842008,-0.0417242519,-0.1107763123,0.2073691282,0.2152946785,-0.015037969200000001,-0.2219507805,-0.1098436622,0.1466153594,-0.0179663041,-0.23941532440000002,0.0040775853,0.06322327600000001,-0.0861444879,-0.23549132250000002,-0.0679237258,0.0838682267
/92/4.mp3,0.0006944445000000001,0.0006944445000000001,0.0006944445000000001,0.0292752533,0.0006944448000000001,0.0006944445000000001,0.2492192607,0.0006944459,0.2478707641,0.0006944445000000001,0.0006944447,0.0121563027,0.45383952790000004,0.0006944446,0.0006944445000000001,0.0006944445000000001,0.0007936566,0.4684249997,0.0007936508000000001,0.0007936535,0.0007936532,0.2873688958,0.0191107313,0.0174624258,0.08019861390000001,0.0007936519,0.0007936508000000001,0.0337750178,0.08810374800000001,0.0007936508000000001,0.0004886006,0.07483951380000001,0.5555693028,0.1456189466,0.0930907427,0.1294149279,0.0004887736000000001,0.0004891920000000001,0,0,0,0,0,1,0,-0.2615783016,0.1453811033,-0.25350509720000003,-0.3004356163,-0.3563279026,-0.022050623800000002,-0.2602960991,-0.2148586465,-0.19495284200000002,-0.1508443538,-0.0707263674,-0.2884264192,-0.40860870260000004,-0.15785985660000001,0.1487816932,-0.1795668785,-0.3931129483,-0.2276234152,0.050638756800000004
/92/5.mp3,0.0012019239,0.0012019233,0.0012019253,0.0012019231,0.30573752800000004,0.0012019231,0.0012019233,0.0012019231,0.0012019303,0.0012019232,0.2498361668,0.0206456192,0.0012019233,0.0012019231,0.38902437500000003,0.0215351461,0.0010822601,0.4299027426,0.0010822511,0.0010822547,0.49006795410000004,0.0324194281,0.0010822563,0.001082255,0.036787336000000004,0.0010822526000000001,0.0010822511,0.0010822543,0.0010822531,0.0010822511,0.14625132940000002,0.5593512754000001,0.2910845231,0.0006623142000000001,0.0006626393,0.0006625253000000001,0.0006627309,0.0006626623,1,0,0,0,0,0,0,0.1462517548,-0.29752543740000004,-0.3450882087,0.1233802189,-0.1448889874,-0.2610458533,-0.1616685299,0.1289999699,-0.1411758106,-0.09587296020000001,0.1169661198,-0.22285612670000002,-0.2157649522,-0.0742950372,0.1873297043,-0.1024363315,-0.27345403160000004,0.1442953845,-0.057058023900000004
/92/1.mp3,0.0011792453,0.0011792453,0.0011792453,0.0011792453,0.0011792453,0.0011792453,0.0011792453,0.5805142666,0.0011792453,0.0011792453,0.0011792453,0.0011792453,0.0011792453,0.4029762993,0.0011792453,0.0011792453,0.1602921366,0.4554927844,0.0013477089,0.0013477135000000001,0.0013477131,0.0013477152,0.0013477152,0.1359409702,0.0013477106,0.0013477108,0.0013477089,0.2122718304,0.0238728733,0.0013477089,0.23818750760000001,0.0008238554,0.1452493977,0.0008234916000000001,0.47866418310000003,0.0008233429,0.0008241017000000001,0.13460412,0,0,0,0,0,0,1,-0.0155822032,-0.2222832823,-0.33377124680000003,-0.1927383711,-0.1067536518,-0.24963494260000002,0.1622372142,-0.0330434977,-0.1013338842,-0.0799907317,-0.3425429828,-0.1302097006,-0.2941925649,-0.1676963568,-0.1082281872,-0.1716736005,-0.1257085135,-0.1925057819,-0.2421816118
/92/2.mp3,0.0005952383,0.0005952384,0.0005952383,0.0524862996,0.0711445797,0.0005952381,0.0005952382000000001,0.535053459,0.0005952382000000001,0.0005952382000000001,0.031687400500000004,0.0878479367,0.0397874592,0.0590213515,0.0939304814,0.0248743646,0.0006211229,0.5006972374,0.000621118,0.0006211201,0.2880801951,0.0654183099,0.0006211209,0.046667727400000004,0.0104659546,0.0006211189,0.000621118,0.08370161970000001,0.0006211191,0.000621118,0.2661021422,0.33776465980000003,0.2765388567,0.0003817256,0.000381776,0.0003815224,0.11806758020000001,0.00038173710000000003,0,0,0,1,0,0,0,-0.09571058340000001,0.0502092574,-0.19189220680000002,-0.11805425580000001,-0.1074051297,0.006558900800000001,-0.0065759909,-0.1069882083,-0.0900099002,-0.0070791416,0.0281568037,-0.2953702347,-0.1572745887,-0.1477946023,-0.1889057768,-0.4593120612,-0.5357369377,-0.2024730831,0.0756591295
/92/3.mp3,0.0021551736,0.11885862920000001,0.0021551726,0.0021551724,0.4597957347,0.0021551725,0.0021551734,0.0021551724,0.0021551725,0.0021551748,0.0021551761,0.39332838340000004,0.0021551745,0.0021551724,0.0021551724,0.0021551730000000002,0.3563473937,0.44024958200000003,0.0023809524,0.0023809608,0.0023809595,0.0023809633,0.0689687966,0.1106246541,0.0023809552,0.0023809558,0.0023809524,0.0023809635,0.0023809584,0.0023809524,0.0015254385,0.0974658129,0.12345430580000001,0.0015275062000000002,0.28688000010000003,0.0015274283,0.0015259897,0.4860935187,0,0,0,0,0,0,1,0.0453931417,0.0793590819,-0.2520629727,-0.0643818236,0.0753524047,-0.007720466600000001,-0.0280812871,0.1778220305,-0.0104021235,0.0080803639,0.0874048996,-0.14236903180000002,0.0119920592,-0.1006555799,-0.2898839092,-0.0212500092,0.0612005537,-0.1619278593,-0.005118627000000001
/66/7.mp3,0.0013586958,0.0013586960000000002,0.0013586962,0.0013586957,0.10513069480000001,0.0013586957,0.0013586957,0.0013586957,0.0013586957,0.0664351574,0.0375257844,0.6855105998000001,0.0013586960000000002,0.0013586957,0.0904521097,0.0013586958,0.45912808060000004,0.0014881037,0.0014880952000000001,0.2165011245,0.2304958778,0.07899393660000001,0.0014881012,0.0014880998000000002,0.0014880969,0.0014880969,0.0014880952000000001,0.0014880988,0.0014880975,0.0014880952000000001,0.0009200764000000001,0.1652955974,0.2761332905,0.0009203505000000001,0.0974311016,0.000921087,0.043585901,0.4147925957,1,0,0,0,0,0,0,0.0039859546,-0.19426406300000001,-0.010375308000000001,-0.2192711598,0.1038961674,-0.1807041705,-0.1804250272,0.0023273049,-0.14295833460000001,-0.1675256148,-0.19335206900000002,-0.3155254108,-0.2384386946,-0.0096084164,0.0332826072,-0.030918839200000003,-0.1295626859,-0.1735022537,-0.20901172110000002
/66/6.mp3,0.0012755107000000001,0.0012755104,0.0012755103,0.0012755102,0.0436077564,0.0012755102,0.0012755106,0.0012755102,0.0012755103,0.5020642997,0.0012755102,0.3970473954,0.0012755111,0.0012755102,0.041974423500000003,0.0012755105,0.5875978959,0.18886202900000001,0.0013736264,0.0013736312,0.0013736306,0.0013736328000000001,0.0013736328000000001,0.0013736310000000002,0.20843015,0.0013736284000000001,0.0013736264,0.0013736303000000001,0.0013736288,0.0013736264,0.0008573381000000001,0.0783459563,0.0008579529,0.0008578574,0.0008576139,0.5495620005,0.12045279460000001,0.24820848620000002,0,0,0,0,1,0,0,-0.1061405009,-0.27689956460000004,-0.0916966678,-0.1684281389,0.10875092360000001,-0.0384236455,0.1289150631,-0.0493770744,-0.2385131442,-0.2649612222,0.0275887252,-0.06422603610000001,-0.1735109029,-0.0185523771,-0.0594554991,-0.0162377241,0.010391846100000001,-0.1678037803,-0.1778627281
/66/4.mp3,0.0006510417,0.013472374,0.0006510417,0.0006510418,0.11821549710000001,0.0006510417,0.0006510417,0.0111588933,0.0006510417,0.0006510417,0.0773066191,0.6137369083,0.0006510418,0.0215630901,0.0006510417,0.13868724270000002,0.3058022792,0.32289561440000003,0.0007215007,0.0007215032,0.032135813900000004,0.0739201221,0.0007215040000000001,0.0007215031,0.0007215016,0.0007215018,0.0007215007,0.2587526525,0.0007215021,0.0007215007,0.0071931941000000004,0.052679535300000004,0.2543647056,0.0004439841,0.3556621012,0.1967336841,0.1163701216,0.016552674,0,0,0,0,0,0,1,0.2406297661,-0.3383969072,0.0849953656,0.1295023223,0.0753655644,-0.36858016930000004,-0.1914898207,0.1291395797,0.0383592668,0.0803212457,-0.2684472035,-0.0260320092,0.1901286885,0.0249691504,-0.1794753687,-0.029199606200000002,-0.1117763514,-0.035968586500000004,-0.4447886965
/66/5.mp3,0.0008116885,0.0008116883000000001,0.0485116373,0.0181675421,0.2726119996,0.0008116883000000001,0.0138148071,0.0008116883000000001,0.0008116889000000001,0.0008116883000000001,0.0008116883000000001,0.0008116883000000001,0.0008116886000000001,0.0008116883000000001,0.6379654412,0.0008116884,0.0009041635,0.5854251580000001,0.0009041591,0.0009041624,0.2265185245,0.0009041629,0.1320890861,0.0009041615000000001,0.0009041601,0.046925621800000004,0.0009041591,0.0009041613,0.0009041605,0.0009041591,0.0005535698,0.9051313665,0.0005539463,0.0005538419,0.0309278543,0.0005536445,0.0611717831,0.0005539936,0,0,0,0,0,1,0,-0.121789589,-0.2556974575,-0.0846270248,0.1176705905,-0.0576498224,-0.11291259270000001,-0.0983320698,-0.0749118096,-0.21039035720000002,0.0152525555,-0.1255369359,0.1765177525,0.07210512670000001,0.0549611303,0.0132331038,-0.0140362913,-0.1229753029,0.0279313061,-0.3388650285
/66/1.mp3,0.0015243904,0.1353210203,0.0015243906,0.0015243903000000001,0.0015243904,0.0015243903000000001,0.0015243903000000001,0.0503049132,0.0015243903000000001,0.0290121913,0.0015243902,0.6913294195,0.0015243915000000001,0.0015243902,0.0772641606,0.0015243906,0.0970100482,0.6134568927,0.0015873016000000002,0.0015873069,0.2720727039,0.0015873091,0.0015873092000000001,0.0015873072000000001,0.0015873036,0.0015873039,0.0015873016000000002,0.0015873062,0.0015873044,0.0015873016000000002,0.1478522063,0.0558755769,0.3573726513,0.0914749225,0.0009709272000000001,0.0009701673000000001,0.0625323562,0.2829511923,0,0,0,0,0,1,0,0.0060998772,-0.4557099248,-0.2947654175,-0.0207294322,-0.0482637018,-0.4586379246,-0.4069027833,-0.1031335414,-0.1048951211,-0.0689774498,-0.2715881262,-0.19020207990000002,0.015718522500000002,0.0106418872,-0.23599011020000002,0.0060391481,-0.0065533919,-0.13619493900000001,-0.31806433440000004
/66/2.mp3,0.0012254906,0.0012254904,0.0012254907,0.0012254902,0.0012254903,0.0012254902,0.0012254902,0.0012254902,0.0012254903,0.0012254904,0.0012254902,0.4247168542,0.13972495840000002,0.0012254902,0.26911285700000004,0.1517394465,0.6983395342000001,0.0012106631,0.0012106538,0.0012106579,0.0012106574,0.0012106593,0.0012106593,0.0012106578,0.16262748030000002,0.12571575640000002,0.0012106538,0.0012106571,0.0012106558,0.0012106538,0.0007495039,0.11777260090000001,0.0007498717000000001,0.3020033511,0.0762346708,0.3759237237,0.1258165666,0.0007497113,0,0,1,0,0,0,0,-0.0963240308,-0.18919938120000002,-0.1673318549,-0.1611024121,-0.0213189257,-0.30378435200000004,-0.2700020361,-0.1806123691,-0.1323132983,-0.07225864900000001,-0.1870937692,-0.2102098654,-0.19159171760000002,-0.09008671530000001,-0.1380298261,-0.0297391203,-0.0178116979,-0.1509244334,-0.3030143712
/66/3.mp3,0.3125635187,0.0004194631,0.3517725038,0.0004194631,0.00041946320000000003,0.0004194631,0.0004194636,0.0004194631,0.2712485778,0.014894411000000001,0.0004194631,0.0004194631,0.0449068935,0.0004194631,0.0004194634,0.00041946320000000003,0.3173164182,0.0975607292,0.0004409171,0.00044091860000000004,0.3176130019,0.0004409191,0.0004409192,0.1913589923,0.0004409177,0.0004409177,0.0004409171,0.0004409183,0.07218259640000001,0.0004409171,0.0002695978,0.00026989770000000003,0.19295342140000002,0.462216807,0.3403744165,0.0002699215,0.00026975430000000003,0.0033761837000000003,0,0,0,0,0,1,0,-0.0446259711,-0.3457598578,-0.1260889115,-0.0267988337,-0.1604518688,-0.2249128632,-0.0938683203,-0.2764830097,-0.1060908577,-0.059704665100000005,-0.0526934742,0.0271714563,-0.0957461099,0.0190106394,0.0459272883,-0.0252795999,-0.09034063290000001,-0.0582689902,-0.3455616309
/104/7.mp3,0.0004194639,0.0004194631,0.22293371550000002,0.0004194631,0.0004194631,0.0004194631,0.0004194631,0.0004194631,0.0004194631,0.00041946320000000003,0.0004194631,0.24466926060000002,0.00041946320000000003,0.0004194631,0.2936067672,0.2337566986,0.26456342580000003,0.2510499405,0.0004608295,0.0004608311,0.0004608309,0.0004608316,0.10046607560000001,0.00046083100000000003,0.0004608301,0.2560113638,0.0004608295,0.1237617208,0.0004608303,0.0004608295,0.23925887110000002,0.1713463051,0.0933003937,0.1264400828,0.042709782,0.2937440363,0.0002826279,0.0329179011,0,0,0,0,0,0,1,0.2876660592,-0.4108765952,0.0429683388,0.2275591407,0.2179272372,-0.4098201503,-0.4203751657,-0.0303859371,0.0938067914,0.0958693249,-0.1797334231,0.3699418305,0.3295670491,0.1858617001,0.0720595258,0.1232937567,0.0495148533,0.211132645,-0.34347837140000004
/104/6.mp3,0.0005681819,0.0005681821,0.0005681820000000001,0.0134665986,0.1604825554,0.0005681819,0.0242527742,0.0005681827,0.0918686128,0.0121816026,0.0475929365,0.0005681827,0.0005681827,0.0227553079,0.6025089627,0.020913373500000002,0.0006211217,0.4868590353,0.000621118,0.0006211202,0.1086590666,0.0006211207,0.18054065700000002,0.18616303680000001,0.0006211187000000001,0.0321881303,0.000621118,0.0006211196,0.0006211190000000001,0.000621118,0.0580867271,0.2341180123,0.5146733267,0.0443301979,0.00038409480000000003,0.0003839086,0.14763959070000002,0.000384142,0,0,0,1,0,0,0,-0.25558363030000003,-0.1063307539,-0.060352337900000004,-0.2576983719,-0.3753632716,-0.1595157691,-0.1416695929,-0.0698887389,-0.2658701691,-0.1574382601,-0.16088096370000002,0.060924627,-0.0328562683,0.0545253767,0.1347010615,-0.0825887753,-0.4446319058,-0.0589543183,0.0504156238
/104/4.mp3,0.0027173913,0.0027173913,0.0027173915,0.0027173913,0.0027173914,0.0027173913,0.0027173913,0.1331521739,0.0027173913,0.8288043452,0.0027173913,0.0027173935,0.0027173913,0.0027173913,0.0027173915,0.0027173913,0.0029762097000000003,0.8296100215000001,0.0029761905000000003,0.0029762009,0.002976199,0.0029762037,0.0029762036,0.1346756079,0.0029761939,0.0029761948,0.0029761905000000003,0.0029761984,0.0029761952,0.0029761905000000003,0.0018957986000000002,0.0018984602,0.3009242103,0.0018965538,0.6253959464000001,0.0018985404000000001,0.0641934742,0.0018970162000000001,1,0,0,0,0,0,0,-0.1844740718,0.0594225944,-0.3035632828,-0.3324961423,-0.1683805883,-0.20259781600000001,-0.3039731617,-0.16625846800000002,-0.3672669301,-0.2786344912,0.0662039956,-0.11302457710000001,-0.12289109000000001,-0.08252163400000001,0.0461748476,-0.0274979355,-0.037988877500000004,0.0079694195,0.0493028723
/104/5.mp3,0.0018382367,0.0018382365,0.5156054399000001,0.0018382376000000001,0.0018382356000000001,0.0018382355,0.0018382361,0.08494313,0.0018382355,0.34247858410000004,0.0018382358,0.0018382358,0.0018382367,0.034914011200000004,0.0018382366,0.0018382364000000002,0.4527915898,0.523398834,0.001984127,0.0019841338,0.0019841331,0.0019841362,0.0019841362,0.0019841337,0.0019841294,0.0019841298,0.001984127,0.0019841326,0.0019841304,0.001984127,0.0012262919,0.08458643660000001,0.0012277547,0.0012278489,0.0012276515000000001,0.46789999660000003,0.0012268250000000002,0.44137719480000004,0,1,0,0,0,0,0,-0.1258372535,0.024827109400000002,-0.3040560741,-0.2357297521,-0.0402142801,-0.107551618,-0.0922162817,0.073516315,-0.2863732918,-0.2834386377,0.0315925148,-0.1780585735,-0.09500111700000001,-0.0054072925,0.0866817148,-0.0707582123,-0.0791089279,-0.17729306720000002,0.23006532070000002
/104/1.mp3,0.0006009629,0.0006009617,0.6428583927,0.0006009617,0.0006009616,0.0102989796,0.0006009615000000001,0.0083914338,0.0006009616,0.0006009616,0.0006009618000000001,0.0006009618000000001,0.0006009618000000001,0.0006009617,0.25201140250000004,0.07982921200000001,0.0006738588,0.0006738584,0.0006738544,0.0006738562,0.18666016940000002,0.28418061040000003,0.3886328033,0.0006738563,0.0006738552000000001,0.1337878572,0.0006738544,0.000673856,0.0006738555000000001,0.0006738544,0.00041695100000000004,0.1871109253,0.32138836200000004,0.00041740880000000003,0.2415952033,0.1387259806,0.0004171881,0.10992798100000001,0,0,0,0,0,0,1,0.0828860391,-0.30477235150000004,-0.1446437622,0.1381550299,0.1524199748,-0.37625374710000004,-0.31787960190000003,-0.0423113078,0.0306488081,0.0040980064000000005,-0.3052433403,0.1115519169,0.1424209157,0.0196969677,-0.0402722655,0.0773017522,0.0377732474,0.1435735544,-0.4105512337
/104/2.mp3,0.0006648937,0.0006648939,0.0006648937,0.1149473349,0.0006648937,0.0006648937,0.4590982825,0.0006648944,0.405437011,0.0006648938,0.0006648938,0.0006648938,0.0006648948,0.012538644600000001,0.0006648937,0.0006648941,0.39008608450000004,0.306497673,0.0007598784,0.0007598812000000001,0.0007598803,0.0007598816,0.0142985579,0.0481653469,0.0125002688,0.0863511096,0.0007598784,0.037461193600000005,0.1000804874,0.0007598784,0.0004648909,0.0004650956,0.329408717,0.2963109068,0.2379751438,0.1344445908,0.0004651081,0.00046554690000000004,0,0,0,0,0,1,0,-0.6163020898,0.085718785,-0.3960015389,-0.556612564,-0.6086167686,0.1807387024,0.352273414,-0.5391593386,-0.5018599365,-0.5316764517,-0.3151718234,-0.3087034285,-0.44525756860000004,-0.22659236700000002,-0.0067430661,-0.30658308830000003,-0.2870703492,-0.359184483,-0.07232242400000001
/104/3.mp3,0.6090168094,0.0008928573,0.0008928596000000001,0.0008928571000000001,0.0008928572,0.0008928572,0.2071531343,0.0008928571000000001,0.0616533676,0.0008928573,0.0008928571000000001,0.0008928573,0.0667114158,0.0008928571000000001,0.045643841000000004,0.0008928575,0.1116973547,0.7808293528,0.0010204082,0.0010204116000000001,0.096248779,0.0010204129000000001,0.0010204129000000001,0.0010204116000000001,0.0010204094,0.0010204096,0.0010204082,0.0010204111,0.0010204099,0.0010204082,0.0006253152,0.0006257680000000001,0.2789936686,0.1238898778,0.1810790692,0.1363411923,0.0006256075,0.2778195015,0,0,1,0,0,0,0,0.12395895670000001,-0.1331768824,-0.199802587,-0.0079642739,-0.078348603,-0.3134397735,-0.1866973233,-0.06890049520000001,-0.07249698140000001,0.012747641,-0.0277186357,-0.038429945800000004,-0.1408646099,-0.030610605500000002,-0.15345803560000001,-0.054263719,-0.0583619011,-0.18428025820000002,-0.1390310069
/50/7.mp3,0.0028409093,0.0028409094,0.0028409094,0.0028409092,0.5147813474,0.0028409091,0.0028409092,0.1838759003,0.0028409092,0.0028409095,0.0028409094,0.2644109282,0.0028409121,0.0028409093,0.0028409092,0.0028409098000000002,0.0022321639,0.4978290403,0.0022321429,0.0022321502,0.47538516810000003,0.0022321539,0.0022321544000000002,0.0022321516,0.0022321459,0.0022321461,0.0022321429,0.0022321498,0.0022321473,0.0022321429,0.23867217710000002,0.0013916085,0.0013915848,0.0013913787,0.1801499658,0.0013912322000000001,0.3026335857,0.2729784671,1,0,0,0,0,0,0,-0.1126391685,0.0589494682,-0.1717651834,-0.1635466824,-0.16325327750000002,0.042482383900000004,-0.0236288844,-0.0423113078,-0.1709012269,-0.2340636683,0.058519643600000004,-0.2669838605,-0.3205062383,-0.1732969784,-0.0688313536,-0.0289140033,-0.1189789272,-0.2659152342,0.1343820073
/50/6.mp3,0.0011792453,0.227109902,0.0011792454000000001,0.0011792453,0.1967255374,0.0011792453,0.0011792453,0.0011792453,0.0011792453,0.0011792454000000001,0.0011792459,0.5608343693,0.0011792466,0.0011792453,0.0011792453,0.0011792456,0.2715398251,0.33570280500000005,0.0012755102,0.0012755146000000001,0.0012755142,0.3787267298,0.0012755162,0.0012755145000000001,0.0012755118,0.0012755120000000001,0.0012755102,0.0012755138,0.0012755124,0.0012755102,0.08705208860000001,0.056361656700000005,0.1693321385,0.1848174007,0.2576878993,0.0007924422,0.0007924528000000001,0.243163921,0,1,0,0,0,0,0,0.1811529083,-0.3141314539,-0.09286852150000001,0.0801424833,0.0912239782,-0.38110588830000003,-0.38102119100000004,-0.046121093200000005,0.1600807014,0.1251877276,-0.0910438081,0.017320637700000002,0.0880215032,-0.037355987,-0.2586127867,0.0151078458,-0.06830755200000001,-0.0486614603,-0.164419535
/50/4.mp3,0.0003360215,0.00033602160000000003,0.0003360215,0.00033602210000000004,0.0003360215,0.0342922983,0.0003360215,0.8496527767000001,0.0003360215,0.0003360215,0.1116866445,0.0003360215,0.0003360217,0.00033602160000000003,0.0003360215,0.0003360215,0.0003663027,0.72218662,0.0003663004,0.0003663016,0.0003663014,0.00036630200000000004,0.0003663019,0.00036630150000000004,0.012129116300000001,0.0003663009,0.0003663004,0.26165494980000004,0.0003663009,0.0003663004,0.6582462685,0.00022239500000000001,0.000222403,0.00022236640000000002,0.000222443,0.12759456660000001,0.0002223736,0.2130471838,0,0,0,1,0,0,0,-0.6744499649,0.384340928,-0.3416531909,-0.6213426713,-0.6171546579,0.4246841415,0.15380264600000002,-0.20372902850000002,-0.5115607738,-0.5516254158,-0.041157167200000004,-0.4107722435,-0.5222826067,-0.4924720648,-0.0185476385,-0.22192513700000002,-0.3220787637,-0.4150824839,0.5049551906
/50/5.mp3,0.0010964913,0.7293021453,0.0010964913,0.0010964912,0.09521574690000001,0.0010964913,0.0010964913,0.0010964912,0.0010964912,0.0010964915,0.001096493,0.054885351900000004,0.0010964920000000001,0.0010964912,0.0010964913,0.10743885780000001,0.6986963728000001,0.1257420748,0.0012106538,0.1622443312,0.0012106574,0.0012106594000000001,0.0012106593,0.0012106577,0.0012106552,0.0012106556000000001,0.0012106538,0.0012106589,0.0012106564,0.0012106538,0.0007536367,0.0007548416,0.35356322230000004,0.4124424693,0.0007544257,0.23022312350000002,0.0007538912,0.0007543897000000001,0,0,1,0,0,0,0,0.1865685325,-0.31986006040000003,-0.1040888655,0.1317712203,0.1534321337,-0.38658681030000003,-0.3672280475,0.0482910509,0.1138157989,0.113974447,-0.0727105797,0.1558315902,0.1747117051,0.0809132495,-0.2314140254,0.028027609800000002,0.0074862641,0.034167412,-0.2976684008
/50/1.mp3,0.0012254905,0.0012254905,0.0012254904,0.0012254902,0.0012254903,0.0012254902,0.0012254904,0.0012254902,0.0012254903,0.4254242707,0.0012254902,0.5185725879,0.0012254925,0.0012254902,0.0400717648,0.0012254908000000001,0.5678054527,0.1915649889,0.0013227513000000002,0.001322756,0.0013227554,0.0013227575,0.0013227575,0.0013227558,0.0890390076,0.138363006,0.0013227513000000002,0.0013227551000000001,0.0013227536,0.0013227513000000002,0.0008070339000000001,0.049245832,0.1821706623,0.34151804900000005,0.1593330463,0.2653102108,0.0008072532,0.0008079125,0,0,1,0,0,0,0,0.0551149264,-0.1770518597,-0.022238501,0.07625440280000001,0.11157024950000001,-0.23904774450000002,-0.2786796513,-0.1088189772,0.1029028557,0.0854873024,-0.053458979000000004,-0.1538169768,-0.009909674,-0.0655964353,-0.1685772576,-0.038639681200000005,-0.1019175006,-0.2778878245,-0.2683847204
/50/2.mp3,0.0010245925000000001,0.0010245903,0.0010245971,0.0010245902,0.0288412719,0.0010245902,0.0010245904,0.0010245902,0.0010245902,0.8714103838,0.0010245902,0.0010245922,0.0010245912000000001,0.0010245902,0.086428659,0.0010245906000000001,0.6360658177,0.0011160789,0.0011160714,0.0011160748,0.0011160747000000001,0.216545478,0.0011160763,0.1351118921,0.0011160728000000001,0.0011160729,0.0011160714,0.0011160744,0.0011160733,0.0011160714,0.0006838444,0.1520120173,0.0940140009,0.10801800760000001,0.0006842326,0.6432189473000001,0.0006847449,0.0006842049,0,0,0,0,1,0,0,0.0941442411,-0.17892481000000002,-0.0045710271000000005,0.1602641928,-0.08860543380000001,-0.2752079581,-0.1646153468,-0.014817797700000001,0.16249304950000001,0.2190312146,-0.2362988402,0.038190098000000006,0.0125890162,-0.0171640739,-0.24215865690000002,-0.0596411545,-0.0078561896,-0.1640437811,-0.3001420836
/50/3.mp3,0.0018382354,0.2788140146,0.0018382354,0.0018382367,0.0018382361,0.0018382390000000002,0.0018382353,0.3062674694,0.0018382353,0.0018382355,0.0018382391,0.19024779320000001,0.1737734903,0.030676633800000002,0.0018382353,0.0018382356000000001,0.5464511165,0.0017006932000000002,0.0017006803,0.0017006862000000001,0.1596782501,0.247650271,0.0017006883,0.001700686,0.0017006824000000002,0.029213517100000003,0.0017006803,0.0017006851,0.0017006832,0.0017006803,0.3240950868,0.0010525124,0.0010520746,0.34482617330000004,0.11388076300000001,0.0010522816,0.0598402502,0.1542008581,1,0,0,0,0,0,0,0.0458958727,-0.296203141,0.0288884004,0.0111970605,0.1028417867,-0.2864637789,-0.3101144958,-0.0426801691,-0.021354116200000002,-0.1466768631,-0.17919862920000001,-0.2302198728,0.12947113700000001,0.0311252285,-0.3491763812,-0.1019775692,-0.1736238527,-0.1743456544,-0.024472599100000002
/68/7.mp3,0.0013297872,0.5764642536,0.0013297872,0.0013297873000000001,0.0013297872,0.0013297873000000001,0.0013297872,0.1391463594,0.0013297872,0.0013297872,0.26710215260000003,0.0013297873000000001,0.0013297872,0.0013297874,0.0013297872,0.0013297872,0.0015197757000000001,0.9802431013,0.0015197568,0.0015197619,0.0015197617000000001,0.001519764,0.0015197641,0.0015197622,0.0015197588,0.001519759,0.0015197568,0.0015197612,0.0015197596,0.0015197568,0.0323211908,0.10526685990000001,0.2032004093,0.48126690590000004,0.10128374750000001,0.000941175,0.0747782001,0.0009415116,0,1,0,0,0,0,0,0.0413262822,0.052892921700000005,0.040627683500000004,0.0033861551,0.0962617769,0.042482383900000004,0.0217344738,0.1854431561,-0.0259719266,-0.1592697757,0.36541778410000003,-0.34566600880000004,-0.13396381170000002,-0.1200173573,0.0339349235,-0.0266510968,0.0785942433,-0.2340488111,0.3164818088
/68/6.mp3,0.0010245907,0.5655075408,0.0010245903,0.001024591,0.0135320891,0.0010245902,0.07265019510000001,0.0010246002000000001,0.0010245933,0.2525660303,0.0010245928,0.0010245917,0.0010245907,0.0010245913000000001,0.0844736296,0.001024593,0.1525713188,0.4347701027,0.0011337868,0.0011337907,0.0011337904,0.2494204315,0.033314097800000005,0.0011337907,0.0011337883,0.0011337885000000001,0.0011337868,0.1005111917,0.0203425484,0.0011337868,0.0007031717000000001,0.0372871209,0.0007036737000000001,0.0007034673,0.35528577980000003,0.30590334150000004,0.0645509833,0.2348624618,0,0,0,0,0,0,1,0.2231161294,0.11228907410000001,0.1465392593,-0.010641323900000001,0.08292265360000001,-0.0913933482,0.0237920459,-0.0385835027,0.0269281882,0.0040980064000000005,0.0331651362,0.1416460986,0.0701908292,0.08536077410000001,0.0502383881,0.01483289,0.12351021300000001,-0.1374020825,0.0157129003
/68/4.mp3,0.0007621951,0.0580867346,0.0007621952,0.0007621952,0.11760462540000001,0.1253108865,0.0007621951,0.0007621957,0.0007621951,0.0007621984,0.0884126527,0.3497423662,0.0007621954,0.0007621952,0.0007621952,0.2532207789,0.6864417347,0.15430408510000002,0.0008605852,0.11297762380000001,0.0376706855,0.0008605891000000001,0.0008605891000000001,0.0008605879,0.0008605862000000001,0.0008605865,0.0008605852,0.0008605893,0.0008605873,0.0008605852,0.0005280591,0.082947641,0.0734325641,0.000528365,0.4892334333,0.33132401850000004,0.0214777108,0.0005282081,0,0,0,0,0,0,1,0.1842137376,-0.265834038,-0.0905859884,-0.0767966169,0.0001216234,-0.053304364800000004,-0.22150182510000002,0.0134591898,0.0269281882,0.0040980064000000005,-0.33935322760000003,0.14592548260000002,0.0072356178,0.0194744947,0.06322327600000001,0.12203412670000001,-0.0630597123,-0.010016428,-0.2092750917
/68/5.mp3,0.0009615391,0.0009615387000000001,0.17831569090000002,0.0703903302,0.0009615385,0.0009615385,0.0009615385,0.0009615403000000001,0.0009615385,0.0425400092,0.0009615388,0.0009615386,0.0009615394,0.0009615387000000001,0.11913701430000001,0.5790400277000001,0.7060808385,0.2809321201,0.0010822511,0.0010822548,0.0010822544,0.0010822561,0.0010822561,0.0010822547,0.0010822524,0.0010822526000000001,0.0010822511,0.0010822541,0.0010822529,0.0010822511,0.0006654815000000001,0.2179000643,0.0006661491,0.0006661734000000001,0.000665952,0.778104121,0.0006660164,0.0006660424000000001,0,1,0,0,0,0,0,-0.0904607446,-0.0634701876,-0.015748269000000002,-0.08332945500000001,-0.0684535574,-0.1011095102,0.0236806925,-0.1062046443,-0.35141082020000003,-0.3752923376,0.0166656194,0.0703070456,-0.16311887930000002,0.097477559,0.0761799108,0.0133676776,0.0403287366,-0.091071231,0.0169091863
/68/1.mp3,0.0007812501000000001,0.9882812481000001,0.0007812501000000001,0.0007812501000000001,0.0007812501000000001,0.00078125,0.00078125,0.00078125,0.00078125,0.0007812501000000001,0.0007812501000000001,0.0007812501000000001,0.0007812509,0.00078125,0.00078125,0.0007812503,0.0008928665,0.9883928237,0.0008928571000000001,0.0008928601,0.00089286,0.0008928613,0.0008928614,0.0008928603,0.0008928583000000001,0.0008928584,0.0008928571000000001,0.0008928597,0.0008928588,0.0008928571000000001,0.0005533681,0.0005534447000000001,0.5483288726000001,0.0005541208,0.0005539398,0.1906444531,0.0005535652000000001,0.2582582357,0,0,0,0,0,1,0,-0.1737029631,0.12034927150000001,-0.1138236118,-0.2333185842,0.0448151239,0.1792954822,0.2421333767,0.07022750230000001,-0.42094223550000004,-0.1986434088,0.0281781405,-0.1583533161,-0.1498364986,-0.1600403182,-0.1939242437,0.0116623555,-0.17756290530000002,-0.38121778100000003,-0.049840608200000004
/68/2.mp3,0.0016447379000000002,0.0016447374,0.001644737,0.0874011814,0.0016447371,0.0016447369,0.0016447377,0.0016447407,0.0016447369,0.111316412,0.1599843362,0.5896424866000001,0.0016447371,0.0335634713,0.001644737,0.001644737,0.0015197688,0.20215667180000002,0.0015197568,0.0015197621,0.0015197617000000001,0.7796061999999999,0.0015197642000000001,0.0015197622,0.0015197588,0.0015197591000000001,0.0015197568,0.0015197613,0.0015197596,0.0015197568,0.0009407440000000001,0.10759860780000001,0.6022000145,0.0009410034000000001,0.0009410810000000001,0.2403816533,0.0460555718,0.0009413243,0,0,0,0,1,0,0,-0.0419086958,0.0542389947,0.079951725,-0.0302123885,0.022824782300000002,-0.1290980333,0.0027185911000000003,-0.059498781,-0.2405858036,-0.035614696,0.0347566609,-0.345074349,-0.4379126199,-0.16781994960000002,0.0151976772,-0.1412407628,-0.1182570599,-0.1603132088,0.0160717861
/68/3.mp3,0.0010593221,0.7512941678,0.0010593221,0.0010593223,0.0010593269,0.0995551357,0.0010593220000000001,0.0010593220000000001,0.0010593220000000001,0.0010593221,0.001059323,0.10119536450000001,0.0010593221,0.035243461000000004,0.0010593222,0.0010593221,0.6643396733,0.1566431505,0.0011337868,0.0011337908,0.0011337904,0.0011337922,0.1665454958,0.0011337907,0.0011337883,0.0011337885000000001,0.0011337868,0.0011337901,0.0011337889,0.0011337868,0.0006953483,0.0006959674000000001,0.0006956317000000001,0.5576367987,0.2878453327,0.0714354313,0.0006965711,0.08029891880000001,0,1,0,0,0,0,0,0.0156679385,-0.3349520291,-0.1000388032,0.018376247300000002,0.0632191581,-0.3443910985,-0.3921192632,-0.0934806033,-0.0439801167,0.0404915609,-0.164085523,0.0658790467,0.1051696218,0.023317869300000002,-0.043707670000000004,0.0205232439,-0.040956331000000006,-0.067506497,-0.3316510995
/103/7.mp3,0.0005296611,0.0005296611,0.0005296610000000001,0.0005296614,0.0992698726,0.0005296610000000001,0.0005296611,0.2364309289,0.0005296610000000001,0.0005296616,0.026024260400000002,0.0005296611,0.6319190046000001,0.0005296611,0.0005296610000000001,0.0005296610000000001,0.0004520829,0.5881747780000001,0.0004520796,0.021686145900000002,0.14949905060000002,0.0004520816,0.0079731238,0.136306786,0.00045208010000000003,0.0004520802,0.0004520796,0.0004520808,0.09274347150000001,0.0004520796,0.0063551047,0.18706824330000002,0.4140305784,0.049537768100000004,0.044048436,0.0002758589,0.1880705276,0.1106134831,1,0,0,0,0,0,0,0.0090828746,-0.49054350560000004,-0.3370636488,0.13232418440000002,-0.0678850942,-0.5998639835,-0.5989798838,-0.49995212800000005,0.040135438700000005,0.0438602258,-0.231061338,0.1352557186,0.1311295492,0.1110861923,-0.0468298917,0.0315298007,-0.10937222320000001,0.0567049024,-0.5554382564
/103/6.mp3,0.0027173913,0.0027173913,0.0027173913,0.0027173913,0.0027173942,0.0027173913,0.0027173913,0.7853260870000001,0.0027173913,0.0027173913,0.0027173913,0.0027173913,0.17663043180000002,0.0027173913,0.0027173913,0.0027173913,0.0029762065,0.9613094331,0.0029761905000000003,0.0029762012,0.0029761982000000003,0.0029762071000000003,0.0029762027,0.0029761987,0.0029761937,0.0029761948,0.0029761905000000003,0.0029761978,0.0029761948,0.0029761905000000003,0.9871145291000001,0.001840115,0.0018402957,0.0018409597,0.0018389753000000002,0.0018453023000000002,0.0018400202,0.0018398027,0,0,0,1,0,0,0,-0.2669151593,0.2591736095,0.0776838129,-0.2538936624,-0.1193158451,0.16735319240000002,0.15052262730000002,0.08910284410000001,-0.3877492299,-0.3916516742,0.1011456369,-0.1746422876,-0.273457408,-0.0902463409,0.1886112057,0.0215353909,-0.1020009988,-0.1333699284,0.2376831577
/103/4.mp3,0.162377938,0.0012500004,0.0012500007,0.0012500010000000002,0.0012500001,0.0012500001,0.0889184346,0.0012500061,0.1913724253,0.0012500007,0.0012500011,0.0012500002,0.0012500011,0.0329664286,0.047385803000000004,0.464478959,0.4302602467,0.3263635344,0.0013736264,0.0013736311,0.2282662967,0.0013736327,0.0013736328000000001,0.0013736310000000002,0.0013736281,0.0013736284000000001,0.0013736264,0.0013736302,0.0013736287,0.0013736264,0.0008509209,0.1218756527,0.0008519135,0.1417014988,0.18431868580000002,0.2838694015,0.0008512405,0.2656806863,0,1,0,0,0,0,0,-0.2631646666,0.2416992336,-0.1948446685,-0.22556186760000002,-0.07872797940000001,0.0525668985,0.026585812900000002,-0.0319020578,-0.2938074122,-0.2541569033,0.0509020317,-0.3331558497,-0.41590140480000004,-0.059845851500000005,0.09321023240000001,0.06776182630000001,-0.0723535694,-0.1892378314,0.1418318844
/103/5.mp3,0.0005434783,0.1414911344,0.0005434783,0.0005434783,0.0005434783,0.0005434783,0.0005434783,0.0886244862,0.0005434783,0.0005434784,0.23656859970000002,0.1064696972,0.0005434784,0.0088696394,0.41254166010000004,0.0005434783,0.0006211231,0.0006211227,0.000621118,0.0006211203000000001,0.257155169,0.2190955354,0.0006211208,0.3108682542,0.0006211188,0.0006211189,0.000621118,0.000621123,0.2066698397,0.000621118,0.32231559600000004,0.13207202710000002,0.223788118,0.00037940340000000003,0.0003793472,0.0003792474,0.1331050437,0.1875812171,0,0,0,1,0,0,0,-0.07784707090000001,-0.0374521431,0.10584054700000001,0.06401274700000001,-0.0380256348,-0.10937852810000001,-0.1569926569,0.0469058694,-0.1935639094,0.0080448481,-0.1378697379,-0.3593023607,-0.1261536308,-0.1091459117,-0.0615239013,-0.15939917,-0.42008476850000004,-0.2201500472,-0.061003078
/103/1.mp3,0.2827327,0.0009057973000000001,0.29819961030000003,0.0009057973000000001,0.0009057972,0.0009057971,0.0009057974,0.0664616372,0.0009057972,0.0009057979,0.0009057973000000001,0.0009057972,0.0009057979,0.0009057972,0.34173648370000004,0.0009057975,0.0010204147000000001,0.0010204212,0.0010204082,0.0010204118,0.0010204111,0.9867346530000001,0.0010204127,0.0010204113,0.0010204094,0.0010204096,0.0010204082,0.0010204109000000001,0.0010204098,0.0010204082,0.0006223229,0.227033281,0.5672786684000001,0.12006714880000001,0.000622861,0.0831300775,0.0006226002,0.0006230403,0,0,0,0,0,0,1,-0.0960537472,-0.0693456316,-0.1774975449,-0.035236544700000004,-0.0073949749,-0.1606602596,-0.34470009700000004,-0.0573586186,0.1055007027,-0.0511390264,-0.1286001993,-0.1370260716,0.0285542316,-0.07854415940000001,-0.0623000789,0.0956265939,0.047589349600000004,-0.18494261380000002,-0.3155581103
/103/2.mp3,0.0020833335,0.0020833339,0.0020833335,0.0020833334000000003,0.0020833335,0.0020833334000000003,0.0020833334000000003,0.5371779564,0.0020833334000000003,0.0020833336,0.1349381675,0.0020833336,0.0020833355,0.0340692399,0.0020833334000000003,0.2688146323,0.6259824629,0.0022321554,0.0022321429,0.0022321485,0.089735558,0.0511828505,0.002232151,0.0445555193,0.0366747451,0.0022321473,0.0022321429,0.0022321478,0.1340116856,0.0022321429,0.0179815425,0.032876648200000004,0.0013916545000000002,0.130783215,0.5147113989000001,0.0013918544,0.0013908616,0.299472825,1,0,0,0,0,0,0,-0.1612673467,-0.198555488,0.0078710258,-0.2569379046,-0.2073317822,-0.11812063880000001,-0.37082314250000004,-0.016138290700000002,0.0340384387,-0.2103837701,-0.1508525701,-0.3375060754,-0.0695582114,0.0010843394,0.0119232444,-0.0805717474,-0.1450179952,-0.1072391538,-0.21188508420000002
/103/3.mp3,0.0010964914000000001,0.0010964917,0.0010964913,0.0010964916,0.160084509,0.0010964913,0.0010964913,0.0010964912,0.0010964913,0.19009176600000002,0.0659781725,0.5706876556,0.0010964918,0.0010964912,0.0010964913,0.0010964915,0.0012106652,0.9842614565000001,0.0012106538,0.0012106577,0.0012106578,0.0012106595,0.0012106597,0.0012106582,0.0012106553,0.0012106555,0.0012106538,0.0012106574,0.001210656,0.0012106538,0.0007579906,0.0007585376,0.1639423382,0.0007589397000000001,0.16188927050000002,0.0767512591,0.0007583122,0.5943833521,0,1,0,0,0,0,0,0.198239245,-0.2274355167,-0.0978889022,0.0059706149,0.0249055291,-0.49681861660000004,-0.41085543560000004,-0.0018979443,0.0853094834,-0.09801561810000001,-0.0651557821,-0.0557717979,0.14573854120000002,-0.007654879900000001,-0.06024258800000001,-0.0261594064,-0.0885456218,-0.057460005300000006,-0.3406645668
/57/7.mp3,0.0005787038,0.0005787040000000001,0.0005787040000000001,0.08028227780000001,0.0609278299,0.0005787037,0.0005787038,0.5101084346,0.0005787038,0.0005787039000000001,0.0315071126,0.0005787049000000001,0.0717427571,0.028197452600000002,0.1886014496,0.0240030539,0.09389365720000001,0.3624444124,0.000621118,0.0006211201,0.0431954471,0.0400331367,0.0006211209,0.28884794410000003,0.084079359,0.0006211189,0.000621118,0.0831582104,0.0006211191,0.000621118,0.3088695725,0.4326329444,0.00038068760000000004,0.09721315700000001,0.00038044690000000003,0.0003807112,0.1597619515,0.000380529,0,0,0,1,0,0,0,-0.1913734939,0.0322897126,-0.057848034900000005,-0.0678816755,-0.0707446191,0.0400995286,0.0262499819,-0.045905499700000005,-0.0335571759,0.0077459872,0.07088264700000001,0.0208438911,0.0486399685,0.0160692185,0.0779229312,-0.0786239042,-0.2501211995,0.0750558672,0.02927064
/57/6.mp3,0.0012755111,0.0012755105,0.1091223063,0.0012755106,0.0012755103,0.0012755102,0.0012755104,0.0012755144,0.0012755102,0.7805456608,0.0344490796,0.0012755103,0.0012755106,0.0012755107000000001,0.060576823700000004,0.0012755104,0.1887002971,0.3918039666,0.0013736264,0.0013736311,0.09603018790000001,0.0013736328000000001,0.3097292588,0.0013736310000000002,0.0013736281,0.0013736284000000001,0.0013736264,0.0013736303000000001,0.0013736289,0.0013736264,0.0008566886000000001,0.0008575986,0.3251875468,0.0008578253,0.34589399400000004,0.3246316219,0.0008569496000000001,0.0008577752,0,0,0,0,1,0,0,0.0364271119,-0.10864819070000001,0.0227300367,-0.0635866001,-0.0036175302,-0.034010847000000004,-0.0099531842,-0.0365382895,0.0269281882,0.0040980064000000005,-0.0001413638,0.07896440390000001,0.0072356178,0.0220267669,0.0330612758,0.0319500332,0.036277483900000004,0.1435735544,-0.0344278112
/57/4.mp3,0.0027173928,0.334050077,0.0027173941,0.0027173913,0.0027174005,0.0027173913,0.0027173921,0.0027173913,0.0027173914,0.5355795493000001,0.0027173913,0.0950442618,0.0027173927,0.0027173913,0.0027173998,0.0027173919000000003,0.47075083840000004,0.4919819976,0.0031055901,0.0031056009,0.0031055998,0.0031056047000000003,0.0031056048,0.0031056007000000003,0.003105594,0.0031055946,0.0031055901,0.003105599,0.0031055955000000002,0.0031055901,0.0019540225,0.0019551224000000002,0.1868872623,0.5157742395,0.0019567099,0.0019565711,0.0019550638,0.2875610085,0,0,1,0,0,0,0,-0.1283192369,-0.1707888308,-0.06561809610000001,-0.106605826,-0.0327120208,-0.0066629145,-0.024604289,-0.0857306352,-0.094335522,-0.007208563800000001,0.0306744148,0.064646005,-0.0231616954,0.0348851136,0.050891087700000004,0.0211081434,-0.1181826933,0.12735721120000001,0.0178379856
/57/5.mp3,0.0007352945,0.0007352942,0.3043260248,0.026068521900000002,0.0007352942,0.0007352941,0.0007352953000000001,0.0007352941,0.1666024213,0.0007352959,0.0007352941,0.0007352942,0.0007352949,0.0243761669,0.0612190342,0.4100548853,0.3510038157,0.2512019249,0.0008116883000000001,0.0008116911,0.38886566910000003,0.000811692,0.0008116921000000001,0.000811691,0.0008116893,0.0008116895,0.0008116883000000001,0.0008116906,0.0008116897,0.0008116883000000001,0.0004984477,0.1511632813,0.1929331416,0.0004988672,0.11357053060000001,0.5403378544,0.0004990071,0.0004988701,0,1,0,0,0,0,0,-0.07895115200000001,-0.0852482556,0.0316791946,-0.0175893282,-0.09781858880000001,-0.0679205818,0.0228767929,-0.0651604177,-0.1280526149,-0.1446495568,-0.0045726897,0.07896440390000001,0.017624605,0.0172406804,0.0658028672,-0.0266510968,-0.0270355915,0.0797651657,-0.08923930620000001
/57/1.mp3,0.0017857143,0.0017857149,0.0017857143,0.10507877930000001,0.0017857143,0.7470241414000001,0.0017857143,0.0017857144,0.0017857143,0.0017857143,0.12468279200000001,0.0017857144,0.0017857144,0.0017857146,0.0017857143,0.0017857144,0.8275776589,0.1486127592,0.001984127,0.0019841344,0.0019841329,0.0019841363,0.0019841362,0.0019841334,0.0019841294,0.00198413,0.001984127,0.0019841365000000002,0.0019841318,0.001984127,0.0012263441000000001,0.1170186762,0.0634060141,0.3298548714,0.0012277816,0.4848118715,0.0012267585,0.0012276827000000001,0,1,0,0,0,0,0,0.0259483945,0.0801360145,0.1049819206,0.0918067228,0.1364713169,0.0971044467,0.1666372102,-0.062463469,-0.0832279616,-0.0188009558,-0.0410611017,0.017723406100000002,-0.10033847130000001,-0.18735061520000001,-0.1648935859,-0.0530153037,0.1827527581,-0.0055271856,-0.0094712025
/57/2.mp3,0.034703383000000004,0.0020833344,0.0020833344,0.0020833344,0.10423383,0.0020833335,0.0374251293,0.0020833334000000003,0.0020833338,0.002083334,0.0689402342,0.0020833359000000003,0.0020833345000000002,0.0020833334000000003,0.4635316913,0.2703323905,0.1805057849,0.4211485296,0.0023041475,0.0023041554,0.0023041548,0.0023041584000000003,0.0023041585,0.17517206170000002,0.0023041504,0.20013209810000002,0.0023041475,0.0023041541,0.0023041516,0.0023041475,0.001454744,0.43979752600000005,0.23594619020000002,0.0014559678000000001,0.1817153239,0.1367184052,0.0014559114,0.0014559315,0,0,0,0,0,0,1,-0.3015104482,0.07302399999999999,-0.0463090856,-0.2637896132,-0.3228434039,0.027554188400000002,0.06790640910000001,-0.1315602574,-0.2785788225,-0.2404987074,-0.0936219111,0.037432828700000004,-0.1771447987,0.0122282577,0.0860911412,0.063474063,-0.0587320224,-0.054357373,-0.0008290641
/57/3.mp3,0.0006578948000000001,0.46935539730000003,0.0006578948000000001,0.0006578949,0.0006578952,0.0006578948000000001,0.0006578947,0.0006578947,0.0006578948000000001,0.0006578948000000001,0.44130530900000003,0.0006578948000000001,0.0006578951000000001,0.0006578947,0.0006578948000000001,0.0807866608,0.1592890233,0.0007363826,0.0007363770000000001,0.0007363796,0.0007363793,0.8318744305,0.0007363805,0.0007363795000000001,0.0007363780000000001,0.0007363781,0.0007363770000000001,0.0007363791,0.0007363783,0.0007363770000000001,0.0004486355,0.1016820263,0.31566029560000003,0.1515970847,0.035372500200000004,0.20504263390000002,0.189747977,0.0004488469,0,0,0,0,0,0,1,-0.1672646815,-0.0080715839,-0.1024727071,-0.08506318210000001,-0.071678105,-0.20970793070000002,-0.0844061412,-0.0504836106,-0.0223223617,-0.058677420300000005,0.00217686,-0.1393823079,-0.07397402310000001,-0.0048092552,-0.0681222268,-0.0732270903,-0.08101936600000001,-0.0695938079,-0.0148064743
/32/7.mp3,0.0005252101000000001,0.0600255919,0.0005252101000000001,0.0005252101000000001,0.0005252101000000001,0.0005252101000000001,0.0005252101000000001,0.0005252101000000001,0.0005252101000000001,0.1826562344,0.034567945100000004,0.7164477067,0.0005252107,0.0005252101000000001,0.0005252101000000001,0.0005252102,0.2549690167,0.3539898457,0.0005370569,0.0005370588,0.0994310311,0.1519107609,0.0005370593,0.0005370587,0.045068980200000004,0.0386787336,0.0005370569,0.0226630124,0.030066271800000002,0.0005370569,0.00033018900000000005,0.034029292600000004,0.2075368049,0.3633339919,0.0203068434,0.0195628113,0.0423693031,0.3125307639,0,0,1,0,0,0,0,0.1581229093,-0.1122353465,0.0865222521,0.2436973531,0.030097247400000002,-0.0383702428,0.0056380445,0.0678398357,0.3086258857,0.3161767666,0.0700788863,0.12204118300000001,0.1985861855,0.2207896886,0.13452987300000002,0.2027498638,0.08257594530000001,0.1490333972,0.043172007500000005
/32/6.mp3,0.0008116883000000001,0.0008116887,0.0008116884,0.13510803470000002,0.0008116883000000001,0.5547026176000001,0.0008116883000000001,0.027065518700000003,0.0008116883000000001,0.0008116884,0.2733835683,0.0008116884,0.0008116884,0.0008116884,0.0008116884,0.0008116885,0.0009276519,0.987940597,0.0009276438000000001,0.0009276468,0.0009276469,0.0009276482000000001,0.0009276484,0.0009276472,0.000927645,0.0009276451000000001,0.0009276438000000001,0.0009276466000000001,0.0009276455,0.0009276438000000001,0.0063565655,0.07224661410000001,0.10118266640000001,0.0005718137,0.0240805663,0.1753759204,0.29170421620000003,0.3284816374,0,1,0,0,0,0,0,-0.001464012,0.027195764400000003,-0.1961121147,-0.0660856564,0.1797134069,0.0166410256,-0.026297749000000002,0.3389519536,0.0432441088,-0.0965874347,0.14618239600000002,0.07599028690000001,0.1417928817,0.1066550807,0.06718903600000001,0.0995378938,0.2107485737,-0.0368901271,0.2696478096
/32/4.mp3,0.0005787037,0.0005787038,0.08754953800000001,0.0005787045,0.0005787039000000001,0.0005787037,0.0005787044,0.0005787037,0.47165032090000003,0.0005787052000000001,0.0005787037,0.37585277380000004,0.0580029187,0.0005787037,0.0005787042,0.0005787040000000001,0.4391842549,0.0005807248000000001,0.0005807201,0.0005807223,0.0005807219000000001,0.5042897808,0.0394843025,0.000580722,0.0005807208,0.0005807210000000001,0.0005807201,0.0005807228,0.011234446,0.0005807201,0.000353457,0.0225499062,0.1909622377,0.4548689607,0.29681193580000004,0.0003537031,0.0337460369,0.0003537625,0,0,0,0,0,1,0,0.279456976,0.1506097048,0.1114903527,0.2818478022,0.11902086140000001,0.0834289133,0.1029820743,0.19808038190000002,0.3523108998,0.2990735164,0.0213583364,0.3755675705,0.378092025,0.31115174500000004,0.18505020390000002,0.1474587675,0.029812955000000002,0.12860864060000002,-0.2916182118
/32/5.mp3,0.0007440476000000001,0.0007440479,0.0007440476000000001,0.0007440476000000001,0.0981181507,0.0007440477,0.0007440476000000001,0.0007440476000000001,0.0007440476000000001,0.7677404102000001,0.0091904507,0.1160224166,0.0007440476000000001,0.0007440476000000001,0.0007440476000000001,0.0007440476000000001,0.0007936557,0.7540970884,0.0007936508000000001,0.0007936535,0.0007936530000000001,0.0007936543000000001,0.23637908100000002,0.0007936532,0.0007936517000000001,0.0007936519,0.0007936508000000001,0.0007936529,0.0007936521,0.0007936508000000001,0.00048500780000000003,0.06438519200000001,0.27788579890000004,0.1394114936,0.3838235533,0.0004849841,0.13303857,0.0004854004,0,0,0,0,1,0,0,0.1904297868,0.2851585527,0.0002846013,0.11321713580000001,0.1872391995,0.0795335754,0.0196405761,0.3603442369,0.2299012799,0.2115059913,0.2707025126,0.1751197686,0.19394776100000002,0.1828211484,0.1115897098,0.09804857900000001,0.106684054,-0.021708830300000002,0.167953173
/32/1.mp3,0.0006377551,0.0006377551,0.0006377551,0.0006377552,0.0006377551,0.0006377551,0.0006377551,0.2448334668,0.0006377551,0.0006377551,0.0006377552,0.0006377551,0.0006377551,0.7462379615,0.0006377551,0.0006377551,0.4411517783,0.5501018470000001,0.0007288630000000001,0.0007288654,0.0007288652,0.0007288663,0.0007288663,0.0007288654,0.0007288639,0.0007288640000000001,0.0007288630000000001,0.0007288650000000001,0.0007288642,0.0007288630000000001,0.0004434935,0.0004434999,0.0004439193,0.0004438876,0.00044370820000000003,0.35937538950000003,0.00044355690000000004,0.6379625451000001,0,0,0,1,0,0,0,-0.1802129801,0.1886671618,-0.3318603686,-0.4291518399,-0.5394278025,0.3254417969,0.1713983417,-0.2526701445,-0.4215305345,-0.2316686403,0.1321365264,-0.36044232390000003,-0.29918628950000004,-0.32850932520000004,-0.0527827435,-0.1641607822,0.0261383141,-0.436895105,0.2805174137
/32/2.mp3,0.6099768967,0.0012019233,0.0012019238,0.0012019231,0.0012019232,0.0012019231,0.0012019233,0.0012019231,0.0012019231,0.2442210549,0.0012019231,0.0012019233,0.1301770464,0.0012019231,0.0012019232,0.0012019235,0.4483233856,0.5355040724,0.0013477089,0.0013477135000000001,0.0013477130000000002,0.0013477151,0.0013477151,0.0013477134,0.0013477106,0.0013477108,0.0013477089,0.0013477127,0.0013477112,0.0013477089,0.0008393492,0.0008395282,0.1644751258,0.0008406673,0.0008402576000000001,0.4716655905,0.0008396267,0.3596598548,0,0,1,0,0,0,0,0.20936743300000002,0.3677040975,-0.0104416364,0.1976071425,0.2041419261,0.2278053811,0.34738540970000004,0.092333629,-0.0366866347,0.1334016544,0.1610931535,0.0900442271,0.0040422805,0.16086136,0.0953732743,-0.0166575484,0.026389419,-0.0367728261,0.1073727626
/32/3.mp3,0.0016025652,0.6049937556,0.0016025642,0.125537346,0.0016025643,0.0016025666000000001,0.001602565,0.0016025654000000002,0.0016025642,0.0903866663,0.1598514554,0.0016025642,0.0016025648,0.0016025643,0.0016025642,0.0016025643,0.5683556395,0.4096662901,0.0018315018,0.0018315081000000002,0.0018315075,0.0018315103,0.0018315104,0.0018315080000000001,0.0018315041000000001,0.0018315045,0.0018315018,0.001831507,0.0018315050000000002,0.0018315018,0.0011481937,0.0011496504,0.0011487041,0.3001863493,0.0011491034,0.3798495423,0.0358930596,0.27947539720000003,0,0,0,0,0,0,1,0.0815084996,-0.0164403258,0.0631914263,0.1652686046,0.0725356003,-0.014256002200000001,0.033911465700000004,0.1177104352,0.068561573,0.09559764870000001,0.12200109690000001,0.0460361715,0.1407603393,0.0927086102,-0.0111305232,0.1272252234,0.0743702185,-0.066061889,0.19653641030000002
/35/7.mp3,0.0008445946,0.0008445946,0.0008445946,0.3806665034,0.5039810383000001,0.0008445946,0.0008445946,0.0008445946,0.1043727276,0.0008445946,0.0008445946,0.0008445946,0.0008445955,0.0008445946,0.0008445946,0.0008445946,0.0007764015,0.2089917521,0.0007763975,0.0007764004,0.0469530498,0.39134785380000003,0.0007764005000000001,0.0007763995,0.0761269582,0.0007763987,0.0007763975,0.2695927939,0.0007763992000000001,0.0007763975,0.0389029897,0.292000031,0.5035403156,0.00047581150000000004,0.0004759408,0.0004757906,0.16365309050000001,0.0004760303,0,1,0,0,0,0,0,0.10796432930000001,0.0029990240000000003,0.049344647400000004,0.1567268328,-0.0236686847,-0.054368697800000004,-0.1007110945,0.0773106553,0.2398442527,0.2425175034,-0.1340976075,0.2066544793,0.1541320214,0.1404395029,0.2397707064,0.0968836954,-0.074004104,0.1917996133,-0.1994990725
/35/6.mp3,0.0034722226000000003,0.0034722232,0.0034722228000000003,0.0034722222,0.5782317410000001,0.0034722223,0.0034722224,0.0034722222,0.0034722224,0.27504919240000003,0.0034722222,0.1015801664,0.0034722290000000003,0.0034722222,0.0034722224,0.0034722241,0.4881057755,0.2903929107,0.0035714286,0.1822155141,0.00357144,0.0035714459000000002,0.0035714459000000002,0.0035714410000000003,0.0035714332000000002,0.003571434,0.0035714286,0.003571439,0.0035714349,0.0035714286,0.0022349465,0.1159708841,0.0297399738,0.0022364294,0.2891702103,0.1519291716,0.0779120505,0.3308063339,1,0,0,0,0,0,0,-0.0468762909,-0.0872825546,0.0364044682,-0.057447930800000005,0.13161889470000002,-0.1680193935,-0.2016113029,-0.0423113078,0.09845659820000001,-0.1151745753,-0.0969585731,-0.0773317854,0.0507496114,-0.060736612200000005,-0.0410782626,-0.0983861476,-0.1189789272,0.0279699436,-0.1047196491
/35/4.mp3,0.0019531253,0.31410632520000004,0.0739234263,0.0607815247,0.0019531253,0.0019531252,0.0019531253,0.001953125,0.24462613100000002,0.0019531255,0.0019531277,0.0019531256,0.0019531293,0.1343116291,0.1527197031,0.0019531263,0.4264631316,0.5490470186,0.0020408163,0.0020408233,0.0020408226,0.0020408258000000003,0.0020408259,0.0020408232000000003,0.0020408189,0.0020408193000000002,0.0020408163,0.0020408221,0.0020408199,0.0020408163,0.1389989621,0.28035615070000003,0.0012648336000000001,0.3433201308,0.0012651498,0.1527226633,0.0808069185,0.0012651912,0,0,0,0,0,1,0,0.0171351559,0.0620071929,0.0533653787,0.028339137900000002,-0.0662889472,0.0415236395,0.022851754300000002,-0.0320547699,0.0269281882,0.0040980064000000005,0.0331651362,0.07896440390000001,-0.064009093,0.0194744947,0.06322327600000001,-0.0266510968,-0.0867863928,0.1435735544,0.0169091863
/35/5.mp3,0.0006648939,0.0006648938,0.11939083460000001,0.0006648939,0.0006648937,0.0640352837,0.0006648939,0.0280350742,0.307659654,0.0006648938,0.0006648938,0.0686108337,0.0522221719,0.0006648939,0.3540621033,0.0006648940000000001,0.1827477586,0.0007215066,0.0007215007,0.0007215034,0.23095584970000002,0.0007215043,0.2964669455,0.0007215032,0.036670103600000004,0.1668862989,0.0007215007,0.0007215029,0.0805010211,0.0007215007,0.0004420443,0.4999699033,0.0539849285,0.032120448,0.00044252420000000003,0.2462803289,0.0004423551,0.1663174678,0,0,0,0,0,1,0,0.0690385342,0.0576919352,0.0537374786,0.0544866419,-0.0812006871,0.0416404384,0.025691306,-0.1955180946,-0.06704328550000001,-0.0013259592,-0.0120634664,0.2024876535,0.0371083262,-0.0563498777,0.0692870004,-0.0127285121,-0.1269161291,0.0485808031,-0.0896989722
/35/1.mp3,0.8955947223,0.0012755105,0.0012755108000000002,0.0012755102,0.0012755103,0.0012755102,0.0012755105,0.0012755102,0.0012755103,0.001275511,0.0012755102,0.0012755105,0.0012755123,0.0012755102,0.0865481295,0.0012755109,0.3137093234,0.2252619375,0.0014005602,0.0014005651000000001,0.0014005646,0.0014005668,0.0014005668,0.001400565,0.0014005620000000002,0.0014005623,0.0014005602,0.4456225433,0.0014005627,0.0014005602,0.0008745030000000001,0.0008747727,0.2778267399,0.184853649,0.0008758651,0.2316058151,0.0008749236,0.30221373160000004,0,0,1,0,0,0,0,-0.0698468676,0.023279416100000002,0.1387688173,0.025928284700000002,-0.0307544534,0.1710540274,0.1703196543,-0.07769371430000001,0.0573441357,0.0042021523,-0.064010986,0.2380154489,0.061430059700000005,0.17589261250000002,0.07397266620000001,0.1183252447,0.1155744503,0.11143439940000001,-0.0158994013
/35/2.mp3,0.12929646150000002,0.0005341881,0.0005341887,0.0389352856,0.0005341882000000001,0.000534188,0.0005341881,0.0495905702,0.0005341881,0.0005341881,0.0005341881,0.07205848620000001,0.5183648544,0.1175254072,0.0005341881,0.06942124150000001,0.3697810519,0.4551133673,0.0005760369,0.0005760388,0.0005760386000000001,0.0163857258,0.1429469023,0.0005760387,0.0005760376,0.0005760377,0.0005760369,0.0005760389,0.0105886118,0.0005760369,0.0490494723,0.0513085583,0.0003517713,0.13830419730000001,0.0856978516,0.3581018026,0.1903434085,0.1268429382,0,0,0,0,0,1,0,0.1553324577,-0.10391314260000001,0.1411528664,0.18008186,0.1522463185,0.09816390480000001,0.11552956830000001,0.1086519959,0.16166628190000001,0.2003887923,0.0752549465,0.23660431410000002,0.1917418442,0.1861386324,0.126778248,0.1212096,0.0262228286,0.20533878260000002,0.0300759089
/35/3.mp3,0.0026041667,0.0026041673,0.0026041668,0.0026041667,0.1135018988,0.0026041668,0.0026041667,0.0026041667,0.0026041667,0.44064280110000004,0.0822478257,0.3323574734,0.0026041667,0.0026041667,0.0026041668,0.0026041667,0.0028571682000000003,0.2233130114,0.0028571429,0.0028571530000000003,0.3704992429,0.0028571573,0.3747590904,0.0028571538,0.0028571468,0.0028571472,0.0028571429,0.0028571518,0.0028571486,0.0028571429,0.0017868254,0.0017885804,0.8502877431,0.001788106,0.08664329999999999,0.054129212600000004,0.0017875896,0.0017886430000000001,0,0,0,0,0,0,1,0.1501177086,0.09836903050000001,0.06602309890000001,0.0910545543,0.042876399600000004,0.19219277410000002,0.0679323319,0.2556823179,0.1969871121,0.18271962900000002,0.13353257400000001,0.07889032160000001,0.1868869918,0.1980187928,0.2037017975,0.0030383383,0.1162780273,0.2328254213,0.0655196782
/102/7.mp3,0.0023148161,0.0023148148,0.0023148160000000004,0.0023148148,0.002314815,0.0023148148,0.002314815,0.0023148148,0.4526338206,0.0023148152,0.0023148148,0.0932211112,0.0023148148,0.0023148148,0.424052472,0.0023148152,0.0023809688,0.44985171430000004,0.0023809524,0.0023809608,0.0023809594,0.15684995640000002,0.0023809632,0.00238096,0.0023809553000000002,0.0023809558,0.0023809524,0.36710779250000003,0.0023809563,0.0023809524,0.1588112727,0.0014906385,0.6545668759000001,0.0014897091000000001,0.0014896824000000001,0.0014904437,0.1791715261,0.0014898516000000001,0,0,0,0,0,1,0,0.0768103961,0.10608145170000001,-0.15116833770000002,-0.07576540720000001,0.0812223046,-0.2045512106,-0.2100017123,-0.0926620365,-0.2634624568,-0.2683873215,-0.08289030260000001,-0.1305835158,-0.2670818699,-0.28541276660000003,-0.1508857979,-0.19914525730000002,-0.1640905731,-0.204824265,-0.028168197800000003
/102/6.mp3,0.0003676471,0.0094940404,0.0003676471,0.0003676476,0.4878759192,0.0057489965,0.0003676471,0.0003676473,0.0003676471,0.0003676477,0.00036764800000000004,0.1526104831,0.0003676471,0.34022644080000003,0.0003676471,0.0003676471,0.3083622495,0.6724588451,0.00041050900000000004,0.0004105104,0.0004105103,0.00041051090000000003,0.00041051090000000003,0.0004105104,0.0004105095,0.0004105096,0.00041050900000000004,0.0004105102,0.0146632961,0.00041050900000000004,0.00024964400000000004,0.0002498277,0.4932373936,0.13406044890000002,0.00024992410000000004,0.3714530875,0.0002497231,0.0002499511,0,0,0,0,0,1,0,-0.0818184445,0.1082224371,0.10705541980000001,-0.18147862650000002,0.1015508889,0.0530363024,-0.12730782870000001,-0.0151324725,-0.2290915113,-0.24308651620000002,-0.1037504553,-0.2133383728,-0.3105597218,-0.2336290051,-0.0540211917,-0.0460255143,-0.0117285498,-0.2697919371,0.2179267872
/102/4.mp3,0.9205629681,0.0016891897,0.0016891897,0.0016891892,0.0016891893000000001,0.0016891893000000001,0.0016891893000000001,0.0016891892,0.0016891896,0.0016891895,0.055788372,0.0016891893000000001,0.0016891901000000002,0.0016891892,0.0016891969,0.0016891896,0.0018797196000000002,0.9755638432,0.0018796992000000002,0.0018797058,0.0018797044,0.0018797075000000002,0.0018797073,0.0018797049000000001,0.0018797014,0.0018797019,0.0018796992000000002,0.0018797041,0.0018797021,0.0018796992000000002,0.0011800879000000001,0.036100818300000004,0.7266224903,0.0011816167,0.001181451,0.0011807185,0.001180349,0.23137246820000001,0,0,0,0,0,1,0,-0.039048878100000003,0.0204031717,-0.1979588489,-0.2673473772,-0.0046902034000000006,-0.019057571500000002,-0.2436768021,-0.12661747610000001,-0.3669370803,-0.26537944080000003,0.0119602625,-0.0669062406,-0.14567365670000001,-0.1411704969,-0.12530132060000002,-0.21604669980000002,-0.0850494762,-0.14189851950000001,-0.041686003
/102/5.mp3,0.1128602876,0.0007183908,0.1733070575,0.0007183908,0.0007183908,0.0007183908,0.0007183908,0.0007183908,0.0007183908,0.0007183909,0.0007183908,0.08910487610000001,0.0007183910000000001,0.0007183908,0.0007183913000000001,0.6161070882,0.7565298810000001,0.0008116941,0.0008116883000000001,0.0379738817,0.0008116907,0.1965676456,0.000811692,0.000811691,0.0008116893,0.0008116894,0.0008116883000000001,0.0008116905000000001,0.0008116897,0.0008116883000000001,0.0004987866,0.0344988247,0.0004988264,0.0004988685,0.0004988654000000001,0.8572889836,0.10571810890000001,0.0004987360000000001,0,0,1,0,0,0,0,0.036287050700000004,-0.0813536425,-0.14152518420000001,-0.0987853588,-0.1671942012,-0.20490636010000002,-0.2281099811,-0.1388533187,-0.2098864577,-0.1696857549,-0.0178755421,-0.189815482,-0.2292219093,-0.24348246240000002,-0.07940335300000001,0.015268308500000001,-0.0517250082,-0.0992341843,0.0298881567
/102/1.mp3,0.0933579118,0.0012500007,0.0691090428,0.25007378140000003,0.2362004735,0.0012500001,0.0012500001,0.030953014,0.0012500001,0.0012500002,0.020091876300000002,0.0012500003000000001,0.0606075061,0.0012500003000000001,0.023776278600000002,0.2070801139,0.6149310298,0.2877465562,0.0012531328,0.028289582,0.056501478800000005,0.0012531386,0.0012531387,0.001253137,0.0012531344,0.0012531347,0.0012531328,0.0012531364,0.001253135,0.0012531328,0.0790399823,0.0007731254000000001,0.0007728919,0.1363825683,0.0936169329,0.5196601882,0.1689812667,0.0007730445,0,0,0,0,0,1,0,-0.1276213343,-0.057710763000000005,-0.2282957344,-0.058926448000000006,-0.0553868041,-0.08460077640000001,-0.1177206149,-0.0192175626,-0.09627935300000001,-0.10745979900000001,-0.1196085711,-0.2214879699,-0.18600766970000002,-0.2527375457,-0.17997139,-0.1235031508,-0.0526943917,-0.2055645979,-0.1169977495
/102/2.mp3,0.0942046708,0.0020161297,0.1075486673,0.002016129,0.13486652500000001,0.0020161291000000002,0.0020161297,0.0020161291000000002,0.0020161291000000002,0.0020161308,0.4222847736,0.2189179383,0.0020161308,0.002016129,0.0020161292000000003,0.0020161296,0.6098815787,0.0021008569,0.0021008403,0.0021008486,0.0846274378,0.0021008494000000003,0.0021008488,0.1319923074,0.10315326130000001,0.0021008471,0.0021008403,0.0021008492,0.0514377938,0.0021008403,0.2512415031,0.00130439,0.16015829850000002,0.0013046617,0.19914173770000002,0.1036091033,0.2819356024,0.0013047032,0,0,0,0,0,0,1,-0.4301972382,0.0433448336,-0.4016208634,-0.5286423825000001,-0.5635362507,0.2967294548,0.17795525380000002,-0.3498488937,-0.4102131852,-0.4543348545,-0.1119249694,-0.4116044345,-0.3907633065,-0.3165815622,-0.1091911527,-0.1919759767,-0.0334320509,-0.2704375416,0.0742414032
/102/3.mp3,0.00078125,0.0007812502,0.00078125,0.0134982767,0.00078125,0.0154624471,0.00078125,0.0007812503,0.00078125,0.00078125,0.4387361953,0.00078125,0.0007812503,0.5229280801,0.00078125,0.00078125,0.5589530743000001,0.4303326167,0.0008928571000000001,0.0008928602000000001,0.0008928599000000001,0.0008928612000000001,0.0008928613,0.0008928601,0.0008928582,0.0008928584,0.0008928571000000001,0.0008928596000000001,0.0008928587000000001,0.0008928571000000001,0.47658687200000005,0.000551144,0.000551245,0.2348393867,0.00055174,0.2858167578,0.0005512601000000001,0.0005515943,0,0,0,1,0,0,0,-0.13678964300000002,0.0340282255,-0.15010335090000002,-0.5089742595,-0.2343096708,0.0441396843,0.12172948750000001,-0.0779688833,-0.5622844096,-0.448701028,-0.0258190674,-0.4288204842,-0.43310051790000004,-0.3707524218,-0.0792831286,-0.11552244760000001,-0.0031777891,-0.45154325910000004,0.2644346023
/69/7.mp3,0.2485804784,0.0016025647000000001,0.3896588466,0.0016025653000000001,0.0016025643,0.0016025642,0.0016025641000000001,0.0016025695,0.0016025641000000001,0.2202636318,0.0446527247,0.0792161043,0.0016025643,0.0016025647000000001,0.0016025645,0.0016025645,0.5465502388,0.0016611436000000001,0.0016611296000000001,0.0016611362,0.001661135,0.43351615320000003,0.0016611379000000001,0.0016611354000000001,0.0016611318,0.0016611323000000002,0.0016611296000000001,0.0016611346,0.0016611326,0.0016611296000000001,0.001016936,0.4027403572,0.0010178502000000001,0.3421803852,0.2499910742,0.0010179966,0.0010174068,0.0010179938,0,0,0,0,0,0,1,0.19274094930000002,-0.2089474687,-0.2878293162,0.0419994771,0.0860402947,-0.2090668683,-0.1935148532,-0.0532343855,-0.0686397466,-0.2251520209,-0.0023427319,-0.0189535861,-0.0665204789,0.0194744947,-0.0576427876,-0.0266510968,-0.0404277703,-0.1195874786,-0.10011849020000001
/69/6.mp3,0.0008802818000000001,0.3113456124,0.0008802818000000001,0.0008802822,0.0008802823,0.0008802832,0.0008802817,0.06476735880000001,0.0008802817,0.0008802819,0.0008802821000000001,0.5806617597,0.0008802824000000001,0.032661884,0.0008802818000000001,0.0008802821000000001,0.321644924,0.4537320534,0.0009784736,0.0009784769000000001,0.0009784766,0.0009784781,0.0009784781,0.0009784768,0.2138597888,0.0009784750000000001,0.0009784736,0.0009784763,0.0009784753,0.0009784736,0.0006016531,0.12943229750000002,0.0006020985,0.2606026714,0.0006021523,0.2181688243,0.38938831090000003,0.0006019920000000001,0,0,0,0,0,1,0,-0.34237714,0.3981234279,-0.2344352224,-0.37161811640000003,-0.19122198270000001,0.2260429135,-0.0343146338,-0.0771379579,-0.35775581,-0.2891253035,0.07579863490000001,-0.2718964775,-0.3713939812,-0.1411978131,0.0631409453,-0.3331269001,-0.3082752863,-0.201134792,0.2652518728
/69/4.mp3,0.0010593222,0.0010593222,0.054235543100000005,0.2140068534,0.0010593222,0.0010593221,0.0951911537,0.001059323,0.0010593223,0.2020684334,0.0010593222,0.0010593233000000001,0.001059323,0.0010593221,0.31689851960000004,0.1070062722,0.0010822607,0.3956280699,0.0010822511,0.0010822546000000001,0.5913848809000001,0.0010822563,0.0010822565000000001,0.0010822551,0.0010822525,0.0010822526000000001,0.0010822511,0.0010822544,0.0010822531,0.0010822511,0.0006583203,0.2217638942,0.2700172476,0.23159698210000002,0.2467376215,0.0006592649,0.0006586365,0.0279080329,0,0,0,0,1,0,0,0.1055915412,-0.3007694433,-0.18969971400000002,0.0176610996,-0.16640081950000002,-0.2406297607,-0.3028355301,-0.0789402245,-0.0493784592,-0.009766659700000001,-0.18246972190000002,0.07896440390000001,0.0072356178,0.0194744947,0.053326979000000004,-0.0051060808,0.0038842695000000003,0.1435735544,-0.24859119400000002
/69/5.mp3,0.6240929176000001,0.0013297875,0.0650846043,0.0013297872,0.0013297873000000001,0.0013297873000000001,0.2534894032,0.0013297872,0.0413756234,0.0013297875,0.0013297872,0.0013297875,0.0013297892000000001,0.0013297872,0.0013297884,0.0013297879000000001,0.33895058440000003,0.6428122932,0.0015197568,0.0015197621,0.0015197612,0.0015197636000000001,0.0015197635,0.0015197616,0.0015197586,0.00151976,0.0015197568,0.0015197609,0.0015197603,0.0015197568,0.0009474957,0.0009482228,0.1097753538,0.1376085035,0.0009487415000000001,0.0500557368,0.0009478099000000001,0.6987681359,0,0,1,0,0,0,0,0.1287436921,-0.2382404143,-0.284672464,-0.0162552355,-0.0580242024,-0.3790684559,-0.4308767678,0.1131778591,-0.0308862674,0.0012673197,-0.1764864766,0.07896440390000001,0.0072356178,0.0729516857,0.0398086312,-0.0220153927,-0.0095333323,0.12995984100000002,-0.1946648306
/69/1.mp3,0.1079042682,0.0005681819,0.0005681821,0.0005681839,0.034861453800000004,0.6194035048000001,0.0005681818,0.0481067304,0.0005681818,0.0005681819,0.0192531061,0.0727368025,0.0005681818,0.047910113500000004,0.0452785637,0.0005681819,0.219207591,0.0006211215,0.000621118,0.17698071310000002,0.0006211193,0.0133720044,0.0432861102,0.1241500579,0.0006211186,0.2269243371,0.000621118,0.1411224882,0.0512299847,0.000621118,0.1250624529,0.10892635040000001,0.4070902967,0.0003805722,0.0003807041,0.0003803866,0.3026662391,0.055112998,0,0,0,1,0,0,0,-0.6823980662,0.1879222485,-0.3622200767,-0.5379104546,-0.6280180531,0.4276641165,0.42470045160000003,-0.4876508358,-0.5300744278,-0.5915384469,0.023687511300000002,-0.3932382164,-0.5234316499,-0.3372086508,-0.11421131570000001,-0.5424128730000001,-0.5183034857000001,-0.3578683586,0.1181875382
/69/2.mp3,0.0010080648,0.001008065,0.1423672498,0.0010080645,0.0010080672,0.0010080646000000001,0.018928202800000002,0.0010080645,0.0179049731,0.6756556925,0.0158941553,0.0727541122,0.0010080660000000002,0.0010080645,0.047423028000000006,0.0010080649,0.7689821507,0.2176249627,0.0011160714,0.0011160753000000001,0.0011160749,0.0011160766000000001,0.0011160766000000001,0.0011160752,0.0011160728000000001,0.001116073,0.0011160714,0.0011160746,0.0011160733,0.0011160714,0.0006875449,0.0708657166,0.0006879094,0.5417126326,0.0006875919000000001,0.351358663,0.0333121306,0.0006878112,0,0,0,0,1,0,0,0.11688622200000001,-0.1287593852,0.0061444471,0.08246383880000001,0.1561070537,-0.1681522016,-0.0502407509,0.1490187236,0.059637959100000006,0.0814504248,-0.20592378290000002,-0.043162560700000005,-0.045718684700000005,-0.0545137045,-0.0719277345,0.0393460173,0.159393695,-0.0754051818,-0.18463691200000001
/69/3.mp3,0.0016025644,0.0952080964,0.001602565,0.0016025646,0.0016025642,0.0016025641000000001,0.0016025642,0.0459270691,0.0016025642,0.0016025645,0.0016025645,0.7573283089,0.0016025660000000001,0.0016025644,0.0823057509,0.0016025648,0.25775665600000003,0.6058464159,0.0017421603,0.0017421663,0.1172331238,0.0017421681000000001,0.0017421681000000001,0.0017421658,0.0017421624000000001,0.0017421637000000002,0.0017421603,0.0017421650000000002,0.0017421641,0.0017421603,0.0010694727,0.11171390860000001,0.1587264931,0.26775453920000003,0.2205224449,0.0518026174,0.1873400677,0.0010704566,1,0,0,0,0,0,0,0.1926440079,-0.32862478980000004,-0.2057427095,0.1047068768,0.2863188188,-0.41786166880000003,-0.4115532666,0.20229264330000002,-0.1122097561,0.0033481972000000003,-0.2936414262,-0.0409366381,-0.0101493877,-0.011775182700000001,-0.0278055211,0.089784839,0.2054559165,-0.0581190278,-0.3301752097
/56/7.mp3,0.0687968436,0.0136981887,0.0006127462,0.0006127453,0.5767594758,0.0006127451,0.0006127453,0.0006127458,0.0006127451,0.0006127458,0.2565205721,0.0774847188,0.0006127462,0.0006127452,0.0006127453,0.0006127455,0.39599526500000004,0.0006802759,0.0006802721,0.0006802738000000001,0.0272044465,0.0519055215,0.2392410626,0.0728970074,0.0111421184,0.0473888373,0.0006802721,0.0625423463,0.0882820289,0.0006802721,0.0957508947,0.3475637236,0.0004146911,0.1662799282,0.0605047677,0.0542823752,0.2747889636,0.00041465590000000003,1,0,0,0,0,0,0,-0.3849028853,-0.2578132218,-0.4616505227,-0.4152537867,-0.4556385975,-0.08703197110000001,0.047550124400000005,-0.5917782586,-0.4639542209,-0.5036635464,-0.4945773759,-0.38230172030000004,-0.35641500130000003,-0.42896531730000004,-0.37298784290000003,-0.5224647724,-0.5717860157,-0.3151122691,-0.504352134
/56/6.mp3,0.0005733946000000001,0.0005733945,0.0005733946000000001,0.0005733945,0.0005733945,0.0005733945,0.2223333245,0.0005733945,0.5537764510000001,0.0005733946000000001,0.0005733945,0.0005733945,0.0005733948,0.0005733945,0.0230380559,0.19397143390000002,0.0006493559,0.4048127694,0.0006493506,0.0006493528,0.5163868814,0.0006493537,0.0006493538,0.0006493529,0.0006493515,0.0006493516,0.0006493506,0.0006493525,0.07165747260000001,0.0006493506,0.0003997731,0.0167912465,0.2925625793,0.3710067687,0.0534825456,0.00040000070000000004,0.1341705034,0.1311865827,0,1,0,0,0,0,0,-0.3173633694,-0.2412031352,-0.29062608630000003,-0.2174991359,-0.1315918348,-0.3211338165,-0.3177940611,-0.39423140700000003,-0.2078969029,-0.3122226012,-0.3015777858,-0.3158327895,-0.343673333,-0.3596207739,-0.3324677786,-0.3512705926,-0.3430593014,-0.268664118,-0.2437835109
/56/4.mp3,0.0001318568,0.0001318566,0.49912223710000003,0.0041718403,0.0528325974,0.0001318565,0.0001318566,0.0001318565,0.0001318566,0.0556824463,0.0037959964,0.011133430100000001,0.0001318566,0.0001318565,0.3651154492,0.0070911504,0.0161106822,0.939180946,0.0001373626,0.0001373631,0.0080199539,0.0001373632,0.0148214526,0.0167279408,0.0001373628,0.0001373631,0.0001373626,0.0001373635,0.004040121000000001,0.0001373626,8.34107e-05,0.1614600408,0.28500164640000003,8.346860000000001e-05,0.3871888766,8.34875e-05,0.044394979700000003,0.12170408960000001,0,0,0,0,1,0,0,-0.1111056064,-0.3637702902,-0.0096885978,-0.3342862149,-0.262039796,-0.3730631367,-0.3168619654,-0.4210747564,-0.3476719126,-0.3763582136,-0.2418461593,0.0570768429,0.10542767310000001,-0.0460430524,-0.3047311418,-0.1356831925,-0.2229219425,-0.170338241,-0.3542604341
/56/5.mp3,0.00036764720000000004,0.0003676471,0.0876381096,0.0553099752,0.00036764720000000004,0.0003676471,0.0513717003,0.0003676471,0.16920377920000002,0.0003676471,0.0003676471,0.0003676474,0.2007306822,0.0003676471,0.37300921870000003,0.0594277105,0.0003861027,0.7311817739,0.00038610040000000003,0.0003861017,0.09339974420000001,0.0003861021,0.00038610200000000004,0.1250912244,0.0003861008,0.0334104734,0.00038610040000000003,0.0003861014,0.0134418724,0.00038610040000000003,0.1415008216,0.0194614592,0.4142972468,0.2093288309,0.08349343840000001,0.07854504130000001,0.0531386514,0.0002345103,0,0,0,0,0,0,1,-0.0113064063,-0.3377240047,-0.3109333327,0.0130766519,-0.1994652211,-0.3322749041,-0.1667065704,-0.2625939892,-0.1866915951,-0.0513186348,-0.21907227510000002,0.0378424863,0.09309464740000001,-0.0191148533,-0.2464302069,-0.09816922510000001,-0.2278540802,-0.173806702,-0.3676284467
/56/1.mp3,0.6278124317,0.0005580359,0.0005580363,0.0329404996,0.059162326300000005,0.0005580357,0.0101586664,0.0005580366,0.0005580359,0.0005580359,0.0106110662,0.0005580363,0.0005580362,0.009799720500000001,0.052060089100000005,0.1929909112,0.0006211232,0.6367386817,0.000621118,0.00062112,0.0006211201,0.0006211209,0.35580788300000005,0.0006211202,0.0006211188,0.0006211189,0.000621118,0.0006211198,0.0006211192,0.000621118,0.0053559269,0.0003784707,0.1700204684,0.0003783171,0.0003782918,0.1884427645,0.1514558835,0.48358987700000006,0,0,0,0,1,0,0,-0.2498194418,-0.35511629370000003,-0.4283295421,-0.28270004060000004,-0.09097852020000001,-0.3681123076,-0.3780739939,-0.23092422410000002,-0.32696032480000004,-0.1505292248,-0.4285304552,-0.1737206747,-0.022423637700000002,-0.105834886,-0.2985631835,-0.1288150364,-0.013078383800000001,-0.1528251744,-0.4598008899
/56/2.mp3,0.0949772913,0.0008680557000000001,0.0008680586,0.025968774700000002,0.0008680556,0.0008680556,0.0008680556,0.0008680556,0.0008680556,0.6882569016,0.0008680556,0.0008680559,0.0008680563000000001,0.0448170611,0.1364313552,0.0008680560000000001,0.4140372651,0.1055903006,0.0009784736,0.0009784771,0.09220177610000001,0.3783859037,0.0009784782000000001,0.0009784769000000001,0.0009784748,0.0009784750000000001,0.0009784736,0.0009784764,0.0009784753,0.0009784736,0.0005985044000000001,0.0005991984,0.1966805019,0.2333441574,0.0005990942000000001,0.2635849584,0.0005987042,0.3039948811,0,0,1,0,0,0,0,-0.40818738920000003,-0.2789614589,-0.325973891,-0.27837373190000003,-0.1975553967,-0.018033562200000002,0.0128587366,-0.3297753118,-0.2154345701,-0.2638158842,-0.3468764995,-0.2666428765,-0.1453013565,-0.2921236034,-0.2988232683,-0.1634602869,-0.1720817593,-0.2802987407,-0.3636386138
/56/3.mp3,0.020040110700000002,0.0007911394,0.3571289285,0.1931886052,0.0007911393,0.0007911393,0.0164374664,0.0007911404,0.013847813,0.2096013697,0.0007911395,0.0007911393,0.0007911395,0.0007911394,0.1716837783,0.0117428121,0.5516930492000001,0.0008605919,0.0008605852,0.0008605883,0.0008605879,0.4015921757,0.0008605893,0.0008605881000000001,0.0008605863,0.0008605865,0.0008605852,0.0372483147,0.0008605867,0.0008605852,0.0005257796,0.0005263774,0.0899290083,0.3804982076,0.060663609400000006,0.3957270241,0.0716039436,0.0005260499,0,0,0,0,0,1,0,-0.2645124176,-0.2550933636,-0.318570205,-0.24858207410000002,-0.2505202916,-0.013142907700000001,-0.17263294980000002,-0.3761724859,-0.3368287893,-0.3149402807,-0.2379531622,-0.2692398706,-0.2663846361,-0.20398174870000002,-0.23913590880000002,-0.1750235735,-0.2099364342,-0.2424546491,-0.3053275956
/105/7.mp3,0.0034722224,0.0034722233,0.0034722224,0.0034722223,0.0034722224,0.0034722224,0.0034722224,0.0034722223,0.0034722222,0.6768260707,0.056148555200000005,0.2218864828,0.0034722223,0.0034722222,0.0034722224,0.0034722222,0.27386118260000003,0.5098047063,0.0037593985000000003,0.0037594116,0.17498063700000002,0.0037594165,0.0037594167,0.0037594117,0.0037594033000000002,0.003759404,0.0037593985000000003,0.0037594095,0.0037594053,0.0037593985000000003,0.0023170741,0.0023190223,0.36903326810000003,0.0023181408,0.2016909452,0.2299337133,0.1900686949,0.0023191413,1,0,0,0,0,0,0,-0.1777140781,0.061145177200000005,0.0724556443,-0.0496513806,-0.08206972950000001,0.0407875718,0.023728194100000002,0.0833854514,0.0269281882,0.0040980064000000005,0.026016857100000002,0.07896440390000001,0.0217455675,0.0422784698,0.1294069129,0.10537503570000001,0.12305513330000001,0.1435735544,0.0169091863
/105/6.mp3,0.0018382353,0.5528680514000001,0.0018382353,0.0657404246,0.0018382353,0.0018382371,0.0018382353,0.0778411049,0.0018382353,0.0018382353,0.2503246387,0.0018382353,0.0018382353,0.033005190000000004,0.0018382354,0.0018382354,0.0021008577,0.9726890011,0.0021008403,0.0021008473,0.0021008472,0.0021008503,0.0021008505,0.0021008478,0.0021008430000000002,0.0021008433,0.0021008403,0.0021008465,0.0021008442000000002,0.0021008403,0.0013167464,0.1879116449,0.4518703412,0.3536291245,0.0013184334,0.0013183151,0.0013172191000000001,0.0013181754000000001,0,1,0,0,0,0,0,0.101030174,0.0452040556,-0.0637950592,-0.0291745458,-0.0287914888,0.061198536000000005,0.0258992106,0.1869236649,-0.0064611943000000005,0.036585530500000005,0.024451661200000002,0.0817503891,0.07874560130000001,0.0471067614,0.0666146474,0.09375702820000001,0.1343058262,0.055562971700000005,-0.038379859100000004
/105/4.mp3,0.0017857145,0.0017857146,0.0017857145,0.0017857143,0.0017857144,0.0017857143,0.0017857144,0.0017857143,0.0017857144,0.7072600329000001,0.0017857143,0.1255913638,0.0017857162,0.0017857143,0.143934314,0.0017857149,0.7333459729,0.0018797164000000002,0.0018796992000000002,0.2440975703,0.0018797056000000002,0.0018797093000000001,0.0018797091,0.0018797061000000001,0.0018797019,0.0018797026,0.0018796992000000002,0.0018797052,0.0018797028,0.0018796992000000002,0.0011800518,0.0322602691,0.22881984930000002,0.5566835702,0.0011815922,0.0011812937,0.0011804944,0.1775128793,0,0,1,0,0,0,0,0.09359637230000001,-0.167131582,0.0454129704,0.0384103201,-0.044231529000000006,-0.0509968089,0.0029766359,-0.0423113078,0.1712570928,0.11473059370000001,-0.1658608757,0.07896440390000001,0.0072356178,0.0389786596,-0.0028098697000000002,0.0466581062,0.1434266135,0.0591665601,-0.0397370523
/105/5.mp3,0.0394893128,0.0010775865000000001,0.7558636315,0.0010775866,0.0010775864,0.0010775862,0.0010775871000000001,0.028444769800000002,0.0010775863,0.0010775884000000001,0.0010775865000000001,0.0010775876,0.0010775864,0.0010775864,0.1632712452,0.0010775864,0.7306301026,0.0893282491,0.0012315271,0.0012315319,0.0012315303,0.1664948213,0.0012315323000000001,0.0012315305,0.0012315285000000001,0.0012315309,0.0012315271,0.0012315302,0.0012315310000000001,0.0012315271,0.0007672587000000001,0.0007677743,0.224512875,0.6162454807000001,0.1554027415,0.0007679524,0.0007675824000000001,0.0007683350000000001,0,0,0,0,0,0,1,-0.0169427727,0.1396123956,0.049344647400000004,-0.0464120825,-0.0824908795,0.3061611362,0.0669454312,0.0064271254,0.0269281882,0.019165065800000002,0.0331651362,0.07896440390000001,0.0258381173,0.0194744947,0.1138240268,-0.007824575,0.058116474,0.0438397274,0.0682720348
/105/1.mp3,0.0006868134,0.0006868133,0.0656265434,0.0006868133,0.0006868135,0.0117057941,0.0006868132,0.0006868147,0.0006868132,0.0006868133,0.0006868134,0.5837051692,0.0006868135,0.0006868134,0.1213749247,0.21003262050000002,0.1118854812,0.6737493736,0.0007518797,0.0007518822,0.000751882,0.1915583435,0.0007518832,0.0007518822,0.0007518807,0.0007518808000000001,0.0007518797,0.015287990500000001,0.000751881,0.0007518797,0.0004602216,0.0004603772,0.1457655669,0.00046044040000000003,0.0930010704,0.3277901165,0.4316018412,0.0004603656,0,1,0,0,0,0,0,0.0517568527,-0.29575905550000003,-0.0647721986,0.2931426365,-0.1052588022,-0.0503633039,0.022713369100000002,-0.026006361300000003,0.0252859109,0.20630825660000002,-0.2027860728,0.1174175538,0.0646598117,0.0576326551,-0.0246274558,0.1116276048,0.10262068270000001,-0.0315203972,-0.3536916888
/105/2.mp3,0.0008928572,0.0008928572,0.0008928573,0.0008928574000000001,0.0008928578,0.0008928571000000001,0.0008928572,0.0008928597,0.0008928574000000001,0.0008928599000000001,0.0008928576,0.5486340923,0.0008928576,0.018784530100000002,0.0008928618000000001,0.42097422240000004,0.5175581418,0.33494926350000004,0.0009652510000000001,0.0009652543,0.0009652539,0.1368748132,0.0009652554000000001,0.0009652542,0.0009652522000000001,0.0009652523,0.0009652510000000001,0.0009652537,0.0009652526,0.0009652510000000001,0.1644175421,0.0005935329,0.0722284101,0.0005935082,0.0005935557,0.6357769081,0.0005936532,0.12520288970000001,0,1,0,0,0,0,0,0.024907951600000002,0.08454919030000001,-0.1300007387,-0.038594544,-0.0512282731,0.1693519346,0.0506416806,0.0554853411,0.03595653,0.0193788461,0.10646232130000001,0.09599698,-0.1565939025,-0.0300923399,-0.0517928044,0.126535846,0.10356891850000001,-0.051552534000000004,-0.0861660468
/105/3.mp3,0.6797618193,0.0007716050000000001,0.0699644539,0.0007716050000000001,0.0007716050000000001,0.0007716065,0.0007716049,0.0007716051,0.0007716049,0.0533895719,0.0007716050000000001,0.0007716064,0.0007716051,0.050076055,0.0007716059000000001,0.1383204409,0.0008710870000000001,0.5636779941,0.0008710801,0.0008710831000000001,0.0008710829,0.4258690183,0.0008710842,0.0008710831000000001,0.0008710813,0.0008710814,0.0008710801,0.0008710826,0.0008710817,0.0008710801,0.0005390154,0.0005392015000000001,0.2117499586,0.1755356183,0.3393596419,0.1516907314,0.0005392922,0.12004654070000001,0,0,0,0,0,0,1,-0.059219662400000005,-0.1598492827,0.0240445016,0.0161659878,-0.0851670299,0.013507666500000001,0.0866092289,-0.0298416703,0.023559743,-0.0010531353,0.07010281900000001,-0.1050258667,-0.0843324899,-0.0783483231,0.034131266300000004,-0.032713664600000004,0.1044234097,-0.0242677619,-0.07962734960000001
/51/7.mp3,0.045036845000000006,0.0008333335000000001,0.0278659513,0.0008333334,0.0008333334,0.0008333333,0.31369280580000003,0.0008333333,0.0008333335000000001,0.0008333334,0.0008333333,0.0008333334,0.0008333341000000001,0.0008333333,0.0008333333,0.6034043965,0.12421054270000001,0.5616655298000001,0.0009157509,0.0009157540000000001,0.0009157538,0.3040506475,0.0009157552,0.0009157540000000001,0.0009157521000000001,0.0009157522,0.0009157509,0.0009157535,0.0009157525,0.0009157509,0.0005558065,0.0005559689,0.0005566309,0.643072806,0.134351044,0.0005565863,0.0005560667,0.21979509090000002,0,1,0,0,0,0,0,-0.1410468688,0.1177526861,0.0301841973,-0.0711112854,-0.2037003805,0.1216067468,0.1197846186,-0.0519553144,-0.1800340063,-0.1148422999,0.0715335857,-0.1024253178,-0.1908076495,0.009708860100000001,0.0651097068,0.000570349,-0.114358393,-0.0968022169,0.09562822230000001
/51/6.mp3,0.0007352941,0.0007352941,0.0007352941,0.0007352942,0.0007352941,0.0007352943,0.0007352941,0.2982349007,0.0007352941,0.0007352941,0.6914709813000001,0.0007352941,0.0007352941,0.0007352942,0.0007352941,0.0007352941,0.1849764684,0.30982021530000003,0.0008403361,0.0008403390000000001,0.0008403387000000001,0.00084034,0.056966143100000005,0.1926523222,0.1555647603,0.0008403373,0.0008403361,0.09329738950000001,0.0008403377,0.0008403361,0.0005190982,0.2617308514,0.31594385550000004,0.0005196703000000001,0.2111915873,0.0810971869,0.0005194647,0.1284782858,0,0,0,0,0,0,1,0.0474829768,-0.122588679,0.0732573069,0.0444211075,0.032482526500000004,-0.2380504668,-0.2927006565,0.045693005,0.1952195914,0.2042936229,-0.10388666740000001,0.15478034000000002,0.25189835790000004,0.08564739140000001,-0.0572416722,0.0769899517,0.0605404115,0.1771849217,-0.2507067449
/51/4.mp3,0.4231064056,0.0023148155,0.0023148153,0.0023148148,0.058659633200000005,0.0023148149,0.0023148149,0.0023148148,0.0023148148,0.0023148151,0.1104002313,0.3800559483,0.0023148162,0.0023148148,0.0023148152,0.0023148154,0.0018797196000000002,0.9755638432,0.0018796992000000002,0.0018797058,0.0018797044,0.0018797075000000002,0.0018797073,0.0018797049000000001,0.0018797014,0.0018797019,0.0018796992000000002,0.0018797041,0.0018797021,0.0018796992000000002,0.0011806017000000001,0.0011817046,0.3068780401,0.0011811712,0.2406693057,0.0011820646,0.1906105824,0.2571165297,1,0,0,0,0,0,0,0.009144329000000001,0.13265907,-0.0353457244,0.023148044200000002,-0.014321791200000001,0.0266522501,0.016972804,-0.0054184747,-0.0154225427,0.0332330712,0.0961491713,-0.1597957673,-0.2935449873,-0.0315953265,0.0895810402,0.0739301357,0.024660153400000002,-0.1055742997,0.09266867270000001
/51/5.mp3,0.0005000001,0.0005,0.0005,0.0134872215,0.0005000004,0.0005,0.6431483583000001,0.0005,0.1922722648,0.0005000001,0.0005,0.1143857212,0.0312064336,0.0005,0.0005,0.0005,0.22966410810000001,0.6518851155000001,0.0005370569,0.0395999835,0.0005370586,0.0005370594,0.0005370594,0.0005370587,0.045032891900000004,0.0005370577,0.0005370569,0.0005370584,0.0289843781,0.0005370569,0.00032740600000000003,0.0003276667,0.1578495775,0.0003278048,0.0003277172,0.3193484949,0.0003275336,0.5211637993,0,1,0,0,0,0,0,-0.10345956790000001,0.082757992,-0.0089435869,-0.041059259300000005,0.0032450870000000002,0.07107692040000001,0.17160610710000002,-0.0150913952,-0.1398044709,-0.0348328049,0.0708162702,0.1447567354,0.0265698216,0.0734674219,0.128481017,0.012045195000000002,-0.054348850000000004,0.1506207528,-0.0022492379
/51/1.mp3,0.0012019236000000001,0.0012019236000000001,0.0012019232,0.0012019231,0.41864509510000003,0.0012019231,0.0012019235,0.0012019231,0.0012019231,0.0012019241,0.031159084400000002,0.5345708166,0.001201924,0.0012019231,0.0012019231,0.0012019233,0.4461541731,0.1799548431,0.0013477089,0.0013477136000000002,0.0013477131,0.0013477152,0.3590661562,0.0013477135000000001,0.0013477106,0.0013477109,0.0013477089,0.0013477127,0.0013477113,0.0013477089,0.0008338084,0.0008345463,0.075372955,0.38300315630000004,0.0008348499,0.0008349827,0.0008340997000000001,0.5374516017000001,0,0,1,0,0,0,0,-0.0103449283,0.0521792588,-0.034084963,-0.0775839205,0.0734003766,0.073222602,0.0521754514,-0.1027641715,0.08517397260000001,0.0590658467,-0.0779966294,0.0797801033,0.1179886614,0.0879524169,-0.12495879480000001,0.1513652355,0.0647293087,0.0158461622,-0.1607438014
/51/2.mp3,0.0027173923,0.0027173913,0.0611402325,0.0027173913,0.0027173913,0.0027173913,0.0027173913,0.0027173913,0.0027173913,0.9008162846000001,0.0027173913,0.0027173913,0.0027173913,0.0027173913,0.0027173948,0.0027173914,0.0031056076,0.9596272347,0.0031055901,0.0031056012,0.0031055982000000003,0.0031056059000000003,0.0031056029,0.0031055988,0.0031055935,0.0031055945000000003,0.0031055901,0.0031055978,0.0031055946,0.0031055901,0.0019541007,0.0019552344000000003,0.662274373,0.0019548338000000003,0.0019558452,0.0019554045,0.0019554416000000002,0.3259947668,0,0,1,0,0,0,0,-0.1784297179,0.13820593180000001,0.0601821078,-0.117198616,-0.2054411479,0.1302611393,0.127271608,-0.0437391701,-0.0583151753,0.009858554,0.0545211086,0.0038603311000000003,-0.10903992870000001,0.0345995292,0.0102128323,0.008944423200000001,0.061993368900000005,-0.0369254488,0.060528032600000004
/51/3.mp3,0.0009328358000000001,0.0009328361000000001,0.0009328358000000001,0.0009328372,0.0009328359,0.0009328359,0.0009328358000000001,0.8726608429,0.0009328358000000001,0.0009328358000000001,0.0009328379,0.0009328358000000001,0.0009328361000000001,0.1142794513,0.0009328358000000001,0.0009328358000000001,0.057678432800000005,0.9295283556,0.0010660981,0.0010661018000000001,0.0010661011,0.0010661027,0.0010661027,0.0010661012000000001,0.0010660993000000001,0.0010660996,0.0010660981,0.0010661070000000002,0.0010661021,0.0010660981,0.1094180913,0.0006592918000000001,0.12224515770000001,0.0006589905,0.4960682118,0.0006591924,0.0006593034,0.269631761,0,0,0,0,0,0,1,0.12828984740000002,-0.3663710029,-0.3315618013,0.0084884954,-0.0009948243,-0.3514703248,-0.3319488057,0.1484426176,0.1832239735,0.0510626322,0.0033078787,-0.10483738640000001,0.1136041688,0.0118822541,-0.09418963870000001,0.1177053401,0.162437393,-0.0084772578,-0.1292547501
/58/7.mp3,0.0023148160000000004,0.0023148166,0.16051968600000002,0.0023148188,0.0023148152,0.0023148151,0.0023148155,0.0023148263,0.08213714200000001,0.5575748065,0.0023148169000000002,0.0023148157000000003,0.0023148183000000003,0.0661840847,0.10812128950000001,0.0023148169000000002,0.4056722708,0.40919714220000003,0.0023041475,0.0023041555,0.0023041547,0.0023041583000000003,0.1597849141,0.0023041553,0.0023041504,0.0023041508,0.0023041475,0.002304154,0.0023041517,0.0023041475,0.001454563,0.1601955535,0.38749406010000004,0.4450320043,0.0014559351,0.0014565111,0.0014552340000000001,0.0014561389000000001,0,0,0,0,0,0,1,-0.0361227102,-0.0017793854,0.0160205747,-0.0105324756,-0.0791531909,-0.1061575825,-0.1301339521,-0.0644592851,0.014446741400000001,0.0547596927,-0.008037042900000001,0.087282204,0.0072356178,0.0969197668,-0.0934568446,0.10823838320000001,0.0486860569,0.0366076968,-0.2160082364
/58/6.mp3,0.0013888892,0.0013888892,0.0013888890000000001,0.0013888894,0.0013888891,0.0013888889,0.5029474766,0.0450080813,0.1889432584,0.0013888894,0.0013888892,0.0013888891,0.0013888902000000001,0.0013888891,0.0013888890000000001,0.2464345129,0.2774348727,0.3747743819,0.001552795,0.034936172700000004,0.2973265913,0.0015528023000000001,0.0015528023000000001,0.0015528003000000001,0.001552797,0.0015527973,0.001552795,0.0015527994,0.0015527977,0.001552795,0.0009620475,0.0009621659,0.0009633981,0.7320759557000001,0.0009631352,0.0009634934000000001,0.0009623961,0.2621474082,1,0,0,0,0,0,0,-0.2268492353,0.0632463972,-0.0021945234,-0.21136601430000002,-0.0686535501,0.1383807916,0.07561449320000001,-0.1311025758,-0.0770103538,-0.0381307736,0.049239044100000004,0.0440924415,-0.1443731209,0.0137748395,0.0100595422,-0.0277071275,-0.09219499140000001,-0.0411252846,0.029900377300000003
/58/4.mp3,0.000534188,0.0395275203,0.000534188,0.0005341881,0.000534188,0.0005341903,0.000534188,0.0502235178,0.000534188,0.000534188,0.9033045151,0.000534188,0.000534188,0.0005341881,0.000534188,0.000534188,0.0005903251,0.3863581064,0.0005903188,0.0005903209000000001,0.5672780403000001,0.0005903213,0.0155653778,0.0248952608,0.0005903194,0.0005903196,0.0005903188,0.000590329,0.0005903231,0.0005903188,0.0003605958,0.1923935864,0.0003604556,0.0388687048,0.0003606551,0.0277729274,0.739522431,0.0003606439,0,0,0,1,0,0,0,-0.4450519352,0.3144553436,-0.2329590676,-0.3961677269,-0.35938442930000003,0.1998496736,-0.0050400314000000005,-0.1640311794,-0.4518534603,-0.3235855704,0.0331651362,-0.2557378936,-0.4798465879,-0.15202661450000002,0.06322327600000001,-0.1039091684,-0.078662066,-0.1922948206,0.3627654409
/58/5.mp3,0.0007621957,0.0007621955000000001,0.0584897206,0.0729523569,0.034842946900000005,0.0007621952,0.0007621956,0.0007621951,0.0138299839,0.0367181311,0.0007621951,0.7239149399,0.0007621963,0.0007621952,0.0523921615,0.0007621956,0.4745557186,0.5157040005,0.0008116883000000001,0.0008116911,0.0008116908000000001,0.000811692,0.000811692,0.000811691,0.0008116893,0.0008116895,0.0008116883000000001,0.0008116906,0.0008116897,0.0008116883000000001,0.1035941689,0.0349064066,0.0005008269,0.19447735570000002,0.3164433783,0.2753650594,0.07421192880000001,0.0005008754,0,0,0,0,0,1,0,0.18552666610000002,-0.1976674388,0.0762476976,0.1287414446,0.1421534667,-0.2528197772,-0.27819543890000004,-0.0566041433,0.1913872098,0.1240149567,-0.1415724194,0.08087032670000001,0.0883980723,0.0320675234,-0.109666888,0.007996998200000001,-0.0527203955,-0.0235210531,-0.2472522201
/58/1.mp3,0.0013020833,0.0013020834,0.0013020833,0.3778928592,0.0013020834,0.0013020834,0.0013020833,0.5160423833000001,0.0013020833,0.0013020833,0.08913767360000001,0.0013020833,0.0013020837000000001,0.0013020834,0.0013020833,0.0013020833,0.32267959100000004,0.6399064908000001,0.0013477089,0.0013477135000000001,0.0013477130000000002,0.0013477151,0.0013477151,0.0013477134,0.022589086600000002,0.0013477108,0.0013477089,0.0013477127,0.0013477112,0.0013477089,0.0008341438,0.21232218790000001,0.0008348233,0.4933952727,0.0008346314,0.0008348452,0.1539513808,0.1369927149,0,0,0,0,1,0,0,-0.0056120784000000005,0.2548663095,-0.017875226600000002,-0.20791775440000002,0.046610117,0.2024721457,0.1561943908,-0.024170952500000002,-0.24640324060000002,-0.09000164690000001,0.0212452703,-0.18281955700000002,-0.18448336440000002,-0.0958842983,0.0129506711,-0.1660184431,-0.0834448216,-0.1174891616,0.155945163
/58/2.mp3,0.0012500003000000001,0.0012500002,0.5436074001,0.0012500002,0.0012500012,0.0570014838,0.00125,0.06481811180000001,0.0012500002,0.0012500002,0.0012500001,0.2704824276,0.05034057,0.0012500004,0.0012500037,0.0012500002,0.3020428946,0.5579611878,0.0011520737,0.0011520776,0.051905816,0.0765693429,0.0011520791000000001,0.0011520776,0.0011520752,0.0011520754,0.0011520737,0.001152077,0.0011520757,0.0011520737,0.0007109974,0.000711825,0.0007113609000000001,0.3798087234,0.35739973410000003,0.0007116957000000001,0.2592341529,0.0007115106,1,0,0,0,0,0,0,0.0572613801,-0.0266330311,0.06027453,0.047986739,0.06533732290000001,-0.1894951924,-0.0868060372,-0.0423113078,0.15165743040000002,0.1073722143,0.056699069500000004,0.0497547819,0.0774118137,0.0325808932,0.0002008799,0.026465031,0.0048274115,-0.0174013313,-0.1485557219
/58/3.mp3,0.15327619720000002,0.00042517010000000003,0.0004251702,0.00042517060000000004,0.0161953115,0.00042517010000000003,0.0004251708,0.00042517010000000003,0.329000964,0.0004251707,0.00042517010000000003,0.00042517010000000003,0.1004125206,0.00042517010000000003,0.0004251702,0.3964381335,0.00043554360000000003,0.5808453682,0.00043554010000000003,0.0004355415,0.0004355415,0.0004355421,0.4139281379,0.0004355416,0.00043554060000000004,0.0004355407,0.00043554010000000003,0.0004355413,0.00043554090000000003,0.00043554010000000003,0.0002655245,0.0002656763,0.4148071944,0.2412295063,0.1334630501,0.2094375327,0.0002656409,0.0002658748,0,0,0,0,0,1,0,0.11560916880000001,-0.3005490142,-0.1954262649,0.0950605843,0.1694222202,-0.27647335160000003,-0.1277369124,-0.09921579999999999,-0.0163334222,0.061430415,-0.0634788221,0.07896440390000001,0.043228187,0.0911548128,-0.0523610128,0.09111722300000001,0.0479383693,0.12410971280000001,-0.22508792800000002
/67/7.mp3,0.0008333334,0.0008333334,0.0008333336,0.0008333333,0.0008333334,0.0008333333,0.0008333334,0.0008333333,0.0008333334,0.7640348156,0.0008333333,0.000833334,0.0008333336,0.0008333333,0.224298516,0.0008333334,0.4254145207,0.0990427339,0.0009276438000000001,0.0009276471,0.291076622,0.0009276482000000001,0.1751896678,0.0009276469,0.000927645,0.0009276452,0.0009276438000000001,0.0009276464,0.0009276455,0.0009276438000000001,0.0005712892000000001,0.1296030833,0.0005717782000000001,0.3793700253,0.29784834050000003,0.0005719188,0.0466169106,0.1448466541,0,1,0,0,0,0,0,0.0531780087,0.06781290620000001,0.1543842611,0.0877179411,0.1678451179,0.012376535800000001,0.0529881429,0.0202938606,0.09482628700000001,0.0879542656,0.12224332510000001,0.2500691243,0.17962385990000002,0.2565549838,0.1009413576,0.24044728210000002,0.0497432705,0.22853020200000002,0.0525811428
/67/6.mp3,0.0013888891,0.1013904484,0.0013888894,0.0935737911,0.3424223008,0.0013888890000000001,0.0013888889,0.001388892,0.0013888890000000001,0.11130513010000001,0.0013888895,0.15499473630000002,0.1088406517,0.028456431900000002,0.0479053932,0.0013888896000000001,0.9110048617000001,0.0014881057,0.0014880952000000001,0.0711379442,0.0014880992,0.0014881014,0.0014881013,0.0014880994,0.0014880968,0.0014880973,0.0014880952000000001,0.0014881072,0.0014881,0.0014880952000000001,0.0009265463,0.0504451957,0.0009276392,0.36169514900000005,0.0009277499,0.1981220283,0.0009268957000000001,0.386028796,1,0,0,0,0,0,0,0.1286777193,-0.031323903,0.1317857871,0.17337363660000002,0.1534223445,-0.1154054104,0.031066165700000002,0.0746656887,0.1903621999,0.16292755820000002,0.1143013461,0.301096419,0.23519524560000002,0.1270692836,0.12037565780000001,0.06985617620000001,-0.0005921862,0.3062709609,0.0898284785
/67/4.mp3,0.0209820844,0.0008561647,0.5253415733,0.0008561644,0.10267343100000001,0.0008561644,0.0008561644,0.07014549540000001,0.0008561644,0.1745957421,0.0260331974,0.07252299520000001,0.0008561653,0.0008561644,0.0008561645,0.0008561646000000001,0.294293827,0.6163027253000001,0.0009041591,0.0009041622,0.0009041619,0.0009041633,0.0009041633,0.0009041621000000001,0.0009041602000000001,0.0009041604,0.0009041591,0.0794576761,0.0009041607,0.0009041591,0.10080023810000001,0.0005565216,0.0005567143,0.0005566963000000001,0.8440250865000001,0.0005563658,0.0523917205,0.0005566569,0,0,0,0,0,0,1,-0.0261628982,-0.1219014457,-0.0366839594,-0.0340720069,-0.0339761944,-0.033829075300000004,-0.020751738000000002,0.0235342392,0.0332760004,0.036515140200000004,-0.21706100250000002,0.1666999686,0.0187413622,0.0279868071,0.0554334609,0.0337805556,-0.1277675552,0.1614297204,-0.08872980200000001
/67/5.mp3,0.0012254903,0.1386264635,0.0012254903,0.0012254902,0.0012254903,0.5282843589,0.0012254902,0.0012254902,0.0012254902,0.0012254903,0.3171578031,0.0012254903,0.0012254913,0.0012254902,0.0012254902,0.0012254905,0.3579466452,0.19181504670000002,0.0014005602,0.0014005652,0.131856527,0.0014005668,0.2081478024,0.001400565,0.0014005620000000002,0.0976289121,0.0014005602,0.0014005642,0.0014005628,0.0014005602,0.0858549896,0.2210534215,0.3907806413,0.29885611100000004,0.0008637610000000001,0.0008636153000000001,0.0008638980000000001,0.0008635622000000001,0,1,0,0,0,0,0,0.11847378060000001,-0.2693409075,-0.1138054393,0.0227807755,-0.0420521663,-0.22532667520000002,-0.2582721388,-0.028765903000000002,0.1269062958,0.156690407,-0.0017383547000000001,0.2529145259,0.263736026,0.1472222249,0.20325676650000002,0.0303761278,0.0164067436,0.2088594971,-0.2301936944
/67/1.mp3,0.0010593222,0.0010593223,0.0010593226000000001,0.0444910899,0.0205833307,0.0010593221,0.3599081824,0.0010593220000000001,0.0523689243,0.0179281157,0.0010593220000000001,0.0010593246,0.1103920964,0.0010593221,0.09734090370000001,0.28851277680000004,0.16617134620000001,0.63392223,0.0010060362,0.0223706358,0.16747540600000002,0.0010060408,0.0010060409,0.0010060396,0.0010060375,0.0010060376,0.0010060362,0.001006039,0.0010060380000000001,0.0010060362,0.0006256284000000001,0.11278536110000001,0.0006260051,0.6707323677,0.0671269262,0.0006260499,0.0279825668,0.1194950948,0,0,0,0,0,1,0,-0.0828784535,0.0751304869,0.034632807700000004,-0.028646785,-0.0184946314,0.0675172299,0.1629386586,0.0275524863,0.13471963380000002,-0.012604784400000001,-0.0344236469,0.08656561630000001,0.0559507469,0.0829332631,0.09099061400000001,0.0848419,0.0421103686,0.1323604747,0.0407542879
/67/2.mp3,0.4760832464,0.0012019233,0.0012019245,0.0012019236000000001,0.0012019231,0.0012019231,0.0012019231,0.0590427878,0.0012019231,0.279263882,0.0012019231,0.1711870041,0.0012019232,0.0012019231,0.0012019232,0.0012019233,0.0013477147,0.375669219,0.0013477089,0.0013477139,0.6081582412000001,0.0013477144,0.0013477141,0.0013477123000000001,0.0013477103000000001,0.0013477109,0.0013477089,0.001347712,0.0013477107,0.0013477089,0.0008231761,0.22192114810000002,0.29604161360000003,0.0008234474000000001,0.183700834,0.0008234532,0.0008242155000000001,0.2950421122,0,0,0,0,1,0,0,-0.0372421392,0.07196359470000001,0.0825714215,-0.037540465700000004,0.036739297000000004,0.1324080862,0.1137700593,-0.0096794976,-0.0252932822,-0.012395160300000001,-0.012081113400000001,0.0707618788,0.0206507642,0.0689777718,0.166967961,0.016036872100000002,-0.0032156584000000003,0.1556403107,-0.0305332626
/67/3.mp3,0.0020161295,0.0020161303,0.0020161295,0.0020161311,0.1831591062,0.0020161292000000003,0.0020161293000000003,0.0020161324,0.0020161292000000003,0.41355763640000004,0.12845762330000002,0.2506320727,0.0020161319,0.0020161295,0.0020161294,0.00201613,0.0022321644,0.8610815075,0.0022321429,0.00223215,0.11213270040000001,0.0022321539,0.0022321544000000002,0.0022321516,0.002232146,0.002232146,0.0022321429,0.0022321499,0.0022321473,0.0022321429,0.1727732163,0.2579914735,0.0013762723,0.196481603,0.0013760119,0.0013762604,0.1166849269,0.2519402358,0,0,0,0,0,0,1,0.018948291000000003,-0.0017614610000000002,0.10621461160000001,0.061604844500000006,0.17850916590000002,0.1020559422,0.1233416893,0.13676568020000002,0.0878548984,0.0315886857,0.20929087970000002,0.0631620739,-0.0451092004,0.0404336214,0.1636125393,-0.009370884900000001,-0.0528662472,0.1609413704,0.12655299350000002
/93/7.mp3,0.0008223688,0.1880722768,0.0008223684,0.0008223684,0.2760491147,0.0008223685,0.0008223688,0.0008223684,0.0008223684,0.12135938140000001,0.0968773346,0.3085958387,0.0008223687,0.0008223684,0.0008223684,0.0008223685,0.4058604813,0.0009157575000000001,0.0009157509,0.2836944845,0.0009157534000000001,0.3003717507,0.0009157547,0.0009157536,0.000915752,0.0009157531000000001,0.0009157509,0.0009157532,0.0009157532,0.0009157509,0.0005685819000000001,0.000569216,0.6105101908,0.1294756904,0.11758105340000001,0.1401573176,0.0005687121,0.0005692376,0,0,0,0,0,0,1,-0.0820741947,-0.4752251711,-0.0718150573,0.0860356392,-0.06448301840000001,-0.1514554541,-0.2263856425,-0.0423113078,0.0269281882,0.0040980064000000005,0.0331651362,0.07896440390000001,0.0389738288,-0.0047251015,-0.0707612383,0.0102231121,-0.1048523444,0.0087052785,-0.1466012341
/93/6.mp3,0.6479520489,0.002016129,0.0020161318000000003,0.002016129,0.0020161291000000002,0.002016129,0.002016129,0.002016129,0.0020161291000000002,0.0020161293000000003,0.002016129,0.1908637273,0.0020161291000000002,0.002016129,0.134974543,0.0020161293000000003,0.2082064099,0.7658195058,0.0021645022,0.0021645097,0.0021645084,0.0021645118,0.0021645118,0.0021645089,0.0021645047,0.002164507,0.0021645022,0.0021645080000000003,0.0021645075,0.0021645022,0.0013592786,0.0013596435,0.5868548638000001,0.4049829083,0.0013610871,0.0013608803,0.0013599945,0.0013613439,0,1,0,0,0,0,0,-0.1086057215,0.1603461347,-0.21280208750000001,-0.4702462965,-0.0885700063,0.1805735625,0.2030745158,-0.1699004537,-0.429161287,-0.4850644241,0.17224913390000002,-0.0207636491,-0.40828983280000003,-0.0670636326,0.0836206754,-0.0648817634,-0.11087367220000001,-0.031778014800000004,0.0947843144
/93/4.mp3,0.0004562044,0.0004562045,0.0004562044,0.0004562044,0.0004562044,0.0004562044,0.0004562044,0.044663931600000005,0.0004562044,0.8256503509,0.12375506,0.00045620480000000004,0.0004562044,0.0004562044,0.0004562044,0.0004562044,0.0004995046,0.5823642560000001,0.0004995005,0.0004995021,0.0985168656,0.13232089090000002,0.0004995029000000001,0.0004995023,0.0004995012,0.1818029696,0.0004995005,0.0004995020000000001,0.0004995014,0.0004995005,0.1237766639,0.044746039700000004,0.33394360900000003,0.0003053091,0.4183879835,0.00030527580000000004,0.0003053554,0.0782297638,0,0,0,0,0,0,1,0.0966385158,-0.2980922958,-0.1186331075,-0.0005716962,-0.039766464200000004,-0.18259603870000002,-0.0888921356,-0.0423113078,0.0395055312,0.0182451662,-0.162416785,0.008388717,0.1191315232,-0.0630034637,-0.0280552371,-0.0378145285,-0.1124292003,-0.0332998611,-0.36892833150000004
/93/5.mp3,0.001644737,0.0016447368,0.0016447375,0.0016447368,0.0016447369,0.0016447368,0.0016447368,0.0016447368,0.0016447368,0.8448448473,0.0016447368,0.0016447369,0.0016447369,0.0016447368,0.132128836,0.0016447369,0.46699476970000003,0.2905148799,0.0018796992000000002,0.0018797058,0.0018797051,0.0018797081000000002,0.0018797081000000002,0.0018797056000000002,0.2218136108,0.001879702,0.0018796992000000002,0.0018797046,0.0018797025,0.0018796992000000002,0.0011687916,0.001169558,0.10020603060000001,0.4470862027,0.0011704666,0.0011695015,0.0011692848,0.4468601641,0,0,1,0,0,0,0,-0.6086554331,0.3593945626,0.014871400500000001,-0.5908144241000001,-0.34579779590000004,0.1231616965,-0.0920509826,-0.0840095312,-0.5572281971,-0.5785783817,0.0331651362,-0.08059699940000001,-0.3534236122,-0.0868089965,0.0887773333,-0.0079712602,-0.0078549286,-0.019435938,0.2310864267
/93/1.mp3,0.0010080646000000001,0.0010080652000000001,0.0010080647,0.0010080656,0.0010080646000000001,0.8258083527000001,0.0010080645,0.0010080646000000001,0.0010080646000000001,0.0010080647,0.1600787407,0.0010080647,0.0010080647,0.0010080646000000001,0.0010080646000000001,0.0010080649,0.2834378844,0.5630004722,0.0011520737,0.0011520776,0.0797137245,0.001152079,0.0011520791000000001,0.0011520776,0.0011520752,0.0011520754,0.0011520737,0.001152077,0.062327157,0.0011520737,0.0007065806,0.0007069557,0.2433076787,0.0007075182,0.3071822758,0.1636178465,0.0007068044,0.2830643402,0,1,0,0,0,0,0,-0.0290961296,-0.5233298319,-0.31625260510000003,-0.0592290476,-0.045471273400000005,-0.5384413021000001,-0.46127589220000004,-0.0423113078,-0.0443738009,-0.11304747080000001,-0.41733513120000004,-0.1309784242,0.1491404207,-0.0314067018,-0.4912452933,-0.07278437480000001,-0.0250895007,-0.18749513240000001,-0.45246808510000003
/93/2.mp3,0.2159494355,0.0003531074,0.0003531084,0.0629975691,0.0124895578,0.0003531073,0.0003531077,0.0288436899,0.433618952,0.011528469500000001,0.0003531073,0.0003531074,0.1797019803,0.0003531074,0.0003531074,0.052045485600000004,0.2451066496,0.35014047530000003,0.0003739716,0.0003739729,0.1850825854,0.0003739732,0.021887232200000002,0.0340622186,0.00037397200000000003,0.025873423200000002,0.0003739716,0.1102647826,0.025338800300000002,0.0003739716,0.1663841998,0.00022797100000000002,0.0002281219,0.00022809230000000002,0.00022800400000000002,0.13864107250000002,0.0553755187,0.6386870198,0,0,0,0,0,1,0,-0.4997750588,-0.4768476428,-0.418527943,-0.0315123733,-0.5683855391,-0.4490192389,-0.3158354204,-0.08335049500000001,-0.3295700995,-0.15478622220000002,-0.3671909713,-0.07380963700000001,-0.2089322633,0.0194744947,0.040902596,-0.1268528079,-0.2290282783,-0.07973961190000001,-0.2886868575
/93/3.mp3,0.001041667,0.7918829792000001,0.0010416668,0.0010416668,0.0010416668,0.193533683,0.0010416669,0.0010416667000000001,0.0010416667000000001,0.0010416672,0.0010416677,0.0010416669,0.0010416680000000002,0.0010416667000000001,0.0010416667000000001,0.0010416671,0.9850229939,0.001152084,0.0011520737,0.0011520787,0.0011520773,0.0011520796,0.0011520794,0.0011520775,0.0011520752,0.0011520757,0.0011520737,0.0011520805,0.001152077,0.0011520737,0.0007065661,0.0007071579,0.0007072734,0.5702361883,0.3409773146,0.0007075919,0.0007068787,0.085251029,0,0,0,0,0,0,1,-0.0091856675,-0.47568298340000004,-0.0497026171,-0.0390828767,0.09234462780000001,-0.45848538380000003,-0.24967475160000002,0.0409948465,0.0269281882,0.0040980064000000005,-0.1976613788,-0.12010825380000001,-0.018919633,-0.0560085757,-0.21971054080000002,-0.0266510968,0.023115730600000002,-0.1411532113,-0.45984611550000004
/94/7.mp3,0.0016025642,0.4702605529,0.0016025642,0.0016025641000000001,0.0016025642,0.3989181176,0.0016025641000000001,0.0016025641000000001,0.0016025641000000001,0.0016025643,0.10998799370000001,0.0016025643,0.0016025655,0.0016025641000000001,0.0016025641000000001,0.0016025645,0.2319644488,0.7466069249,0.0017857143,0.0017857206,0.0017857193000000002,0.0017857221,0.001785722,0.0017857195,0.0017857163,0.0017857168,0.0017857143,0.0017857268000000001,0.0017857201,0.0017857143,0.0011173711,0.0011182903,0.42322961400000003,0.0011178232,0.4806663635,0.06995883110000001,0.0216734757,0.0011182310000000001,1,0,0,0,0,0,0,0.0673197955,0.0589494682,0.0299064725,-0.057447930800000005,0.0194729246,0.042482383900000004,0.0231977174,0.0266729997,0.0269281882,0.0040980064000000005,0.0112925708,0.0518237869,0.0072356178,0.0012708838,0.0013708182,-0.0266510968,-0.1189789272,0.0557986332,0.0169091863
/94/6.mp3,0.0010775862,0.0010775867,0.0010775863,0.1467614999,0.0010775862,0.8091230690000001,0.0010775862,0.0301068073,0.0010775862,0.0010775863,0.0010775882,0.0010775863,0.0010775863,0.0010775863,0.0010775863,0.0010775863,0.0012106880000000001,0.9842614329,0.0012106538,0.0012106577,0.0012106579,0.0012106596,0.0012106599,0.0012106583,0.0012106554,0.0012106555,0.0012106538,0.0012106574,0.0012106561,0.0012106538,0.00074904,0.0494044635,0.20302845360000002,0.0007497658000000001,0.1944818027,0.1690026957,0.0007492014,0.3818345775,0,1,0,0,0,0,0,-0.0742415775,0.0541842515,-0.0108189387,-0.2637991918,0.050915407,0.039962074,-0.1291419499,-0.0423113078,0.0269281882,-0.0016191193000000001,0.0331651362,-0.009852788900000001,0.0103112255,0.0032213167,-0.09825771950000001,-0.0098282978,0.1255831605,-0.0934437022,0.0049587886
/94/4.mp3,0.0669442385,0.0019531254,0.0019531272,0.0019531257000000002,0.1252979655,0.0019531251,0.001953125,0.1888148531,0.0019531251,0.3626076938,0.0019531252,0.2348508655,0.0019531268,0.0019531252,0.0019531267,0.0019531262,0.0019841479,0.7169710083,0.001984127,0.0019841334,0.2592193973,0.0019841367,0.0019841372,0.0019841347,0.0019841297,0.0019841298,0.001984127,0.0019841331,0.0019841309,0.001984127,0.1068783641,0.2799361375,0.3491916557,0.0012393561,0.1234397716,0.1368346014,0.0012401153,0.0012399982,0,0,0,0,0,0,1,0.16757764290000002,-0.0054523390000000005,-0.0039853387,-0.0107085954,0.16114241640000002,0.1173606368,0.0223866538,0.1812466526,0.0035995009,0.049909140500000004,-0.0354553099,-0.0677543065,0.0010657446,-0.1534607044,-0.17873069530000002,-0.07359478850000001,-0.1062345514,-0.0965520591,-0.1545860632
/94/5.mp3,0.0010964913,0.2700651089,0.0010964913,0.0010964917,0.1835323059,0.0010964913,0.0010964912,0.0010964939000000001,0.0010964913,0.1017230806,0.085984024,0.3466340725,0.0010964918,0.0010964915,0.0010964913,0.0010964914000000001,0.0011520849000000001,0.8789863615,0.0011520737,0.0011520776,0.107188716,0.001152079,0.001152079,0.0011520776,0.0011520751,0.0011520754,0.0011520737,0.0011520769,0.0011520757,0.0011520737,0.0007068735000000001,0.1096636626,0.14265108270000001,0.2077566934,0.4399711141,0.0007075306,0.0672145926,0.0313284505,0,1,0,0,0,0,0,0.0402922535,0.0552290016,0.0613636647,-0.0485003285,0.052425262800000004,0.0406378892,-0.0510405332,0.06578912540000001,0.0513034338,0.1026222158,0.0204415399,0.10301749980000001,0.0488815539,0.0144871769,-0.0162949764,0.0407566168,-0.0305501476,0.0512053566,0.0509546649
/94/1.mp3,0.0006648938,0.0006648937,0.2626015431,0.2602951685,0.0006648937,0.0006648936,0.0006648936,0.0006648939,0.0006648937,0.0704228439,0.0006648937,0.0006648948,0.0006648943000000001,0.011605633700000001,0.3877609782,0.0006648939,0.3293130875,0.0006377603,0.0006377551,0.0006377575,0.1243319838,0.4048123021,0.0006377582000000001,0.0006377573000000001,0.0107896806,0.1250131341,0.0006377551,0.0006377570000000001,0.0006377562,0.0006377551,0.0003898463,0.2282785983,0.1341294179,0.1948217612,0.034480383600000004,0.3122235794,0.0952863875,0.0003900259,0,0,0,0,0,1,0,0.0057288547,-0.032389224,0.049707666500000004,0.06393905750000001,0.0825489428,-0.0928135086,0.029117300300000003,-0.0279666675,0.0622272627,0.052354643400000005,-0.11051706060000001,0.09108813190000001,0.0411365254,0.0566294566,-0.1188607986,0.01464855,0.0360572835,-0.011947308,-0.0568030476
/94/2.mp3,0.0013586957,0.0013586961,0.0013586958,0.09368288,0.0013586957,0.0013586957,0.0013586957,0.0013586981,0.0013586957,0.5599119226,0.023559527900000002,0.28102911480000003,0.0013586958,0.026870898900000002,0.0013586957,0.0013586958,0.6548901215,0.1567296071,0.0014880952000000001,0.0014881006,0.1402615116,0.0014881023000000001,0.0014881023000000001,0.033237777100000004,0.0014880971,0.0014880975,0.0014880952000000001,0.0014880995,0.0014880978000000001,0.0014880952000000001,0.0009134382,0.0009142239,0.0009137002,0.6120975657000001,0.0009142158000000001,0.1357398718,0.2475929623,0.0009140221,1,0,0,0,0,0,0,-0.1037414628,0.0690459345,-0.091464212,-0.1201014354,-0.15872973070000002,0.1576561203,0.0401092204,-0.1225362785,-0.0476686357,-0.011434204100000001,0.0457420335,-0.051626074200000004,-0.0471654196,-0.019386883,-0.07275727900000001,0.0035174268,0.0264332689,-0.16879510520000002,0.1516470623
/94/3.mp3,0.9846719048,0.0003551137,0.0003551138,0.0061805015,0.0003551137,0.0003551136,0.0003551136,0.0003551136,0.0003551136,0.0003551137,0.0003551136,0.0003551137,0.0003551138,0.0045311155,0.00035511390000000004,0.0003551137,0.0004012867,0.9947832939000001,0.0004012841,0.00040128550000000004,0.0004012853,0.0004012859,0.0004012859,0.0004012853,0.0004012846,0.00040128470000000004,0.0004012841,0.0004012852,0.00040128470000000004,0.0004012841,0.000244759,0.0002449743,0.41010673940000003,0.2096951143,0.35853381900000003,0.0002450853,0.0002448422,0.0206846665,0,0,0,0,1,0,0,-0.0672844443,0.0678154285,0.1460799835,-0.0898707507,-0.0864764995,0.0504437391,0.0069121129000000005,-0.0399956597,-0.1516320921,-0.0181081633,0.0590573277,-0.0771436346,-0.14129870960000002,-0.0470078762,-0.0703227246,-0.037344881,-0.0819948724,-0.0495966269,0.0727360283
/60/7.mp3,0.0018939398000000001,0.0018939407,0.41608106370000003,0.0018939412,0.0667705103,0.0018939396,0.0018939394,0.2162007852,0.0018939395,0.24991054570000001,0.030203753200000003,0.0018939419,0.0018939397,0.0018939396,0.0018939403,0.0018939401,0.0021008648,0.9048437361,0.0021008403,0.0021008472,0.0021008476,0.0021008505,0.0699461067,0.0021008483,0.0021008432,0.0021008433,0.0021008403,0.0021008467,0.0021008446,0.0021008403,0.0013172488,0.3076616286,0.0013184564,0.0013183286000000001,0.001318376,0.1010903658,0.24707745500000003,0.3388981408,1,0,0,0,0,0,0,-0.0272778472,-0.012147554000000001,-0.0358201014,-0.031143951000000003,0.0592217358,-0.1731228166,-0.0681834667,0.0463834352,0.0380763026,-0.0308057823,0.0596846919,-0.3002820101,-0.1439989649,-0.3195868308,-0.3210123636,-0.45316277990000003,-0.219112737,-0.3402799999,0.02823938
/60/6.mp3,0.2116034413,0.0025000006000000003,0.0025000015,0.0025,0.0025000004,0.0025000001,0.0025000004,0.0025,0.0025000002,0.47280380040000003,0.0025,0.1266646325,0.0025000057000000003,0.0025,0.1589281153,0.0025000016,0.438173994,0.5288588998,0.0027472527,0.0027472622,0.0027472613,0.0027472656000000002,0.0027472657000000003,0.0027472621,0.0027472562,0.0027472567000000002,0.0027472527,0.0027472606000000003,0.0027472575,0.0027472527,0.0017368841,0.0017372722,0.2646067836,0.18152921290000001,0.3060319402,0.0017382356,0.0017376044000000002,0.2408820671,0,0,0,0,0,0,1,0.0268777399,0.0068844823000000005,0.16312523480000002,-0.042277094200000004,-0.0669605947,-0.0968224932,-0.0677079908,0.0268210184,-0.0214965911,0.0118215957,0.0107483176,-0.2421577922,-0.3056062825,-0.35186231030000004,-0.3602152129,-0.3712035629,-0.2841606238,-0.3019126318,-0.0092801988
/60/4.mp3,0.0026041669,0.0026041667,0.3971299969,0.0026041667,0.08560329750000001,0.0026041667,0.0026041667,0.0026041667,0.0026041668,0.4397434329,0.0026041667,0.0026041695,0.0026041667,0.0026041667,0.0462732692,0.0026041667,0.0026455183,0.6204822935000001,0.0026455026000000003,0.0026455121,0.3477716012,0.0026455142,0.0026455139000000003,0.0026455104,0.0026455056,0.0026455065,0.0026455026000000003,0.0026455095,0.0026455067,0.0026455026000000003,0.001690457,0.0016930185,0.7713536438,0.0016918195,0.17586618580000002,0.0443222067,0.0016908728,0.0016917960000000002,0,0,0,0,0,0,1,0.0080144212,0.159034862,0.055882895,0.0074975020000000005,0.0673926136,0.068765637,0.13064293470000002,0.135697771,0.02709001,-0.017560799000000002,0.060764327900000005,-0.200482248,-0.2614079308,-0.0462777432,-0.06807719450000001,-0.284515083,-0.1447203765,-0.19907469600000002,0.10900436050000001
/60/5.mp3,0.0173116675,0.0007267442,0.0007267446000000001,0.0007267442,0.0007267442,0.0007267442,0.0007267444,0.0007267442,0.2929519424,0.5347415656,0.0007267442,0.0007267446000000001,0.0007267442,0.0007267442,0.14627388900000002,0.0007267483,0.0007936542,0.6922907140000001,0.0007936508000000001,0.0007936537,0.0007936525,0.0007936539,0.0007936536000000001,0.0007936526,0.0007936515,0.0007936519,0.0007936508000000001,0.2981854572,0.0007936524000000001,0.0007936508000000001,0.0004887679000000001,0.3221155536,0.2735539998,0.0004890729,0.375405199,0.0004890752,0.0269691586,0.0004891730000000001,0,0,0,0,0,0,1,-0.1726297188,-0.1064415028,-4.18944e-05,-0.06438261170000001,-0.10753891880000001,-0.0161709778,-0.0294412537,-0.2021892288,-0.0844093611,-0.0366389461,-0.1453401974,-0.17377984500000002,-0.1722353422,-0.3277776337,-0.1192782493,-0.22308005020000002,-0.0879428216,-0.1317534062,-0.0651514523
/60/1.mp3,0.0012019231,0.4959365458,0.0012019231,0.0012019233,0.1786595335,0.0672033481,0.0012019231,0.0012019231,0.0012019231,0.0012019232,0.2437774945,0.0012019232,0.0012019235,0.0012019231,0.0012019231,0.0012019233,0.0012531399,0.8783383730000001,0.0012531328,0.0012531373,0.10662399930000001,0.0012531382,0.001253138,0.0012531364,0.0012531342,0.0012531346000000001,0.0012531328,0.0012531360000000002,0.0012531347,0.0012531328,0.061296166900000004,0.0007733379,0.6183647228,0.0773610807,0.0007730481000000001,0.0473877398,0.1932709101,0.0007729936,0,0,0,0,0,0,1,0.015203558300000001,-0.34766937800000003,-0.0383810843,-0.0009272451000000001,0.0375302183,-0.3381878976,-0.18005843970000002,-0.0333645757,0.1453668046,0.0632771887,-0.1755944112,-0.0640430702,0.037059875,-0.0714883808,-0.2294228237,-0.0147373719,-0.111923932,-0.1525620797,-0.1722126799
/60/2.mp3,0.0008561645,0.0008561646000000001,0.0008561645,0.0008561653,0.0008561686,0.0008561644,0.0008561645,0.0261982791,0.28607829220000003,0.594418573,0.0008561646000000001,0.0008561647,0.0830308763,0.0008561645,0.0008561645,0.0008561647,0.6324374260000001,0.0009652593,0.0009652510000000001,0.0009652549,0.0009652541000000001,0.2576556451,0.0009652558,0.0009652544,0.09928913830000001,0.0009652526,0.0009652510000000001,0.0009652539,0.0009652527,0.0009652510000000001,0.0006013674,0.18052013890000002,0.0006020518,0.4343866047,0.0006019850000000001,0.1950269252,0.0006015544,0.1876593726,0,0,0,0,0,1,0,-0.0470921513,-0.0024640804,0.0205256511,-0.0583335291,-0.0518197015,0.016410952700000002,-0.0901753774,-0.0172373872,0.0316612949,0.0195748036,-0.0592260326,-0.2773762315,-0.1980550771,-0.204919866,-0.2340815292,-0.2129285722,-0.1622874481,-0.1790971186,-0.0323097106
/60/3.mp3,0.00047709950000000004,0.00047709930000000003,0.008698622000000001,0.0087039544,0.1371596186,0.0004770992,0.00047709930000000003,0.0004770999,0.00047709930000000003,0.00047709930000000003,0.0004770994,0.636015808,0.2041739038,0.0004770994,0.00047709930000000003,0.0004770994,0.2436475726,0.7502733869,0.0005065856,0.0005065873000000001,0.0005065872,0.0005065879000000001,0.0005065879000000001,0.0005065873000000001,0.0005065862,0.0005065863,0.0005065856,0.0005065870000000001,0.0005065865,0.0005065856,0.000308972,0.1148745608,0.0003091873,0.2785903072,0.17029105930000002,0.1731064692,0.0500375918,0.2124818523,0,0,0,0,0,1,0,0.1122032122,-0.21215385550000002,0.039000443100000004,0.054164353900000003,0.0356891606,-0.1142693906,-0.0118478082,-0.019398031200000002,0.1251011856,-0.0502688846,0.0051626592,-0.1159253439,-0.1996812268,-0.2966870129,-0.0658365474,-0.17509187880000002,-0.1715677964,-0.1866478533,-0.008494610500000001
/34/7.mp3,0.00032894740000000003,0.00032894740000000003,0.017103210900000002,0.11852476320000001,0.36036339710000004,0.00032894740000000003,0.058800500500000005,0.00032894740000000003,0.4100249815,0.00032894770000000003,0.00032894740000000003,0.00032894740000000003,0.0003289475,0.00032894740000000003,0.0003289475,0.0318936724,0.00033069,0.1819729933,0.00033068780000000003,0.033653440300000004,0.4567506887,0.0003306893,0.32431599240000003,0.0003306889,0.0003306882,0.00033068830000000004,0.00033068780000000003,0.0003306887,0.0003306884,0.00033068780000000003,0.28383600870000003,0.0351261298,0.2928487575,0.0002016713,0.1878293912,0.188775257,0.0111811497,0.0002016347,0,0,0,0,1,0,0,0.0938810795,0.0544735695,0.0647204066,0.1992825813,-0.0252882041,0.040504401100000004,0.033323054000000005,-0.0354690589,0.0269281882,0.0107689928,0.0445176711,0.133444099,0.0137731203,0.1131448754,0.11442990210000001,-0.0175229954,-0.0831889354,0.1852797316,0.0169091863
/34/6.mp3,0.0022321438,0.0022321429,0.8147902949,0.0022321429,0.0022321429,0.0022321429,0.0022321432,0.0022321429,0.0022321431000000003,0.0785628325,0.0022321429,0.0022321429,0.0022321429,0.0022321429,0.002232144,0.0776290126,0.0023041701,0.9700459958000001,0.0023041475,0.002304155,0.0023041553,0.0023041586,0.002304159,0.0023041561,0.0023041505,0.0023041507000000003,0.0023041475,0.0023041544000000002,0.0023041519000000002,0.0023041475,0.0014374605,0.0014382587,0.3132704246,0.0764423189,0.6030951628,0.0014388166,0.0014380777,0.0014394802,0,1,0,0,0,0,0,0.0114134959,0.0585864724,0.0561700829,-0.0201567716,0.0002327768,0.0614115889,0.1133851391,-0.0373506773,0.044628895200000004,0.0040980064000000005,0.0478595645,0.07896440390000001,0.0072356178,0.022844283400000002,0.064168373,0.09436426710000001,0.020474651400000002,0.1435735544,-0.0089108938
/34/4.mp3,0.0008561644,0.0008561644,0.0008561644,0.0008561644,0.0008561644,0.0008561644,0.0008561644,0.9871575341000001,0.0008561644,0.0008561644,0.0008561644,0.0008561644,0.0008561644,0.0008561644,0.0008561644,0.0008561644,0.0009784804,0.12328329240000001,0.0009784736,0.0009784773,0.000978476,0.0009784777,0.7754059724,0.000978476,0.0009784746,0.0009784750000000001,0.0009784736,0.000978483,0.0905474944,0.0009784736,0.7738006082000001,0.0005991006000000001,0.0005991834,0.0005990441,0.1550287465,0.0005990096,0.000599173,0.0681751346,0,0,0,1,0,0,0,0.06358167990000001,0.0862438744,0.1180182137,0.13991886,0.0932301001,0.1756959123,0.0863084491,0.21837065360000002,0.07793658340000001,0.0235034995,0.1668215156,0.114099162,0.0054009033,-0.058988433300000004,-0.0286819096,0.014014954100000001,0.053717355700000004,0.1591425457,0.2541030077
/34/5.mp3,0.001953125,0.0019531259,0.0019531251,0.001953125,0.8895545035,0.0019531251,0.001953125,0.0656222441,0.001953125,0.0019531286,0.0194326223,0.0019531251,0.0019531251,0.001953125,0.001953125,0.001953125,0.0022321566,0.9709820742,0.0022321429,0.0022321507000000003,0.002232149,0.0022321526,0.0022321524,0.0022321495000000003,0.0022321454,0.0022321461,0.0022321429,0.0022321486,0.0022321463,0.0022321429,0.001391068,0.0013917242,0.208235419,0.0013914975,0.431185017,0.0013915445000000002,0.3536221592,0.0013915706,0,1,0,0,0,0,0,0.1094712412,0.039028518400000003,0.16807429070000002,0.0663821839,0.13893538700000002,0.051944065500000004,0.014060113800000001,-0.049174999600000005,0.1320161847,0.0376568815,0.1275277676,0.17769465110000002,0.0891094333,0.1255907127,0.11208622680000001,0.1593056904,0.1153021642,0.1616243697,0.1035452324
/34/1.mp3,0.0007183908,0.3062892129,0.0007183908,0.0122503791,0.3010458519,0.0007183908,0.0007183908,0.012286007600000001,0.0007183908,0.0007183909,0.117021655,0.2439229843,0.0007183915,0.0007183908,0.0007183908,0.0007183910000000001,0.4386473388,0.48346466720000003,0.0008116883000000001,0.0187465513,0.0510245386,0.0008116917,0.0008116916,0.0008116905000000001,0.0008116892000000001,0.0008116895,0.0008116883000000001,0.0008116953000000001,0.0008116914,0.0008116883000000001,0.0005003355,0.3032309704,0.28756580800000003,0.2655190321,0.1416814699,0.0005009668,0.0005005119,0.0005009055,0,0,0,0,0,0,1,0.11254810300000001,-0.1068949066,0.0970352989,0.1889801899,0.1813777179,0.031682659700000004,-0.0666614222,-0.024462673600000002,0.1538786427,0.2008096885,-0.11564692300000001,0.11418846590000001,0.2718887137,0.1924483884,-0.15020574620000002,0.1539706657,0.238509454,0.010751811200000001,-0.2065770458
/34/2.mp3,0.0010964912,0.0010964918,0.0010964913,0.5839037417,0.0010964913,0.0010964913,0.0010964912,0.40074537330000004,0.0010964912,0.0010964933000000001,0.0010964958000000001,0.0010964913,0.0010964915,0.0010964914000000001,0.0010964912,0.0010964913,0.00111608,0.0011160789,0.0011160714,0.0756737001,0.0011160748,0.4432508054,0.0011160764,0.0011160751,0.2431094842,0.2268052633,0.0011160714,0.0011160744,0.0011160733,0.0011160714,0.0006873582000000001,0.14785856290000002,0.0006881885,0.0006875155,0.13613704270000002,0.0006874574000000001,0.5619857393000001,0.1512681354,0,0,0,0,1,0,0,-0.21569146500000003,0.24967937240000002,0.016236565300000002,-0.2831543561,-0.1920595535,0.391022702,0.3705737348,-0.1674831658,-0.1268893188,-0.14870173420000002,0.0321674284,-0.0768530281,-0.1153465523,0.021262060200000002,-0.0396019465,-0.0997483837,0.047357028600000003,0.0103251264,0.0755187456
/34/3.mp3,0.0016891895,0.0016891899,0.0016891898,0.0016891894000000001,0.0016891948,0.0016891893000000001,0.0016891893000000001,0.1968646644,0.0016891893000000001,0.0016891897,0.3997609787,0.11513785750000001,0.0016891927,0.0016891894000000001,0.2679662163,0.0016891902,0.2394973411,0.5223510864,0.0017006803,0.0017006861000000001,0.0017006856000000002,0.049975541400000004,0.0017006883,0.17116919700000002,0.0017006825,0.0017006827,0.0017006803,0.0017006851,0.0017006832,0.0017006803,0.0010795081,0.1382455119,0.37381011280000004,0.0010799513,0.4301825224,0.0010793251,0.0331533215,0.0213697469,1,0,0,0,0,0,0,-0.0484002798,0.0766226561,0.043688233300000004,-0.1196171172,-0.0266080562,0.036991142500000004,0.0794080056,-0.0506864605,0.023572200600000003,0.0339448411,0.0178238964,0.1020872099,0.043119142900000004,0.039400386100000004,0.08780101200000001,0.0015800612,-0.0274902211,0.15598239120000001,-0.0767876861
/33/7.mp3,0.0966558614,0.0013020839,0.0013020839,0.0013020838,0.0013020834,0.0013020834,0.0322269057,0.0013020834,0.0013020875000000001,0.0537784164,0.0643582751,0.0013020879,0.0013020838,0.0013020834,0.0398349141,0.700124783,0.22264555060000002,0.6761494238,0.0014285714000000001,0.0014285764000000001,0.0611859192,0.0014285777000000001,0.0014285776,0.0014285757,0.0014285731,0.0257333585,0.0014285714000000001,0.0014285778000000002,0.0014285754,0.0014285714000000001,0.0008935010000000001,0.11224249380000001,0.0008946292,0.0008945475,0.17897849,0.051753620900000005,0.0008939742,0.6534487433,1,0,0,0,0,0,0,-0.0014672571,0.07580293810000001,0.049344647400000004,-0.057447930800000005,-0.0824908795,0.0424466082,0.0307435949,-0.1553578967,-0.3798742383,-0.30778308800000004,0.0331651362,-0.0818044316,-0.2556657593,0.0194744947,0.0639496694,0.0875662234,0.1299470723,-0.2175556525,0.19834625890000002
/33/6.mp3,0.0008333335000000001,0.0008333337,0.0008333334,0.0008333333,0.4344976515,0.0008333334,0.0008333335000000001,0.0008333333,0.0008333334,0.110320651,0.0194227876,0.4257589087,0.0008333336,0.0008333333,0.0008333333,0.0008333334,0.5927823015,0.0009041670000000001,0.0009041591,0.3963677606,0.0009041619,0.0009041633,0.0009041633,0.0009041621000000001,0.0009041602000000001,0.0009041604,0.0009041591,0.0009041616,0.0009041607,0.0009041591,0.0005583291,0.0005589481,0.0005587874000000001,0.3641471395,0.6325001065,0.0005589986,0.0005586176000000001,0.0005590732000000001,0,0,0,0,0,0,1,0.09125364080000001,0.0589494682,0.1094841042,0.0851470537,-0.0345968883,-0.1045227157,0.0048073404,0.06879184690000001,0.1575112006,0.0472802183,0.0576709384,0.07896440390000001,0.1431739982,0.0649230949,0.06322327600000001,0.047448896000000004,0.0356870108,0.1435735544,0.0097180582
/33/4.mp3,0.5893930958,0.0007352945,0.0007352945,0.0382784932,0.0007352942,0.012902750900000001,0.0007352957,0.0007352941,0.0609538295,0.0007352943,0.0007352941,0.009901929200000001,0.0007352952,0.0246436872,0.0007352943,0.2573085632,0.3089842567,0.4401557922,0.0008305648000000001,0.0008305676,0.0008305673,0.2417237206,0.0008305686,0.0008305676,0.0008305658000000001,0.000830566,0.0008305648000000001,0.0008305671000000001,0.0008305662,0.0008305648000000001,0.0005062918,0.000506413,0.2343134403,0.0005069837,0.1253624389,0.5153598344,0.0005065426,0.12293805540000001,0,0,0,0,0,0,1,-0.055119962700000004,0.0996958882,0.29102508320000003,0.15723861490000002,-0.0423988514,0.1962820549,0.2528599451,-0.1081713158,0.0269281882,0.0040980064000000005,0.11573301250000001,0.07896440390000001,0.0072356178,0.0194744947,0.06322327600000001,-0.0266510968,0.1291014634,0.1435735544,0.0711678008
/33/5.mp3,0.0007022472,0.7887852281000001,0.0007022472,0.0352313669,0.0007022472,0.0007022481000000001,0.0007022472,0.057065529100000005,0.0007022472,0.0007022472,0.0007022475,0.0007022472,0.0007022474000000001,0.0007022472,0.0007022472,0.11049090810000001,0.0007936567,0.9896825131,0.0007936508000000001,0.0007936535,0.0007936532,0.0007936544,0.0007936544,0.0007936534,0.0007936518,0.0007936519,0.0007936508000000001,0.0007936530000000001,0.0007936521,0.0007936508000000001,0.0601084039,0.20498605250000002,0.20693568,0.0004873069,0.1150433527,0.21593881850000002,0.1960130705,0.0004873149,0,1,0,0,0,0,0,0.32419500100000004,-0.2905620688,-0.0667198064,0.1543069269,0.14601674450000002,-0.0840328742,-0.14321809870000002,0.10260177370000001,0.1753912869,0.179018576,0.1448215631,0.07896440390000001,0.3988802198,0.1309234912,0.06322327600000001,0.0854137574,0.1946244953,0.1435735544,-0.1238591213
/33/1.mp3,0.1471795811,0.0009765628,0.0689764197,0.0009765652,0.0287879417,0.0009765626,0.1061451077,0.0009765625,0.0009765627,0.3499795787,0.0316324065,0.0593014407,0.0009765625,0.1421602311,0.0009765628,0.059001351800000004,0.7580142497,0.0010822571000000001,0.0010822511,0.020873312,0.0215971346,0.0561034309,0.026137706700000003,0.0010822543,0.0178714178,0.0010822522,0.0010822511,0.073425037,0.0194841944,0.0010822511,0.0006724588000000001,0.0006730002000000001,0.0006733841,0.0006732174000000001,0.48007083170000003,0.5158909121,0.0006728253,0.0006733704,0,1,0,0,0,0,0,-0.43971721880000003,0.0752317087,-0.3469166167,-0.4336184074,-0.3551992372,0.1286367493,0.28711910620000003,-0.4838681273,-0.4815385439,-0.5344465522,-0.4373077486,-0.3460810488,-0.41121262700000005,-0.21443101520000002,0.008171547900000001,-0.0390699003,0.027601324,-0.24972237230000002,-0.2327386477
/33/2.mp3,0.0005208333,0.0005208334,0.0005208333,0.0005208333,0.0005208333,0.9751953774000001,0.0005208333,0.017512954600000002,0.0005208333,0.0005208333,0.0005208346000000001,0.0005208333,0.0005208333,0.0005208334,0.0005208333,0.0005208333,0.0005903225000000001,0.9679302736000001,0.0005903188,0.0005903208,0.0249858846,0.0005903213,0.0005903213,0.0005903205,0.0005903194,0.0005903196,0.0005903188,0.0005903203000000001,0.0005903197,0.0005903188,0.00036047250000000004,0.2040276861,0.3200211867,0.0003607791,0.1366627167,0.1500333101,0.00036064720000000003,0.1881732015,0,1,0,0,0,0,0,0.2898409219,-0.3999304675,-0.31127892560000003,0.1457723602,0.1388253432,-0.427342602,-0.4111973835,0.1727357652,0.30877745170000004,0.269330041,-0.13280117700000002,0.1926425897,0.30108202910000004,0.12926150890000002,-0.0370008345,0.1251422899,0.2267904078,0.15514536,-0.3468691014
/33/3.mp3,0.0010416673000000001,0.7744598353000001,0.0010416667000000001,0.0010416667000000001,0.0010416668,0.0180365776,0.0010416672,0.0010416667000000001,0.0010416667000000001,0.1939619173,0.0010416676,0.0010416668,0.0010416672,0.0010416667000000001,0.0010416667000000001,0.0010416668,0.42132291120000004,0.39410446260000004,0.0011904762,0.0011904803,0.0011904798,0.0011904817,0.17147736230000002,0.0011904802000000001,0.0011904777000000001,0.0011904779,0.0011904762,0.0011904795,0.0011904783000000001,0.0011904762,0.0007317206,0.0007322512,0.09246837420000001,0.0007322504000000001,0.002222841,0.40069614470000003,0.052755569200000005,0.4496608486,0,0,0,0,0,0,1,0.1655439504,-0.15415505370000002,0.1529131712,0.1817260639,0.15855076640000001,-0.3131967335,-0.3634327222,0.10942373820000001,0.1860100867,0.1071397797,0.053383223800000004,0.07896440390000001,0.2824128562,0.2704976165,0.0325095892,0.2222186797,0.1062926628,0.1435735544,-0.2469772559
/20/7.mp3,0.0020161292000000003,0.1536376674,0.0020161293000000003,0.0020161295,0.0020161292000000003,0.0643113297,0.0020161291000000002,0.0020161291000000002,0.0020161291000000002,0.0020161294,0.1319044335,0.6259530171000001,0.0020161307,0.0020161291000000002,0.0020161291000000002,0.0020161296,0.9718613877000001,0.0021645222,0.0021645022,0.0021645113,0.0021645094,0.0021645135,0.0021645133,0.0021645099,0.0021645051,0.0021645059,0.0021645022,0.0021645089,0.0021645062,0.0021645022,0.0013905008,0.0293305487,0.0013913939,0.6038426034000001,0.3598695134,0.0013911846000000002,0.0013925433,0.0013917119,0,1,0,0,0,0,0,0.1449887802,-0.38084389700000004,-0.0885054289,0.0437085718,0.0146994202,-0.39122890920000003,-0.3035399989,-0.0098114898,0.0269328346,0.0038743925,-0.0573830239,-0.111053569,0.07744577250000001,0.0203949772,-0.1280638119,0.0605609255,0.1442403578,-0.1255703983,-0.11451477560000001
/20/6.mp3,0.0017857143,0.0017857147000000001,0.0017857144,0.0017857144,0.0017857144,0.0017857143,0.0017857143,0.8038431921,0.0017857143,0.0017857145,0.055514182200000005,0.11742833870000001,0.0017857143,0.0017857145,0.0017857144,0.0017857143,0.0019841385,0.8100279422000001,0.001984127,0.0019841340000000002,0.0019841323,0.0019841356,0.0019841353000000003,0.0019841327000000002,0.0019841292,0.0019841298,0.001984127,0.16616247950000002,0.00198413,0.001984127,0.47704624780000005,0.1061801659,0.4105120479,0.0012517576,0.0012523057,0.0012531953,0.0012520671,0.0012522126000000001,0,1,0,0,0,0,0,0.0657100352,0.0025215331,-0.0409630748,-0.079861135,0.011212612200000001,-0.09074531,-0.2950787487,-0.0172639201,-0.0056345447,-0.0035295114,0.056389284000000005,-0.2487842186,-0.1704106065,-0.0969381309,0.0101938513,-0.0792261593,-0.0621334469,-0.1273198892,0.0838376686
/20/4.mp3,0.8719563124,0.0010593220000000001,0.11321317830000001,0.0010593220000000001,0.0010593220000000001,0.0010593220000000001,0.0010593220000000001,0.0010593220000000001,0.0010593220000000001,0.0010593221,0.0010593220000000001,0.0010593220000000001,0.0010593220000000001,0.0010593220000000001,0.0010593227,0.0010593222,0.1903755815,0.5731435103,0.0011709602,0.0011709641,0.22360031900000002,0.0011709656000000001,0.0011709656000000001,0.0011709641,0.0011709616,0.0011709619,0.0011709602,0.0011709635,0.0011709622,0.0011709602,0.0007105463,0.0007107515,0.10004131520000001,0.4831817678,0.0007115813000000001,0.000710965,0.0007108174,0.4132222555,0,0,0,0,0,0,1,0.0618639339,-0.1395881654,0.0356964087,-0.035604023900000004,0.0849039103,-0.2470943756,-0.12966246550000002,0.1024208815,0.030206750600000002,0.010414621800000001,0.0223543234,0.0794920263,0.0041907105,0.0409159957,0.030207721400000002,0.044734804100000004,0.17324274820000002,0.0367172617,-0.0426477298
/20/5.mp3,0.0009765625,0.0009765627,0.0009765625,0.0009765626,0.0477377295,0.0009765625,0.2069710975,0.0528744775,0.3778238163,0.0009765625,0.057421712900000005,0.0009765626,0.0009765625,0.0009765626,0.0009765625,0.24740554080000002,0.0010822565000000001,0.3889105409,0.0010822511,0.001082255,0.0010822538,0.20628838200000002,0.0010822554,0.0010822540000000002,0.0010822523,0.1883229055,0.0010822511,0.0010822537,0.2056556376,0.0010822511,0.0006652875,0.0006659849,0.6540245435,0.1549057049,0.1877416455,0.0006656112,0.0006653569000000001,0.0006658656000000001,1,0,0,0,0,0,0,0.1323878348,0.038371168500000004,0.0750563034,0.0969186711,0.055681277,-0.07661901930000001,0.1125570157,0.0103207338,0.12188106800000001,0.0833289489,0.0868046343,0.0702742871,0.0166062667,0.0601781418,-0.0154680191,-0.0112743288,0.0791482407,0.0261956731,0.0334682121
/20/1.mp3,0.509390703,0.00046296300000000005,0.1938721361,0.00046296300000000005,0.00046296300000000005,0.00046296300000000005,0.0004629631,0.00046296300000000005,0.0165165593,0.1318678971,0.00046296300000000005,0.0647939315,0.00046296300000000005,0.00046296300000000005,0.049650667200000005,0.0297414389,0.0004960355,0.3920305244,0.0004960317,0.0004960334,0.6020170794,0.000496034,0.0004960341,0.0004960334,0.0004960324,0.0004960325,0.0004960317,0.0004960331,0.0004960326,0.0004960317,0.0003035313,0.00030365030000000003,0.28606313850000004,0.0846026504,0.0003039457,0.0003040074,0.0003036719,0.6278154045000001,0,0,1,0,0,0,0,-0.37792077360000004,-0.0891811196,-0.1449195782,-0.1032410867,-0.2247891263,0.0347728368,0.07772543330000001,-0.3936694873,-0.204984047,-0.0266525089,-0.2616708351,0.0960598898,0.000173823,0.10828109770000001,-0.20350923070000002,0.0149942272,0.042269999100000004,-0.11185465680000001,-0.2703231384
/20/2.mp3,0.0013586957,0.10252613490000001,0.0013586959000000001,0.0013586960000000002,0.1824560322,0.0623314021,0.0013586957,0.0539611319,0.0013586957,0.0013586992,0.10053339500000001,0.484604941,0.001358697,0.0013586958,0.0013586957,0.0013586960000000002,0.2960486597,0.6874677878000001,0.0013736264,0.0013736310000000002,0.0013736306,0.0013736327,0.0013736328000000001,0.0013736310000000002,0.0013736281,0.0013736283,0.0013736264,0.0013736302,0.0013736287,0.0013736264,0.0897894481,0.2809994588,0.0935883244,0.5322153459,0.0008518260000000001,0.0008519807,0.0008517650000000001,0.000851851,1,0,0,0,0,0,0,-0.1469745053,-0.0965248021,-0.0891899532,-0.2904254089,-0.027297640800000002,0.1120820062,-0.0572888513,0.0220349341,-0.16071217240000002,-0.2367892007,0.1747684186,-0.1820018152,-0.0816343123,0.0409969059,-0.08252566830000001,-0.029567899800000002,0.0200642915,-0.2077584252,0.1297936574
/20/3.mp3,0.1652923286,0.0013888890000000001,0.0013888894,0.0013888891,0.0013888893,0.0013888889,0.0013888916000000002,0.0190806606,0.2494421922,0.0013888899,0.0013888894,0.0013888949,0.0013888894,0.0013888892,0.07878037880000001,0.47212664990000003,0.2278202684,0.2528579161,0.0014577259,0.001457731,0.0014577305000000001,0.4417034963,0.0014577328,0.0014577309,0.0014577278,0.0014577281,0.0014577259,0.0630410317,0.0014577285,0.0014577259,0.0008997231,0.0008999506,0.29752631960000003,0.6970712753,0.000901001,0.0009007011,0.0009000614,0.0009009678000000001,1,0,0,0,0,0,0,-0.0467750498,0.1523482953,0.0153571109,-0.2856145348,-0.045397703000000005,0.1075669853,0.0776823395,-0.060580183700000005,-0.1558070023,-0.0345955032,0.1433484177,-0.1848016693,-0.2710181472,0.0067010329,0.0133367022,0.0707221893,0.2005406691,-0.1477064392,0.0283132075
/18/7.mp3,0.0015243903000000001,0.0015243907,0.0015243904,0.0975798612,0.024775796000000003,0.329596047,0.0015243903000000001,0.0015243927,0.0015243903000000001,0.0015243904,0.4743939401,0.0015243906,0.0568860584,0.0015243905,0.0015243903000000001,0.0015243907,0.0015528096,0.6113988984000001,0.001552795,0.0015528001,0.3699675079,0.0015528027,0.0015528030000000002,0.0015528010000000001,0.0015527972000000001,0.0015527972000000001,0.001552795,0.0015527998000000002,0.0015527981,0.001552795,0.0009699354,0.12685196910000002,0.07496485900000001,0.0009708716,0.1797976316,0.0009705218000000001,0.09068444760000001,0.5247897639,0,0,0,0,0,0,1,0.1537663626,-0.0746156046,-0.0037272031,0.22115895970000002,0.2474816289,-0.2637407334,-0.3221125661,-0.017927129,0.1997363514,0.1074661419,-0.14037734600000001,0.2834276609,0.15157774100000002,0.1841983337,-0.059606761800000005,0.1251922429,0.1861620832,0.2011923163,-0.2917019129
/18/6.mp3,0.0008928572,0.0008928575,0.0008928572,0.0008928571000000001,0.0008928572,0.9460882936,0.0008928572,0.0008928572,0.0008928572,0.0008928573,0.041411704,0.0008928573,0.0008928583000000001,0.0008928571000000001,0.0008928572,0.0008928575,0.2472660409,0.7404890345,0.0010204082,0.0010204116000000001,0.0010204113,0.0010204128000000001,0.0010204129000000001,0.0010204116000000001,0.0010204094,0.0010204096,0.0010204082,0.0010204110000000001,0.0010204099,0.0010204082,0.0006252368,0.0006254462000000001,0.0006260802000000001,0.3147729221,0.0006260133,0.0006261431,0.0006255566,0.6814726015,0,0,1,0,0,0,0,0.0739290074,-0.09600591200000001,0.214985683,0.1366564513,0.11948790100000001,-0.0320835238,-0.1363385085,0.0315394378,0.1362519272,0.14817215150000002,0.0756435512,0.1352187001,0.1884009637,0.0974155411,-0.26752156990000003,-0.0373220073,0.14358716030000002,0.149621055,-0.0370728681
/18/4.mp3,0.0004921261,0.0004921260000000001,0.0004921262,0.0004921263000000001,0.0004921260000000001,0.0004921260000000001,0.2716785202,0.0004921260000000001,0.5712036724,0.0004921262,0.0004921260000000001,0.0004921260000000001,0.1416563412,0.0004921260000000001,0.009555952900000001,0.0004921264,0.1637118917,0.4291437382,0.0005291005,0.0545514311,0.000529102,0.0313412945,0.027599936300000003,0.059850769000000005,0.061458329000000006,0.0100935713,0.0005291005,0.051553431600000005,0.1085792037,0.0005291005,0.00032152600000000004,0.0003217703,0.4419392412,0.3178501356,0.0003218629,0.0003219103,0.0003216125,0.2386019413,0,0,0,0,0,1,0,-0.2787913621,0.06512441320000001,-0.3159984535,-0.3505035556,-0.33688277920000004,0.1961631922,0.1388227242,-0.4956698326,-0.4065278808,-0.42786396260000004,-0.037912629,0.07896440390000001,0.0072356178,0.0194744947,0.1523007273,-0.0357636223,-0.22746943660000002,0.1190063303,0.0169091863
/18/5.mp3,0.0008802817,0.6663576207,0.0008802817,0.047544794800000005,0.0008802817,0.1186880384,0.0008802817,0.0008802817,0.0008802817,0.0008802817,0.0008802829,0.0008802817,0.0008802819,0.0008802817,0.0008802817,0.15684616410000002,0.7008027791,0.0010060434,0.0010060362,0.0010060396,0.28712475200000004,0.0010060404,0.0010060404,0.0010060391,0.0010060373,0.0010060376,0.0010060362,0.001006043,0.0010060394,0.0010060362,0.0006132785,0.1333263074,0.0006138739,0.0508045198,0.22632101240000002,0.40099247990000003,0.0006138665,0.1867146616,0,1,0,0,0,0,0,0.1585367046,-0.1015461611,0.1802815241,0.1142695583,0.1383837026,-0.2113734092,-0.2507508436,-0.02829375,0.22424256750000002,0.14815026920000002,0.010003120800000001,0.1906964374,0.149521074,0.1477979201,0.024809470700000003,0.1352708714,0.059412521600000004,0.2771237448,-0.1342413557
/18/1.mp3,0.0013297873000000001,0.0013297877,0.0013297874,0.0013297878,0.1338995772,0.0013297873000000001,0.0013297872,0.0549672493,0.0013297873000000001,0.26226109200000003,0.051164386000000006,0.0785274782,0.0013297875,0.0013297875,0.0013297874,0.4058823429,0.5555735504,0.29898484270000003,0.0014577259,0.001457731,0.0014577304,0.0984728252,0.0014577328,0.0323914953,0.0014577278,0.0014577281,0.0014577259,0.0014577301,0.0014577285,0.0014577259,0.0008940162,0.1376082727,0.0008945464,0.1108187919,0.0008942849000000001,0.5272047605,0.2207908495,0.0008944780000000001,0,0,0,0,0,0,1,0.0310549699,-0.1404819176,-0.0547783664,-0.050070521,-0.04849297,-0.0852303575,-0.1837336403,-0.027571339900000002,-0.040904077500000004,-0.11838448430000001,-0.030495217,0.1185440021,0.11069967060000001,0.1728133719,-0.0774715408,0.0788037868,0.0261008073,0.157948722,-0.0344500827
/18/2.mp3,0.0008223687,0.0008223685,0.0008223688,0.0271153469,0.0008223685,0.0008223684,0.0008223687,0.0008223685,0.0274677443,0.8563216657,0.0008223684,0.0008223685,0.0008223691,0.0008223684,0.0792268201,0.0008223686000000001,0.49088342770000004,0.1647878312,0.0009276438000000001,0.0009276470000000001,0.0009276466000000001,0.0009276481,0.0009276481,0.09229377150000001,0.0009276449,0.2427585116,0.0009276438000000001,0.0009276464,0.0009276454000000001,0.0009276438000000001,0.0005686147,0.1890278789,0.0005693237000000001,0.1164675049,0.23079671540000002,0.46143179910000004,0.0005688963,0.000569267,0,1,0,0,0,0,0,-0.23974947970000002,0.0574992728,-0.005294116000000001,-0.09537251100000001,-0.2200884023,0.1583634331,0.10149946100000001,0.0624702226,-0.1284102204,-0.1319529967,0.0803467177,-0.012511400700000001,-0.0958066402,0.0714378428,0.0628429384,0.0596463418,-0.0673509024,0.0154120594,0.1032982754
/18/3.mp3,0.0017857144,0.1732013671,0.0017857144,0.0017857152,0.0896983957,0.5129258424,0.0017857143,0.0017857144,0.0017857143,0.0017857145,0.2027458205,0.0017857145,0.0017857145,0.0017857147000000001,0.0017857144,0.0017857146,0.4987604631,0.0019841424,0.001984127,0.47742995130000004,0.0019841332,0.0019841364,0.0019841364,0.0019841337,0.0019841295,0.0019841299,0.001984127,0.0019841327000000002,0.0019841305,0.001984127,0.0012382099,0.0012388029,0.4617132608,0.5308514535000001,0.001239663,0.0012401789,0.0012387312000000001,0.0012396998,0,1,0,0,0,0,0,0.09109654710000001,0.1520650208,0.17223055610000002,0.061830505200000004,0.0844841241,0.11833712930000001,0.1015177242,0.0532972278,0.1293050945,0.0698110579,0.1407648785,0.1328719885,0.0332306708,0.0461926418,-0.10712920520000001,0.016237798,-0.0728880757,0.1577458095,0.0228726929
/27/7.mp3,0.0013888890000000001,0.2612503178,0.0013888891,0.3164358647,0.1595189823,0.0013888889,0.0013888889,0.051218805900000004,0.0013888889,0.0013888893,0.0013888891,0.0411192831,0.1565678554,0.0013888890000000001,0.0013888891,0.0013888893,0.32918298420000003,0.0013736376,0.0013736264,0.15221016310000002,0.1320546072,0.1615005344,0.0013736331,0.0013736312,0.0013736282,0.07272778170000001,0.0013736264,0.09294462020000001,0.0497639001,0.0013736264,0.423168235,0.0008517391,0.0008518201,0.140501088,0.0636105705,0.1900601704,0.000851831,0.180104546,1,0,0,0,0,0,0,0.1797892164,-0.0710356516,-0.0788447516,-0.023070056800000002,0.06864130310000001,0.0263458305,0.0261067096,0.0077215536,0.133227339,0.1284132902,0.043088194600000004,0.07896440390000001,0.1212524474,0.0886884646,0.0703327151,0.0465732244,-0.0145944877,0.169720367,-0.0072073616
/27/6.mp3,0.0005530974,0.0005530975000000001,0.0005530974,0.1574507571,0.17251370430000001,0.0005530974,0.0005530974,0.0005530976,0.0005530974,0.0005530975000000001,0.5369106164,0.0623297328,0.0005530978000000001,0.0005530974,0.0005530974,0.0647111175,0.21840878630000002,0.0005370606,0.0005370569,0.0005370586,0.0005370585,0.0508720048,0.46005127230000004,0.0005370587,0.0005370576000000001,0.0005370576000000001,0.0005370569,0.0005370584,0.26529735590000003,0.0005370569,0.052955035500000004,0.4052407697,0.192065018,0.0382309278,0.00033116950000000004,0.0633497563,0.24749610190000002,0.0003312213,0,0,0,1,0,0,0,-0.09669475870000001,0.20535466600000002,0.12299880900000001,-0.0314602495,-0.029958217300000003,0.1447045826,0.0896187977,0.0707835849,-0.0277532814,0.0191116764,0.0522645677,-0.0930407307,0.0206543668,0.0555310575,0.0873767559,-0.0428935165,-0.1075735225,-0.0310573351,0.3274677821
/27/4.mp3,0.0005,0.0005000001,0.0005000001,0.0005,0.1118851472,0.0005,0.0005,0.5945612609,0.0005,0.1366219434,0.020060591000000003,0.0005000002,0.0005000001,0.0005000001,0.1313710569,0.0005,0.6607871155,0.0005452601,0.0005452563,0.0121127248,0.0469213567,0.08477884220000001,0.1370028671,0.0005452578,0.0540350323,0.0005452571,0.0005452563,0.0005452596,0.0005452580000000001,0.0005452563,0.0848294669,0.00033213030000000003,0.0003321429,0.2969412661,0.0668829244,0.4432908359,0.1070590341,0.0003321994,0,0,0,0,0,0,1,-0.0281735842,-0.071544841,-0.1676871673,-0.0700320365,0.0428125802,-0.24259308410000002,-0.20561780070000002,-0.12189052310000001,-0.109738898,-0.1050903398,-0.0673445319,-0.1067880497,-0.2276994238,0.0018722827,0.1495041293,-0.18866987770000002,-0.11536356780000001,0.0528637644,0.0890652037
/27/5.mp3,0.0017361111,0.0017361111,0.0017361111,0.27764535830000003,0.1719713284,0.0017361111,0.0017361111,0.5278138678000001,0.0017361111,0.0017361111,0.0017361114000000002,0.0017361112,0.0017361116,0.0017361113000000001,0.0017361112,0.0017361111,0.0015873169000000002,0.0015873139,0.0015873016000000002,0.0381129064,0.0648687958,0.3725190156,0.091652575,0.2806914488,0.0015873034000000001,0.1101872063,0.0015873016000000002,0.0308569037,0.0015873095,0.0015873016000000002,0.0009940536,0.0009941308,0.7510591159000001,0.0009933669,0.0009929253,0.000993319,0.24297968620000002,0.0009934024000000001,0,0,0,0,1,0,0,0.10187539520000001,-0.0949867341,-0.3487199925,-0.0398497439,-0.0452264664,-0.036296518800000004,-0.0394660192,0.0171621496,0.024315994900000002,0.0003863916,-0.0001529537,-0.1356119614,-0.1397510687,-0.0025634769,-0.0400266041,-0.0411464363,-0.090740441,-0.0094585422,0.20706391370000002
/27/1.mp3,0.0014880954,0.0014880958,0.0014880954,0.0014880955,0.0014880953000000001,0.0014880953000000001,0.0014880954,0.0014880953000000001,0.0014880953000000001,0.3791403392,0.0928987624,0.5086156575,0.0014880961,0.0014880953000000001,0.0014880953000000001,0.0014880956,0.0016233915,0.8476206856,0.0016233766000000001,0.0016233819,0.0016233822,0.0016233845,0.0016233848000000001,0.1328987406,0.0016233788,0.0016233789,0.0016233766000000001,0.0016233816000000001,0.0016233798000000002,0.0016233766000000001,0.0010169961,0.0010183923,0.27720043450000004,0.1135374014,0.1979194239,0.0010184623,0.0010173362,0.4072715532,0,1,0,0,0,0,0,0.1975013018,-0.13261361130000002,-0.045026347800000005,0.0792711125,0.1627167299,-0.1642690685,-0.1456397734,0.14638933210000002,0.2857569782,0.2211594788,-0.221694722,-0.01566518,0.0806659332,0.008595412200000001,-0.044282926300000004,0.0193610032,0.14179452080000002,-0.0536801542,-0.324093299
/27/2.mp3,0.0005580359,0.0005580359,0.0005580361000000001,0.0629744012,0.1440233384,0.0005580357,0.000558037,0.0005580357,0.1238205445,0.019797120600000002,0.0005580357,0.0005580359,0.0005580362,0.0005580357,0.6130137226,0.0307905126,0.127628443,0.3880434928,0.000621118,0.0006211202,0.0399656516,0.0006211207,0.1850485362,0.0006211199,0.0006211187000000001,0.2287225148,0.000621118,0.0006211196,0.0256224084,0.000621118,0.0003793213,0.3921924574,0.4070222938,0.00037954730000000004,0.0003793642,0.0922362027,0.107031338,0.0003794753,0,0,0,1,0,0,0,-0.3220380949,-0.0849857873,-0.19036390420000002,-0.33258718060000003,-0.2494322163,-0.2072754169,-0.2787343251,-0.0460722225,-0.1763656579,-0.1792431477,-0.1104567803,-0.08697376230000001,-0.2974345928,-0.15867583770000002,0.0599620602,-0.1753180637,-0.3255055244,-0.1615449568,-0.0280011174
/27/3.mp3,0.0017361113000000001,0.37681670300000003,0.0017361113000000001,0.0017361111,0.0017361113000000001,0.0723818795,0.0017361112,0.3671595818,0.0017361112,0.0017361114000000002,0.0017361135,0.1628084958,0.0017361135,0.0017361111,0.0017361112,0.0017361118,0.1713193744,0.2863548743,0.0019305019000000001,0.0019305086,0.0019305081,0.5210901868,0.0019305112,0.0019305087,0.0019305044000000001,0.0019305048,0.0019305019000000001,0.0019305075,0.0019305054,0.0019305019000000001,0.23117668130000002,0.0011814662,0.2328554106,0.0011813626,0.3552623844,0.17597983180000001,0.0011813628,0.0011815003000000001,1,0,0,0,0,0,0,0.2329112117,-0.2778965647,-0.1470392897,-0.0903568974,0.035989382800000004,-0.3071385542,-0.2326094522,0.0785352745,-0.2840836189,-0.1163288048,-0.1791716132,-0.2145344283,-0.058955034,-0.2075611436,-0.06377563480000001,-0.169758965,-0.0492961273,-0.1885308735,-0.11088447010000001
/9/7.mp3,0.0231165207,0.0013888894,0.3883534791,0.0013888889,0.0013888893,0.0013888889,0.0013888905,0.0013888889,0.0013888891,0.0013888929,0.0013888889,0.0013888904,0.0013888914,0.0013888889,0.570474433,0.0013888897,0.0014577338,0.7135310191,0.0014577259,0.0014577311000000001,0.0014577297,0.0014577321,0.2689762329,0.00145773,0.0014577275,0.0014577280000000001,0.0014577259,0.0014577296,0.0014577282,0.0014577259,0.0009066764000000001,0.1267905828,0.3463939983,0.0009074115000000001,0.16509309700000002,0.0362519883,0.32274881050000004,0.0009074352,0,0,0,0,0,0,1,-9.42374e-05,-0.1077191401,0.0880959115,-0.0531664886,-0.051258520700000004,0.0020282822000000002,-0.026649099500000002,-0.0308528009,-0.2642709874,-0.0279749114,-0.0629889628,-0.0034346290000000002,-0.0423838842,0.0248543661,-0.1631686275,-0.0402261357,-0.17742437830000002,-0.1288161537,-0.1817102845
/9/6.mp3,0.5640601574,0.0009057973000000001,0.0820488323,0.0009057976000000001,0.0452444947,0.0009057971,0.0009057973000000001,0.0102691868,0.1464159346,0.0009057972,0.0009057975,0.0009057972,0.0009057983000000001,0.0009057974,0.0784369888,0.0653722285,0.1762827934,0.7189571549,0.0009784736,0.0009784769000000001,0.0009784765,0.000978478,0.000978478,0.0939968196,0.0009784747,0.0009784754,0.0009784736,0.0009784762000000001,0.0009784756000000001,0.0009784736,0.0005987079000000001,0.06326784640000001,0.0005991069000000001,0.1521341465,0.2672506434,0.0005991183,0.10699931750000001,0.40855111310000003,0,0,0,0,1,0,0,0.1127088871,-0.0954854381,0.055883344200000004,-0.027150928,-0.0306019857,-0.0678365504,-0.0038901584,-0.028383590900000002,-0.01873837,-0.11439631410000001,-0.0080179343,-0.2427979877,-0.0779324955,-0.0296337146,-0.0956416291,-0.106642362,-0.2299500177,-0.2499614229,0.061924101200000005
/9/4.mp3,0.000625,0.000625,0.0006250001,0.47275967680000003,0.000625002,0.000625,0.0006250005000000001,0.0006250003,0.2839194606,0.0006250001,0.0006250001,0.0006250005000000001,0.0006250001,0.0106820995,0.2251387591,0.0006250003,0.2667423197,0.5324552427,0.0006265664,0.0006265685,0.0581414118,0.0006265693,0.13639535,0.0006265685,0.0006265672,0.0006265673000000001,0.0006265664,0.0006265682,0.0006265675,0.0006265664,0.0003815054,0.0939437686,0.317282377,0.0003817275,0.0003817134,0.4783829651,0.1088641474,0.00038179560000000003,0,0,0,0,0,1,0,0.0952421732,0.0214956979,0.067033164,0.1098055787,-0.0483118197,0.061963129900000004,0.0248723634,0.044298682400000004,0.0238504247,0.0054601073,0.0442413947,0.0106063874,0.010472441800000001,-0.048044517200000005,-0.1484348143,0.0445631703,-0.0978661447,0.0148556107,-0.0808386452
/9/5.mp3,0.0012019231,0.0012019235,0.0012019232,0.0012019232,0.0012019232,0.0012019232,0.0012019231,0.9236342306,0.0012019231,0.023312763900000002,0.0012019261000000001,0.0374280012,0.0012019231,0.0012019232,0.0012019232,0.0012019231,0.1350283692,0.7201320332000001,0.0011160714,0.0260761769,0.0011160741000000001,0.0636804678,0.0011160758,0.0011160742,0.0011160726,0.0450382863,0.0011160714,0.0011160794,0.0011160762,0.0011160714,0.5216084877,0.058347862,0.0006996848000000001,0.0006996195,0.29974784930000004,0.0006996299,0.1174973626,0.0006995042000000001,0,0,0,1,0,0,0,-0.2285585712,0.081450007,0.0065281008000000005,-0.0898417781,-0.0925248884,0.039610017500000004,-0.0466527033,-0.1322189481,-0.4048291914,-0.2417196053,-0.051535360100000004,-0.3141412,-0.37463136350000004,-0.346220528,-0.08334276460000001,-0.19260234040000002,-0.38345779750000003,-0.3850636113,0.1492413196
/9/1.mp3,0.0025000001,0.0025000008,0.0025000003,0.0025,0.0833453143,0.08521902690000001,0.0025000001,0.0025,0.0025,0.0025000005000000002,0.15996771610000002,0.0888338826,0.0025000021,0.0025,0.0025000002,0.5551340558,0.872330013,0.0026455197,0.0026455026000000003,0.0026455103,0.0026455101000000003,0.0026455135,0.0026455137,0.0026455108,0.0026455056,0.0026455064000000003,0.0026455026000000003,0.0026455093,0.0959238796,0.0026455026000000003,0.00164617,0.0016489911,0.0016473955,0.5349185617000001,0.1846133865,0.1891006352,0.0016477862000000001,0.0847770739,1,0,0,0,0,0,0,-0.07628728300000001,-0.1408640883,-0.1445253373,-0.1155777823,-0.07581372010000001,-0.0915355628,-0.018820126200000002,-0.2279908092,-0.1576705612,-0.0323232152,-0.16890440040000002,-0.20819684800000002,-0.2911105041,-0.31923676100000004,-0.23989327030000002,-0.20356903380000002,-0.3048918604,-0.20613721810000002,-0.002405009
/9/2.mp3,0.0006868132,0.0006868132,0.0006868134,0.0579363887,0.0006868133,0.2520537382,0.144195562,0.017566671000000002,0.4432337685,0.0006868135,0.0006868134,0.0006868148000000001,0.0006868134,0.0006868135,0.07814573670000001,0.0006868132,0.1927113799,0.4389200783,0.0007518797,0.0007518822,0.2153109612,0.0007518831,0.077189587,0.0007518822,0.0007518806,0.0007518808000000001,0.0007518797,0.0007518818,0.0691010637,0.0007518797,0.00046160760000000004,0.3796456324,0.00046211660000000003,0.0004621188,0.045541251500000005,0.451962727,0.00046190440000000004,0.12100264170000001,0,0,0,0,1,0,0,-0.08218129810000001,-0.0008754502,-0.1161275891,-0.0588938883,-0.0156158163,0.0343306076,0.0676697322,0.0251209919,0.0362887749,0.0066481097,-0.06428612660000001,-0.10331646380000001,-0.0370296169,-0.1565218243,-0.1398414906,-0.0997342078,-0.0944045912,-0.1398841412,-0.0800989606
/9/3.mp3,0.0011363637,0.0011363639000000001,0.0011363638,0.0585673177,0.0011363637,0.0011363637,0.4862340244,0.0011363636,0.26760147430000003,0.0011363638,0.0011363636,0.0011363638,0.0011363649,0.1739608148,0.0011363657,0.0011363644,0.3158940586,0.160326238,0.0012315271,0.0012315314,0.0012315309,0.0012315329000000001,0.0012315329000000001,0.5102328766,0.0012315286,0.0012315289,0.0012315271,0.0012315306,0.0012315292,0.0012315271,0.0007631911,0.1756665054,0.0007635623000000001,0.15773933440000001,0.0007635515000000001,0.4709252848,0.1926149069,0.0007636635,0,0,0,0,0,1,0,0.10290082830000001,-0.0691382088,-0.041265561400000005,-0.035790773000000005,-0.0092842124,-0.24725738960000002,-0.26762294340000004,-0.052697303800000005,-0.16666634660000001,-0.1093313873,-0.030799511800000002,-0.1991007289,-0.2253624927,-0.16997690840000002,-0.11670375770000001,-0.1281340652,-0.10831963130000001,-0.1319489234,-0.15443608690000002
/11/7.mp3,0.0013888889,0.0013888890000000001,0.0013888890000000001,0.0670683566,0.0446409303,0.0013888889,0.0681294721,0.0013888889,0.0013888891,0.6235853959000001,0.0013888889,0.0918124656,0.0013888894,0.0013888889,0.0013888889,0.0908744896,0.0015873130000000001,0.0015873143000000001,0.0015873016000000002,0.0015873073000000001,0.0015873065,0.9257609497,0.001587309,0.0015873069,0.0015873036,0.0551913745,0.0015873016000000002,0.0015873061,0.0015873043,0.0015873016000000002,0.0009927403,0.2012025046,0.3004774542,0.2476243199,0.0009941053,0.1916946093,0.0009930847,0.0560211817,0,0,1,0,0,0,0,-0.1497457479,-0.2017224038,-0.16609325,-0.0938106397,-0.0793688446,-0.1928096048,-0.0581918654,-0.2053107196,-0.2638031448,-0.3316794376,-0.1050489269,-0.2859152549,-0.1638759101,-0.0856126876,-0.0204061031,-0.0266510968,-0.0473098909,-0.23304308340000002,-0.1386666417
/11/6.mp3,0.0009765636,0.0009765627,0.043000772400000005,0.0009765626,0.0009765626,0.0009765625,0.11713531270000001,0.1089012334,0.0009765627,0.0730189655,0.0009765626,0.0009765626,0.0009765635000000001,0.0009765625,0.30084455530000004,0.3473335329,0.0705294541,0.4362444925,0.0010504202000000001,0.0010504237,0.0010504235,0.48167140820000004,0.0010504252,0.0010504238,0.0010504215000000001,0.0010504217,0.0010504202000000001,0.0010504232,0.001050422,0.0010504202000000001,0.0006384178,0.1004035321,0.3138584537,0.2005667999,0.12428428720000001,0.17790059530000002,0.0817089956,0.0006389185,0,0,0,0,1,0,0,-0.0928068343,-0.1688768522,-0.2124960316,-0.2563816545,-0.1789204724,-0.0888058194,-0.0816713318,-0.3250311198,-0.0906548663,-0.0184477709,-0.318667639,-0.2123071638,-0.20447337270000002,-0.11286681080000001,-0.0289452168,-0.0147961314,-0.0952254139,-0.2230186035,-0.3555911167
/11/4.mp3,0.0005434783,0.1448257113,0.0005434783,0.0005434792,0.0005434783,0.0005434783,0.0005434783,0.1232312931,0.0005434783,0.0005434784,0.0005434791000000001,0.0005434791000000001,0.0005434785,0.0378213571,0.6875998962000001,0.0005434783,0.0006211234,0.000621123,0.000621118,0.0006211202,0.0463171624,0.1322706984,0.0006211212,0.2667950436,0.0006211189,0.26359237010000003,0.000621118,0.28543464550000003,0.0006211192,0.000621118,0.2451637508,0.1503273159,0.3850852238,0.00037948180000000004,0.0003794301,0.00037923460000000004,0.1262512764,0.0920342865,0,0,0,1,0,0,0,-0.17667298850000002,0.0189842844,-0.1137228519,-0.057447930800000005,-0.1641146991,-0.014182931000000001,0.0231977174,-0.1134893508,-0.2454074109,-0.0097758842,-0.1163287551,-0.21695686700000003,-0.18607667260000002,-0.2157436701,0.0047049997,-0.24096717620000002,-0.1189789272,-0.2583510364,0.0169091863
/11/5.mp3,0.16258713900000002,0.0003834356,0.578600863,0.0129544258,0.0003834356,0.0056343513,0.0003834357,0.007021257800000001,0.027287659000000002,0.0003834356,0.0003834357,0.1013325586,0.0003834357,0.00038343590000000004,0.059503158900000006,0.0423945367,0.2180469075,0.23763518760000002,0.00042016810000000004,0.00042016950000000003,0.40249215730000004,0.1376240592,0.00042017,0.00042016950000000003,0.0004201686,0.00042016870000000003,0.00042016810000000004,0.00042016920000000004,0.0004201688,0.00042016810000000004,0.00025691850000000003,0.030268704900000002,0.23286763530000001,0.5082267632,0.2154836471,0.0002571666,0.0123820265,0.0002571379,0,0,1,0,0,0,0,0.0803853662,-0.10120958170000001,-0.09778015500000001,-0.013047778400000001,-0.0703394303,-0.1246091633,0.0110847223,-0.0423113078,0.0244919057,-0.005930603400000001,0.030149421200000002,0.0393213253,0.014968450900000001,-0.0435743414,-0.1541556922,-0.07307493770000001,-0.11550990870000001,-0.2143445904,-0.31706999680000003
/11/1.mp3,0.0017857143,0.0017857143,0.0017857143,0.0017857143,0.0017857143,0.0017857143,0.6559498807,0.0017857143,0.3190501187,0.0017857143,0.0017857143,0.0017857143,0.0017857143,0.0017857143,0.0017857143,0.0017857149,0.0020408328,0.9734693163,0.0020408163,0.0020408231000000002,0.0020408229,0.0020408259,0.0020408261,0.0020408235,0.0020408189,0.0020408192,0.0020408163,0.0020408222,0.00204082,0.0020408163,0.0012631852,0.0012634364,0.1537066652,0.31137051920000003,0.0974079744,0.0012646134,0.0012637324,0.4324598737,0,1,0,0,0,0,0,-0.1151652692,-0.140009656,0.0399104542,-0.0429399856,-0.26422877980000004,0.0368205251,0.028715457200000002,-0.1024432836,-0.1536566097,-0.0330474643,-0.0075537178,-0.0448943302,-0.1043575966,-0.0144040044,-0.059294217100000005,-0.0642335367,-0.1143690376,-0.0764771162,0.07639097
/11/2.mp3,0.0034722226000000003,0.2506144249,0.0034722232,0.0034722265000000003,0.0034722228000000003,0.0034722226000000003,0.0034722223,0.003472232,0.0034722225000000002,0.07627019460000001,0.1348933419,0.4965553482,0.0034722253000000003,0.0034722235,0.0034722229,0.0034722243,0.8596375804,0.0039682956,0.003968254,0.003968274,0.092743212,0.0039682778,0.0039682769000000005,0.003968269500000001,0.00396826,0.0039682621,0.003968254,0.0039682678,0.003968262,0.003968254,0.0025012341000000002,0.0025026348,0.5167062247,0.340572258,0.1302057512,0.0025047177000000003,0.0025023015,0.0025048780000000003,0,1,0,0,0,0,0,-0.0978454005,-0.0874618608,-0.1834740101,-0.1077716326,-0.11041735250000001,-0.0797842844,-0.1754317289,-0.150536326,-0.058761845800000004,0.007295903,-0.3565419812,-0.0719847385,-0.0392869512,-0.0931168106,-0.0217304619,-0.0726630094,-0.0424596028,-0.17015934400000002,-0.14347767490000002
/11/3.mp3,0.0014204545,0.0014204548,0.0014204545,0.0014204546,0.0014204546,0.0014204567,0.0014204545,0.5623350345,0.0014204545,0.0014204545,0.3033652392,0.1158338144,0.0014204545,0.0014204548,0.0014204545,0.0014204545,0.3621869649,0.0014881064,0.0014880952000000001,0.0014881005,0.0014880993,0.0014881018,0.0819816102,0.0014880996,0.0014880969,0.1198937949,0.0014880952000000001,0.1863104608,0.23623427900000002,0.0014880952000000001,0.3281542914,0.0009203412,0.0009207644,0.0009207403000000001,0.3114820676,0.0905489359,0.26613203290000004,0.0009208264,0,0,0,0,0,0,1,-0.047072271400000004,-0.17294556600000002,-0.44696807580000003,-0.374719939,-0.5618541448000001,-0.2242987809,-0.0473629796,-0.3362443979,-0.23391528490000002,-0.2192144108,-0.4444486587,-0.2216791264,-0.4433064251,-0.28727577400000004,-0.1179128559,-0.2742922145,-0.1405040881,-0.306697626,-0.1737811407
/7/7.mp3,0.000932836,0.6281779807,0.0009328359,0.0009328358000000001,0.000932837,0.0009328358000000001,0.000932836,0.0009328358000000001,0.0009328358000000001,0.0009328363,0.0009328365,0.3587623145,0.0009328362,0.0009328358000000001,0.0009328359,0.0009328359,0.3974294498,0.20939648830000002,0.0010060362,0.0010060397,0.0010060393000000001,0.2606592781,0.0010060409,0.0010060396,0.0010060375,0.1224544011,0.0010060362,0.0010060391,0.0010060379,0.0010060362,0.0006221857000000001,0.0006224934,0.1353792204,0.2120357867,0.0006230270000000001,0.0006230602,0.0006224613,0.6494717653000001,0,0,1,0,0,0,0,-0.0859104084,-0.5675577740000001,-0.3182039266,0.023662116900000002,0.005108596,-0.5462550218000001,-0.4191096359,0.061744807400000004,9.157780000000001e-05,0.0651371225,-0.2771346353,-0.2209509163,-0.0072822511000000005,-0.09700299999999999,-0.2094014207,-0.1480362506,-0.1938509183,-0.18463872580000001,-0.4356624355
/7/6.mp3,0.0011363642,0.0011363641,0.8013258286,0.0011363642,0.0011363637,0.0198069521,0.0011363637,0.0011363636,0.0011363637,0.0011363639000000001,0.0011363637,0.0918398722,0.0011363641,0.0011363637,0.0733909803,0.0011363641,0.308310114,0.4960899912,0.0012755102,0.0012755145000000001,0.0012755141,0.1815692549,0.0012755161,0.0012755145000000001,0.0012755118,0.0012755120000000001,0.0012755102,0.0012755138,0.0012755124,0.0012755102,0.0007819773,0.0865711849,0.0251431215,0.47450968730000004,0.2625070269,0.0060043067,0.0460697721,0.0984129232,1,0,0,0,0,0,0,-0.0173512195,-0.18353789980000002,-0.0095721229,0.0698703486,0.0072078218,-0.1790811584,-0.0132589952,-0.2670129954,-0.2506531849,-0.24625980790000002,-0.2841229717,-0.1407996756,-0.1761752819,-0.18986593070000002,-0.1106379333,-0.0660102961,-0.1180443139,-0.1676288295,-0.1887843203
/7/4.mp3,0.0012254904,0.0012254906,0.42961419510000004,0.0012254904,0.0012254903,0.0412629309,0.079460897,0.0012254902,0.0873076874,0.2463236215,0.0012254902,0.0012254904,0.0012254917,0.0012254902,0.043803814600000004,0.061197439000000006,0.21698040070000002,0.3042000454,0.0012987013,0.0012987058,0.1223127308,0.0012987073,0.3435197857,0.0012987057,0.0012987029,0.0012987032,0.0012987013,0.001298705,0.0012987037,0.0012987013,0.0007965742,0.0007968175000000001,0.0007977889,0.14896609090000001,0.1831120668,0.23442991900000001,0.0007969127,0.43030383,0,0,0,0,1,0,0,0.0095898696,-0.362599218,-0.09453873580000001,0.0456833537,-0.1615979824,-0.38839622290000003,-0.289969645,-0.1647585767,0.039949946,0.0500561595,-0.2936996157,-0.0236842068,-0.0048367073000000005,-0.0735479751,-0.1605309811,0.0037372280000000004,-0.0117435653,-0.11890903530000001,-0.5765469785
/7/5.mp3,0.0013586966000000002,0.0013586958,0.0360397563,0.0226300072,0.0013586958,0.0013586957,0.0013586959000000001,0.034166083800000004,0.110455468,0.0013586958,0.0013586960000000002,0.0013586958,0.0013586974,0.0013586959000000001,0.5075244250000001,0.275597299,0.1153240662,0.8668187512000001,0.0014880952000000001,0.0014881002,0.0014881,0.0014881022000000001,0.0014881023000000001,0.0014881004000000001,0.0014880971,0.0014880973,0.0014880952000000001,0.0014880995,0.0014880979,0.0014880952000000001,0.0009195719000000001,0.0009197996,0.6905554056000001,0.303923618,0.0009202561000000001,0.0009209029,0.0009197923,0.0009206535000000001,0,1,0,0,0,0,0,-0.4122874529,-0.3634789162,-0.06426706530000001,-0.14095865030000002,-0.0895919845,-0.30092246310000004,-0.30502779890000004,-0.0237169637,-0.3772040367,-0.2802738904,-0.0072649398,-0.018611195100000002,-0.08572332760000001,-0.1528673162,-0.11853522940000001,-0.0596480957,-0.11395099830000001,-0.1000655402,-0.15014283
/7/1.mp3,0.0006793481,0.0006793479,0.0006793486000000001,0.0006793480000000001,0.0006793478,0.0115660946,0.0006793479,0.0006793494,0.1214114226,0.0006793478,0.0006793481,0.0006793479,0.0006793480000000001,0.0133579136,0.6648019221,0.18138981780000002,0.0007072184,0.5278048310000001,0.0007072136,0.0007072160000000001,0.39391973820000004,0.0007072167,0.07049606380000001,0.0007072158,0.0007072144,0.0007072146,0.0007072136,0.0007072155,0.0007072148,0.0007072136,0.0004316222,0.2277873847,0.2922712617,0.00043159400000000004,0.00043157190000000004,0.2437166147,0.2344982987,0.0004316522,0,0,0,0,1,0,0,-0.100453181,-0.2455085572,-0.0625828041,-0.013950330300000001,-0.2929083221,-0.1810052449,0.1693991501,-0.2888346391,-0.0972421791,0.0463686863,-0.48171225160000003,0.060989305,-0.0423609037,0.0377562035,-0.048195470000000004,-0.0307984746,-0.1179817424,-0.0689157648,-0.49909981540000004
/7/2.mp3,0.0005580357,0.000558036,0.0005580357,0.0005580357,0.8447318101,0.12272218210000001,0.0005580357,0.0005580358,0.0005580357,0.0005580358,0.000558037,0.014315509700000001,0.0005580362,0.011534067,0.0005580357,0.0005580358,0.0006377592000000001,0.9917091638000001,0.0006377551,0.0006377573000000001,0.0006377569,0.0006377579000000001,0.0006377579000000001,0.0006377570000000001,0.0006377558,0.0006377560000000001,0.0006377551,0.0006377568,0.0006377561,0.0006377551,0.00038848830000000003,0.0003886548,0.0003884213,0.041402867,0.0003886454,0.05666209,0.8999922348,0.0003885984,0,0,0,1,0,0,0,-0.6142150637,0.12289043620000001,-0.3397377796,-0.5458909428000001,-0.5900288948,0.23588773170000002,0.0785130176,-0.4860107319,-0.6351436703000001,-0.6697673058,-0.3281683036,-0.49156409830000003,-0.5829235613,-0.3975392354,-0.06538932310000001,-0.29255360140000003,-0.2053381891,-0.4085718224,0.42648092130000004
/7/3.mp3,0.0014534886,0.0014534886,0.0014534885000000001,0.0014534884,0.0014534885000000001,0.0014534884,0.0014534885000000001,0.0014534884,0.0014534884,0.9781976709,0.0014534884,0.0014534886,0.0014534903,0.0014534884,0.0014534884,0.0014534889,0.43981674670000004,0.2643505604,0.0016611296000000001,0.0016611354000000001,0.2775602285,0.0016611373000000001,0.0016611374000000002,0.0016611352,0.0016611316000000001,0.001661132,0.0016611296000000001,0.0016611343,0.0016611324,0.0016611296000000001,0.0010335658,0.0010338762,0.0010351873,0.5778080511,0.26323802090000004,0.1537822046,0.001034055,0.0010350393,0,0,1,0,0,0,0,0.0395896011,-0.1041474361,-0.0266345783,-0.1135404037,-0.0630946614,-0.066461359,-0.1461781443,-0.1853000789,-0.2692099092,-0.1401999298,-0.1214063531,-0.047579274500000004,-0.0666635329,-0.1943319427,-0.2074548703,-0.08461110300000001,-0.0169194727,-0.1929909893,-0.0797315633
/29/7.mp3,0.0016447369,0.0016447372000000001,0.0623863975,0.5799071338,0.0016447369,0.0016447369,0.0016447368,0.083429682,0.0016447369,0.0016447371,0.1268107394,0.0511105158,0.0016447369,0.0016447372000000001,0.07990816170000001,0.0016447369,0.6996472296,0.11003024060000001,0.0017857143,0.001785721,0.17067962890000002,0.0017857230000000001,0.0017857230000000001,0.0017857205000000001,0.0017857166000000001,0.0017857171,0.0017857143,0.0017857195,0.0017857175,0.0017857143,0.0011070126,0.1999886773,0.0011082070000000002,0.0478282089,0.001108106,0.5950542883000001,0.0011075124,0.1526979875,1,0,0,0,0,0,0,-0.3500717002,0.1865744832,-0.0587186129,-0.1923250589,-0.0449889313,0.173025646,0.1697056019,0.1523631517,0.0425504811,-0.0085590754,0.1882371995,0.1174023205,0.0233240095,-0.0172494283,-0.0698848167,0.033148287400000004,0.082322824,-0.0464760374,0.1465734398
/29/6.mp3,0.0025,0.0025000006000000003,0.0025,0.0025000001,0.0025,0.6153266427,0.0025,0.1536544736,0.0025,0.0025,0.1118225545,0.0025,0.0025,0.0891963283,0.0025,0.0025,0.5954574236,0.3702567741,0.0028571429,0.0028571533,0.0028571509,0.0028571556000000003,0.0028571554000000002,0.0028571514,0.0028571461,0.0028571471,0.0028571429,0.0028571620000000003,0.0028571518,0.0028571429,0.0018394744000000001,0.1241751229,0.33830294050000004,0.528316907,0.0018421676,0.0018413606,0.0018402225,0.0018418045,0,1,0,0,0,0,0,-0.0186133549,-0.1570517467,-0.029850021900000002,0.0604555458,0.1497919433,-0.1894287342,-0.22724140780000002,0.1991626366,-0.0255017747,0.0003619632,-0.0021710935,-0.0755605811,0.0233240095,-0.0175123997,-0.1804961629,-0.0029411659000000002,0.0037786323,-0.0912355438,-0.1574527853
/29/4.mp3,0.677198195,0.0006443302,0.1364292057,0.029179861100000003,0.0291681033,0.0006443299,0.0006443299,0.0006443303,0.0006443299,0.0006443301000000001,0.08144228960000001,0.0006443306,0.021911421400000002,0.00064433,0.018871952600000002,0.0006443302,0.1697642502,0.7037298238,0.0007072136,0.0007072160000000001,0.0828573913,0.0007072168,0.0007072168,0.0007072159000000001,0.0007072144,0.0365763837,0.0007072136,0.0007072156000000001,0.0007072148,0.0007072136,0.1684968809,0.000433328,0.00043337940000000004,0.1147924871,0.16513421890000002,0.1946579733,0.00043340450000000003,0.35561832790000003,0,0,0,0,1,0,0,0.028136669000000003,-0.2292814156,-0.027417921,0.0761639347,0.0140288071,-0.2377896639,-0.2364981301,0.1675228275,0.040536391000000005,0.014716894400000001,0.0331651362,-0.050317286700000005,0.0549336748,-0.0482595124,-0.11295488020000001,-0.0028236471,-0.061413877900000004,-0.1729014178,-0.230539352
/29/5.mp3,0.0013888889,0.0272647949,0.0013888889,0.0013888890000000001,0.0013888889,0.027958473,0.0013888889,0.1597733335,0.0013888889,0.0013888889,0.7683367314,0.0013888889,0.0013888889,0.0013888892,0.0013888889,0.0013888889,0.5164749084,0.1219030735,0.0015873016000000002,0.0835823344,0.0015873061,0.1040369949,0.0015873087,0.0015873065,0.1597169457,0.0015873054000000001,0.0015873016000000002,0.0015873059,0.0015873056,0.0015873016000000002,0.1530157366,0.1214166653,0.5409692039,0.0009934492,0.0738131774,0.1078044284,0.0009934644,0.0009938748000000001,0,0,0,1,0,0,0,-0.0563113024,-0.040203619100000004,0.0556227501,-0.026408755500000002,0.0250962498,-0.0954714287,0.0057040012,0.0444286622,-0.09641424180000001,-0.0161554015,-0.0694876023,-0.2894106162,0.0499829803,-0.1587706689,-0.1134193523,-0.0889840628,-0.1200376555,-0.14046476700000002,-0.129338109
/29/1.mp3,0.9459600822,0.0009057972,0.0206390535,0.0009057971,0.0009057972,0.0009057971,0.0009057972,0.0009057971,0.0009057972,0.0009057973000000001,0.0009057971,0.0009057972,0.0009057979,0.0009057971,0.0216255003,0.0009057974,0.2427024726,0.4780943925,0.0010204082,0.0010204116000000001,0.2679786215,0.0010204129000000001,0.0010204129000000001,0.0010204116000000001,0.0010204094,0.0010204096,0.0010204082,0.0010204110000000001,0.0010204099,0.0010204082,0.0006221676000000001,0.0006222807,0.0006230024,0.5852148474000001,0.0006227925,0.0006231069,0.0006224376,0.4110493649,0,0,1,0,0,0,0,-0.4394021826,0.062698391,0.033057613900000005,-0.173076964,-0.3164864301,0.07223854190000001,0.1619647576,-0.1529536731,-0.2028475506,-0.0729734636,0.046734233800000004,0.0085245507,-0.13243101300000001,0.0474389964,0.0120525995,0.0875040975,0.0959870859,-0.135048855,-0.1116440095
/29/2.mp3,0.0013020834,0.0013020838,0.0013020835,0.0013020837000000001,0.0544129655,0.0013020834,0.0013020834,0.0013020848,0.0013020834,0.0013020836,0.09503414710000001,0.7289906079,0.0013020845,0.023835812300000002,0.0013020834,0.0834035464,0.0012315361000000001,0.6652001091,0.0012315271,0.0012315313,0.3200215285,0.0012315327,0.0012315327,0.0012315312,0.0012315286,0.0012315289,0.0012315271,0.0012315305,0.0012315292,0.0012315271,0.0007674393000000001,0.38553600720000003,0.0007682607,0.0007681336,0.0007679311,0.0007685502000000001,0.0007679130000000001,0.6098557649,0,0,0,0,0,0,1,-0.038372285900000004,0.0271826381,-0.1026778465,-0.025593140400000002,0.0085612489,-0.11122414080000001,-0.1077665995,-0.0236722826,-0.0061441092,0.0458422427,-0.1677221378,-0.0833865705,0.13656283600000002,0.0362675115,-0.1135045482,0.039058853500000004,0.030918770300000002,-0.1471827256,-0.2704787396
/29/3.mp3,0.0004280825,0.0748093803,0.0004280825,0.19567635200000003,0.045566845200000004,0.034084873200000004,0.0004280822,0.07351068470000001,0.0004280822,0.00042808230000000003,0.295979245,0.25450636190000003,0.0004280824,0.00042808230000000003,0.0224415991,0.00042808230000000003,0.3919307161,0.00045787810000000003,0.0004578755,0.0004578766,0.00045787670000000004,0.4064252897,0.00045787730000000003,0.0004578769,0.000457876,0.1966073535,0.0004578755,0.0004578766,0.00045787620000000003,0.0004578755,0.0658662517,0.0656437529,0.007578896900000001,0.0002788662,0.10120738160000001,0.3183631904,0.2796765057,0.1613851546,0,1,0,0,0,0,0,0.0846742286,-0.5113300310000001,-0.0471108442,0.1610523669,-0.06422933,-0.3859626467,-0.5221838397,0.020432429000000002,0.1954260663,0.25365377840000003,-0.3480972086,-0.2400638595,0.2632129655,0.0355106444,-0.2135919386,-0.0028236471,-0.16648764500000002,-0.1475514101,-0.46808829750000003
/16/7.mp3,0.0005733946000000001,0.0005733946000000001,0.0709670275,0.0005733945,0.0537928239,0.0005733945,0.0005733945,0.0005733945,0.0005733945,0.0005733954,0.5407782675,0.32758114600000005,0.0005733945,0.0005733945,0.0005733946000000001,0.0005733945,0.0006211225000000001,0.45248524440000004,0.000621118,0.0006211201,0.041653140500000005,0.0632508722,0.0006211208,0.00062112,0.0006211188,0.3021871074,0.000621118,0.0006211197000000001,0.1348335595,0.000621118,0.3636952576,0.12601221710000002,0.5083839361,0.0003817698,0.0003816944,0.00038157320000000003,0.00038178910000000003,0.0003817626,0,0,0,1,0,0,0,-0.40648733400000003,-0.3630365962,-0.4042801565,-0.2886273598,-0.3072769965,-0.2448797332,-0.2809977695,-0.1649248093,-0.0204531594,-0.13285169060000002,-0.021585107000000003,0.0271366033,0.0534693766,0.0194744947,0.06322327600000001,-0.0686900329,-0.17184312070000002,0.1375729231,-0.1725038283
/16/6.mp3,0.0016891892,0.0016891892,0.0016891893000000001,0.0016891904,0.0016891905,0.0016891892,0.2422440818,0.0016891892,0.1803817381,0.1367668229,0.0016891892,0.0016891892,0.37664477420000003,0.0016891892,0.045381497800000004,0.0016891906000000001,0.0018797093000000001,0.533563847,0.0018796992000000002,0.001879706,0.44387971200000004,0.0018797073,0.0018797070000000002,0.0018797045,0.0018797013,0.001879702,0.0018796992000000002,0.0018797039,0.001879702,0.0018796992000000002,0.202448034,0.0011594526,0.0011598673,0.08237382210000001,0.1456863547,0.0011596872,0.40589852190000003,0.1601142603,0,0,0,0,0,1,0,0.0009450322,0.06434751450000001,-0.1794699062,-0.2003036896,-0.3955317943,-0.1545462484,-0.2540505483,-0.3274583705,-0.16698520660000002,-0.1246558702,-0.1184301103,-0.0848375123,-0.12445267750000001,-0.0624960087,-0.0248687745,-0.1474127918,-0.12215027390000001,-0.1790568036,-0.07487992780000001
/16/4.mp3,0.0005896229,0.0005896228,0.3083311795,0.0005896245,0.0005896227000000001,0.0294663293,0.0005896227000000001,0.0005896238,0.0005896227000000001,0.0005896239,0.0005896229,0.0005896227000000001,0.0005896232,0.0005896231,0.2686558911,0.3864711223,0.371590032,0.1881124365,0.0006553080000000001,0.0006553102,0.00065531,0.39087551540000004,0.000655311,0.0006553102,0.0006553088,0.0006553089,0.0006553080000000001,0.0428689238,0.0006553091,0.0006553080000000001,0.0003983683,0.1436116665,0.0277036963,0.00039870680000000003,0.058512268900000004,0.6054464051,0.0003985575,0.1635303306,0,1,0,0,0,0,0,-0.1469225471,-0.1044273477,-0.1026301241,-0.0333232133,-0.057503772700000004,-0.1799390647,-0.0179794481,-0.0423113078,-0.0582533254,0.0205659755,0.0331651362,0.0124843542,-0.054314614100000005,0.006494218600000001,-0.1450627923,-0.1280733943,-0.24094534210000002,-0.1932559351,-0.0246270785
/16/5.mp3,0.0008333333,0.0008333335000000001,0.0008333333,0.5659869637,0.0008333334,0.0008333334,0.0008333333,0.146328797,0.0008333333,0.0008333333,0.133065431,0.0008333333,0.0008333336,0.1446188078,0.0008333333,0.0008333333,0.0009276492000000001,0.0009276488,0.0009276438000000001,0.0179286259,0.2442680965,0.2133193818,0.31327532010000003,0.0009276461,0.0009276447000000001,0.0303433055,0.0009276438000000001,0.1415764246,0.0327953256,0.0009276438000000001,0.0005740202,0.10369454580000001,0.6573753896,0.0005741654,0.0005742057000000001,0.0005741282,0.23605931600000002,0.0005742291,0,0,0,0,1,0,0,-0.0188318066,-0.2333625416,-0.10589073710000001,-0.1251100842,-0.2988016074,-0.1964268885,-0.15261270400000002,-0.3856958072,-0.1476797926,-0.0681371882,-0.196177349,-0.08491481590000001,-0.08835112710000001,-0.2837123126,-0.2981768643,-0.15866925680000002,-0.3177042881,-0.1375017781,-0.2874511448
/16/1.mp3,0.6794214642,0.0010245904,0.07434932920000001,0.0010245902,0.0244956628,0.0010245902,0.0010245902,0.0010245902,0.0010245902,0.0010245903,0.032181896,0.1782811548,0.0010245905,0.0010245902,0.0010245905,0.0010245903,0.0010822608,0.5081669280000001,0.0010822511,0.0010822546000000001,0.47884602270000004,0.0010822563,0.0010822565000000001,0.0010822551,0.0010822525,0.0010822526000000001,0.0010822511,0.0010822544,0.0010822531,0.0010822511,0.0006725126,0.0308855908,0.1301357173,0.0006728985000000001,0.49920540020000004,0.0006730494,0.0006730120000000001,0.3370818192,1,0,0,0,0,0,0,-0.0027153438,0.11072734070000001,-0.1525011289,-0.1303604546,0.1471885849,-0.0950950228,-0.11011455070000001,0.2079691326,-0.0442727184,-0.057449658,-0.0991827802,-0.1712758828,-0.013576920900000001,0.0427302513,-0.041542704800000003,0.0637796253,0.0921525976,-0.20654357410000002,-0.059650744500000005
/16/2.mp3,0.0029761906000000003,0.0029761914,0.0029761907000000003,0.0029761905000000003,0.0857676691,0.0029761906000000003,0.0029761905000000003,0.0029761905000000003,0.0029761905000000003,0.36513852490000004,0.2393526031,0.2740269126,0.0029761927,0.0029761905000000003,0.0029761906000000003,0.0029761911,0.0034013893,0.3552321128,0.0034013605,0.0034013724000000003,0.6039514475000001,0.0034013773000000002,0.0034013776000000003,0.003401373,0.0034013651,0.0034013656,0.0034013605,0.0034013708,0.0034013669,0.0034013605,0.0021949783,0.550684928,0.4361351376,0.0021960437,0.0021968392,0.0021978824,0.0021979691,0.0021962217,0,1,0,0,0,0,0,-0.3427768007,-0.016067683,-0.0012283105,0.058489179,-0.1603840537,0.1043948437,0.07020881870000001,-0.0057448539,-0.1376535392,-0.0487892579,0.0462183295,-0.1849349682,-0.0193673583,-0.1650161167,-0.3066467368,-0.11686626700000001,-0.058217739000000004,-0.2371691257,0.0085795177
/16/3.mp3,0.14703911690000002,0.0011363644,0.6394277163000001,0.0011363638,0.0011363638,0.0201124446,0.0011363642,0.0011363637,0.0011363637,0.001136365,0.0168278941,0.16409282220000002,0.0011363644,0.0011363636,0.0011363652000000001,0.0011363641,0.2040834119,0.3286910015,0.0010504202000000001,0.0010504237,0.4556709403,0.001050425,0.0010504251,0.0010504237,0.0010504215000000001,0.0010504217,0.0010504202000000001,0.0010504231,0.001050422,0.0010504202000000001,0.000651517,0.2090752061,0.0006522536,0.1576187201,0.2970601668,0.0648534209,0.0006517936,0.269436922,1,0,0,0,0,0,0,0.07619470190000001,0.0090054967,0.055011970900000005,-0.0732894665,0.0068856693,-0.08225607880000001,0.0379508182,-0.09997339,-0.1668836913,-0.0357842852,0.1580427791,-0.1783722033,-0.0703108504,-0.260044494,-0.0299062471,-0.0404955654,-0.163538073,-0.1534549574,0.0928470577
/42/7.mp3,0.0006067965,0.0006067963,0.5223263585,0.0006067961,0.0006067962,0.0006067961,0.0006067961,0.0006067961,0.0006067961,0.0326502136,0.0175448511,0.2596031531,0.0006067965,0.0006067961,0.1612006652,0.0006067963,0.11728141460000001,0.2239535926,0.0006868132,0.0006868155000000001,0.1480324376,0.25579066500000003,0.0006868164000000001,0.0006868155000000001,0.0006868141,0.0006868142000000001,0.0006868132,0.2487605605,0.0006868144,0.0006868132,0.0004183443,0.1534629013,0.3116580333,0.2464222547,0.09644180470000001,0.0004187125,0.00041848760000000004,0.1907594616,0,0,1,0,0,0,0,-0.1459075579,0.0400986533,-0.20943585180000002,-0.0346550978,-0.1196895939,0.27852818360000003,0.43985420810000003,-0.0243382883,-0.1083879247,-0.0805665941,0.0540035586,0.09742879480000001,0.0086138233,0.0403782004,0.1030507393,-0.0097787564,-0.11625593860000001,0.1390782723,-0.0188079099
/42/6.mp3,0.0020161292000000003,0.0020161298,0.0020161292000000003,0.0020161292000000003,0.0020161292000000003,0.6406624325,0.0020161291000000002,0.0020161306,0.0020161291000000002,0.0020161294,0.2773735777,0.0020161294,0.0557543073,0.0020161293000000003,0.0020161291000000002,0.0020161299,0.201106482,0.3084570424,0.0021008403,0.0021008476,0.1489552146,0.0021008503,0.3204728174,0.0021008476,0.0021008430000000002,0.0021008434,0.0021008403,0.0021008464,0.0021008442000000002,0.0021008403,0.0013166920000000002,0.23564626730000002,0.3429747985,0.4147899597,0.0013180579,0.001318622,0.0013172775000000001,0.0013183251,0,1,0,0,0,0,0,0.22879917400000002,-0.2043418787,-0.0183095446,0.13782772740000002,0.1786853623,-0.30356428760000004,-0.2866633831,0.1515816505,0.2727281565,0.1960959301,-0.0377571232,0.067283856,0.2024270155,0.0510772429,0.0468487339,0.0244651922,0.013866137800000001,0.087483242,-0.2286735205
/42/4.mp3,0.0007911397000000001,0.0007911395,0.3103490654,0.0007911393,0.0007911393,0.14239584500000002,0.0007911392,0.362306349,0.0007911393,0.0007911393,0.0007911410000000001,0.0007911397000000001,0.0007911392,0.0007911396,0.1754550662,0.0007911394,0.2318588984,0.0009041665,0.0009041591,0.0009041625000000001,0.000904162,0.0009041636,0.7572911638000001,0.0009041623,0.0009041603,0.0009041605,0.0009041591,0.0009041618000000001,0.0009041608,0.0009041591,0.0005533578,0.0005535654,0.0005542218,0.3234399625,0.11176573070000001,0.414864656,0.0005536279,0.1477148779,0,0,0,0,1,0,0,-0.3662259224,0.2316388608,-0.1522336627,-0.2496749249,-0.1660722241,0.11254620850000001,0.035846100400000004,0.0046858447000000004,-0.3140549876,-0.3278678168,0.1583036079,0.005712231700000001,-0.1178189214,-0.033890755200000004,0.0683751643,-0.029064475000000003,-0.0906201016,0.09085887890000001,0.1780120668
/42/5.mp3,0.0011792454000000001,0.0011792457,0.0011792455,0.0011792457,0.0011792454000000001,0.0011792454000000001,0.0011792453,0.0011792465,0.0011792453,0.6713325681,0.1121404534,0.1281933894,0.0011792461000000001,0.0011792454000000001,0.0011792454000000001,0.07418264200000001,0.07648652830000001,0.43187150160000004,0.0012987013,0.0012987057,0.1906142609,0.0012987074,0.0012987076,0.1698851452,0.001298703,0.0012987032,0.0012987013,0.0012987051,0.1194542283,0.0012987013,0.0008020625,0.2788670728,0.2972168965,0.1430149699,0.1568239299,0.1216694145,0.0008029813,0.0008026725,1,0,0,0,0,0,0,0.3167872262,-0.2658454064,-0.0392395056,0.2040235436,0.3486922805,-0.2694738339,-0.35557797420000004,0.2000077557,0.23902329890000001,0.0606754254,0.09122385320000001,0.2091098035,0.21289335880000002,0.0670432202,0.0636323063,0.1026101819,0.047924738800000005,0.1791268581,-0.1325288608
/42/1.mp3,0.0009920638000000001,0.0009920636,0.20185387030000002,0.0009920635,0.0009920635,0.0009920635,0.0009920636,0.0009920635,0.0009920635,0.4800827845,0.0009920635,0.0009920647,0.0009920641,0.0009920635,0.3051665172,0.0009920637,0.3041644176,0.21442799480000002,0.0009523810000000001,0.0009523842,0.1121885502,0.0009523854000000001,0.35969521,0.0009523842,0.0009523821,0.0009523823,0.0009523810000000001,0.0009523836,0.0009523827,0.0009523810000000001,0.0005818275,0.1660320905,0.10884829260000001,0.3321056142,0.3426617198,0.048605862,0.0005821658,0.0005824275,0,1,0,0,0,0,0,0.0890084307,-0.33229918750000004,-0.2159230023,0.18134924830000002,0.0616357183,-0.353381386,-0.2541248211,-0.0709429512,-0.12642070260000002,0.022297685100000002,-0.1765290328,-0.0542133258,0.022961940700000003,-0.051173702,-0.0434434104,-0.0162850975,0.0539765784,-0.0240098863,-0.39495541640000004
/42/2.mp3,0.0009057973000000001,0.0009057977,0.0009057973000000001,0.0009057978,0.4029887444,0.0009057972,0.0009057972,0.0155463457,0.0009057972,0.0481655079,0.0531601015,0.4701755293,0.0009057978,0.0009057971,0.0009057972,0.0009057975,0.1771367985,0.0010204161,0.0010204082,0.0010204118,0.0010204114,0.8106182728,0.001020413,0.0010204117,0.0010204095,0.0010204097000000001,0.0010204082,0.0010204111,0.00102041,0.0010204082,0.0006285846,0.2322436289,0.0215275846,0.1830487064,0.1457391938,0.0845787299,0.0006288442,0.33160472750000003,0,1,0,0,0,0,0,0.0342342312,-0.0852885738,-0.15229005210000002,-0.1195479966,0.0971677943,-0.3389978949,-0.3107018751,-0.0337000989,0.0393307887,0.0523073489,-0.06356910090000001,0.0070300268,0.0241180827,0.0227654201,-0.0847950786,-0.012208825500000001,0.032423893,0.04348714,-0.1115894218
/42/3.mp3,0.0017857143,0.0017857143,0.0017857143,0.22639821340000002,0.0017857143,0.0017857143,0.0017857143,0.7486017854,0.0017857143,0.0017857143,0.0017857146,0.0017857143,0.0017857148000000002,0.0017857145,0.0017857143,0.0017857143,0.0017857261,0.191179552,0.0017857143,0.0912291328,0.3286343615,0.252962516,0.0017857224000000001,0.00178572,0.119922973,0.001785717,0.0017857143,0.0017857192000000001,0.0017857172,0.0017857143,0.0011167948,0.26747369800000004,0.46073284540000004,0.0011177746,0.2662061694,0.0011176979,0.0011171782,0.0011178418000000001,0,0,0,0,1,0,0,-0.2704099164,0.1655542719,-0.1493282592,-0.3416321056,-0.3449227965,-0.023427208600000003,-0.1200906727,-0.13459046160000002,-0.2254360923,-0.26083461480000003,0.0536843818,0.0638412984,-0.037724965900000004,0.0211241803,-0.004305662300000001,-0.015077550600000001,-0.11435957070000001,0.043304638900000005,0.13991105310000002
/89/7.mp3,0.1534358982,0.0015243908,0.0015243909000000001,0.2594925984,0.0015243904,0.0015243903000000001,0.0015243905,0.0015243934,0.0015243905,0.3274767712,0.030508306000000002,0.053760160300000005,0.0015243904,0.0015243907,0.1317428774,0.029863870600000002,0.5846219539,0.0017006936,0.0017006803,0.0017006864,0.0017006856000000002,0.39496983150000003,0.0017006884,0.0017006861000000001,0.0017006825,0.0017006828,0.0017006803,0.0017006852,0.0017006833,0.0017006803,0.0010688768000000001,0.0010693015,0.06328232,0.9303010012,0.0010700169000000001,0.0010693805,0.001069125,0.001069978,0,0,0,0,0,0,1,-0.0540174858,-0.1235417907,0.013293586100000001,-0.0126515032,-0.0624732947,-0.29888789120000003,-0.231022315,-0.203039302,-0.12349284940000001,-0.0737835434,-0.0318098849,-0.0045797425,-0.038103056600000004,-0.062398085500000006,-0.1082196348,0.024507916,-0.10240796,-0.1689162769,-0.0908618278
/89/6.mp3,0.0006067962,0.0006067964,0.0006067962,0.0006067961,0.0006067962,0.9175739140000001,0.0006067961,0.0006067961,0.0006067961,0.0006067962,0.0289697135,0.0006067962,0.0455680222,0.0006067961,0.0006067961,0.0006067963,0.1475506014,0.8441276051000001,0.0006934813,0.0006934836,0.0006934834,0.0006934844,0.0006934845,0.0006934836,0.0006934821000000001,0.0006934823,0.0006934813,0.0006934832,0.0006934825,0.0006934813,0.0004267686,0.0004268847,0.0004273077,0.3101924862,0.0004273837,0.0004274607,0.0004270008,0.6872447075,0,0,1,0,0,0,0,-0.14173304450000002,-0.2719010213,0.17783014260000002,0.0411010494,0.10994993060000001,-0.3335957939,-0.2588114453,-0.0428441659,0.0431638848,0.041122144,-0.0397482411,0.0978390921,0.0392501899,0.0209479583,-0.0094591063,-0.0007542835000000001,-0.0486695564,0.034492680500000004,-0.0726747524
/89/4.mp3,0.0004058442,0.0077371341,0.0004058442,0.5421952453000001,0.0004058452,0.0004058442,0.0004058442,0.0004058442,0.0004058442,0.0004058442,0.0719941384,0.37320335130000004,0.0004058442,0.0004058442,0.0004058442,0.0004058442,0.00041288290000000003,0.9882642226,0.0004128819,0.0004128836,0.0004128827,0.00041288340000000004,0.0004128833,0.0004128827,0.0004128823,0.0004128825,0.0004128819,0.0004128827,0.0067811856000000005,0.0004128819,0.7113499897000001,0.0767255855,0.1811071403,0.0002522565,0.0002521744,0.0002522749,0.029808217,0.0002523618,0,0,0,1,0,0,0,-0.4655983126,0.3072063987,-0.1410652198,-0.46811699170000004,-0.3229303345,0.301652639,0.10294118690000001,-0.0954180087,-0.4353768159,-0.4642317789,-0.13532856940000001,-0.4200540164,-0.315974158,-0.08189765900000001,0.18083105160000001,-0.0250877229,-0.08835368810000001,-0.2427444709,0.3389440392
/89/5.mp3,0.001953125,0.0412848719,0.0019531251,0.21607437770000001,0.0634425163,0.0019531251,0.001953125,0.0019531256,0.001953125,0.0019531251,0.6239637158,0.0337501417,0.0019531251,0.0019531252,0.0019531251,0.0019531252,0.15327363930000001,0.8199405864,0.0022321429,0.0022321504,0.00223215,0.0022321533000000003,0.0022321535,0.0022321507000000003,0.0022321457000000003,0.002232146,0.0022321429,0.0022321493,0.0022321468000000002,0.0022321429,0.4294248714,0.0014073271000000001,0.0014069798,0.1112607842,0.0014069484,0.0014066418,0.0014072254000000001,0.45227922200000004,0,0,0,1,0,0,0,0.09780983280000001,0.0215058913,0.0301980902,-0.0660530008,0.1552548194,0.0416942748,0.0002699069,0.0472697627,-0.2507082965,-0.2651109815,0.0616841947,-0.19328730500000002,-0.2854181966,-0.074389463,0.049391021300000004,-0.07982366540000001,0.068227045,-0.3230446717,0.0599931915
/89/1.mp3,0.0008928575,0.2251621211,0.0008928572,0.2597695756,0.1404915398,0.0008928582,0.0008928574000000001,0.0008928578,0.0008928572,0.0008928578,0.0008928576,0.3638624735,0.0008928577000000001,0.0008928573,0.0008928572,0.0008928573,0.5555257056,0.1387320537,0.0009784736,0.0009784770000000002,0.0009784766,0.2949790098,0.0009784782000000001,0.0009784769000000001,0.0009784748,0.0009784750000000001,0.0009784736,0.0009784764,0.0009784753,0.0009784736,0.0662461614,0.021611907,0.132747703,0.09295288210000001,0.1983779206,0.44480403760000004,0.0005991591000000001,0.042660229200000004,0,1,0,0,0,0,0,-0.1391203982,0.0139217278,-0.29270791500000004,-0.1414802648,0.015107505,-0.0296329159,-0.0730621063,-0.1025286843,-0.198567143,-0.2907828127,-0.1433675509,-0.0973748687,-0.0006953093000000001,-0.05466362,-0.0065015756,0.0022924872000000002,0.0146753427,-0.12199374810000001,0.0038385752
/89/2.mp3,0.0015243902,0.0015243906,0.0015243903000000001,0.0263020983,0.0015243903000000001,0.0015243903000000001,0.0015243902,0.0015243903000000001,0.0015243903000000001,0.12381226860000001,0.1669681824,0.6646247664,0.0015243909000000001,0.0015243902,0.0015243902,0.0015243903000000001,0.0015197656,0.47163200390000004,0.0015197568,0.0015197623000000001,0.0015197609,0.510130875,0.0015197632,0.0015197612,0.0015197586,0.001519759,0.0015197568,0.0015197607,0.0015197591000000001,0.0015197568,0.0009405383000000001,0.0918917746,0.7769823175,0.0009412511000000001,0.0009416991000000001,0.0009419267000000001,0.0009408549000000001,0.1264196379,1,0,0,0,0,0,0,-0.07658666700000001,-0.21963141630000002,0.1041484944,0.0992014504,-0.0063505738,-0.11530698700000001,-0.1127264136,-0.0048993763,0.1090928035,0.06215664,-0.0843856145,0.045492223400000004,0.1011346147,0.0683039854,0.047428421000000005,0.1050058477,-0.033499793800000004,-0.0185062429,-0.23505623180000002
/89/3.mp3,0.0018382354,0.1354263251,0.0018382355,0.0018382353,0.0847087308,0.0018382354,0.0018382354,0.0018382353,0.0018382353,0.17365408840000002,0.21315936400000002,0.2735256821,0.10114345520000001,0.0018382353,0.0018382353,0.001838236,0.2582846026,0.0017421759,0.0017421603,0.0017421677,0.4018875436,0.0017421696,0.3206640376,0.0017421667,0.0017421627,0.0017421633,0.0017421603,0.0017421658,0.0017421637000000002,0.0017421603,0.0010790915,0.0010798152,0.183208067,0.0010795877000000001,0.0010792852,0.0010791648000000001,0.1738752857,0.6375197029,1,0,0,0,0,0,0,0.0806761646,0.0173819316,0.12427639380000001,0.1088837567,0.1385651667,-0.043853232400000004,-0.0554178487,0.0853175278,0.1019716843,0.1479566619,-0.0032976463,-0.050330595400000004,0.0613436294,-0.0013978570000000002,-0.0956004435,0.030236265600000003,0.0701497767,-0.0657920579,-0.0327802525
/45/7.mp3,0.0021551724,0.0021551729,0.0021551724,0.0021551747,0.0021551724,0.0021551725,0.0021551724,0.0021551724,0.0021551724,0.0021551724,0.1400855802,0.0021551724,0.0021551724,0.8297420032,0.0021551724,0.0021551724,0.7944908435,0.1759524386,0.0024630542,0.0024630633000000002,0.0024630620000000002,0.0024630661,0.0024630661,0.0024630627,0.0024630573,0.002463058,0.0024630542,0.0024630614,0.0024630585,0.0024630542,0.001543957,0.001545179,0.0015456897,0.8433679149000001,0.147360445,0.0015461141000000002,0.0015445673,0.001546133,0,0,0,0,0,1,0,-0.0502665149,-0.10732880630000001,0.1041044934,-0.14129139740000002,-0.1483861745,-0.0002827522,0.048388493500000004,-0.0682216638,-0.1337675634,-0.1044978563,-0.0771351356,0.0047045839,-0.1304725385,0.0930380642,-0.0032164355000000003,0.0170646413,-0.0662653819,-0.0465222351,-0.0453766743
/45/6.mp3,0.0008561645,0.0008561647,0.0008561645,0.0008561645,0.0008561645,0.018731852400000002,0.0008561644,0.1056705607,0.0008561644,0.0008561645,0.4217845919,0.44353901970000004,0.0008561656000000001,0.0008561646000000001,0.0008561644,0.0008561647,0.43826040250000003,0.4856545539,0.0009523810000000001,0.0009523842,0.06560883120000001,0.0009523853,0.0009523853,0.0009523841000000001,0.0009523821,0.0009523823,0.0009523810000000001,0.0009523836,0.0009523826000000001,0.0009523810000000001,0.2494847379,0.0005877653000000001,0.0005878328,0.2142848421,0.1678590086,0.3545355334,0.0005878803,0.0120723997,0,0,0,0,1,0,0,0.07561810990000001,-0.0849480728,-0.0997266399,0.1477615147,0.09724000540000001,-0.0979540892,-0.0983682323,-0.044055662100000004,-0.05074196,0.0128486239,-0.1662861571,-0.1092386208,0.0173583479,0.085916852,-0.1089642078,0.082003166,0.0786714636,-0.0227653526,-0.4433037742
/45/4.mp3,0.0011363636,0.0011363636,0.0011363636,0.37457054100000003,0.2953158859,0.0011363636,0.0011363637,0.0011363637,0.3153408444,0.0011363636,0.0011363636,0.0011363636,0.001136365,0.0011363636,0.0011363636,0.0011363636,0.001231536,0.39058316190000003,0.0012315271,0.0012315315,0.4781593188,0.0012315323000000001,0.0012315321,0.05168495,0.0012315284,0.0012315289,0.0012315271,0.0672572673,0.0012315316,0.0012315271,0.035489892,0.21010993050000001,0.5623010253,0.0007632878,0.0007637153,0.0007633565,0.1890451649,0.0007636277,0,1,0,0,0,0,0,-0.09770190740000001,-0.16906562760000002,-0.21792756770000002,-0.1135196492,-0.17309823530000001,-0.09224820710000001,-0.0659279219,-0.0509820007,-0.15608920810000002,-0.0570051689,-0.1886059058,-0.2829420022,-0.2213618437,-0.1220657624,-0.0272130467,-0.1429915209,-0.2642596557,-0.2174974539,-0.2505688569
/45/5.mp3,0.0013297873000000001,0.0013297877,0.0013297874,0.0013297883,0.0013297874,0.0451442912,0.0013297873000000001,0.1828607758,0.0013297873000000001,0.0013297875,0.3064684237,0.3162130302,0.1346858166,0.0013297874,0.0013297873000000001,0.0013297876,0.6910187013,0.0014577341,0.0014577259,0.1828624889,0.0014577295,0.0014577311000000001,0.0014577312000000002,0.0014577298000000001,0.0014577273000000001,0.0264772742,0.0014577259,0.0850642454,0.0014577293000000002,0.0014577259,0.0009136178000000001,0.0906675113,0.1700101835,0.1390525465,0.15404456600000002,0.058110290700000004,0.0663118823,0.32088940190000004,1,0,0,0,0,0,0,-0.0908116846,-0.0675546191,0.055249719,-0.0190717426,-0.0636940349,0.0858879798,0.1004498055,-0.1453116768,-0.16979832960000002,-0.1473779495,-0.0333191757,-0.1145371513,-0.1585271574,-0.0338827813,-0.0205354246,-0.0737677416,-0.1814998601,-0.12374414430000001,-0.0817560803
/45/1.mp3,0.6310322938,0.0012019238,0.0894639494,0.0012019245,0.0012019280000000001,0.0012019232,0.0012019231,0.0012019256,0.0012019231,0.0012019234,0.08737237,0.1295645311,0.0012019233,0.0493456904,0.0012019234,0.0012019236000000001,0.1585037156,0.7681957559,0.0012987013,0.0012987057,0.059014784,0.0012987073,0.0012987074,0.0012987057,0.0012987029,0.0012987031,0.0012987013,0.001298705,0.0012987036,0.0012987013,0.0745688176,0.08927348210000001,0.0007977798,0.3579813545,0.3059437004,0.0007975649,0.0007978188,0.1698394819,0,0,0,0,0,0,1,0.1127844741,-0.206864145,-0.20220198350000002,0.0362186374,0.048191014500000004,-0.2746312034,-0.0843108313,-0.2742342403,-0.047804272200000004,0.0707918297,-0.23749573000000002,-0.0433611271,0.0274660372,0.0495009478,-0.2450233252,0.075828904,0.051417041000000004,-0.1306339022,-0.2637056183
/45/2.mp3,0.0013586957,0.0013586959000000001,0.0013586957,0.0013586957,0.0013586957,0.0013586957,0.0013586957,0.737028468,0.0013586957,0.0013586957,0.2439497925,0.0013586957,0.0013586957,0.0013586957,0.0013586957,0.0013586957,0.5010946862,0.1398669258,0.0011904762,0.0011904808000000001,0.0011904789000000001,0.0011904811,0.0011904807,0.2475004627,0.0011904774,0.0011904809000000001,0.0011904762,0.0011904789000000001,0.09963313800000001,0.0011904762,0.4660993674,0.0007368306,0.09937320270000001,0.0007366930000000001,0.1974363087,0.0007361065,0.0007365797,0.23414491140000002,0,0,0,0,0,0,1,-0.1731963429,-0.1950598775,-0.222003939,-0.2349634307,-0.2269042149,-0.1202244272,-0.25954397630000003,-0.2577820228,-0.3430003397,-0.3679753878,-0.2783243047,-0.3928333015,-0.3783625832,-0.3668969191,0.0996952346,-0.2718246816,-0.3262933797,-0.1977846975,-0.1636432751
/45/3.mp3,0.0018939396,0.0018939398000000001,0.0018939398000000001,0.0018939394,0.0580171347,0.0018939394,0.2224044615,0.0018939394,0.22858987660000002,0.0326085367,0.0018939394,0.1364119395,0.052190598500000004,0.0018939394,0.25273199620000003,0.0018939402,0.17608644340000001,0.5601475382000001,0.0020408163,0.0020408233,0.0020408228,0.0020408259,0.002040826,0.0020408234,0.2413169867,0.0020408193000000002,0.0020408163,0.0020408222,0.0020408199,0.0020408163,0.0012771945000000001,0.3092022238,0.3236026906,0.0012780221,0.0012780979,0.0012770353,0.1154223357,0.24666239999999998,0,0,0,0,0,1,0,0.0895207835,0.1341647201,-0.1700963281,-0.1743497523,-0.0663834791,0.0966397715,0.0757315174,-0.0931146462,-0.09215210160000001,-0.0487160316,-0.0059779722,-0.0693281243,-0.12435559090000001,-0.0011925105,-0.0274460387,0.0181845537,0.0178027415,-0.114781715,0.0577991793
/111/7.mp3,0.0004882815,0.0187053911,0.0004882827000000001,0.0652243299,0.0554212959,0.0004882813,0.0004882813,0.0004882818,0.0004882813,0.4583537553,0.0004882813,0.31238786080000003,0.0004882817,0.0004882813,0.0850245515,0.0004882814,0.7449155155,0.0005065886,0.0005065856,0.0539873644,0.0005065869,0.0118015016,0.0703778055,0.0005065870000000001,0.0166488836,0.025400089400000003,0.0005065856,0.0127415348,0.061087786000000005,0.0005065856,0.0003097604,0.00030996940000000003,0.0003098207,0.0003099867,0.35043051950000004,0.2995773648,0.1903293158,0.1584232626,0,0,0,0,0,0,1,-0.43242192700000004,-0.031154884,0.09940283720000001,-0.161808099,-0.3000286165,-0.2682313592,-0.30885674100000005,-0.048027646300000004,-0.1328491344,-0.0469368941,-0.10968524160000001,-0.4286183201,-0.1181662898,-0.33121753190000003,-0.24659047220000002,-0.3959956422,-0.30377706520000003,-0.29097106570000003,-0.1400601906
/111/6.mp3,0.0010245902,0.6160056995000001,0.0010245902,0.0816506088,0.0010245902,0.0010245902,0.0010245902,0.0961658442,0.0010245902,0.0010245902,0.0010245907,0.0010245902,0.0010245904,0.1938827643,0.0010245902,0.0010245903,0.5761445168,0.28158723350000003,0.0011520737,0.0011520778,0.0011520771,0.032689126,0.0011520789,0.0011520774,0.0193179433,0.0798924929,0.0011520737,0.0011520788,0.0011520764,0.0011520737,0.0007116923,0.11787833360000001,0.0007115764,0.344368015,0.3141171479,0.00071133,0.027058635600000002,0.19444326920000002,0,0,0,1,0,0,0,0.19803314500000002,-0.1771558218,-0.0700382121,0.2394681562,0.131178765,-0.15301204100000002,-0.15673929050000002,0.0316675889,0.2291325808,0.262961489,0.0695173201,0.10736506850000001,0.2185126373,0.1157885142,-0.051461478500000005,0.027113509600000002,-0.1231816889,-0.052280180700000005,-0.0242594219
/111/4.mp3,0.0025000011,0.0025,0.0025000014,0.0025000001,0.0025,0.0025,0.0025000006000000003,0.0025,0.21640952700000002,0.040917594,0.0025,0.0025,0.0025,0.0025,0.5928837076,0.1197891682,0.0027472764,0.0027472708000000003,0.0027472527,0.0027472605000000002,0.1269664673,0.2666740105,0.0027472654,0.0027472624,0.1390058209,0.0027472562,0.0027472527,0.2416802549,0.20094809630000002,0.0027472527,0.0017130942000000001,0.0017141398,0.9879926966,0.0017172510000000002,0.0017151189000000002,0.0017188386,0.0017136145,0.0017152465,0,1,0,0,0,0,0,-0.5194963034,0.34790057900000004,-0.1172909932,-0.4499263059,-0.505285105,0.4031344509,0.40936887380000003,-0.1431737565,-0.31416090960000004,-0.2965713156,0.0912969113,-0.1128326302,-0.2660647135,-0.0433778253,0.0619693219,-0.0590093183,-0.1395130666,-0.1014878892,0.2093492312
/111/5.mp3,0.0010080648,0.0010080645,0.0010080646000000001,0.0010080645,0.0298498053,0.0010080645,0.6962661319,0.0010080645,0.08250044270000001,0.0010080646000000001,0.0010080645,0.0010080646000000001,0.0010080645,0.0010080645,0.17928684390000002,0.0010080659000000001,0.8235426951,0.0011337993,0.0011337868,0.0263557482,0.0760534327,0.001133792,0.001133792,0.0242720064,0.0189209412,0.0011337888,0.0011337868,0.0011337916,0.0217848522,0.0011337868,0.000695176,0.09183735870000001,0.000695672,0.360646793,0.0006957308,0.4068360031,0.0006961881000000001,0.1378970782,0,1,0,0,0,0,0,-0.3273322454,0.1368650484,0.0460218587,-0.2878232945,-0.251667116,0.08493719400000001,0.1032479956,-0.1441767881,-0.44531422060000003,-0.4592345463,-0.0935568735,-0.38663899490000003,-0.5361523967,-0.2615743458,0.0426679488,-0.10194682220000001,-0.1204186145,-0.3256067989,0.068115744
/111/1.mp3,0.0012254908000000001,0.0012254907,0.0012254903,0.0012254905,0.0012254903,0.0012254903,0.0012254906,0.23585874910000001,0.0012254903,0.1711103284,0.2576301857,0.32069485130000003,0.0012254908000000001,0.0012254902,0.0012254902,0.0012254905,0.0013227607,0.19136044530000001,0.0013227513000000002,0.001322756,0.0013227553,0.7927665009,0.0013227574,0.0013227557000000001,0.001322753,0.0013227533,0.0013227513000000002,0.0013227550000000001,0.0013227535,0.0013227513000000002,0.0008124957,0.6207191127,0.000813247,0.0008132022,0.0008129325,0.0278205415,0.0008134163000000001,0.3473950522,0,0,0,0,0,0,1,0.0963553729,0.068046037,0.19945722130000001,0.3586727456,0.2163574143,0.033268036,0.0457236052,0.14032116390000002,0.25529361640000003,0.2717036526,0.06973673970000001,0.1088539793,0.17797577850000001,0.1378031271,0.1140904367,0.12030424320000001,0.0443193944,0.0852900552,0.0030124394
/111/2.mp3,0.0011363640000000002,0.0011363638,0.0011363640000000002,0.0011363640000000002,0.0011363638,0.0011363637,0.0011363639000000001,0.0157979072,0.0011363637,0.9052377734,0.0011363641,0.0641915884,0.0011363639000000001,0.0011363639000000001,0.0011363646,0.0011363638,0.5687234408,0.3092277171,0.0011709602,0.0011709642,0.1091682528,0.0011709656000000001,0.0011709656000000001,0.0011709641,0.0011709616,0.0011709619,0.0011709602,0.0011709635,0.0011709622,0.0011709602,0.07853969620000001,0.0253050207,0.0007199128,0.0007196764000000001,0.3337977037,0.5594782831,0.0007198849,0.0007198221,0,1,0,0,0,0,0,0.0556442025,0.1576109939,0.194322597,-0.0084373868,0.134769247,0.2247932393,0.20251660570000002,0.0681797405,0.133858148,0.1551118718,0.1476697294,0.10130788700000001,0.0499581144,0.1463650325,0.2116107627,0.0909770523,0.1074252744,0.1755947993,0.06588795110000001
/111/3.mp3,0.0011792461000000001,0.0011792456,0.0471967992,0.0011792457,0.0011792454000000001,0.0011792453,0.0011792453,0.0011792453,0.0011792453,0.3327098327,0.0011792453,0.0011792468,0.0011792467000000001,0.0011792453,0.06441119000000001,0.54153123,0.6581139810000001,0.0012987128,0.0012987013,0.0012987067,0.3263015582,0.001298708,0.0012987079,0.0012987059000000001,0.0012987031,0.0012987035,0.0012987013,0.0012987053000000001,0.0012987037,0.0012987013,0.000796551,0.0007967196000000001,0.2324974165,0.0855622211,0.0007974699000000001,0.6779552313,0.000796832,0.0007975585,0,0,0,0,0,0,1,0.0917351713,0.2142008316,0.0754824181,0.1651775344,0.0838929868,0.0452784887,0.0753144008,0.0712542102,0.0374740713,0.0934466048,0.1695978802,0.1150051222,0.0309390376,0.0636568705,0.0243486249,0.15797563080000002,0.1483126729,0.0365004172,0.12498964950000001
/73/7.mp3,0.0011574075,0.0011574075,0.0011574075,0.0011574098000000001,0.0011574075,0.0011574074,0.7974012176,0.0011574075,0.0011574076,0.0011574075,0.0011574074,0.0011574075,0.0469323638,0.0011574074,0.0011574074,0.14062011900000002,0.0012987122000000001,0.9558689785000001,0.0012987013,0.028546564000000003,0.0012987055,0.0012987074,0.0012987076,0.0012987059000000001,0.001298703,0.0012987031,0.0012987013,0.0012987051,0.0012987037,0.0012987013,0.0008015728,0.0008016825,0.0008024698,0.000802514,0.0008023892,0.0277799878,0.0008019982,0.9674073856000001,0,0,1,0,0,0,0,-0.2076318168,0.0589903816,0.0077760525,-0.053246174300000004,-0.20650952290000002,0.05744627200000001,0.023065098200000002,-0.0423113078,0.0087427128,0.0015224356000000001,0.052733791200000005,0.07896440390000001,0.0072356178,0.0194744947,0.0683758852,-0.0266510968,-0.1189789272,0.1435735544,0.0169091863
/73/6.mp3,0.0009920637,0.0009920637,0.0009920667,0.0009920642,0.0009920635,0.0009920635,0.0009920635,0.0009920665,0.0009920635,0.921237488,0.000992064,0.0009920641,0.000992064,0.0447444319,0.0009920655,0.021121243600000002,0.0011160797,0.8778855541,0.0011160714,0.0011160752,0.0011160748,0.0011160765,0.0011160765,0.1087215554,0.0011160728000000001,0.001116073,0.0011160714,0.0011160745,0.0011160733,0.0011160714,0.0006871014,0.0006873062,0.2582759495,0.0006879865,0.0006880625,0.0780888424,0.0006874823,0.6601972692,0,0,0,0,0,0,1,-0.0158133329,0.11558856020000001,0.1924589411,-0.0021493283,0.0025690899,0.10014624770000001,0.036203085100000004,-0.0016323662,0.0311309115,0.0471249467,0.053743706,0.09194705510000001,0.0292774526,0.023031968400000002,0.104342373,-0.0012149993000000001,-0.0557333743,0.15139543260000002,0.0169091863
/73/4.mp3,0.9207556483,0.0008445949,0.0008445967,0.0008445950000000001,0.031359819000000004,0.0008445946,0.0008445946,0.0008445971,0.0008445946,0.0008445950000000001,0.0212903725,0.0008445964,0.0008445951,0.0164590165,0.0008445949,0.0008445948,0.0009276495000000001,0.6498615093,0.0009276438000000001,0.0009276470000000001,0.0009276464,0.0009276478,0.3390067406,0.0009276466000000001,0.0009276448,0.0009276451000000001,0.0009276438000000001,0.0009276462,0.0009276453,0.0009276438000000001,0.0005711845,0.1986452797,0.1855208133,0.0005717502000000001,0.2765969245,0.045245344800000004,0.0005714711,0.2922772319,0,0,0,0,0,0,1,-0.0557381547,0.09968314860000001,0.0721287154,-0.062349888900000004,-0.0063978323000000005,-0.0077854127,0.0273536984,-0.1266236818,0.0370968422,0.0283941417,0.0330666613,0.1525664203,0.0072356178,0.07465583840000001,0.0386419485,0.01087248,-0.1122122965,0.1435735544,-0.038777193
/73/5.mp3,0.001953125,0.001953125,0.001953125,0.5359693682000001,0.001953125,0.001953125,0.001953125,0.436686881,0.001953125,0.001953125,0.0019531251,0.001953125,0.0019531255,0.0019531251,0.001953125,0.001953125,0.0022321543,0.376695412,0.0022321429,0.0022321511,0.0022321486,0.0022321524,0.48238727270000004,0.002232149,0.0022321453,0.1163636916,0.0022321429,0.0022321484,0.0022321462,0.0022321429,0.0868807442,0.0013914674,0.2370939143,0.0013908613,0.4940067387,0.0013919421,0.1764529881,0.0013913439,0,0,0,0,1,0,0,-0.1141453412,0.1813841517,-0.1093693114,-0.19227028770000001,-0.07847381140000001,0.045307159300000004,-0.0035794285,-0.0423113078,-0.0926042344,-0.11824362470000001,0.036171905000000004,0.0104802952,-0.07592064280000001,6.12875e-05,0.06322327600000001,-0.0266510968,-0.11158788830000001,0.0567305351,0.0512294055
/73/1.mp3,0.0006868132,0.0006868133,0.0006868132,0.0006868132,0.0006868132,0.0006868133,0.0006868132,0.5629906951,0.0006868132,0.0006868132,0.42739392,0.0006868132,0.0006868132,0.0006868132,0.0006868132,0.0006868132,0.4365166153,0.0007764040000000001,0.0007763975,0.1970831972,0.031390196,0.1329388273,0.0944170503,0.032104932,0.051230836700000004,0.0007764002000000001,0.0007763975,0.0007764005000000001,0.0196599478,0.0007763975,0.4964839408,0.0004726666,0.1097114398,0.0826550749,0.0373594255,0.00047262970000000004,0.0004725029,0.2723723199,0,0,0,0,1,0,0,-0.0377683314,-0.0249412862,0.0172449127,-0.050107141200000004,-0.20716332480000002,-0.0723229239,0.0199883639,-0.0641134094,-0.0760951887,-0.045201631900000004,-0.0615289155,0.0812908435,-0.1381511655,0.0328733928,0.1321241017,-0.005444258,-0.0520909166,-0.0388669757,-0.0858331183
/73/2.mp3,0.0028409091,0.0028409091,0.0028409091,0.0028409091,0.0028409091,0.0028409091,0.0028409091,0.0028409091,0.0028409091,0.9573863636000001,0.0028409091,0.0028409091,0.0028409091,0.0028409091,0.0028409091,0.0028409091,0.0031056110000000003,0.9596272294,0.0031055901,0.0031056009,0.0031055991,0.003105604,0.0031056039,0.0031055998,0.0031055937,0.0031055945000000003,0.0031055901,0.0031055984,0.0031055951,0.0031055901,0.0019540317,0.0019544538,0.7797818477,0.0019565037,0.2084849753,0.0019562773,0.0019549436,0.0019569669,0,0,1,0,0,0,0,-0.1751305082,0.0745281211,0.0956778492,-0.0809132786,-0.021367043500000002,-0.0260806864,-0.0759903345,-0.0114736892,-0.0136390438,-0.1219900765,0.0799564412,-0.0431358889,-0.0216864951,-0.0254444858,0.030734350400000002,0.032167356700000004,-0.06349574150000001,0.0646235462,0.0288040442
/73/3.mp3,0.0018939397,0.00189394,0.0018939403,0.0018939396,0.0018939396,0.0018939395,0.5286075152,0.0784642133,0.0018939396,0.00189394,0.0727861889,0.198794473,0.0018939411000000001,0.0018939397,0.1005142706,0.0018939399000000002,0.2755667444,0.5831665543,0.001552795,0.0015528007,0.0015527987,0.0015528014,0.0015528010000000001,0.0015527989,0.0015527966000000002,0.1241859195,0.001552795,0.0015527986,0.0015528008,0.001552795,0.1359917273,0.0739142426,0.12351415190000001,0.09874144060000001,0.40432499180000003,0.0009706166000000001,0.1615720625,0.0009707668,1,0,0,0,0,0,0,0.1537135977,0.0127400268,0.0669711862,0.20450385510000002,0.0442142917,0.0209510174,0.020975561900000002,0.0591672171,0.0364599072,0.017286045,0.011201875200000001,0.0834572623,0.1347917115,0.0340924275,0.0630017548,-0.0172378359,-0.1214301262,0.1751420689,0.0169091863
/87/7.mp3,0.0020161292000000003,0.0020161302,0.0020161292000000003,0.0020161291000000002,0.17388835800000002,0.0353018249,0.0020161291000000002,0.522089406,0.0020161291000000002,0.0020161293000000003,0.0918045355,0.1547384506,0.0020161319,0.0020161291000000002,0.0020161291000000002,0.0020161298,0.197326144,0.5460734237,0.0021645022,0.0021645095,0.0021645090000000002,0.2327908606,0.0021645125,0.0021645097,0.002164505,0.0021645053000000003,0.0021645022,0.0021645084,0.002164506,0.0021645022,0.1055781621,0.1884063402,0.0013469396000000001,0.0013465443,0.2293231214,0.10450446520000001,0.2717099268,0.09778450050000001,1,0,0,0,0,0,0,0.2018087288,-0.24243550100000003,-0.2294742536,0.095935139,0.23023012,-0.2011187425,-0.39958045200000003,0.15165257840000002,0.2523408858,0.0486518304,-0.1025428013,0.1702024388,0.3295844596,0.21390661,-0.007788859800000001,-0.022073901400000002,-0.046793830700000004,0.184430651,-0.051843773600000004
/87/6.mp3,0.0011574076,0.0011574077,0.0011574081,0.045517712200000005,0.0011574075,0.0199394019,0.0011574076,0.0011574074,0.0181378608,0.6726334679,0.0011574074,0.0011574101,0.0011574085000000001,0.0011574074,0.1288879055,0.1033095722,0.2250274086,0.37246966070000004,0.0012987013,0.0012987057,0.0012987053000000001,0.0012987073,0.0012987074,0.16392738910000001,0.0012987029,0.2255885005,0.0012987013,0.001298705,0.0012987035,0.0012987013,0.0007917125,0.2837706792,0.0007926684,0.3025721463,0.0610405917,0.0867350717,0.0007920753,0.2635050548,0,1,0,0,0,0,0,0.0533623895,-0.2472953709,-0.0937974735,0.0857706506,0.0160414553,-0.2172854368,-0.1307180061,0.0644274313,-0.0965488714,-0.1591622956,0.0823337296,0.012887883000000001,-0.3037611926,-0.1845444923,-0.0775776569,-0.2163306921,-0.2231602236,-0.20340142490000002,0.021332013400000002
/87/4.mp3,0.0836649003,0.0010080646000000001,0.3485405037,0.0010080645,0.0010080646000000001,0.0010080645,0.0010080645,0.0010080645,0.0010080645,0.001008068,0.0010080645,0.0869827685,0.0010080649,0.0010080645,0.0010080654,0.4687150484,0.5097970736,0.4765974546,0.0011337868,0.0011337907,0.0011337903,0.001133792,0.0011337921,0.0011337906,0.0011337882,0.0011337885000000001,0.0011337868,0.00113379,0.0011337888,0.0011337868,0.0006909955,0.0006915367,0.21672511760000002,0.0006918757,0.0821082729,0.6977089914,0.0006912676000000001,0.0006919427,0,0,0,0,0,0,1,-0.27841239500000003,-0.3086593642,-0.2052951378,-0.3134510768,-0.18885568490000001,-0.2324221631,-0.32271932680000004,0.0247696594,0.10123658940000001,0.0057731837,0.037111285800000005,-0.0734531321,-0.1099610209,0.0407830462,-0.157739329,-0.0529379506,-0.1691929477,-0.1330725557,-0.18505677210000002
/87/5.mp3,0.07101579470000001,0.0009328362,0.0009328362,0.0009328366,0.000932836,0.0009328359,0.0864785663,0.0009328390000000001,0.3679990915,0.0009328366,0.0009328364000000001,0.0939671009,0.1994943354,0.0009328362,0.1717167459,0.0009328363,0.41530704690000003,0.12876758700000002,0.0009276438000000001,0.071354574,0.0195282383,0.062377943000000005,0.16848486610000002,0.0009276468,0.0155942626,0.0009276452,0.0009276438000000001,0.0968876568,0.017059602,0.0009276438000000001,0.0005710157,0.0005712613,0.1038502583,0.0005718199,0.1484232658,0.3076517965,0.0005713061,0.43778927640000004,0,1,0,0,0,0,0,-0.3552099435,-0.030659170500000003,0.0011130692,-0.016224064,-0.211296067,-0.15318878200000002,-0.0814687363,-0.11387825750000001,-0.087117674,0.0012957803,0.010537910900000001,-0.1095623933,-0.19175281100000002,-0.1910110659,-0.18400631820000002,-0.26247828630000003,-0.43188579190000004,-0.2011638403,-0.0167602787
/87/1.mp3,0.0007352950000000001,0.0007352942,0.1436708036,0.0007352946,0.0007352942,0.0007352941,0.0007352941,0.1540870171,0.0007352941,0.0007352943,0.0007352941,0.027913197100000002,0.0007352942,0.6655054497,0.0007352951,0.0007352944000000001,0.5050399315,0.0008210239,0.0008210181,0.1211759872,0.036538142100000004,0.110970654,0.2032168861,0.0008210208,0.0008210191,0.0008210192,0.0008210181,0.0164902424,0.0008210195,0.0008210181,0.0005062594,0.0005063663000000001,0.0005069295,0.2024997955,0.0005069465,0.2848568928,0.0005065066,0.5101103034,0,0,0,0,0,1,0,-0.3916724941,0.0416566281,-0.2727780751,-0.3787338703,-0.34109407950000004,-0.0093059979,0.0520371709,-0.225680125,-0.2785702272,-0.3596365849,-0.2926953074,-0.07193572300000001,-0.1631674125,-0.1311172219,-0.17079412900000002,-0.0355874485,-0.0013997203,-0.1821245008,-0.1337805174
/87/2.mp3,0.22137097690000002,0.0011792457,0.38726435610000004,0.0011792460000000001,0.0011792454000000001,0.0011792453,0.0011792454000000001,0.0342893336,0.0011792453,0.1347010656,0.0011792456,0.0622219745,0.14835983730000002,0.0011792455,0.0011792457,0.0011792459,0.2247500523,0.7604715903,0.0012315271,0.0012315312,0.0012315309,0.0012315328,0.0012315328,0.0012315312,0.0012315286,0.0012315288,0.0012315271,0.0012315305,0.0012315292,0.0012315271,0.0007629086000000001,0.106776303,0.0007636404,0.15105977110000002,0.16167374510000002,0.1738302608,0.0848850547,0.3202483164,0,1,0,0,0,0,0,-0.2594680492,-0.10248356800000001,-0.0936083337,-0.1916745458,0.07680715760000001,-0.1847862593,-0.2301238482,-0.2072503515,-0.2355721285,-0.2273196995,-0.1918390498,-0.2893856206,-0.3813999233,-0.2697369086,-0.1850091882,-0.325483085,-0.25659730070000003,-0.23532116720000001,-0.18237184210000001
/87/3.mp3,0.0062500004000000005,0.00625,0.1257246121,0.00625,0.3015982198,0.00625,0.2066521117,0.00625,0.0062500012,0.0062500002,0.00625,0.0062500003,0.00625,0.00625,0.2910250541,0.0062500002,0.2821185933,0.3287486189,0.0064935065,0.0064935311,0.3177040477,0.00649354,0.0064935403000000004,0.006493531,0.006493515500000001,0.0064935169,0.0064935065,0.0064935269,0.0064935190000000005,0.0064935065,0.0041714835,0.1618635931,0.25856307700000003,0.0041741091,0.0041699115,0.1435989192,0.4192841771,0.0041747294,0,0,0,0,0,0,1,-0.1968801487,0.162491138,-0.24645654960000002,-0.4548512597,-0.1143374529,0.0502683217,-0.010396031,-0.15593373200000002,-0.4273356293,-0.4518533561,-0.0495426647,-0.3345779703,-0.41041373130000003,-0.3030541972,-0.16999586690000001,-0.2177192212,-0.10878661340000001,-0.323983795,0.2130139241
/80/7.mp3,0.1831765205,0.0016891894000000001,0.2666087699,0.0016891892,0.0016891893000000001,0.0016891892,0.0016891894000000001,0.1621324513,0.0016891894000000001,0.0016891894000000001,0.0016891893000000001,0.0016891894000000001,0.0016891909,0.0016891893000000001,0.2500062876,0.1194948866,0.001587319,0.9477310886,0.0015873016000000002,0.001587307,0.0332212386,0.0015873088,0.0015873089,0.0015873068,0.0015873035000000001,0.0015873039,0.0015873016000000002,0.0015873060000000001,0.0015873043,0.0015873016000000002,0.30933562540000004,0.0009787206,0.0009786076,0.1343569281,0.3470141545,0.0009784652,0.0009784929,0.2053790057,1,0,0,0,0,0,0,-0.029506430900000002,-0.0498968892,-0.3215775692,-0.11266034150000001,-0.0533758258,-0.33393747830000003,-0.4004615385,0.0938601426,-0.16667285610000002,-0.18509489710000002,-0.0570132678,-0.1324088452,-0.2007167035,-0.2945121489,-0.1905497266,-0.0353641914,0.050574915000000005,-0.1808463045,0.075881083
/80/6.mp3,0.0007621952,0.0007621955000000001,0.0007621952,0.1350164933,0.0007621952,0.0007621954,0.0007621951,0.8110649556,0.0007621951,0.0007621952,0.0440100131,0.0007621952,0.0007621952,0.0007621953,0.0007621952,0.0007621953,0.4176111248,0.3213834145,0.0008605852,0.0008605881000000001,0.0008605878000000001,0.25153900490000003,0.0008605892,0.0008605881000000001,0.0008605863,0.0008605864,0.0008605852,0.0008605876,0.0008605867,0.0008605852,0.1605880269,0.0005262607,0.0005262106,0.4795502345,0.1311537491,0.0005262116,0.2008783438,0.0262509628,0,0,0,0,0,1,0,-0.0086620173,0.058018952000000006,0.21541125360000002,0.142489056,0.13788281500000002,-0.06633447320000001,-0.0794953694,-0.0460369816,0.1895262439,0.1622773875,-0.11809887790000001,-0.0078532937,0.1167073971,0.0606650506,-0.1415605349,-0.0287082684,-0.1603900218,-0.0414322891,-0.4317495236
/80/4.mp3,0.0011574075,0.6131515968,0.0011574075,0.0011574074,0.068428311,0.0011574074,0.0011574074,0.0011574074,0.0011574074,0.1728192524,0.0011574074,0.1317119493,0.0011574085000000001,0.0011574074,0.0011574074,0.0011574077,0.2585469649,0.7258685855,0.0012987013,0.0012987057,0.0012987053000000001,0.0012987073,0.0012987073,0.0012987057,0.0012987029,0.0012987031,0.0012987013,0.0012987049,0.0012987035,0.0012987013,0.0008120124,0.0008122044,0.0008130702,0.3166136047,0.0008130894,0.0008132825,0.0008123475,0.6785103889,0,0,1,0,0,0,0,0.14379023500000002,-0.353732476,-0.0012346459,0.086842375,0.0859980575,-0.11105620940000001,-0.2492776086,-0.11801365100000001,-0.0753543872,-0.0892576421,-0.1177765793,-0.007822254800000001,0.0983789619,-0.0116301385,-0.19478474010000002,0.0273176782,-0.022397461,0.0141908602,-0.2652381587
/80/5.mp3,0.0003172589,0.0060410217,0.0003172589,0.0003172589,0.0003172589,0.23526391670000002,0.0003172589,0.0003172589,0.0003172589,0.0003172589,0.7444382113,0.0104497436,0.0003172589,0.0003172589,0.0003172589,0.0003172589,0.00035536680000000003,0.9953802328,0.000355366,0.00035536840000000003,0.0003553667,0.0003553674,0.0003553672,0.0003553667,0.0003553663,0.00035536650000000003,0.000355366,0.0003553667,0.0003553664,0.000355366,0.8275771462,0.1083737188,0.00021755250000000001,0.0002175179,0.0002175364,0.0002175062,0.0629615226,0.0002174993,0,0,0,1,0,0,0,-0.4374916586,0.010427294,-0.2519875647,-0.46400294700000005,-0.5068243757,-0.0202393822,-0.018736543300000002,-0.0999604914,-0.5390214058,-0.5506692935,-0.2836858132,-0.45363163040000004,-0.4666539503,-0.3321599516,0.0381235073,-0.2149483939,-0.2520240767,-0.2767767061,0.1533085824
/80/1.mp3,0.3284652636,0.0008928573,0.1162668189,0.0008928571000000001,0.0008928572,0.0008928572,0.0008928575,0.0008928571000000001,0.0466071989,0.0008928577000000001,0.0008928571000000001,0.0008928573,0.1435538144,0.0008928571000000001,0.24697597140000002,0.1092023601,0.6284559345,0.0009523858,0.0009523810000000001,0.000952383,0.0393267603,0.1749925939,0.0009523845000000001,0.0009523837,0.0009523819000000001,0.0009523819000000001,0.0009523810000000001,0.1477008852,0.0009523825,0.0009523810000000001,0.0005790872,0.0710096763,0.0005797834,0.34566146010000004,0.12407341220000001,0.3672606531,0.0005793337,0.09025659400000001,0,1,0,0,0,0,0,-0.2290553005,-0.186847174,-0.0171139202,-0.1688317811,-0.29750892700000003,-0.3101162333,-0.0815909991,-0.3742512405,-0.2164214113,-0.0833139738,0.0575858151,-0.07874018540000001,-0.1443453582,-0.0502953286,-0.08861981270000001,-0.066184381,0.018789656000000002,-0.1609428044,-0.17753298650000002
/80/2.mp3,0.0034722222,0.0034722222,0.0034722222,0.0034722223,0.0034722222,0.0034722277000000003,0.0034722222,0.8660863469000001,0.0034722222,0.0034722222,0.0034722228000000003,0.0034722222,0.0034722222,0.08530253580000001,0.0034722222,0.0034722222,0.6222484784,0.3301323651,0.003968254,0.0039682684,0.0039682666,0.0039682731,0.0039682732000000005,0.0039682677,0.0039682591000000005,0.00396826,0.003968254,0.0039682656000000005,0.003968261,0.003968254,0.2535243079,0.0025030993,0.10013204540000001,0.0025041232,0.3597966355,0.2765298315,0.0025052345,0.0025047227000000003,0,0,0,0,0,0,1,-0.20189677820000002,0.0347373772,-0.2675604696,-0.22497728760000002,-0.0801454808,-0.0258862913,-0.2024691949,0.0378895186,-0.0456867502,0.0061063565,0.0685886665,-0.2155704219,-0.16703391210000001,-0.0976296847,0.07174615250000001,-0.3541267355,-0.24033811840000002,-0.1657705628,0.032320767300000004
/80/3.mp3,0.0006944445000000001,0.0006944445000000001,0.0006944468,0.0006944446,0.0006944445000000001,0.0006944445000000001,0.0006944445000000001,0.06544416310000001,0.0006944445000000001,0.6115448363,0.0006944446,0.0006944451000000001,0.0006944446,0.0006944445000000001,0.0006944445000000001,0.3139832191,0.7655494415,0.2255219672,0.0007440476000000001,0.0007440503,0.0007440495,0.0007440508000000001,0.0007440507,0.0007440497,0.0007440484,0.0007440498,0.0007440476000000001,0.0007440495,0.0007440498,0.0007440476000000001,0.0004549767,0.29091137570000003,0.0063636654,0.00045534570000000003,0.0260973232,0.4821763308,0.0356529107,0.1578880719,0,0,0,1,0,0,0,-0.1012085523,0.0908773793,0.09973889920000001,-0.1354308534,-0.2066965673,-0.1192545752,0.028952952900000002,-0.10940136510000001,-0.2794956212,-0.41713549200000005,-0.1527441061,-0.3141918057,-0.44717467390000004,-0.2116671349,-0.0420710453,-0.2297205594,-0.2513239873,-0.17859813060000002,-0.0940266206
/74/7.mp3,0.0011160715000000001,0.0011160715000000001,0.0011160719,0.0011160716,0.06996833570000001,0.0011160714,0.0011160714,0.0011160714,0.0011160715000000001,0.3815949943,0.0011160714,0.0011160737,0.0011160722000000001,0.0369514515,0.3538626371,0.1453457918,0.1862892494,0.0012531412,0.0012531328,0.0553594643,0.0012531366,0.5827003636,0.0012531383,0.0012531369,0.0012531343,0.0846500884,0.0012531328,0.0797226136,0.0012531349,0.0012531328,0.0120167946,0.30931144990000004,0.0007777828,0.0007777530000000001,0.10429149230000001,0.126121209,0.0920872878,0.3546162306,0,1,0,0,0,0,0,-0.0314118174,-0.0908519953,0.0221342115,0.036042069100000004,0.1681900301,-0.1688176429,-0.2671939617,0.1547589034,0.039408562800000005,0.013085283000000001,-0.009762223300000001,0.0897275803,0.0651150729,0.0026854472,-0.1878930707,0.0395837229,0.007369331000000001,-0.13905360790000001,-0.2294895193
/74/6.mp3,0.5982387298,0.0012500006,0.0012500011,0.00125,0.0012500001,0.0012500001,0.0012500003000000001,0.00125,0.0012500001,0.0906754714,0.018595828300000002,0.212614254,0.0012500012,0.00125,0.0661257126,0.0012500004,0.3035529882,0.6805739612,0.0013227513000000002,0.0013227558,0.0013227554,0.0013227574,0.0013227575,0.0013227558,0.001322753,0.0013227532000000001,0.0013227513000000002,0.0013227550000000001,0.0013227536,0.0013227513000000002,0.0008067837000000001,0.0008070883000000001,0.1438203401,0.1591900419,0.0008080011000000001,0.2827902543,0.000807238,0.4109702525,0,0,1,0,0,0,0,0.1995999998,-0.0774202097,-0.024291717100000002,0.0514552817,-0.0279209154,-0.003816653,-0.0820857361,0.092366101,0.0269281882,0.0199635722,-0.0126831174,0.1011419493,0.0098904192,0.0375815342,0.0200243111,-0.0408240714,0.0286353916,-0.0466448891,-0.0008809676000000001
/74/4.mp3,0.6568677524000001,0.0013297875,0.0013297882,0.0445692466,0.0013297873000000001,0.0013297873000000001,0.0013297873000000001,0.0013297872,0.0013297873000000001,0.0699348633,0.0013297872,0.0013297874,0.0013297880000000002,0.1140574384,0.09994303700000001,0.0013297876,0.4036821553,0.5780807225,0.0015197568,0.0015197621,0.0015197612,0.0015197636000000001,0.0015197636000000001,0.0015197616,0.0015197586,0.0015197598000000001,0.0015197568,0.0015197609,0.0015197602,0.0015197568,0.0009406410000000001,0.19171098250000002,0.0009413577,0.0009417084,0.1950609066,0.3096450162,0.0009414729,0.29981791480000003,0,0,0,0,0,1,0,-0.034420677000000004,0.1174991783,-0.0225135785,-0.3080213401,-0.0390215705,0.0609359383,0.0558501681,0.0309993528,-0.3081849857,-0.1339802967,0.0466476349,-0.11497426720000001,-0.4490985135,-0.2230199282,-0.0283978797,-0.0649788668,-0.0964392215,-0.2354468785,0.1611525701
/74/5.mp3,0.0004111844,0.0004111845,0.0370359716,0.00041118430000000003,0.0488807135,0.100556326,0.0004111842,0.0004111845,0.0004111842,0.00041118430000000003,0.0004111852,0.0215124834,0.0004111849,0.0004111844,0.7874914761,0.0004111844,0.0004128852,0.5918768327,0.0004128819,0.0004128833,0.3548569885,0.027803013300000002,0.0004128839,0.0004128833,0.0004128824,0.021334336000000002,0.0004128819,0.0004128831,0.00041288260000000004,0.0004128819,0.1501845882,0.14562173350000002,0.2558411211,0.0598772381,0.0737945282,0.1300376405,0.0342572438,0.1503859066,0,0,0,0,1,0,0,0.1986499494,-0.3170655714,-0.0012396128,0.1659203183,0.1261467598,-0.0730712188,0.0746817667,0.0860885115,0.3007981635,0.2170339845,-0.2731526173,0.1928179964,0.1192345543,0.1380922819,-0.1037507594,0.15654211070000001,0.0049673201,0.035286459900000004,-0.3933802416
/74/1.mp3,0.33581083240000004,0.0017361114000000002,0.0017361113000000001,0.0017361161,0.0017361113000000001,0.0017361111,0.0017361142,0.0017361111,0.3456021884,0.0017361114000000002,0.0017361111,0.0017361114000000002,0.0713941884,0.1903759482,0.0017361143,0.0377196079,0.6419941781,0.33419624470000003,0.001984127,0.0019841341000000003,0.0019841325,0.0019841358,0.0019841356,0.0019841330000000003,0.0019841293,0.0019841317,0.001984127,0.0019841322,0.001984132,0.001984127,0.001238504,0.0899811002,0.0012401647,0.3342335028,0.0012398696,0.19692373500000002,0.0012388902,0.3739042334,0,0,0,0,0,1,0,-0.20717633840000002,0.0903138139,-0.0233538606,-0.2316142787,-0.1376020788,0.2577723373,-0.0545443077,-0.1473868545,-0.1955298939,-0.1570113954,0.0290671495,-0.2632810204,-0.2653687124,-0.2468970577,0.029421499700000003,-0.1458994797,-0.1230932817,-0.25391082330000003,0.0846772834
/74/2.mp3,0.0015625001000000001,0.1960629067,0.0015625001000000001,0.0203225281,0.0015625002000000002,0.0015625037,0.0015624999999999999,0.15412027550000001,0.0015624999999999999,0.0015625034000000002,0.0015625003,0.6107442792000001,0.0015625021000000002,0.0015625002000000002,0.0015624999999999999,0.0015625004,0.2308821725,0.27300702720000003,0.0017857143,0.0017857205000000001,0.2135916121,0.2646620113,0.0017857228,0.0017857204000000001,0.0017857166000000001,0.0017857169,0.0017857143,0.0017857194,0.0017857174000000002,0.0017857143,0.0011269162,0.0011282187,0.5754656859,0.3502277406,0.0011279631,0.0686683334,0.0011271248,0.0011280173000000001,0,1,0,0,0,0,0,-0.0073179989,-0.1547031549,-0.2216736802,-0.0766062736,-0.0653780682,-0.1438278457,-0.2093370676,0.0384577242,0.0594024147,0.1427157335,-0.1735034177,-0.0759073257,-0.0115235958,-0.0323668048,-0.1546898763,-0.0011937674,-0.038527954,-0.24132708760000002,-0.2285662307
/74/3.mp3,0.0014880954,0.0014880958,0.0014880954,0.0014880952000000001,0.0014880954,0.0014880953000000001,0.0014880953000000001,0.0014880953000000001,0.0014880954,0.0014880965000000001,0.0677716864,0.6041780368,0.2605695494,0.0014880952000000001,0.0496235816,0.0014880957,0.4190052133,0.2626818506,0.0016233766000000001,0.0016233823000000001,0.0016233817000000002,0.30045575750000003,0.0016233843,0.0016233821,0.0016233787,0.001623379,0.0016233766000000001,0.0016233812,0.0016233794,0.0016233766000000001,0.0010091587,0.1680568963,0.11236697770000001,0.2871265632,0.16340604420000002,0.2660138447,0.0010106118,0.0010099034,0,0,1,0,0,0,0,0.2658789527,0.0054212685000000005,0.19442168170000002,0.10967429440000001,0.21642260060000001,0.1957289094,0.13782417560000002,0.271957012,-0.0009684441000000001,0.1258183245,0.098225301,-0.1978445819,0.0122776076,-0.0313814957,0.0337953791,-0.0134414831,-0.0234607654,-0.1330288009,0.0565089343
/6/7.mp3,0.0008680556,0.0008680558,0.0008680557000000001,0.0008680562,0.0254205586,0.0008680556,0.1288569654,0.0008680589,0.0727455151,0.5591174561,0.0008680562,0.0008680563000000001,0.0008680560000000001,0.0204048023,0.09251946820000001,0.09312272810000001,0.5440541149,0.0009652569,0.0009652510000000001,0.1483977812,0.0009652536,0.05313193,0.0009652549,0.0009652539,0.0009652521,0.1662477446,0.0009652510000000001,0.0794811524,0.0009652527,0.0009652510000000001,0.0005898729000000001,0.000590055,0.1692820437,0.1865165323,0.0005906904,0.2716856234,0.0005901597000000001,0.3701550226,1,0,0,0,0,0,0,-0.0440926883,0.0582182605,0.0550277026,-0.032164932800000004,-0.0742177587,0.041992824500000005,0.208739122,0.010075003400000001,0.0475810725,0.0040980064000000005,0.0787685343,0.1051514026,0.0137851055,0.0706299638,0.1373289839,0.1467697671,0.0164127112,0.055906638700000004,0.1400638288
/6/6.mp3,0.0005341881,0.0190739177,0.0373766435,0.08675244850000001,0.150386933,0.000534188,0.000534188,0.0005341883,0.000534188,0.0005341881,0.0005341881,0.6435903826,0.0005341881,0.0574777937,0.0005341881,0.0005341881,0.4176612156,0.0005624336,0.0005624297,0.5027157076000001,0.0734363355,0.0005624320000000001,0.0005624320000000001,0.0005624313000000001,0.0005624303,0.0005624309,0.0005624297,0.0005624311,0.0005624310000000001,0.0005624297,0.2503958731,0.0003430948,0.1636038578,0.0003430762,0.2283560188,0.20493515140000002,0.0581937955,0.0938291324,0,1,0,0,0,0,0,0.2041184247,-0.1827020831,0.0642940483,0.2523918951,0.2142368291,-0.33837967350000003,0.0231977174,0.043438703700000005,0.0358970734,0.1174574957,-0.2182966634,0.2830247762,0.2667626296,0.2467246555,0.0830725053,0.18348818090000002,0.053315380600000004,0.1976055823,-0.2946698285
/6/4.mp3,0.544861534,0.00044014090000000003,0.2537277129,0.0004401408,0.051011550700000005,0.0004401408,0.00044014090000000003,0.0004401408,0.00044014090000000003,0.1198739392,0.0004401408,0.00044014090000000003,0.00044014090000000003,0.0004401408,0.0256837137,0.00044014090000000003,0.3172366705,0.20676974250000002,0.0004995005,0.0004995022,0.058398687500000004,0.0004995028,0.4125998852,0.0004995022,0.0004995011,0.0004995012,0.0004995005,0.0004995019,0.0004995014,0.0004995005,0.0003042717,0.0003043575,0.0789286304,0.5509192099,0.0003046685,0.0502288332,0.0003044158,0.3187056131,0,0,1,0,0,0,0,0.0950737267,-0.3097416463,-0.0037330189,0.1551650599,0.033083977300000005,-0.25089799160000004,-0.046516078700000005,0.0444267558,0.0269281882,0.0829797489,-0.0101168894,0.3221366329,0.3006034663,0.281632685,0.0693304232,0.1275564031,0.055710240800000005,0.27415172050000003,-0.3100206696
/6/5.mp3,0.0002920562,0.0002920561,0.0002920563,0.038027499900000004,0.0002920561,0.1329772703,0.0002920563,0.0002920565,0.284663443,0.0002920561,0.0002920562,0.0002920561,0.0002920563,0.0002920562,0.4101842713,0.1309348973,0.1278239031,0.5921124301,0.0003146633,0.0003146644,0.00031466430000000003,0.0206161119,0.00031466480000000004,0.0003146644,0.0003146637,0.2563009154,0.0003146633,0.0003146642,0.0003146638,0.0003146633,0.0001918538,0.3134549593,0.2786999874,0.0191004049,0.1146699348,0.2734988564,0.0001919298,0.0001920737,0,0,0,0,1,0,0,-0.10797935730000001,-0.2413676683,-0.1233132311,0.17934768010000002,0.074965259,-0.1966968952,0.14743358310000002,-0.0423113078,0.0269281882,0.0040980064000000005,0.0330041233,0.2251181679,0.0115764865,0.2214897254,0.1740210422,0.0970142536,-0.12530969720000001,0.1435735544,0.0051605101000000006
/6/1.mp3,0.0009469697,0.0587226147,0.0009469698,0.2511795429,0.0554967497,0.0009469698,0.0009469697,0.1092724001,0.0009469697,0.0009469698,0.0009469719,0.46035801,0.0009469705000000001,0.0009469697,0.0009469697,0.0555009821,0.1460740403,0.5326628644,0.0009920635,0.0009920668,0.3103503738,0.0009920681,0.0009920681,0.0009920668,0.0009920647,0.0009920649,0.0009920635,0.0009920663,0.0009920652,0.0009920635,0.1798612215,0.1561897327,0.0006136725000000001,0.0006137864,0.2857057901,0.17160322800000002,0.0366727093,0.16873985960000001,0,0,0,0,0,0,1,0.2946168562,-0.0459865342,0.0186082973,0.2312493371,0.2200945624,0.057591699999999996,-0.0005910351,0.17088039,0.3276406148,0.2480436453,0.1090694058,-0.2354764157,0.1752559141,-0.0733592185,-0.1360430847,0.1084135433,0.1273297475,-0.0692632864,0.0204327059
/6/2.mp3,0.0006067961,0.0006067963,0.0006067961,0.0006067961,0.0006067967000000001,0.0006067961,0.3841478826,0.0006067961,0.36937685810000004,0.0006067962,0.0393313816,0.020154227,0.18031489250000002,0.0006067961,0.0006067961,0.0006067961,0.0006868165,0.9910714094,0.0006868132,0.0006868156,0.0006868149,0.000686816,0.0006868159,0.000686815,0.0006868139000000001,0.0006868142000000001,0.0006868132,0.0006868148000000001,0.0006868141,0.0006868132,0.1814334099,0.0004217464,0.1201031151,0.00042163650000000003,0.5772313506,0.00042144400000000004,0.0551489906,0.0648183071,0,0,0,0,0,0,1,-0.053762699100000005,-0.0134109204,-0.023399572900000002,-0.033091413,-0.11663393570000001,0.0144116815,0.1033476532,-0.1670401448,-0.0465345883,0.1268355608,0.0651022943,0.0176599172,-0.016580471,0.0729745867,0.12149525400000001,0.0046488116,-0.0717295077,0.02626809,-0.2633095827
/6/3.mp3,0.0026041667,0.1074322084,0.0026041669,0.0026041668,0.0026041668,0.21561399890000002,0.0026041667,0.002604167,0.0026041668,0.047672987,0.057336452600000004,0.2807173313,0.0026041667,0.0026041674000000003,0.2651853534,0.0026041667,0.0028571704,0.9628570328,0.0028571429,0.0028571521,0.0028571531,0.0028571571,0.0028571577,0.0028571541000000002,0.0028571468,0.0028571469,0.0028571429,0.0028571518,0.0028571486,0.0028571429,0.0017880728,0.17310468040000002,0.2409482694,0.0017891526,0.1126653299,0.061253216400000005,0.4066623925,0.0017888859000000001,0,0,0,0,0,1,0,-0.1180808468,0.3334671855,0.0872106149,-0.0496863275,-0.0456880363,0.1787743179,0.1978102471,0.13468503910000001,0.0269281882,0.0258265386,0.1299940516,0.0771426504,-0.0730521913,0.042874730900000005,0.136613208,0.0532726694,0.1312949899,0.1408930621,0.2486567349
/28/7.mp3,0.0021551724,0.0021551725,0.0021551724,0.0021551724,0.0021551724,0.3788180398,0.0021551724,0.0021551763,0.0021551724,0.0021551724,0.5910095423,0.0021551724,0.0021551724,0.0021551725,0.0021551724,0.0021551724,0.5497564189,0.2485070147,0.0023041475,0.0023041557000000002,0.0023041547,0.0702588395,0.0693579174,0.0023041553,0.0023041505,0.0023041509,0.0023041475,0.0023041541,0.0413824459,0.0023041475,0.0014540921,0.0014545196,0.27823491040000004,0.4499420509,0.0014559633,0.0014560994000000001,0.0014549485000000001,0.2645474158,1,0,0,0,0,0,0,-0.10797935730000001,-0.5507390071,-0.46625665980000003,-0.0933596096,0.172431105,-0.50957235,-0.5004602140000001,0.08924231120000001,0.0269281882,0.0040980064000000005,-0.3354054336,-0.2362764776,0.1206237108,-0.2336236597,-0.392136602,-0.0266510968,-0.0789602984,-0.20934416660000002,-0.405378275
/28/6.mp3,0.0026041684,0.0026041668,0.5776281209,0.0026041667,0.0026041667,0.0026041667,0.1865087016,0.0026041667,0.0026041672,0.0026041669,0.0026041667,0.0026041668,0.002604168,0.0026041667,0.0026041701000000003,0.20200900300000002,0.0024630681,0.9679802224,0.0024630542,0.0024630629,0.0024630607000000002,0.0024630648,0.0024630645000000002,0.0024630612,0.0024630569000000002,0.0024630577,0.0024630542,0.0024630604,0.0024630578,0.0024630542,0.0015635531000000001,0.09321836580000001,0.4019982033,0.001564863,0.2508868381,0.0015655827,0.0015642658,0.2476383281,0,1,0,0,0,0,0,-0.2680462911,0.0589494682,-0.1538293563,-0.3372217487,-0.4719416812,0.042482383900000004,0.0231977174,-0.3313468639,-0.371526373,-0.2326292211,-0.1821061075,-0.1739930039,-0.3527349074,-0.2509582206,-0.1291642734,-0.0444518042,0.1441143843,-0.3299726335,0.0428008981
/28/4.mp3,0.0633843752,0.0006067963,0.0418964307,0.0006067967000000001,0.2033934208,0.0006067962,0.0006067963,0.1007250818,0.039067286,0.0006067975,0.0373380543,0.0006067969,0.3759867616,0.0006067961,0.0006067962,0.1333542174,0.0905696933,0.8765978375,0.0005854801,0.000585482,0.026392174600000002,0.0005854828000000001,0.0005854828000000001,0.0005854821,0.0005854808,0.0005854809000000001,0.0005854801,0.0005854817,0.0005854811,0.0005854801,0.4572128501,0.0003598449,0.0003598782,0.2505364652,0.12821016570000002,0.0462725473,0.00035977700000000004,0.11668847160000001,0,0,0,0,1,0,0,-0.10797935730000001,-0.44034689320000003,-0.1331530718,0.076633875,-0.0824908795,-0.4099596434,-0.1588622408,-0.0423113078,-0.0101912598,-0.0311166247,-0.1974808929,0.07896440390000001,0.0072356178,0.0334186354,0.06322327600000001,-0.0266510968,-0.1189789272,0.0710349304,-0.27351733710000004
/28/5.mp3,0.0007440477,0.0007440479,0.0007440477,0.0007440478,0.0007440477,0.012825572700000001,0.0007440476000000001,0.0190317548,0.0007440476000000001,0.3579804533,0.0007440478,0.6012336456,0.0007440484,0.0007440478,0.0007440477,0.0007440479,0.1903795905,0.2230645345,0.0007680492,0.0007680518,0.0007680515,0.5781073176,0.0007680527,0.0007680517,0.0007680501000000001,0.0007680503,0.0007680492,0.0007680513000000001,0.0007680505,0.0007680492,0.00047023400000000004,0.1265891505,0.12151325240000001,0.17425257200000002,0.3077506949,0.1435939183,0.00047048550000000004,0.1253596925,1,0,0,0,0,0,0,-0.1889277715,-0.3258386565,-0.4730012357,-0.057447930800000005,0.1218417581,-0.47784442730000004,-0.3806671306,-0.033460825300000004,-0.445650572,-0.2907948233,-0.5398339629000001,-0.20804280760000002,-0.1213143205,-0.08008595510000001,-0.1065490367,-0.0266510968,0.1331101906,-0.320794917,-0.2305207344
/28/1.mp3,0.0009469698,0.0009469699000000001,0.0009469698,0.0009469697,0.0009469698,0.8946949416000001,0.0009469697,0.0009469697,0.0009469697,0.0009469698,0.0009469697,0.0009469699000000001,0.0009469711,0.0009469697,0.0009469697,0.0920474805,0.3546383007,0.09390703360000001,0.0010822511,0.5395498775,0.0010822544,0.0010822562,0.0010822562,0.0010822547,0.0010822524,0.0010822527,0.0010822511,0.0010822551,0.0010822533000000001,0.0010822511,0.0006653792,0.10946293100000001,0.1475462668,0.3296821857,0.14704777060000002,0.046418234600000004,0.0006657873,0.2185114447,0,1,0,0,0,0,0,-0.0423433077,-0.3140545294,-0.17298637420000001,0.0366765376,-0.058012970000000004,-0.406622721,-0.42172407310000004,-0.0444079765,-0.09850596290000001,0.0040980064000000005,-0.0647600158,-0.06324072530000001,0.0072356178,-0.0318046187,-0.3403188253,-0.0340908796,0.1681197961,-0.2630727097,-0.2939966968
/28/2.mp3,0.0008012821,0.1368473081,0.0008012821,0.3631157351,0.0198020699,0.0008012821,0.0008012822,0.0008012821,0.0266674975,0.10308642870000001,0.0196600499,0.0008012836000000001,0.1068585611,0.0008012821,0.2175520914,0.0008012821,0.0006675591,0.8872682740000001,0.0006675567,0.0006675592,0.1047210299,0.0006675594,0.0006675591,0.0006675583000000001,0.0006675574000000001,0.0006675577000000001,0.0006675567,0.0006675582,0.0006675575,0.0006675567,0.6139094212,0.000409052,0.2868094764,0.0004089378,0.07453241000000001,0.0004090201,0.0004092724,0.02311241,0,0,0,0,1,0,0,0.2371166953,-0.43887710700000004,-0.1521014867,0.3249326837,0.1024174563,-0.4061164694,-0.10973086650000001,0.0607913153,0.1987703329,0.1067928749,-0.29137446110000004,0.051596628400000004,0.2475396822,0.035016020200000005,-0.1765427565,-0.0327813625,-0.1263555128,-0.1821823296,-0.4196644561
/28/3.mp3,0.0008116884,0.7605699478,0.020840099900000002,0.0008116883000000001,0.022253642,0.0008116883000000001,0.0008116883000000001,0.0008116883000000001,0.0008116883000000001,0.0787716195,0.0008116894,0.0913143252,0.0008116887,0.0008116883000000001,0.0181334806,0.0008116885,0.22200314240000002,0.0009041651,0.0009041591,0.0009041618000000001,0.336152508,0.000904163,0.4318985776,0.000904162,0.0009041602000000001,0.0009041603,0.0009041591,0.0009041615000000001,0.0009041607,0.0009041591,0.0005610605,0.0401354609,0.4382463773,0.3008378359,0.09321973210000001,0.0005615838,0.0131714789,0.11326647050000001,0,0,1,0,0,0,0,0.1351767798,-0.49514013510000005,-0.0090785452,0.16230000220000002,0.092913598,-0.4446435286,-0.37915481840000004,-0.0301080021,0.0901423782,0.1340050671,-0.2497688408,0.043297489700000004,0.1677994395,-0.0298731868,-0.3718773566,0.0495719902,0.0519836279,-0.1676421464,-0.5633187865
/17/7.mp3,0.0014534884,0.0014534884,0.0014534884,0.0014534884,0.0014534884,0.0717763996,0.0014534884,0.49297317620000003,0.0014534884,0.0014534884,0.054653328300000005,0.0014534884,0.0014534884,0.3631552353,0.0014534884,0.0014534884,0.40441272100000003,0.5316010721000001,0.0015873016000000002,0.001587307,0.0015873065,0.046525854900000004,0.001587309,0.0015873069,0.0015873036,0.0015873039,0.0015873016000000002,0.0015873060000000001,0.0015873043,0.0015873016000000002,0.0010008678,0.3346442273,0.0010015695,0.2549372494,0.0574625278,0.001001708,0.34895017110000004,0.0010016791,0,0,0,0,0,1,0,-0.3173909247,0.07488828360000001,-0.1417427255,-0.3637570264,-0.013307051200000001,0.18501196020000002,-0.0432356649,0.131818705,-0.3196283435,-0.3208897222,0.0034446581,-0.25448765700000003,0.014820708600000001,-0.053357360400000005,-0.1536490311,-0.1869405123,-0.014308113400000001,-0.2233969345,0.3023375857
/17/6.mp3,0.0011363640000000002,0.0011363641,0.0011363637,0.0455049977,0.2525891114,0.0011363637,0.0011363639000000001,0.0011363651000000001,0.0011363637,0.21808049070000002,0.1565085641,0.31481683200000005,0.0011363643,0.0011363639000000001,0.0011363637,0.0011363639000000001,0.0012531437,0.4350996494,0.0012531328,0.001253137,0.001253137,0.549862717,0.0012531390000000001,0.0012531374,0.0012531345,0.0012531346000000001,0.0012531328,0.0012531366,0.0012531352000000001,0.0012531328,0.0007819546000000001,0.3594500624,0.1680658371,0.0702312273,0.000782654,0.13612084530000002,0.0647286786,0.1998387406,0,0,0,0,0,0,1,0.1893870353,-0.2639081413,-0.0018494079,0.31157255640000003,0.0784699734,-0.2613079943,-0.3101210426,0.1583585617,0.18178811690000002,0.18298844890000002,0.0292400023,0.06304095600000001,0.1875600074,-0.0742551332,0.1672611988,0.12327994810000001,0.0838168828,0.0964726181,-0.2306976642
/17/4.mp3,0.0010775871000000001,0.0010775863,0.0010775896,0.0010775862,0.0010775863,0.0010775862,0.0010775862,0.0010775862,0.0010775862,0.7531403194,0.0010775862,0.0349973746,0.001077587,0.0010775862,0.19785367980000002,0.0010775865000000001,0.4149230326,0.1357509045,0.0010660981,0.2889290174,0.0010661012000000001,0.1497360446,0.0010661029,0.0010661015,0.0010660994,0.0010661003,0.0010660981,0.001066101,0.0010661005000000001,0.0010660981,0.0006617475,0.0006622122,0.4497681966,0.37046084890000003,0.17645973110000002,0.0006626489,0.0006619890000000001,0.0006626258000000001,0,0,0,0,0,0,1,-0.10142661,0.007938480500000001,-0.0793988092,-0.015600505300000001,-0.0201138662,-0.0823041932,-0.0453692965,0.0845736124,-0.2032192501,-0.2078822667,0.023999973900000002,-0.052429739100000004,-0.2456282014,-0.0853088348,0.049676175100000004,0.0232100803,0.0693660737,-0.0599796178,0.1118256905
/17/5.mp3,0.4871833666,0.0008680556,0.0008680562,0.0260662348,0.0008680556,0.0008680556,0.0008680558,0.0008680566000000001,0.009614966400000001,0.0008680556,0.0008680557000000001,0.0008680556,0.0008680557000000001,0.08434898980000001,0.07885916200000001,0.3052467225,0.0009041653000000001,0.9882459029,0.0009041591,0.0009041623,0.0009041616,0.0009041631000000001,0.000904163,0.0009041618000000001,0.0009041602000000001,0.0009041604,0.0009041591,0.0009041615000000001,0.0009041605,0.0009041591,0.0005509095,0.0005510291,0.2555799089,0.0005516829,0.1077068952,0.0881017553,0.0005511425,0.5464066766,0,0,0,0,0,1,0,-0.4683451838,0.0045005938,0.1097764922,-0.3497833976,-0.4139073419,0.1923009842,0.1849537654,-0.0776748201,-0.3083946481,-0.2743438519,-0.1195967225,-0.2208545452,-0.3855325009,-0.0960696562,0.0088760286,-0.18693572120000002,-0.2847871695,-0.1176198937,0.1467554137
/17/1.mp3,0.0010593229,0.0010593223,0.0010593225,0.0010593220000000001,0.4976995375,0.0010593221,0.0634984725,0.0010593220000000001,0.0010593222,0.07012946340000001,0.0010593220000000001,0.1925442441,0.0960970776,0.0010593220000000001,0.0694379822,0.0010593225,0.7589529298000001,0.22676132440000002,0.0011904762,0.0011904803,0.0011904799,0.0011904817,0.0011904817,0.0011904802000000001,0.0011904777000000001,0.0011904779,0.0011904762,0.0011904795,0.0011904782,0.0011904762,0.0007278565,0.0344537148,0.0007279814000000001,0.8338622542,0.0007276993,0.0687269793,0.060045617600000004,0.0007278969,0,0,0,0,1,0,0,0.16641970080000001,-0.0672426471,0.0739160799,0.1073893776,0.1098471692,-0.1581062939,0.016902433300000002,-0.030147373800000002,0.1048014984,0.1721959476,-0.1185158499,0.0395116796,0.11752170290000001,0.0496903026,-0.1872258201,0.0823416485,0.0554277987,-0.09234927130000001,-0.21166064140000002
/17/2.mp3,0.0137399841,0.0006793478,0.0362818464,0.0006793478,0.0006793478,0.0006793478,0.0006793479,0.0006793478,0.0006793479,0.8913146376000001,0.0006793478,0.0006793478,0.0006793479,0.0006793478,0.0006793480000000001,0.0505113576,0.0006675601,0.8325391825,0.0006675567,0.0006675591,0.0006675584,0.0006675595,0.0775300558,0.0717718756,0.0006675574000000001,0.0006675577000000001,0.0006675567,0.0006675583000000001,0.011483305400000001,0.0006675567,0.0004100489,0.0004102994,0.7882721886,0.10275085960000001,0.1069256418,0.0004102676,0.0004101474,0.0004105467,0,0,0,1,0,0,0,-0.36906731600000003,-0.0112058988,0.10685412870000001,-0.4005711507,-0.2892805121,0.0085440901,0.0023035162,-0.1830101752,-0.1597243823,-0.1897515358,0.0861810514,-0.309132242,-0.3059021122,-0.2519417586,-0.11378956920000001,-0.1383512892,-0.0174570051,-0.2962028434,0.0623166724
/17/3.mp3,0.0009615385,0.0191696737,0.0009615386,0.0009615385,0.0009615386,0.8245233758,0.0009615385,0.0804819714,0.0009615385,0.0009615387000000001,0.048828711000000004,0.0164193444,0.0009615385,0.0009615385,0.0009615386,0.0009615385,0.001098914,0.9857142424,0.0010989011,0.0010989047,0.0010989048,0.0010989064,0.0010989066,0.0010989052000000001,0.0010989026000000001,0.0010989026000000001,0.0010989011,0.0010989044,0.0010989032,0.0010989011,0.0006761163,0.0006768327000000001,0.21475474590000002,0.2525689733,0.3651410205,0.0860952328,0.000676369,0.07941070950000001,1,0,0,0,0,0,0,0.19925901270000002,-0.4241041166,-0.1595319205,0.1779288554,0.16875688590000001,-0.46484748600000003,-0.4180005849,0.1964762804,0.2803912691,0.2413357999,-0.2568571939,-0.16392847030000002,0.2114530714,0.0485896308,-0.0272556508,0.1117722538,0.12380733940000001,-0.1021369387,-0.2607641681
/1/7.mp3,0.0009615385,0.2577737212,0.0009615385,0.0009615385,0.2421769507,0.0009615385,0.0009615385,0.0009615385,0.0009615385,0.0009615386,0.07361285170000001,0.4148980136,0.0009615392,0.0009615385,0.0009615385,0.0009615387000000001,0.8589382080000001,0.051680846100000004,0.0010660981,0.0010661022,0.0010661014,0.0010661033,0.0776538414,0.0010661017,0.0010660995,0.0010660998,0.0010660981,0.0010661019,0.0010661003,0.0010660981,0.0006552745,0.0006559703000000001,0.0006551617,0.7213270231000001,0.23212657620000002,0.0006554862,0.0432689869,0.0006555211,0,0,0,0,0,0,1,-0.10797935730000001,0.0589494682,-0.1790940564,-0.2641672906,-0.039959775100000004,-0.17576986860000002,-0.059364751,-0.0718350065,-0.3143689116,-0.27722873940000003,0.0331651362,-0.2414658389,-0.2345027499,-0.17790557880000002,-0.08416404720000001,-0.0782594393,0.0569775186,-0.1423606539,0.0169091863
/1/6.mp3,0.0005122953000000001,0.0005122952,0.6457909603,0.0005122951,0.0005122951,0.0005122951,0.0005122952,0.0005122951,0.0168268577,0.0005122952,0.0005122951,0.1169850169,0.0005122957,0.0005122951,0.21424962290000002,0.0005122953000000001,0.3810876084,0.1672158759,0.0005854801,0.0005854821,0.12499166140000001,0.0168384508,0.28544409600000004,0.000585482,0.0197384593,0.0005854809000000001,0.0005854801,0.0005854817,0.0005854811,0.0005854801,0.0003574687,0.12322145820000001,0.0003577841,0.3996688899,0.10619075830000001,0.0003577736,0.045169843700000004,0.3246760235,0,1,0,0,0,0,0,-0.0287315889,0.0302966754,0.0048670466,-0.06545901280000001,-0.0077639149,0.0005351245000000001,0.0389340627,-0.0288708723,-0.037117811300000005,0.0040980064000000005,0.07371569110000001,0.1014621977,0.005940173500000001,-0.0510941159,0.0049808799,-0.030879203600000002,-0.08839656750000001,0.1435735544,0.0169091863
/1/4.mp3,0.0005122951,0.0005122952,0.0005122951,0.0005122951,0.0005122951,0.3807892767,0.0005122951,0.0909088509,0.0005122951,0.0005122951,0.521642036,0.0005122951,0.0005122951,0.0005122952,0.0005122951,0.0005122951,0.0785426974,0.0005807239,0.0005807201,0.0005807218,0.3536520535,0.0005807226,0.5614173143,0.000580722,0.0005807208,0.0005807208,0.0005807201,0.0005807216000000001,0.0005807211,0.0005807201,0.6418364661,0.0003576383,0.0003577081,0.000357782,0.1354391135,0.0935684014,0.0003577033,0.1277251872,0,0,0,1,0,0,0,-0.1940975174,0.0589494682,-0.0087994977,-0.3914585686,-0.0824908795,0.1550149077,0.028071338,-0.0423113078,-0.3902882574,-0.3728124592,0.0331651362,-0.4042283504,-0.30994931610000004,-0.2903550405,-0.1022904962,-0.2472025195,-0.2335492821,-0.2614669797,0.0169091863
/1/5.mp3,0.0013020836,0.0013020834,0.4869790064,0.0013020834,0.0013020834,0.0013020833,0.0013020834,0.0013020833,0.0013020835,0.0894214073,0.0013020833,0.406672497,0.001302084,0.0013020833,0.0013020877,0.0013020836,0.1565334194,0.0014005703,0.0014005602,0.0014005648,0.0014005645000000001,0.6060275867,0.1996125209,0.001400565,0.0014005620000000002,0.023820838900000002,0.0014005602,0.0014005641,0.0014005628,0.0014005602,0.0008629732,0.2140892241,0.0008633847,0.2841973768,0.2674788593,0.0008634432,0.23078119430000002,0.0008635443,0,0,0,0,0,0,1,0.09024697450000001,-0.3435773401,-0.17692998470000001,-0.0430904144,0.0808694606,-0.2379344673,-0.1324481011,-0.11211384340000001,0.0104642273,0.014833688000000001,-0.09489090060000001,0.0723798486,0.0072356178,0.0194744947,0.0485725522,-0.0266510968,-0.1189789272,0.0702929903,-0.2337112678
/1/1.mp3,0.0007102279,0.0007102273,0.0007102278000000001,0.0007102275000000001,0.0007102276,0.0007102273,0.0007102276,0.0007102273,0.41476025390000004,0.0007102274,0.0007102273,0.0007102287,0.4028178012,0.0007102273,0.1731889855,0.0007102284000000001,0.1678015729,0.2040895356,0.0007598784,0.000759881,0.2557074295,0.0007598819,0.0403952949,0.000759881,0.0007598794,0.0007598795,0.0007598784,0.0007598806,0.3251672485,0.0007598784,0.0004671263,0.0763425045,0.0946276858,0.23202481490000001,0.00046717970000000004,0.1489915527,0.4466119508,0.0004671852,0,0,0,0,0,1,0,-0.032893188000000004,-0.20728278360000002,-0.22786924700000002,0.0259911736,-0.0302366742,-0.2342011337,-0.2541359777,0.008864116600000001,0.11094053720000001,0.2020344358,-0.082602431,0.0159358832,0.1851391395,0.0278467199,-0.1041894555,0.048202151900000004,0.0246944115,0.0052299082,-0.1641487119
/1/2.mp3,0.0014204556000000001,0.0014204548,0.6549538850000001,0.0014204545,0.0014204546,0.0014204546,0.1405463162,0.0014204545,0.0014204549000000001,0.0014204548,0.0014204545,0.0548877507,0.1325665881,0.0014204545,0.0014204550000000002,0.0014204576,0.0015873144,0.0015873145,0.0015873016000000002,0.0015873075,0.0015873069,0.979365016,0.0015873096,0.0015873074,0.0015873038,0.0015873041000000001,0.0015873016000000002,0.0015873064,0.0015873046,0.0015873016000000002,0.0010009278,0.21092191940000002,0.0010020925,0.4937352723,0.0010018896,0.0010013461,0.2884669372,0.0028696151000000003,0,0,1,0,0,0,0,-0.159895441,0.2334482518,-0.09504920310000001,-0.1688289668,-0.0979187232,0.2185054307,0.10840140470000001,-0.15304989700000002,-0.298863571,-0.13283973840000002,-0.0167713257,-0.10463805100000001,-0.20307635740000002,-0.049624003300000004,0.046412178000000005,-0.055045517100000003,-0.075072937,-0.0575261979,-0.0097225819
/1/3.mp3,0.0004844962,0.0004844962,0.0088510493,0.0004844973,0.1374611701,0.00048449610000000004,0.0004844962,0.0004844962,0.08163714450000001,0.0004844962,0.1524310458,0.3608745259,0.0004844966,0.00048449610000000004,0.1838242584,0.0705603389,0.0004995033,0.0004995042,0.0004995005,0.0004995023,0.0004995018,0.8636374663,0.0004995026000000001,0.0004995019,0.0004995011,0.13036851200000002,0.0004995005,0.0004995018,0.0004995012,0.0004995005,0.0003059835,0.4320296482,0.0713254374,0.00030622070000000003,0.000306048,0.051694737000000004,0.4437257605,0.0003061648,0,1,0,0,0,0,0,0.0087941884,-0.32693959910000003,0.0528603849,-0.0208953688,0.0444663536,-0.3547531023,-0.34677930560000003,0.0020303135,0.2734007083,0.11733866970000001,-0.1467993898,0.12781485310000001,0.1688445006,0.0543536354,-0.26778808660000003,-0.022351523300000002,-0.18220226820000002,0.0078421316,-0.3657317613
/10/7.mp3,0.0004310345,0.0004310345,0.0004310345,0.0004310345,0.0004310353,0.0004310345,0.0004310345,0.0004310345,0.0004310345,0.0004310345,0.0004310345,0.9935344819,0.0004310345,0.0004310345,0.0004310345,0.0004310345,0.0004793875,0.9937679663000001,0.0004793864,0.00047938820000000004,0.0004793873,0.00047938820000000004,0.000479388,0.0004793873,0.0004793868,0.00047938710000000004,0.0004793864,0.0004793873,0.00047938690000000003,0.0004793864,0.0002915059,0.0002915722,0.9979584431,0.0002916455,0.0002916587,0.00029162430000000003,0.0002916523,0.00029189790000000004,0,0,0,0,0,1,0,-0.4369438423,0.061676104600000003,0.044594691000000006,-0.2052126176,-0.2529746822,0.041315911600000005,-0.0470249973,-0.0291340263,-0.3616376756,-0.3378700515,0.052877392,0.0490822293,-0.0527785817,0.0055201276,0.0664366058,-0.0192731467,-0.1175018536,0.0016485559,0.12827388010000002
/10/6.mp3,0.0014204554,0.0014204546,0.0014204547,0.0014204545,0.14047632540000002,0.0014204545,0.0730602617,0.0014204545,0.0014204547,0.6126099259000001,0.0014204546,0.0014204546,0.0014204546,0.0014204545,0.1568080311,0.0014204546,0.8560282808,0.0015873124000000001,0.0015873016000000002,0.0015873064,0.0015873063,0.0015873084,0.0984114079,0.0015873067000000002,0.0015873034000000001,0.0015873037,0.0015873016000000002,0.0015873058,0.0280999535,0.0015873016000000002,0.0190306504,0.08001727900000001,0.0009936797,0.1685572893,0.0009936714000000001,0.6449140835,0.0844999361,0.0009934105,0,1,0,0,0,0,0,-0.2371096046,0.039323103000000005,-0.32616515890000003,-0.3490987458,-0.1015960089,0.0402953686,-0.1776742191,-0.0507949409,-0.2161299382,-0.3020704259,-0.0958134831,-0.21303953850000001,-0.14634126590000002,-0.1635691198,0.039640619,-0.045401915800000005,-0.12169121960000001,-0.09194681040000001,-0.0869714484
/10/4.mp3,0.00132979,0.0013297883,0.0013297875,0.0013297879000000001,0.0013297877,0.0013297873000000001,0.0013297895,0.1306017323,0.0013297874,0.0013297927,0.32781928990000003,0.5242917285,0.0013297886000000001,0.0013297873000000001,0.0013297873000000001,0.0013297878,0.22122500120000002,0.5507173179,0.0015197568,0.001519762,0.0015197616,0.0015197639,0.001519764,0.11286969690000001,0.0015197587,0.001519759,0.0015197568,0.099990385,0.0015197595,0.0015197568,0.09194041380000001,0.1317259404,0.2496542623,0.0916581343,0.20536376320000002,0.1313893422,0.0973335723,0.0009345715,1,0,0,0,0,0,0,0.039726249400000004,0.0706192356,0.0532743098,0.033331912400000004,0.0317033485,0.0268638907,0.0295716273,0.1157536116,0.0230406454,0.0640358038,0.0547854876,0.0138636704,0.030528196400000002,0.0177529444,-0.0034196680000000003,-0.0164521658,-0.061444317400000004,0.0511440712,-0.0760073141
/10/5.mp3,0.0011363644,0.37754533840000004,0.0011363638,0.0011363642,0.5049739344,0.0011363647,0.0011363642,0.0011363637,0.0011363637,0.0011363651000000001,0.0553199944,0.0485243629,0.0011363647,0.0011363637,0.0011363637,0.0011363641,0.2329013459,0.7534931822000001,0.0011337868,0.0011337907,0.0011337903,0.0011337921,0.0011337921,0.0011337907,0.0011337882,0.0011337885000000001,0.0011337868,0.00113379,0.0011337888,0.0011337868,0.0972085273,0.0926747338,0.2046878986,0.0007075441,0.196730545,0.2011559062,0.0007073473,0.2061274977,0,1,0,0,0,0,0,0.1871253632,0.0186889316,-0.0193251939,0.0945556338,0.0840451796,-0.0172098658,-0.0701801771,0.09957758,0.0983392559,0.1193552938,0.0290318456,0.0718738013,0.0072356178,0.052245033600000004,0.0347349285,0.019215079200000002,0.0519801816,0.0670565457,-0.069114216
/10/1.mp3,0.0027173913,0.0027173916,0.0027173915,0.0027173915,0.1732147259,0.0461962693,0.0027173913,0.6545425833,0.0027173913,0.0027173915,0.0027173923,0.0934377234,0.0027173914,0.0027173916,0.0027173914,0.0027173913,0.0027473096,0.5106706926,0.0027472527,0.0027472620000000003,0.0027472621,0.0027472661,0.0027472665,0.4563621507,0.0027472564,0.0027472567000000002,0.0027472527,0.0027472611,0.0027472580000000003,0.0027472527,0.1538308177,0.0017643479,0.35934100690000004,0.0017634232000000001,0.0017638455000000002,0.1037234323,0.3760491057,0.0017640208,1,0,0,0,0,0,0,0.0598881878,-0.056961558600000003,-0.0020156361,-0.027072459400000002,-0.0181237322,-0.1419077493,-0.2121270053,-0.0028354352,0.0113134414,0.0208978217,0.0017573850000000002,0.0297660899,0.0209934412,0.0400395926,0.0490801159,-0.0153422162,-0.0945972823,0.0249171577,-0.09055905780000001
/10/2.mp3,0.0009469699000000001,0.0009469698,0.0009469697,0.0009469697,0.0009469698,0.0009469697,0.9857954519000001,0.0009469697,0.0009469698,0.0009469709000000001,0.0009469697,0.0009469698,0.0009469703,0.0009469697,0.0009469697,0.0009469699000000001,0.07343589190000001,0.9135770662,0.0010822511,0.0010822547,0.0010822545000000001,0.0010822561,0.0010822562,0.0010822549,0.0010822525,0.0010822526000000001,0.0010822511,0.0010822542,0.001082253,0.0010822511,0.0006616291,0.0006617089,0.0006623405,0.0006624146,0.000662355,0.1737869555,0.0006619274,0.8222406691,0,0,1,0,0,0,0,-0.22660226860000002,-0.0676056288,0.0531809845,-0.1046676883,-0.26001432210000003,0.043711951900000004,0.023620679800000002,-0.0423113078,-0.1832435281,-0.2078789312,0.0331651362,0.0354664971,-0.24605472020000002,0.0194744947,0.0675707222,-0.033043772400000004,-0.1159913454,0.037178642500000005,0.0169091863
/10/3.mp3,0.3393892235,0.0016447377,0.0016447374,0.055013041000000006,0.1758426579,0.001644737,0.0016447369,0.05645546,0.0016447369,0.0016447374,0.0987043139,0.1217144614,0.0016447383,0.0016447372000000001,0.0016447374,0.1380782062,0.2364312221,0.6030043967000001,0.0017857143,0.0017857204000000001,0.0017857197,0.0017857225,0.0017857225,0.0017857202,0.0017857165,0.0017857168,0.0017857143,0.1409214818,0.0017857179000000001,0.0017857143,0.173561384,0.1471273935,0.0010987666000000001,0.34448979690000003,0.0817538185,0.1097885241,0.1410817759,0.0010985407,0,0,0,0,0,0,1,0.2169226441,0.0560157419,-0.0754836606,-0.048458650400000004,0.1268829136,0.0424807306,0.022442802300000002,-0.028319670800000002,0.0247026796,0.0003312416,0.007038869400000001,0.0025203315,-0.0172204701,-0.0201084913,-0.0027600682,-0.0268653685,-0.1194699406,0.0213707399,-0.0654292525
/19/7.mp3,0.0014534886,0.0014534894,0.0014534887,0.0014534941,0.1614750535,0.0014534885000000001,0.0014534885000000001,0.0014534884,0.0014534885000000001,0.18851924320000002,0.0214032533,0.1404803891,0.0014534911000000001,0.47213367710000004,0.0014534885000000001,0.0014534893,0.9458538761,0.0016233899000000001,0.0016233766000000001,0.0016233825,0.0346655524,0.0016233843,0.0016233843,0.0016233821,0.0016233787,0.0016233791000000001,0.0016233766000000001,0.0016233813,0.0016233795,0.0016233766000000001,0.08792475970000001,0.0010177720000000001,0.001017989,0.17846360660000002,0.0010180879,0.7285211375,0.0010185440000000001,0.0010181032,0,0,0,0,0,1,0,-0.16735825140000002,0.008148518700000001,-0.049973096700000004,-0.3066060771,-0.0201799566,-0.2567112189,-0.1825529951,-0.013053361000000001,-0.3347756418,-0.2869312819,0.0340023727,-0.2702728364,-0.1384214469,-0.2351109632,-0.0769477549,-0.0952910652,-0.0346114256,-0.25111029900000004,0.0406922406
/19/6.mp3,0.0009057972,0.0009057971,0.0009057972,0.0009057971,0.0586549533,0.0009057971,0.4037416319,0.0009057971,0.0009057972,0.4507942198,0.0009057971,0.0009057981,0.0009057971,0.0009057971,0.0759396283,0.0009057971,0.7962806872,0.19213627390000002,0.0009652510000000001,0.0009652544,0.0009652538000000001,0.0009652553,0.0009652553,0.000965254,0.0009652521,0.0009652524,0.0009652510000000001,0.0009652555,0.0009652533,0.0009652510000000001,0.025684758800000002,0.0005935552,0.00059344,0.1379290815,0.1554246651,0.636015285,0.000593442,0.043165772500000005,0,1,0,0,0,0,0,-0.0960392063,0.0610954108,-0.0776492319,-0.0511642635,-0.0778579501,-0.2070222223,-0.086447349,-0.054227477,-0.1214117069,-0.1989912651,-0.0202128394,0.0436098324,0.0055801078,0.008964951300000001,0.0170240139,0.0916205115,0.0877540918,-0.0139850254,-0.0374838926
/19/4.mp3,0.0016025641000000001,0.0016025641000000001,0.0016025641000000001,0.0016025641000000001,0.0016025641000000001,0.0016025641000000001,0.0016025641000000001,0.739852927,0.0016025641000000001,0.0016025641000000001,0.0016025642,0.0016025641000000001,0.0016025641000000001,0.2377111754,0.0016025641000000001,0.0016025641000000001,0.0018315168,0.9761904119,0.0018315018,0.0018315079,0.0018315077,0.0018315104,0.0018315106000000002,0.0018315083,0.0018315042000000001,0.0018315044,0.0018315018,0.0018315071,0.0018315051,0.0018315018,0.0011373382,0.4731914439,0.1220576877,0.001138135,0.071586521,0.0011382534,0.3286122125,0.0011384084,0,0,0,1,0,0,0,-0.5238157981,0.28044227520000004,-0.3330622889,-0.4478791693,-0.3986279509,0.13388510110000001,0.0509074461,-0.0623733021,-0.5287114369,-0.4254053977,-0.20965219810000002,-0.508356516,-0.5739736273,-0.2285712501,0.0736768637,-0.029778398600000002,-0.07871020520000001,-0.3646226473,0.2425109939
/19/5.mp3,0.0016447369,0.0016447369,0.001644737,0.3742484272,0.0779597001,0.0016447369,0.0016447368,0.08735491470000001,0.0016447369,0.2302605457,0.001644737,0.0678747256,0.0016447369,0.1458543176,0.001644737,0.0016447369,0.5173329368,0.0018797117,0.0018796992000000002,0.0018797048000000001,0.0018797048000000001,0.36156677130000003,0.0018797074000000001,0.0018797053,0.0018797015,0.0018797016,0.0018796992000000002,0.0018797042000000001,0.1004235529,0.0018796992000000002,0.0011587574,0.0998158692,0.0011594803,0.3332368001,0.1369581367,0.2401766619,0.0011605696,0.1863337247,1,0,0,0,0,0,0,0.1005294847,-0.33662195440000003,-0.16020914420000001,-0.0256448285,0.015067984000000001,-0.2304473116,-0.19416569700000003,0.0547103769,-0.2298815987,-0.31080881460000004,-0.3055365814,-0.14328663120000001,-0.1309630269,-0.0302169662,-0.0283175484,-0.0353603777,0.0097789153,-0.21252643810000002,-0.2154848852
/19/1.mp3,0.0006009616,0.0006009616,0.0006009616,0.0006009616,0.1303300157,0.0006009616,0.0006009616,0.0006009615000000001,0.0006009616,0.7139926163,0.0006009615000000001,0.14786486710000002,0.0006009619,0.0006009615000000001,0.0006009616,0.0006009617,0.1094268764,0.5716088617,0.0006377551,0.0006377572,0.0006377571,0.000637758,0.311948942,0.0006377572,0.0006377559,0.0006377560000000001,0.0006377551,0.0006377569,0.0006377562,0.0006377551,0.0003910195,0.1977659487,0.00039134630000000004,0.2589240125,0.1676157106,0.1398556464,0.07977241090000001,0.1552839051,0,1,0,0,0,0,0,0.2414981933,-0.4801045514,-0.2021158489,0.1710238323,0.21864894940000001,-0.3505235699,-0.23877706210000002,-0.1036042867,0.10835864640000001,0.1601746649,-0.16422766020000001,0.0256875267,0.0965131619,-0.037893422,-0.0730095754,0.16775677,0.1888461696,-0.0412137797,-0.27928422940000003
/19/2.mp3,0.0181181031,0.0018382354,0.0018382355,0.0018382353,0.0018382354,0.0018382353,0.0018382372,0.0018382353,0.6826652451,0.0018382354,0.0018382353,0.0018382354,0.0018382361,0.0018382353,0.0472132963,0.22994452880000002,0.0018797131000000001,0.9755638481000001,0.0018796992000000002,0.0018797057,0.0018797047,0.0018797077,0.0018797077,0.0018797052,0.0018797015,0.0018797019,0.0018796992000000002,0.0018797043000000002,0.0018797023000000001,0.0018796992000000002,0.0011585027,0.2852801757,0.001159715,0.0011593203,0.2438941367,0.0011586075,0.088854579,0.37733496310000003,0,0,0,0,0,1,0,-0.3139879057,0.0790770163,-0.2605235462,-0.41050723840000003,-0.2264661286,0.0186729872,0.0386734475,-0.25096749090000003,-0.3243863862,-0.3770562374,-0.1435532941,-0.28675189900000003,-0.3973359114,-0.2023768726,-0.0781023218,0.0154933933,0.0981152104,-0.3125294249,0.0524474698
/19/3.mp3,0.001024591,0.0010245902,0.0439291689,0.0010245903,0.0010245913000000001,0.0010245902,0.0010245902,0.0251690893,0.0010245902,0.3517106618,0.0010245904,0.2787217013,0.0010245907,0.0010245903,0.2891988834,0.0010245905,0.1551807,0.2352205514,0.0010989011,0.0010989049,0.0010989045000000001,0.3307123609,0.0010989063,0.0010989049,0.0010989025,0.26789735400000003,0.0010989011,0.0010989042,0.001098903,0.0010989011,0.0006761502,0.1437761019,0.5974049463000001,0.2554356277,0.000676913,0.0006768280000000001,0.0006764743,0.0006769586000000001,0,0,1,0,0,0,0,0.1906140688,-0.46313585,-0.1914720853,0.10526619620000001,0.0070566558000000005,-0.2205567676,0.0177217938,-0.041762277800000004,-8.931830000000001e-05,-0.0206935881,-0.2859113723,0.1339753763,0.2552701747,0.059618165800000004,-0.1005460963,0.0776431732,-0.0491552714,0.1365211983,-0.1630427043
/26/7.mp3,0.0016447368,0.0016447378000000001,0.0016447368,0.2235935624,0.0016447369,0.001644737,0.0016447368,0.7533801134,0.0016447369,0.0016447368,0.0016447434,0.0016447369,0.0016447373000000002,0.0016447369,0.0016447368,0.0016447368,0.1003862594,0.337308796,0.0018796992000000002,0.0433201031,0.0018797047,0.0018797077,0.0018797077,0.0018797050000000002,0.0018797014,0.001879702,0.0018796992000000002,0.5001878095,0.0018797057,0.0018796992000000002,0.684137926,0.0011700682,0.0011705465000000001,0.0011700014,0.0011705914,0.0011701507,0.0011702838,0.3088404322,0,0,0,1,0,0,0,-0.1145898092,0.0921115029,-0.2865101796,-0.198723596,-0.0714971083,0.12121385150000001,0.0258429547,-0.1073195477,-0.3091833633,-0.3768403658,-0.17279636410000002,0.07896440390000001,-0.1130005318,0.0194744947,0.0666880851,0.0609265687,-0.024587178100000003,0.0636898036,0.0892639924
/26/6.mp3,0.3393573379,0.0034722222,0.0034722305,0.0034722222,0.0034722225000000002,0.0034722222,0.0034722222,0.0034722222,0.0034722222,0.47544580150000004,0.0034722222,0.1400579619,0.0034722222,0.0034722222,0.0034722232,0.0034722225000000002,0.3189559339,0.0037594242,0.0037593985000000003,0.0037594102,0.0037594094,0.0037594145,0.4847762627,0.0037594102,0.0037594028,0.0037594034000000003,0.0037593985000000003,0.0037594171,0.1549143161,0.0037593985000000003,0.002501807,0.23206644710000002,0.2962152388,0.002504531,0.002504933,0.09720990700000001,0.0025032813,0.3644938549,0,0,0,0,0,0,1,-0.027621137100000002,-0.31637145650000004,-0.3519252158,-0.2694543403,-0.036816760000000004,-0.1723110914,-0.1765320334,-0.11702227670000001,-0.1556269048,-0.2426112233,-0.1460444682,0.1691985165,0.2102143896,0.0875662098,0.06322327600000001,0.1382220508,0.114682922,0.1435735544,-0.19517998320000002
/26/4.mp3,0.0031250003000000003,0.0031250005,0.17057269690000001,0.0031249999999999997,0.15219362390000002,0.0031250001,0.0031250001,0.0031249999999999997,0.0031250001,0.3874489391,0.0031249999999999997,0.2522847332,0.0031250042000000003,0.0031249999999999997,0.0031250002000000002,0.0031250012,0.0035714555,0.9535713073000001,0.0035714286,0.0035714408000000002,0.0035714396000000002,0.0035714451,0.0035714452,0.0035714406,0.003571433,0.0035714337,0.0035714286,0.0035714386000000003,0.0035714347000000003,0.0035714286,0.0023170051,0.4398476799,0.2392705158,0.0023182348,0.1412790119,0.002320405,0.1703280717,0.0023190758,0,0,0,0,0,0,1,-0.1001625827,-0.1777456491,-0.0218950208,-0.3004332294,-0.18370647580000002,-0.0068375511,-0.1740689578,-0.11268921650000001,-0.3473582398,-0.2069279486,-0.2353155687,0.031149192000000003,0.0091462883,-0.0169479122,-0.009430072500000001,-0.0266218247,0.1751579335,-0.0118547023,-0.11502262020000001
/26/5.mp3,0.0003156568,0.00031565660000000003,0.38452519500000004,0.0003156567,0.00031565660000000003,0.00031565660000000003,0.00031565660000000003,0.0003156572,0.00031565660000000003,0.0372774405,0.0003156567,0.2473446659,0.0003156567,0.00031565660000000003,0.1460936044,0.1812868706,0.21703937180000002,0.045527651,0.0003518649,0.00035186610000000003,0.000351866,0.6663131914,0.0003518665,0.00035186610000000003,0.00035186530000000003,0.0676011298,0.0003518649,0.0003518659,0.0003518655,0.0003518649,0.0002134587,0.1831215421,0.4122515453,0.000213684,0.0894545624,0.25793308060000003,0.0002135434,0.0565985834,0,1,0,0,0,0,0,0.024250266700000002,-0.4201306607,-0.2465696211,0.1174300862,0.0736679368,-0.2905405203,-0.362984158,-0.1495403412,0.1464874921,0.1059814823,-0.4021858064,0.285533784,0.2022688299,0.18228661440000002,0.11768240120000001,0.2084728489,-0.0774937389,0.1940147771,-0.4363194234
/26/1.mp3,0.0008928572,0.2005315642,0.0008928572,0.0996444836,0.6176570593,0.0008928572,0.0008928571000000001,0.056688848900000005,0.0008928572,0.0008928572,0.0008928583000000001,0.0008928572,0.0008928572,0.015656614,0.0008928572,0.0008928572,0.49164651070000004,0.49644870090000004,0.0009920635,0.0009920670000000001,0.000992066,0.0009920677000000001,0.0009920675,0.0009920662,0.0009920645000000001,0.0009920665,0.0009920635,0.0009920659,0.0009920666,0.0009920635,0.0006164548000000001,0.0021888674000000003,0.22700512920000002,0.0006168474,0.427488321,0.08427429460000001,0.0457704067,0.21203967880000002,0,0,0,1,0,0,0,-0.027120217000000002,-0.1771215437,-0.020217278,0.0977481858,-0.1639964419,-0.15639870050000002,-0.1464851792,-0.0376369994,0.027822835100000002,0.0587519634,-0.0062146188,0.232131526,0.2919168091,0.2897912937,0.06322327600000001,0.1836221292,0.1381831744,0.1435735544,-0.165921794
/26/2.mp3,0.0022321435,0.0022321436,0.0022321430000000002,0.0022321429,0.0022321430000000002,0.0022321430000000002,0.0022321434,0.0022321429,0.0022321429,0.7122849334,0.034879882800000005,0.2238173242,0.0022321429,0.0022321429,0.0022321429,0.0022321429,0.5892806700000001,0.0025510391,0.0025510204,0.0025510289,0.11496840300000001,0.0025510321,0.2676896366,0.0025510289,0.0025510235,0.0025510240000000003,0.0025510204,0.0025510275,0.002551025,0.0025510204,0.0015831815,0.0015847313000000001,0.2939488598,0.4268487266,0.0015852795000000002,0.0015854339000000001,0.0015838143000000001,0.2712799731,0,0,1,0,0,0,0,-0.3365303499,0.2172059141,-0.1231134737,-0.3262773657,-0.2956172614,0.2436949055,0.1833607704,-0.2857843479,-0.2002381103,-0.2031402423,0.0173488678,-0.1909599429,-0.0981669602,-0.10965790800000001,0.0043683811,-0.022465259600000002,-0.056661019900000005,-0.0186138626,-0.0038388268000000003
/26/3.mp3,0.0003955696,0.0003955696,0.0003955696,0.0003955696,0.0003955696,0.0003955696,0.0003955702,0.0003955696,0.7291708045,0.0003955696,0.0003955696,0.0003955696,0.0003955696,0.0003955696,0.2652912203,0.0003955696,0.0004302949,0.6533212273,0.0004302926,0.045910733100000004,0.00043029360000000004,0.0004302943,0.0004302942,0.16073563230000001,0.00043029300000000005,0.0672130926,0.0004302926,0.0689466734,0.00043029360000000004,0.0004302926,0.00026339180000000003,0.3563432884,0.35160543450000004,0.0002634738,0.0022243147,0.0002633974,0.000263654,0.2887730454,0,0,0,0,0,1,0,-0.3935259291,-0.07546232,0.1859614533,-0.1867046471,-0.2042398691,-0.0799975477,-0.07314101070000001,-0.0150856006,-0.3232971388,-0.284841593,-0.1494220755,0.07896440390000001,-0.0327340869,0.0194744947,0.10126712410000001,0.0775318381,-0.0739639287,0.1435735544,-0.1647635251
/8/7.mp3,0.0014204552,0.2828134853,0.0014204548,0.0792013142,0.0014204548,0.0014204567,0.0014204550000000002,0.0740962782,0.0014204547,0.0663121837,0.20119320740000002,0.080990014,0.1531803178,0.0508495584,0.0014204547,0.0014204553,0.9213838789000001,0.0016234033000000001,0.0016233766000000001,0.0016233826,0.0016233817000000002,0.0016233844,0.0016233844,0.0016233822,0.0273193673,0.0016233791000000001,0.0016233766000000001,0.0334395467,0.0016233795,0.0016233766000000001,0.0009930978000000001,0.0734628348,0.0009939772000000001,0.4526947946,0.0009939062,0.22801154210000002,0.0191379928,0.22371185440000002,0,1,0,0,0,0,0,-0.047537743800000004,-0.3380168623,0.042615839700000005,0.0049587239,0.0684817694,-0.3356127963,-0.39376951660000004,0.0300831623,0.0269281882,0.0262951082,-0.0381669758,-0.0103217625,0.10077252980000001,-0.0400163625,-0.0551781862,-0.0266510968,0.0004851853,-0.056349120700000005,-0.3704223324
/8/6.mp3,0.0232106368,0.0010593223,0.2933174537,0.0010593220000000001,0.0010593221,0.0010593221,0.05637686200000001,0.0010593220000000001,0.0010593258000000001,0.0010593223,0.0010593220000000001,0.33710538840000004,0.0010593239000000001,0.0010593220000000001,0.2588555528,0.020540879800000002,0.5088632011,0.22961854210000002,0.0011520737,0.0011520778,0.001152077,0.0011520789,0.0011520788,0.0011520772000000001,0.2488454162,0.0011520764,0.0011520737,0.0011520768,0.0011520765,0.0011520737,0.0007072051000000001,0.12444123010000001,0.0007075587,0.37812575930000003,0.1011024263,0.0768936103,0.1271127599,0.1909094503,0,0,1,0,0,0,0,-0.1052499172,0.0045335732,-0.041288530000000004,-0.068887338,-0.0323444347,-0.0752998061,-0.1982517653,-0.25233143350000004,0.0286773996,0.0067729603,-0.1774435834,0.0035844512000000003,0.0044174156,-0.0017854509000000001,-0.0066154897,-0.0034069314000000003,0.0031762159,-0.1317876306,-0.2497791858
/8/4.mp3,0.0007911392,0.0007911394,0.0007911393,0.0007911392,0.1661572826,0.0007911393,0.0007911392,0.0007911392,0.0007911392,0.0007911393,0.5054167565000001,0.3181411505,0.0007911392,0.0007911392,0.0007911393,0.0007911392,0.0008305671000000001,0.9892026385,0.0008305648000000001,0.0008305679,0.0008305664000000001,0.0008305679,0.0008305676,0.0008305665,0.0008305655000000001,0.000830566,0.0008305648000000001,0.0008305665,0.0008305657,0.0008305648000000001,0.7039966768,0.2929646655,0.000506391,0.000506427,0.0005062158,0.0005065635,0.0005068263,0.0005062342,0,0,0,1,0,0,0,-0.684282921,0.18260230460000001,-0.4207918437,-0.6983619028,-0.5830172502000001,0.1859438527,-0.0656447543,-0.2609584814,-0.566075226,-0.4705216701,0.0905715253,-0.5228860307000001,-0.5850083257,-0.4031615176,0.0703844914,-0.2340308644,-0.3101572754,-0.3919488658,0.3944173701
/8/5.mp3,0.0007911392,0.0007911394,0.0007911392,0.0007911393,0.0007911393,0.0007911393,0.0007911392,0.1546327629,0.0007911392,0.0007911392,0.80893018,0.0261522468,0.0007911392,0.0007911393,0.0007911392,0.0007911392,0.0008403389,0.6567474933,0.0008403361,0.0008403393,0.0645678783,0.0008403394,0.2694409151,0.000840338,0.0008403369,0.0008403374000000001,0.0008403361,0.0008403379,0.0008403372,0.0008403361,0.4112816073,0.24314027270000002,0.09666726390000001,0.0005126939,0.0005125467,0.0005126657000000001,0.2468602678,0.0005126819000000001,0,0,0,1,0,0,0,-0.0472416889,-0.3902986717,-0.38465110950000003,-0.2346607124,0.0028166519,-0.4338168582,-0.45625013740000003,0.0276836048,0.0323812469,0.0180196707,-0.0666639983,-0.1826046334,0.0473610146,-0.1327154847,-0.1423583527,-0.10376541040000001,-0.1593756279,-0.1524862517,-0.3819399439
/8/1.mp3,0.0009615385,0.3108203667,0.0009615386,0.0009615389,0.0557253916,0.0009615385,0.0009615385,0.0009615434000000001,0.0009615385,0.0919579703,0.0009615399000000001,0.5299578011,0.0009615392,0.0009615390000000001,0.0009615386,0.0009615387000000001,0.2902060885,0.0010989107,0.0010989011,0.0010989056,0.5012766955,0.1964292716,0.0010989067,0.001098905,0.0010989026000000001,0.001098903,0.0010989011,0.0010989045000000001,0.0010989031,0.0010989011,0.0006796755,0.0006798482,0.44706999080000004,0.2193724176,0.0006804125,0.08530511810000001,0.0006799388,0.2455325986,0,0,0,0,0,0,1,0.1013731875,-0.3492644434,0.0049381589000000005,0.2706337834,0.19652571630000001,-0.2531373554,-0.2957897607,-0.0423113078,0.0269281882,0.0217600873,-0.29103252150000003,0.0273804663,0.0918084125,0.0194744947,-0.0470801993,0.0574002996,0.0867470556,-0.0075071666,-0.42742254080000003
/8/2.mp3,0.0028409092,0.6140062429,0.0028409092,0.0028409091,0.0028409150000000003,0.0028409092,0.0028409091,0.0028409091,0.0028409091,0.0028409093,0.30656416670000003,0.042497763300000005,0.0028409109,0.0028409091,0.0028409091,0.0028409096,0.6259528074,0.0032467766,0.0032467532000000003,0.3350860346,0.0032467614,0.0032467664,0.0032467661,0.0032467616,0.0032467566,0.0032467578,0.0032467532000000003,0.0032467848000000002,0.0032467669,0.0032467532000000003,0.0020176273000000002,0.0020204886,0.4594050082,0.0020186668,0.4521337791,0.07836620180000001,0.0020185155,0.0020197128,0,0,0,0,0,0,1,-0.0301888394,-0.408096275,-0.0951068291,-0.056954079000000005,-0.0113853543,-0.34652619030000004,-0.1920889775,-0.10526986070000001,0.0158606692,0.1056183738,-0.1348547037,-0.084861553,0.16210635340000001,0.0181452116,-0.0585010095,0.14329051380000002,0.2552829547,-0.1335649368,-0.3299428204
/8/3.mp3,0.0031249999999999997,0.0031250006,0.0031250003000000003,0.0031250001,0.4272880452,0.0031250001,0.0031249999999999997,0.0031249999999999997,0.0031249999999999997,0.1838026406,0.2504038986,0.101005414,0.0031249999999999997,0.0031249999999999997,0.0031250003000000003,0.0031249999999999997,0.0034013856,0.9557822039,0.0034013605,0.0034013726,0.0034013698000000003,0.0034013762000000003,0.0034013750000000003,0.0034013705,0.0034013644,0.0034013655,0.0034013605,0.0034013693,0.0034013657,0.0034013605,0.0021569366,0.4510113667,0.3246637395,0.0021580061,0.2135326619,0.0021596366,0.0021585073,0.0021591454,0,1,0,0,0,0,0,-0.4984990923,0.286896939,-0.1170393067,-0.41974103090000003,-0.3347291395,0.0017889309,0.0349238208,-0.2486144204,-0.292468481,-0.3949927586,-0.007023830500000001,-0.393853861,-0.4712788806,-0.2985072393,-0.15626474910000002,-0.1483040007,0.0060433836000000005,-0.3875302612,0.0478838451
/21/7.mp3,0.00078125,0.6359563802,0.00078125,0.00078125,0.00078125,0.11101017610000001,0.00078125,0.1266813601,0.00078125,0.00078125,0.0007812505,0.00078125,0.00078125,0.1169770831,0.00078125,0.00078125,0.36108611560000003,0.439499678,0.0008710801,0.0008710834000000001,0.0008710821,0.0008710836,0.0008710833,0.0008710821,0.000871081,0.0008710826,0.0008710801,0.1645117854,0.026191602600000002,0.0008710801,0.0317826404,0.0700826523,0.3179633407,0.0005350079,0.2925624564,0.0005351751000000001,0.2031856373,0.0833530901,0,0,0,0,0,0,1,0.0399172091,-0.12019697500000001,-0.05461085500000001,-0.017660434000000003,0.0387749276,0.0357005856,0.0921020137,0.021253852400000002,0.1001054314,0.0851793695,-0.0043651631000000005,0.1047758989,0.11740123570000001,0.0671762583,0.0699151507,-0.0073177433,-0.0641281138,0.0890765667,-0.1005285253
/21/6.mp3,0.0003720239,0.00037202380000000003,0.2379528733,0.12436622920000001,0.0003720242,0.00037202380000000003,0.0305585979,0.012285618100000001,0.2559904826,0.00037202380000000003,0.00037202380000000003,0.00037202380000000003,0.021796756,0.00037202380000000003,0.1159620017,0.1981112502,0.1358958533,0.698555326,0.0004128819,0.0092470496,0.1521729437,0.0004128838,0.00041288370000000003,0.0004128832,0.0004128824,0.0004128827,0.0004128819,0.000412883,0.0004128828,0.0004128819,0.00025117790000000003,0.011606022300000001,0.3499193532,0.00025145,0.051988983200000005,0.1986812187,0.0002512832,0.3870505115,0,0,0,0,1,0,0,-0.2066193335,0.08855634820000001,0.0214194924,-0.1815743009,-0.15029022220000002,0.040994365500000005,0.027074878700000003,-0.0365718014,-0.011582754800000001,-0.0507028496,0.0217608375,-0.0609169659,-0.11865183730000001,0.0146819559,0.0771995953,-0.0350512232,-0.1978931328,0.0137764393,0.0168897632
/21/4.mp3,0.0016447371,0.0016447378000000001,0.0016447372000000001,0.001644737,0.115478306,0.0566296482,0.0016447369,0.6521836855,0.0016447369,0.0016447373000000002,0.0856648408,0.0719514069,0.0016447405,0.001644737,0.0016447369,0.0016447379000000002,0.11186443200000001,0.7493786727,0.0017421603,0.0017421661,0.0017421659,0.11959309350000001,0.0017421686,0.0017421664,0.0017421626,0.0017421628,0.0017421603,0.0017421653,0.0017421634,0.0017421603,0.1248767558,0.0011180734,0.2254785131,0.07854402790000001,0.23738142040000001,0.001118057,0.1465966501,0.1848865022,1,0,0,0,0,0,0,0.0930557471,0.029438186800000002,3.56008e-05,0.0137169969,0.0288319689,0.067285067,0.0552951805,0.07352559800000001,0.13378217950000001,0.0268720088,0.060046003900000006,-0.15699006340000002,-0.0423076841,0.0177714952,-0.021955343800000002,0.0056804153,-0.031177906600000003,-0.14356927020000002,0.1079468665
/21/5.mp3,0.000625,0.0006250001,0.000625,0.0461888117,0.5774005828000001,0.0406249884,0.000625,0.000625,0.000625,0.000625,0.000625,0.3282856163,0.0006250006,0.000625,0.000625,0.000625,0.0006675606,0.6730812434,0.0006675567,0.0006675591,0.1891258006,0.1304498167,0.0006675595,0.0006675587,0.0006675575,0.0006675577000000001,0.0006675567,0.0006675584,0.0006675577000000001,0.0006675567,0.4950375725,0.054467420100000004,0.037349161400000004,0.0004092731,0.0663328918,0.0004093809,0.0004092378,0.34558506240000003,0,0,0,1,0,0,0,0.09871830520000001,-0.2496382852,-0.1254410604,0.0837927171,-0.02257008,-0.0972863429,0.0342905144,-0.2577130956,0.037587155500000004,-0.0036778338,-0.20316930390000001,-0.0098383794,0.0381543939,0.0073786285000000005,-0.06266689140000001,-0.0377025428,-0.0846752037,-0.0503760086,-0.172821582
/21/1.mp3,0.0010964941,0.0010964915,0.12395836360000001,0.1406952793,0.0010964913,0.0010964913,0.0010964912,0.0010964928,0.0010964913,0.0010964941,0.1761187818,0.2801770002,0.0010964919,0.0010964914000000001,0.0010964915,0.2669891627,0.327864329,0.6593424662,0.0010660981,0.0010661017,0.0010661013,0.001066103,0.001066103,0.0010661016,0.0010660994,0.0010660996,0.0010660981,0.0010661011,0.0010660999000000001,0.0010660981,0.0006554337,0.0006561076,0.0537506538,0.0006556507,0.026202849700000003,0.34796769710000003,0.0006568868,0.5694547205,0,1,0,0,0,0,0,-0.009670849300000001,-0.0295005489,0.06768222460000001,0.03124813,0.1665644635,-0.1432879862,-0.0866822101,0.0717311347,0.1384625808,0.08082942180000001,-0.0828019334,-0.11087199290000001,0.0427011618,0.0352489812,-0.0061315695000000005,0.0781493469,0.11429061310000001,-0.0854412239,-0.1629166578
/21/2.mp3,0.0002367425,0.0002367425,0.00023674240000000002,0.038693552400000004,0.0002367426,0.00023674240000000002,0.6891916996,0.00023674240000000002,0.2578040184,0.0002367425,0.0114698193,0.00023674240000000002,0.0002367427,0.00023674240000000002,0.0002367429,0.0002367425,0.3448221312,0.0002675244,0.0002675227,0.029187276600000003,0.0696159727,0.10001033150000001,0.0388202322,0.0608942728,0.07465112260000001,0.0370983186,0.0002675227,0.243562726,0.00026752330000000003,0.0002675227,0.0001626851,0.025699922700000002,0.0526811435,0.0655921322,0.22042264450000001,0.6351157907,0.00016282900000000002,0.00016285220000000002,0,0,0,0,0,1,0,-0.2297465877,-0.0053879903,-0.0184565967,-0.15258603,-0.2137275902,0.056388373500000005,0.1177495045,-0.1228065935,-0.1893040171,-0.1541253017,0.0288546197,-0.3229464479,-0.3862421029,-0.21990433610000001,0.1765991647,-0.2044725771,-0.2905469988,-0.19976306060000001,0.1147358081
/21/3.mp3,0.0028409092,0.0587922258,0.0028409096,0.0028409091,0.0931154096,0.0028409092,0.0028409091,0.048621385100000004,0.0028409091,0.6371675383000001,0.1310534288,0.0028409179,0.0028409112000000003,0.0028409091,0.0028409092,0.0028409097,0.5280733139,0.2041559944,0.0032467532000000003,0.0032467654,0.2320563259,0.0032467692,0.0032467692,0.0032467646000000003,0.0032467575,0.0032467583000000003,0.0032467532000000003,0.0032467629,0.0032467591,0.0032467532000000003,0.0020862873,0.0020893359,0.0020872639,0.0020865262,0.0020876784,0.0020863268,0.1241333688,0.8633432127,0,1,0,0,0,0,0,0.0732046006,-0.159479915,0.0401318123,0.022705351800000002,0.0194376949,-0.2602837944,-0.3280208718,0.0302507571,0.0974439435,0.0562017716,0.0718379318,-0.1252883891,0.19340328440000001,-0.027029889600000002,-0.028861221000000003,0.043573938400000005,0.0019620055,-0.1040203734,-0.1657371329
/75/7.mp3,0.0020161292000000003,0.0928501545,0.0020161294,0.002016131,0.1844689026,0.027041867400000003,0.0020161291000000002,0.0020161291000000002,0.0020161291000000002,0.0020161295,0.0395201071,0.6339415446000001,0.0020161294,0.0020161291000000002,0.0020161293000000003,0.0020161298,0.36230136420000003,0.4548792901,0.0023041475,0.0023041554,0.0023041547,0.1574736728,0.0023041583000000003,0.0023041553,0.0023041504,0.0023041508,0.0023041475,0.002304154,0.0023041515,0.0023041475,0.00142196,0.0014230188000000001,0.0014227778000000001,0.4156758822,0.1610345475,0.0014235097000000001,0.4161752546,0.0014230494000000002,0,0,0,0,0,0,1,-0.5192255648,0.39802618840000004,-0.3148328674,-0.5574945743,-0.3688591893,0.1969962565,0.1599707462,-0.3147715712,-0.3968026223,-0.4755381092,0.0525224958,-0.4865179288,-0.5089791455,-0.3525239603,0.0840304427,-0.09957766970000001,-0.1189789272,-0.3068260825,0.2558101048
/75/6.mp3,0.0003531074,0.0003531076,0.00035310750000000003,0.0003531074,0.0003531078,0.0003531074,0.0003531074,0.0003531074,0.0003531074,0.8547251616,0.0003531089,0.1403313324,0.0003531076,0.0003531073,0.0003531076,0.0003531074,0.1467871556,0.0003990454,0.0003990423,0.0003990437,0.2435106508,0.09291463180000001,0.44661876250000004,0.0003990437,0.0003990428,0.00039904290000000004,0.0003990423,0.00039904350000000003,0.06657741040000001,0.0003990423,0.0002433623,0.0148351417,0.1977334684,0.16409928710000002,0.024679785000000003,0.1576047287,0.0002434301,0.44056079670000003,0,0,1,0,0,0,0,0.0265045699,-0.27024728200000003,0.0765100568,0.2025098923,0.0663458974,-0.2715892475,0.0036577717,-0.2746109926,0.1315579774,0.14267531560000002,-0.2433310143,0.12476564230000001,0.2605771253,0.11688883130000001,0.0210770797,0.0217458702,-0.1097371703,0.1394990974,-0.3292600316
/75/4.mp3,0.0056818182,0.0056818194,0.0056818183000000005,0.0056818182,0.0056818475,0.0056818184,0.0056818182,0.0056818183000000005,0.0056818182,0.005681818700000001,0.3692479004,0.5512066130000001,0.0056818182,0.0056818182,0.0056818188,0.0056818182,0.2996815266,0.0059524504,0.0059523810000000005,0.6288896646000001,0.005952403,0.005952415700000001,0.0059524151,0.0059524047,0.00595239,0.0059523923000000005,0.0059523810000000005,0.005952401600000001,0.0059523932,0.0059523810000000005,0.313768653,0.1723560765,0.4492687347,0.0037923335000000003,0.0037895625,0.0494354542,0.0037966547000000002,0.0037925308,0,0,0,0,0,0,1,-0.37112824850000004,0.2817345713,-0.3250685723,-0.509619021,-0.4510987602,0.3499160861,0.1894798445,-0.23879195660000002,-0.4133647707,-0.42796324500000005,0.0645399987,-0.3843072978,-0.6204006379,-0.3682373769,0.056708984100000005,-0.31700687780000003,-0.17652935050000002,-0.41750415090000004,0.283330221
/75/5.mp3,0.0011160715000000001,0.6401086262,0.0011160715000000001,0.0011160714,0.057138269400000004,0.0011160715000000001,0.0011160715000000001,0.0011160714,0.0011160715000000001,0.0011160716,0.0011160719,0.0011160716,0.19015997,0.0011160714,0.0011160715000000001,0.0992002762,0.7521002858,0.23312135490000002,0.0012315271,0.0012315314,0.0012315308,0.0012315327,0.0012315327,0.0012315310000000001,0.0012315286,0.0012315289,0.0012315271,0.0012315321,0.0012315298000000001,0.0012315271,0.0007582539000000001,0.0007595396,0.0007590307000000001,0.3665252412,0.2925367472,0.33714329590000003,0.0007587838,0.0007591077,0,0,1,0,0,0,0,0.21286978350000002,-0.2709222898,0.0540094756,0.0097006095,0.0960075438,-0.30152796060000003,-0.34836389440000004,0.0525336303,0.0488026659,0.0891364406,-0.0095702536,-0.0206345713,0.1048997332,0.0501562736,-0.1451324645,-0.0884187058,0.0071847151,-0.1608468897,-0.1466988662
/75/1.mp3,0.0044642861,0.41260601,0.0044642866,0.0044642911,0.0044642861,0.2341860899,0.0044642858,0.0044642858,0.0044642860000000005,0.0044642866,0.2951721726,0.0044642866,0.0044642868,0.0044642860000000005,0.0044642862000000005,0.0044642878,0.0051020936000000005,0.9336732644,0.0051020408,0.0051020573,0.0051020599,0.0051020669000000005,0.0051020684000000005,0.0051020619000000005,0.005102048200000001,0.0051020481,0.0051020408,0.0051020574,0.0051020515,0.0051020408,0.0032079249000000003,0.0032122889,0.0032122831000000003,0.0032113443,0.5458001334,0.0032133867,0.0032087716000000002,0.43493386710000004,0,1,0,0,0,0,0,-0.0282070225,-0.15256088010000002,-0.10221130610000001,0.1401968188,-0.0627759608,-0.0288684467,0.0049148582,-0.0091203596,0.131086865,-0.1203387872,-0.17452221410000002,-0.1030607843,0.0170526713,0.0194744947,-0.3331688531,-0.0249232619,0.0354476151,-0.2130000861,-0.2294373576
/75/2.mp3,0.0008928571000000001,0.5290172068,0.0008928571000000001,0.0008928572,0.0008928571000000001,0.059631615000000006,0.0008928571000000001,0.3997440349,0.0008928571000000001,0.0008928571000000001,0.0008928573,0.0008928571000000001,0.0008928572,0.0008928573,0.0008928572,0.0008928571000000001,0.0009920708000000001,0.9227796714000001,0.0009920635,0.0009920668,0.0009920665,0.065315538,0.0009920681,0.0009920668,0.0009920647,0.0009920649,0.0009920635,0.0009920662,0.0009920652,0.0009920635,0.0006102157,0.1235959486,0.0820707889,0.0150106874,0.2822857657,0.0006110384,0.0006104174000000001,0.49520513790000004,0,0,0,0,0,0,1,0.0170189278,-0.06856482080000001,-0.1239553328,0.059146665200000004,-0.0131620117,-0.0971424644,-0.039410951300000004,-0.0371578954,-0.0375224901,-0.0006613576,-0.0867646566,-0.0875370562,-0.1089363981,-0.06815312330000001,-0.15544143430000001,-0.1109387805,-0.1883285748,-0.13688159760000002,-0.3065219332
/75/3.mp3,0.0168736168,0.0009328363,0.000932836,0.000932836,0.0009328359,0.0009328359,0.0009328359,0.0009328358000000001,0.0009328359,0.8382101349000001,0.0152772748,0.0009328366,0.0009328364000000001,0.0159126209,0.10346515590000001,0.0009328361000000001,0.8025022524000001,0.0009920691,0.0009920635,0.000992066,0.0009920659,0.1855929616,0.0009920671,0.0009920662,0.0009920645000000001,0.0009920653,0.0009920635,0.0009920657000000001,0.0009920657000000001,0.0009920635,0.0006072436,0.061612039,0.0652088745,0.8052631358,0.0654854839,0.0006079007,0.000607359,0.0006079634,0,0,0,0,0,0,1,-0.0754760014,-0.21092838220000001,-0.1778066978,0.0029871790000000004,-0.0498915856,-0.24328737150000002,-0.3198754305,-0.023382086700000002,0.12427076840000001,0.0072626864,-0.2096397466,0.0882049114,0.1249646274,0.038386668400000004,-0.2468571152,-0.0093218537,0.015194995400000001,-0.0433388808,-0.3136276243
/81/7.mp3,0.1911967894,0.0032894745000000003,0.0032894755,0.0032894737,0.0032894867,0.0032894738,0.0032894744000000003,0.0032894737,0.003289474,0.238422034,0.0032894737,0.2801437755,0.0032894796000000003,0.0032894737,0.25076369200000004,0.0032894759,0.122637324,0.8322497882000001,0.0037593985000000003,0.0037594110000000003,0.0037594114,0.0037594168,0.0037594174000000003,0.0037594126,0.0037594035000000003,0.0037594039,0.0037593985000000003,0.0037594099000000003,0.0037594057,0.0037593985000000003,0.002359551,0.0023600299,0.7108250616,0.0023624042,0.1372692554,0.1401003209,0.0023605891,0.0023627879,0,0,0,0,0,0,1,-0.10797935730000001,0.1301837251,0.0048425652,-0.057447930800000005,-0.0824908795,0.0703235683,0.0433128059,-0.3459094941,-0.3035748257,-0.4152502431,0.0331651362,0.07896440390000001,-0.1275245778,0.0194744947,0.06322327600000001,-0.0206633253,-0.0179649354,0.08502048300000001,0.0373510056
/81/6.mp3,0.0014534884,0.0014534886,0.0014534884,0.32039120050000003,0.0014534884,0.0014534884,0.0014534884,0.5476343741,0.0014534884,0.0406872614,0.0738453025,0.0014534884,0.0014534887,0.0014534885000000001,0.0014534884,0.0014534884,0.14563744680000001,0.3801049266,0.0015873016000000002,0.0377321809,0.2922859359,0.0015873081,0.0838263858,0.0015873055,0.0015873032,0.0015873061,0.0015873016000000002,0.0015873127,0.047714683800000005,0.0015873016000000002,0.0009772368,0.2894221377,0.6314097746,0.0009779501,0.0009782103,0.0009779935,0.0009779497000000001,0.0742787474,0,0,0,0,1,0,0,-0.1076602459,0.0589494682,0.049344647400000004,-0.057447930800000005,-0.0824908795,0.042482383900000004,0.0231977174,-0.0507299468,-0.0318019274,-0.0553440321,0.0331651362,0.07896440390000001,0.0072356178,0.0194744947,0.06322327600000001,-0.0266510968,-0.0779436107,0.030380604800000002,-0.030635112000000003
/81/4.mp3,0.0010416679000000001,0.0010416669,0.0276522191,0.0010416667000000001,0.0010416668,0.0010416667000000001,0.4940240092,0.0010416667000000001,0.3020178729,0.0010416675,0.0010416667000000001,0.0010416668,0.0010416681,0.0010416667000000001,0.09164134,0.07320622140000001,0.2702457525,0.0011520816,0.0011520737,0.0011520773,0.2690190544,0.4299404513,0.0011520789,0.0011520775,0.019273977600000002,0.0011520753000000001,0.0011520737,0.0011520768,0.0011520757,0.0011520737,0.0007105591000000001,0.0007107351,0.2196612971,0.40592716900000003,0.0007115423,0.1359724619,0.0007108363000000001,0.2355953993,0,0,1,0,0,0,0,-0.4545092256,0.0818892571,0.0491407484,-0.30120013160000003,-0.4622290462,0.042081148400000004,0.0231977174,-0.1768173188,-0.2874780266,-0.3885212376,0.0331651362,-0.10727425880000001,-0.4401678724,-0.2360746276,0.06322327600000001,-0.2018534669,-0.1189789272,-0.310408151,0.0169091863
/81/5.mp3,0.0013020833,0.0013020833,0.0013020833,0.0013020848,0.0013020834,0.0013020833,0.0013020864,0.7919734858,0.1897973424,0.0013020833,0.0013020835,0.0013020833,0.0013020837000000001,0.0013020834,0.0013020833,0.0013020833,0.0012755155,0.4326883915,0.0012755102,0.0012755149,0.0012755131,0.0319995565,0.001275515,0.3743571022,0.0012755115,0.0012755121,0.0012755102,0.1279734516,0.0215018854,0.0012755102,0.6620332897,0.0007828946,0.20965990480000002,0.0007823995,0.0007827437,0.0007832354,0.1243929792,0.0007825532,0,0,0,1,0,0,0,-0.0949161723,-0.3282204861,-0.2930471677,-0.042055939800000004,-0.13035399820000002,-0.0892337304,-0.1333040697,0.0498291121,0.0269800545,0.009300061,-0.281885906,-0.14810653810000002,-0.006274113400000001,-0.043050774300000004,0.0363502408,-0.0266510968,-0.0402626977,-0.107090315,-0.16932709999999998
/81/1.mp3,0.0006868133,0.0006868135,0.0006868133,0.0006868135,0.0006868133,0.0006868132,0.0006868132,0.0006868132,0.0006868132,0.09743790320000001,0.16354607740000002,0.4980400498,0.23273421,0.0006868132,0.0006868132,0.0006868135,0.49381811550000004,0.4968650941,0.0007763975,0.0007764001,0.0007763999000000001,0.0007764011000000001,0.0007764011000000001,0.0007764001,0.0007763985,0.0007763986000000001,0.0007763975,0.0007763997,0.0007763988,0.0007763975,0.059714186100000004,0.0646376126,0.0004725213,0.3712346286,0.2346406926,0.19355283210000002,0.000472698,0.0752748287,0,0,0,0,0,0,1,-0.0854869234,-0.06757792,-0.1006742171,-0.057447930800000005,-0.0824908795,-0.10740592630000001,-0.1859149196,-0.0423113078,0.0008361731,0.0040980064000000005,-0.204559976,-0.060084728100000005,0.0133868331,-0.0028891589,-0.1541495913,-0.0818476253,-0.017826922000000002,-0.0056442723,-0.1018309049
/81/2.mp3,0.0012019232,0.0012019231,0.0012019236000000001,0.0012019231,0.0012019231,0.0012019231,0.0012019231,0.0012019231,0.0012019231,0.9393419052,0.0012019231,0.0012019231,0.0012019231,0.0012019231,0.043831171,0.0012019231,0.09083479750000001,0.7805354935000001,0.0013477089,0.0013477134,0.0013477132,0.0013477152,0.0013477153,0.0013477136000000002,0.1138048767,0.0013477108,0.0013477089,0.0013477128,0.0013477113,0.0013477089,0.0008449903,0.0008452584,0.1819724523,0.0008461615000000001,0.0008460162000000001,0.0008455979,0.000845342,0.8129541815,0,0,1,0,0,0,0,-0.1736176669,0.0698253615,0.049344647400000004,-0.279721636,-0.2194171482,0.1306117326,0.2070717779,-0.1548563336,-0.1031249125,-0.0667516635,0.21509472770000002,0.0817037654,-0.2001301594,0.0527065727,-0.0137731351,-0.184467773,-0.1282634345,-0.17990455460000002,0.049762419100000004
/81/3.mp3,0.000672043,0.0006720431,0.0006720431,0.0006720433,0.11627110680000001,0.000672043,0.000672043,0.0006720452,0.000672043,0.3203102103,0.0006720434,0.5430358911000001,0.0006720437,0.0006720433,0.0006720431,0.0123182716,0.134041894,0.2534134805,0.0007142857000000001,0.0007142881,0.08414966900000001,0.000714289,0.4351820584,0.0007142881,0.0007142866,0.0867843143,0.0007142857000000001,0.0007142877,0.0007142870000000001,0.0007142857000000001,0.006048828500000001,0.055590906700000005,0.0004363851,0.0004363874,0.5622015663000001,0.00043647200000000003,0.1392129184,0.2356365357,0,0,0,0,0,0,1,0.15073370590000001,-0.2878313165,0.09333110380000001,-0.0113930165,0.1674632341,-0.39209325700000003,-0.2835480519,-0.0423113078,0.2186884688,0.0040980064000000005,-0.059134571000000004,0.07896440390000001,0.10830121990000001,0.0194744947,-0.371206303,-0.007824575,0.01360594,-0.0937436566,-0.1891516551
/86/7.mp3,0.030952822,0.0013586957,0.0013586989,0.0013586957,0.0013586957,0.0013586957,0.0013586976,0.0013586957,0.3420231641,0.0430010891,0.0013586957,0.0013586957,0.0013586957,0.0013586957,0.4338612933,0.13521597400000002,0.0012755167,0.4694956382,0.0012755102,0.0012755148,0.5151982062,0.0012755156,0.0012755153,0.0012755137,0.0012755116,0.0012755121,0.0012755102,0.0012755133000000001,0.0012755120000000001,0.0012755102,0.3493587546,0.0007875755000000001,0.4568020345,0.0007874347000000001,0.18990111810000002,0.0007877626,0.0007876664,0.0007876536,1,0,0,0,0,0,0,-0.037796477,-0.2429428123,0.042804982400000004,0.15360679230000002,0.0251943903,-0.10679839420000001,-0.0820340069,0.0140827182,0.0397635384,0.0024343196,-0.0881754292,0.1167111745,0.0791520377,0.1376565595,-0.0891653627,-0.0276000552,-0.11538865620000001,0.0374128904,-0.1560655392
/86/6.mp3,0.0005165289,0.0005165289,0.0005165289,0.0005165315,0.0005165290000000001,0.0005165289,0.6406747779,0.0005165290000000001,0.35209381370000004,0.0005165289,0.0005165289,0.0005165289,0.0005165296,0.0005165289,0.0005165289,0.0005165290000000001,0.0751558719,0.5357836976,0.0005807201,0.027721824000000003,0.0005807219000000001,0.0005807228,0.0005807228,0.0005807221,0.0005807208,0.0005807209,0.0005807201,0.355531394,0.0005807211,0.0005807201,0.00035424500000000005,0.0003543658,0.1284509347,0.0003547514,0.2283812846,0.2519609498,0.00035442700000000004,0.3897890417,0,0,0,0,0,0,1,-0.1083273374,-0.2715824321,0.0381884418,-0.0405488337,-0.1869045724,0.0613689503,0.038528799100000004,-0.036076489,-0.0891239706,-0.0189654601,-0.1708106371,0.026838443,-0.2268358601,-0.0304557781,-0.0661648296,-0.0717756084,-0.0657084894,-0.0975026997,-0.18800574050000002
/86/4.mp3,0.5142751506000001,0.0029761905000000003,0.11851002020000001,0.0029761905000000003,0.0029761906000000003,0.0029761905000000003,0.0029761905000000003,0.0029761905000000003,0.0029761905000000003,0.002976191,0.0029761905000000003,0.3285243514,0.0029761905000000003,0.0029761905000000003,0.0029761912,0.0029761907000000003,0.4138364349,0.0034013919,0.0034013605,0.0034013759,0.0034013711000000003,0.43864561360000004,0.1101028681,0.0034013716,0.0034013650000000004,0.0034013666,0.0034013605,0.0034013867,0.0034013729,0.0034013605,0.0021200164,0.1812565767,0.7465601879,0.0021234947,0.0021229433,0.0615727773,0.0021208225000000002,0.0021231812,0,1,0,0,0,0,0,-0.24492039770000001,-0.22486025950000002,-0.457582708,-0.3684661255,-0.29100323580000004,-0.24658333030000001,-0.23544179070000001,-0.0992923175,-0.3691301904,-0.3654571096,-0.1278237804,-0.37851222560000003,-0.4957347848,-0.30969271330000003,0.08759696260000001,-0.11910289600000001,-0.11694437190000001,-0.3602945543,-0.1205802306
/86/5.mp3,0.0010775871000000001,0.0010775863,0.0010775869,0.1755108582,0.1243136236,0.0010775862,0.0010775863,0.0010775862,0.0010775863,0.0010775863,0.0010775862,0.0010775864,0.195176481,0.0010775862,0.32321116250000004,0.1699344241,0.49321244700000005,0.1651261545,0.0011520737,0.0011520778,0.024290230700000002,0.0338634539,0.254895351,0.0011520775,0.019395757200000002,0.0011520754,0.0011520737,0.0011520777,0.0011520761,0.0011520737,0.0938803315,0.0833030943,0.14241404670000002,0.15265090720000002,0.0007075325,0.2991607444,0.0582425798,0.1696407637,0,0,0,0,0,1,0,0.1267504613,-0.40362460720000004,-0.3855075572,-0.0640176204,-0.0620107852,-0.4782182417,-0.5014069638,-0.059238491100000006,-0.1151600338,0.0016280930000000002,-0.21282143150000002,0.0736497133,0.0165471599,0.0126777975,-0.1341136233,-0.0320068623,-0.1197911152,-0.12960981400000002,-0.15371739750000002
/86/1.mp3,0.0005341881,0.0005341881,0.0005341881,0.000534188,0.0005341881,0.000534188,0.2126709141,0.000534188,0.4603678775,0.0005341881,0.000534188,0.0005341881,0.0005341887,0.000534188,0.0005341889,0.320016762,0.0005854832,0.9033280163,0.0005854801,0.0005854822,0.0364204449,0.053811244800000005,0.0005854825,0.0005854817,0.0005854807,0.0005854809000000001,0.0005854801,0.0005854815000000001,0.0005854809000000001,0.0005854801,0.0248565405,0.0003567431,0.0972241524,0.445657607,0.3719437143,0.0003567743,0.0592477129,0.0003567554,0,0,0,0,0,1,0,0.0373560483,-0.2941223838,-0.0818939496,0.2060439288,0.028085775700000003,-0.2611379155,0.0427895207,-0.0413986961,0.0416874559,0.1406057895,-0.2121921404,-0.1035301049,0.1692017386,-0.0494069793,-0.20304259360000002,-0.0305941375,-0.09499873860000001,-0.2269298211,-0.3144465771
/86/2.mp3,0.8381914352000001,0.0013297872,0.109335079,0.0013297872,0.0013297872,0.0013297872,0.0013297872,0.0013297872,0.0013297872,0.0013297873000000001,0.0013297872,0.035186251200000004,0.0013297873000000001,0.0013297872,0.0013297875,0.0013297874,0.0014577367,0.2119044152,0.0014577259,0.0014577311000000001,0.0014577304,0.32522378820000003,0.0014577328,0.4468367734,0.0014577278,0.0014577281,0.0014577259,0.0014577301,0.0014577285,0.0014577259,0.0008932748000000001,0.0008937281,0.45162403760000003,0.1713300587,0.1816191691,0.0830633184,0.0008936773,0.1096827361,0,1,0,0,0,0,0,-0.4547418185,0.19494343700000002,-0.0759589001,-0.45840186530000004,-0.48158010980000004,0.1197751598,0.0983078545,-0.3711128503,-0.3913299536,-0.29226402300000004,0.009339880200000001,-0.4590671296,-0.5604742179000001,-0.3470566801,-0.0074009751,-0.3335298272,-0.13928120230000002,-0.3995501987,0.0257023802
/86/3.mp3,0.0010593221,0.5088647374,0.0010593221,0.0010593220000000001,0.1565654839,0.0010593221,0.0010593221,0.0010593220000000001,0.0010593221,0.0328717623,0.2357697205,0.0542757524,0.0010593228,0.0010593220000000001,0.0010593220000000001,0.0010593222,0.44171540270000004,0.1680188306,0.0011709602,0.2247025429,0.0011709633,0.1538535996,0.0011709651,0.0011709635,0.0011709615,0.0011709635,0.0011709602,0.0011709632,0.0011709636000000001,0.0011709602,0.0007233656,0.11765990920000001,0.1080053062,0.3307007997,0.1149606395,0.000723509,0.3265026368,0.0007238339,0,0,0,0,0,0,1,0.1303749205,-0.45855563330000004,0.0170203043,0.1137980078,0.07950206480000001,-0.40327959700000005,-0.3165606741,0.1475212877,0.2159764684,0.1799212249,-0.3552292441,0.039413726100000004,0.2042759154,-0.0786133156,-0.44838974130000003,-0.0674309149,0.029646631700000002,-0.0038221141,-0.4008644736
/72/7.mp3,0.0003172589,0.0003172589,0.0003172589,0.0003172589,0.0003172589,0.0003172589,0.5095216387,0.0003172589,0.4860367366,0.0003172589,0.0003172589,0.0003172589,0.000317259,0.0003172589,0.0003172589,0.0003172589,0.5102705545,0.3100962283,0.0003589375,0.0003589388,0.0003589385,0.0003589391,0.0003589391,0.00035893860000000004,0.0003589379,0.0003589384,0.0003589375,0.0840867062,0.091957128,0.0003589375,0.00021868620000000001,0.1209011905,0.1649773233,0.1080485912,0.0002189039,0.5721774535,0.0002187592,0.0332390921,0,0,0,0,0,1,0,-0.1125866405,-0.10186617120000001,-0.091804855,0.0160144942,-0.1208176086,0.0716977034,0.0648379551,-0.0282118869,0.0120202402,0.0137481048,0.0749305796,0.0963770966,-0.0035749026000000002,0.1043677876,0.25296128300000004,0.031060974600000003,-0.0940793256,0.18796032880000002,0.0598921296
/72/6.mp3,0.0016447371,0.0016447382,0.0016447373000000002,0.0016447389,0.0016447371,0.0016447371,0.0016447369,0.6320743753,0.001644737,0.0016447373000000002,0.0887841919,0.0016447373000000002,0.0016447386,0.0016447371,0.001644737,0.257759846,0.24383513910000001,0.5818206885,0.0018315018,0.0018315081000000002,0.0018315075,0.0018315103,0.0018315104,0.0018315081000000002,0.15419760600000001,0.0018315045,0.0018315018,0.001831507,0.0018315050000000002,0.0018315018,0.1305166935,0.001149726,0.0511672629,0.0011489929,0.0011489058,0.16645859600000001,0.0011492304000000001,0.6472605925,0,0,0,0,1,0,0,-0.0508427562,0.0627468961,0.10908422890000001,0.0039210549,0.1068336327,0.046560551900000004,0.015108796,0.038984879300000004,0.0269281882,0.0145474721,0.053200335200000004,0.13574669150000002,0.007828110000000001,0.1526128359,0.176612561,0.1489629803,0.094935343,0.1650246038,0.049941245
/72/4.mp3,0.3083171299,0.0016025649,0.2336062207,0.1384226076,0.0016025643,0.0016025642,0.0016025642,0.2569836856,0.0016025642,0.0016025646,0.0016025642,0.0016025646,0.045042144900000004,0.0016025642,0.0016025665,0.0016025653000000001,0.3771192533,0.5542382822,0.0017006803,0.0017006861000000001,0.0017006855000000001,0.0499349445,0.0017006882,0.001700686,0.0017006825,0.0017006827,0.0017006803,0.0017006851,0.0017006832,0.0017006803,0.0010608334,0.0253641302,0.0010613619000000001,0.3052984805,0.2787937387,0.1654479141,0.22191228200000002,0.0010612592,0,0,0,0,1,0,0,-0.10331310140000001,0.16562128510000002,0.1101069266,-0.0906201281,0.016538353500000002,0.0778535935,0.060079050800000006,-0.0041490011,-0.1840616418,-0.1442098895,0.2102162571,0.081912361,-0.057631572000000006,0.0775734498,0.0731885423,0.028236772700000003,0.0990297044,0.1292183705,0.0889214921
/72/5.mp3,0.00189394,0.0018939395,0.0018939402,0.0018939394,0.0018939395,0.0018939394,0.0018939397,0.0018939394,0.0018939394,0.9715909038,0.0018939394,0.0018939395,0.0018939401,0.0018939394,0.0018939417000000001,0.0018939396,0.45056100720000003,0.5242288532,0.0021008403,0.0021008475,0.0021008468000000002,0.0021008501,0.0021008502,0.0021008474,0.0021008429,0.0021008434,0.0021008403,0.0021008463,0.002100844,0.0021008403,0.0013166436000000001,0.0013183657,0.14180015370000001,0.1716136714,0.22816581,0.1262241104,0.0013170736,0.3282441716,0,0,1,0,0,0,0,-0.0434439765,0.0500128046,0.1159622575,-0.0394266741,-0.0531119545,0.0587418989,0.0506768835,0.0682708041,0.054291826700000004,0.0300239142,0.0838151667,0.103437148,-0.0777974067,0.0467803875,0.0865279197,0.040732018700000004,0.062046365400000004,0.15178788710000002,0.024174085600000002
/72/1.mp3,0.0029761907000000003,0.0029761922,0.0029761909,0.0029761925,0.051110001200000005,0.150029047,0.0029761905000000003,0.0029761907000000003,0.0029761906000000003,0.002976191,0.3947574545,0.0029761912,0.0029761924,0.0029761909,0.0029761907000000003,0.36838920280000004,0.8200420758,0.0034013812000000003,0.0034013605,0.0034013696,0.0034013702,0.0859478414,0.0034013747,0.0034013712000000003,0.0034013645,0.0565950346,0.0034013605,0.0034013691,0.0034013659000000003,0.0034013605,0.0021562516000000003,0.0021575403,0.0937666551,0.467348348,0.002159095,0.0021582765,0.0021571973,0.4280966362,1,0,0,0,0,0,0,-0.06340435500000001,-0.2316865717,0.06347387040000001,-0.0067442181,-0.0360487528,-0.0372878679,0.0347685614,0.056943994000000005,0.1281601162,0.1207960874,-0.1158433314,0.07896440390000001,0.0072356178,0.0730836294,0.0386688998,0.07809393390000001,0.005560621,0.1083820798,-0.2438808349
/72/2.mp3,0.0024038475,0.0024038466,0.0024038477,0.2104130878,0.0024038464,0.0024038462,0.0024038462,0.0024038488,0.0024038462,0.0024038465,0.13293374200000002,0.46171775800000003,0.0024038468,0.0024038464,0.16608925030000002,0.0024038465,0.0025510453,0.7694417957,0.0025510204,0.0025510286,0.19994586960000002,0.0025510332,0.0025510338,0.0025510306,0.0025510240000000003,0.0025510240000000003,0.0025510204,0.0025510285,0.0025510256,0.0025510204,0.0016040329000000001,0.6265378628,0.0676285778,0.0016058854,0.0016053784,0.0016066582,0.1130349108,0.1863766939,1,0,0,0,0,0,0,0.0027498052,0.0039819438,0.0675421659,-0.0652482385,-0.0168365725,0.057912968,0.044031343,-0.0036340950000000004,-0.16745690770000002,0.0323834328,0.0060488292,0.0979283816,0.0076000965,0.1045721346,0.11975271350000001,0.0021996238,-0.028185160100000002,0.149289275,0.060916952
/72/3.mp3,0.0115438929,0.0003698226,0.22068161300000003,0.057599157000000005,0.00036982270000000003,0.0003698225,0.0003698225,0.0003698228,0.0064583517,0.5005711340000001,0.0003698225,0.032793422,0.02124802,0.0003698225,0.1461458286,0.00036982270000000003,0.40016696960000003,0.3821153818,0.0003990423,0.0003990437,0.2133281736,0.0003990441,0.0003990441,0.0003990436,0.0003990428,0.00039904290000000004,0.0003990423,0.0003990438,0.0003990431,0.0003990423,0.0002433728,0.07352792030000001,0.061801549100000006,0.0339904742,0.13237915220000002,0.2633678358,0.0002435306,0.43444616490000004,0,0,0,0,0,1,0,0.0276121156,-0.0579946402,0.0714832232,0.2223802241,0.034825241800000004,0.0168604703,0.025041048700000002,0.029158296700000003,0.22213751950000002,0.2923417621,0.0169748431,0.1798672599,0.0535474754,0.11732725170000001,0.011531432900000001,0.0570024992,-0.0654694173,0.19383236140000001,-0.36975725930000003
/44/7.mp3,0.37334462,0.0010593222,0.4149202052,0.0010593220000000001,0.0010593222,0.0010593221,0.0010593222,0.0010593220000000001,0.0010593221,0.0010593239000000001,0.0010593220000000001,0.0010593222,0.0624065632,0.0010593220000000001,0.1131034128,0.0245726538,0.2842851732,0.6226730456,0.0011904762,0.0011904802000000001,0.0011904799,0.0011904817,0.0011904817,0.0011904802000000001,0.07994651330000001,0.0011904779,0.0011904762,0.0011904795,0.0011904782,0.0011904762,0.0007401123,0.0007407058,0.25343620710000003,0.31093577,0.23885817620000002,0.1938076839,0.0007403089,0.0007410358000000001,0,0,1,0,0,0,0,-0.1016960508,0.0589494682,0.0694506918,-0.057447930800000005,-0.0608290149,0.0456704735,0.0231977174,-0.039069202000000004,0.026052392400000002,-0.0107548194,0.0611953999,0.07896440390000001,0.0072356178,0.044227299500000004,0.0672120366,0.0310575704,-0.060430245,0.1435735544,0.0448600205
/44/6.mp3,0.0002009648,0.0002009646,0.00020096490000000002,0.1152230905,0.0002009647,0.0002009646,0.0002009647,0.0002009647,0.0370286656,0.0002009646,0.0002009646,0.0002009646,0.0002009646,0.0032919124000000003,0.8420447553,0.0002009647,0.0002225216,0.1337546294,0.0002225189,0.0002225197,0.0002225195,0.8635751344,0.00022251980000000002,0.0002225195,0.0002225192,0.0002225203,0.0002225189,0.0002225195,0.0002225204,0.0002225189,0.0001352434,0.1506281757,0.3476265224,0.0001353113,0.08807162860000001,0.1286046375,0.0626325362,0.2221659449,0,0,0,0,0,1,0,-0.3193541453,-0.1588168676,0.16125323930000002,-0.0523625943,-0.1866630723,0.1018734337,0.0193913461,-0.14170965060000001,-0.0842233307,-0.06549313770000001,0.0423995569,0.0174463517,0.0052433732,0.034331871300000004,0.042268117200000004,-0.0345287693,-0.1148745328,-0.0076423945,0.0393703152
/44/4.mp3,0.0013888890000000001,0.1030427222,0.0013888891,0.0013888889,0.0013888890000000001,0.7410179728,0.0013888889,0.0462739356,0.0013888889,0.0013888891,0.0440822808,0.0503053085,0.0013888902000000001,0.0013888889,0.0013888889,0.0013888893,0.0015528055000000002,0.9798136153,0.001552795,0.0015528004000000001,0.0015527995,0.0015528019,0.0015528018,0.0015527998000000002,0.0015527968,0.0015527972000000001,0.001552795,0.0015527991000000001,0.0015527975,0.001552795,0.0009699766,0.15766440510000002,0.3744449238,0.0009708961,0.1861501619,0.000971459,0.1044819723,0.1743462052,0,0,0,0,0,0,1,-0.0192050408,-0.47505943920000004,-0.2252213273,0.0290015871,0.1840598894,-0.40218416500000004,-0.3219724037,0.1386478515,0.0230507974,0.0377969188,-0.1675730615,-0.0445462736,0.013142425400000001,-0.0430365008,-0.2475857638,0.0003196367,-0.1379633244,-0.0151217389,-0.0669470831
/44/5.mp3,0.0024038463,0.002403847,0.0024038465,0.0024038478,0.0024038482,0.0024038463,0.0024038462,0.19460010390000002,0.0024038462,0.0024038466,0.0024038463,0.6135728942,0.1605769947,0.0024038463,0.0024038464,0.0024038469,0.0023809897000000003,0.9690475197,0.0023809524,0.0023809605000000003,0.0023809596,0.0023809633,0.0023809634,0.0023809603,0.0023809553000000002,0.0023809558,0.0023809524,0.002380959,0.0023809564,0.0023809524,0.30952851060000003,0.0631373153,0.2203436011,0.0014908862000000001,0.1274548772,0.112515737,0.16403819790000002,0.0014908748000000002,0,0,0,0,0,0,1,-0.0327834581,0.09341363280000001,0.0490478257,-0.0607670581,0.058390549900000005,0.0501514613,0.0257711757,-0.0372467592,0.0272552189,0.0023314458,0.046551294900000005,-0.0490529031,0.0072356178,-0.0508352824,0.06322327600000001,0.0004185055,-0.0628709633,0.1435735544,0.055684528000000004
/44/1.mp3,0.0022321430000000002,0.0022321431000000003,0.0022321431000000003,0.0022321432,0.0022321430000000002,0.1446320959,0.0022321429,0.027772067900000003,0.0022321430000000002,0.0022321432,0.0022321438,0.5714494529,0.0022321441,0.002232144,0.2293606637,0.0022321432,0.3147632307,0.2912929817,0.0025510204,0.0025510294,0.24360463100000002,0.0025510326,0.0025510327,0.1248289001,0.0025510237,0.0025510242,0.0025510204,0.0025510278000000003,0.0025510249,0.0025510204,0.0015635533,0.1915489055,0.3542626371,0.446364319,0.0015655292,0.0015655132,0.0015641095000000001,0.0015654332,1,0,0,0,0,0,0,-0.1857482227,-0.10660285380000001,-0.2002476289,-0.0867066017,-0.1992314216,0.159107525,0.1880053726,-0.0811766756,-0.086281311,-0.056302257800000005,-0.0863857618,-0.1411334576,-0.0184567255,-0.13584699290000002,-0.1068726772,0.0369514228,-0.0447117873,-0.0652406086,-0.0595486153
/44/2.mp3,0.0029761905000000003,0.0029761911,0.0029761907000000003,0.002976191,0.0029761932000000003,0.0029761906000000003,0.0029761905000000003,0.0029761971,0.0029761905000000003,0.0029761908,0.1321094103,0.7025315398,0.1266685613,0.0029761912,0.0029761907000000003,0.0029761907000000003,0.0031056440000000003,0.7123446114,0.0031055901,0.0031056,0.0031056018,0.25038817690000004,0.0031056069,0.003105603,0.0031055946,0.0031055945000000003,0.0031055901,0.0031056002,0.0031055966,0.0031055901,0.0019552138,0.0019561097,0.1355264515,0.0019570617,0.3479583328,0.1547944695,0.0531096657,0.3027426954,0,0,0,0,0,0,1,-0.2707009044,-0.0507735724,-0.0037042043,-0.23851157590000002,-0.011026238,-0.1398682144,-0.17107875420000002,-0.047851390800000004,-0.0200646478,-0.0633447984,0.0388606265,-0.14350506600000001,0.0031344138000000002,-0.029501569300000002,-0.139743483,0.0372715753,-0.0080492298,-0.0759446223,0.10780826930000001
/44/3.mp3,0.1924470091,0.0012755104,0.2589054451,0.0012755106,0.0012755104,0.0012755102,0.0012755104,0.0012755156,0.0647589979,0.0826242242,0.0012755112,0.0012755104,0.0907457796,0.0012755108000000002,0.2304304834,0.0686084608,0.5341760244,0.001347719,0.0013477089,0.0013477135000000001,0.0013477130000000002,0.4496514294,0.0013477152,0.0013477134,0.0013477106,0.0013477108,0.0013477089,0.0013477127,0.0013477112,0.0013477089,0.000833746,0.0008338638000000001,0.13080707560000002,0.1781695213,0.0008344276,0.21847056180000002,0.0008340317000000001,0.4692167722,0,0,1,0,0,0,0,0.0373866519,-0.1598214539,-0.0223212092,0.0679968514,0.0182415745,0.0421555245,-0.0029021554,0.1047568982,0.1894524019,0.12356241970000001,0.12658079560000002,0.0262861647,0.1067929673,0.11072304770000001,-0.09797124630000001,0.0919580084,-0.0485638849,-0.0210084242,-0.0807949345
/110/7.mp3,0.0006313143,0.0006313132000000001,0.0116798905,0.1012616062,0.2977819159,0.0006313131,0.041553075,0.0006313145000000001,0.0006313132000000001,0.018098333,0.0006313134,0.271608565,0.0006313135,0.0006313133,0.0204802332,0.23248587240000002,0.0352279488,0.143038514,0.0006002401000000001,0.0006002421,0.3283031889,0.0006002429,0.0006002430000000001,0.2888032759,0.010110253500000001,0.0006002410000000001,0.0006002401000000001,0.1796203899,0.0106947397,0.0006002401000000001,0.0689764955,0.07330707510000001,0.34693096830000003,0.1391242436,0.0003683016,0.22637880070000002,0.08558169610000001,0.059332419100000006,0,0,0,0,1,0,0,0.0198509743,-0.1330774763,-0.045131837300000005,0.0831012083,-0.1280201716,-0.09192133520000001,-0.0169914427,0.0743788341,-0.0871784835,-0.0749660095,-0.0145404798,0.029100074700000002,0.0283016529,-0.2509297703,-0.42647676240000004,-0.1602178675,-0.1624971795,0.0196514637,-0.0860958837
/110/6.mp3,0.0386160074,0.706724055,0.0650288043,0.0014204550000000002,0.045137314000000005,0.0014204546,0.0014204546,0.0014204546,0.0014204546,0.0261256362,0.0014204555000000001,0.10416363320000001,0.0014204562000000001,0.0014204546,0.0014204550000000002,0.0014204553,0.5565786806,0.3962433155,0.0015197568,0.0015197622,0.0015197612,0.0015197636000000001,0.0015197635,0.0015197615,0.0015197586,0.001519759,0.0015197568,0.0015197653,0.0304606385,0.0015197568,0.000933546,0.018829776,0.4566064346,0.39985111440000004,0.0009347287,0.1209758523,0.0009339439,0.000934604,1,0,0,0,0,0,0,0.0760699447,-0.2631341876,0.0791463753,0.1054218606,0.1518292467,-0.3453453651,-0.2393159599,0.0698489295,0.09629688510000001,0.024215026,-0.0312813448,-0.1053412351,0.0401911896,-0.0850877105,-0.2523363238,-0.0516218815,-0.0063115637,-0.1535394594,0.0407633413
/110/4.mp3,0.0006793479,0.8468693637,0.0006793479,0.0006793479,0.0006793483000000001,0.0006793479,0.0006793479,0.0209489305,0.0006793478,0.0006793479,0.0006793483000000001,0.1233501813,0.0006793487,0.0006793479,0.0006793479,0.0006793481,0.2253383119,0.3577645352,0.0007363770000000001,0.0007363795000000001,0.0007363793,0.4087969897,0.0007363804,0.0007363795000000001,0.0007363780000000001,0.0007363781,0.0007363770000000001,0.0007363791,0.0007363783,0.0007363770000000001,0.0004467895,0.061847383500000006,0.0004472171,0.0004472793,0.4196877144,0.1411848168,0.0004471453,0.3754916541,1,0,0,0,0,0,0,-0.11377577300000001,-0.477932212,-0.057254893800000005,0.0751340024,-0.17480450050000002,-0.3637377835,-0.1903050345,-0.2617812774,-0.2226781599,-0.0244175173,-0.3388844788,0.07506168270000001,0.1667913122,-0.0025555763,-0.2216709869,0.0326627776,-0.0052238441000000005,-0.2528839041,-0.3323364493
/110/5.mp3,0.5366335604,0.0016025644,0.0016025648,0.0016025649,0.0016025653000000001,0.0016025641000000001,0.0016025645,0.0181084167,0.1862633346,0.0016025643,0.0016025648,0.0016025643,0.1187980393,0.0316841205,0.0016025686000000002,0.0924868788,0.0016611403,0.9784052639,0.0016611296000000001,0.0016611353,0.0016611342000000002,0.0016611368,0.0016611367000000001,0.0016611346,0.0016611315,0.0016611319,0.0016611296000000001,0.0016611339,0.0016611321,0.0016611296000000001,0.0010170350000000001,0.272708561,0.32938712610000004,0.1801987341,0.2136342069,0.0010182094,0.0010178851,0.0010182423,0,0,0,0,0,0,1,-0.0292769703,-0.061800053,-0.1329179276,-0.327140315,-0.32091299,-0.0985590378,-0.048870508,-0.1125341541,-0.30840563,-0.0818044106,-0.1133999844,-0.0713915937,-0.2674391022,-0.20564812270000002,-0.1695927877,-0.12278589770000001,-0.0182384332,-0.3833161996,0.12453825060000001
/110/1.mp3,0.0016891892,0.0016891892,0.0016891892,0.0016891912000000001,0.0016891892,0.0016891892,0.0016891892,0.9746621594,0.0016891892,0.0016891892,0.0016891893000000001,0.0016891892,0.0016891897,0.0016891893000000001,0.0016891892,0.0016891892,0.0019305185000000002,0.7287187110000001,0.0019305019000000001,0.0019305083000000002,0.0019305084,0.21539634500000002,0.0019305114000000001,0.0019305090000000002,0.0019305045000000002,0.0019305047,0.0019305019000000001,0.0019305077000000002,0.0346493658,0.0019305019000000001,0.4139412441,0.0012157676,0.1023825569,0.0473744383,0.1892092557,0.0012164199000000001,0.2434445096,0.0012158078,0,1,0,0,0,0,0,0.0708901669,-0.0233271161,-0.06827867010000001,0.13610695250000002,-0.031112872000000003,-0.181734048,-0.1983780141,-0.2210864777,0.033061987,-0.0751338245,-0.2668386703,-0.2572512778,-0.1340285104,-0.1310431533,-0.2028458623,-0.1489285787,-0.014480078,-0.1961626901,-0.4457278048
/110/2.mp3,0.0003955697,0.0003955699,0.6702591062000001,0.00039557,0.0003955697,0.0640893869,0.0003955697,0.2066033657,0.0543013029,0.00039557,0.0003955704,0.00039557,0.0003955697,0.0003955697,0.0003955699,0.0003955698,0.1831099717,0.5786970834,0.00039463300000000003,0.00039463430000000004,0.0744089553,0.0003946348,0.1598376524,0.00039463430000000004,0.00039463350000000004,0.0003946336,0.00039463300000000003,0.0003946341,0.0003946337,0.00039463300000000003,0.0002397919,0.0722625816,0.0002398856,0.3750033329,0.0841376045,0.1262393074,0.13134396210000002,0.2105335338,0,0,0,0,0,1,0,0.0408034844,-0.3579194898,-0.0280713102,0.10737307,-0.055700999,-0.37967730650000003,-0.2540006059,-0.2325112067,-0.09939449900000001,0.0219826025,-0.3636122643,0.20423136500000003,0.3391079634,0.08819167380000001,-0.21875132860000002,0.0737770651,0.0073454897,-0.0588023559,-0.48540245190000003
/110/3.mp3,0.0009765626,0.0287597864,0.0009765627,0.039813644100000004,0.1711161879,0.049601972200000004,0.0009765625,0.0009765634,0.0009765625,0.0009765626,0.19402703940000002,0.4897441769,0.0009765627,0.018148129000000002,0.0009765626,0.0009765628,0.4976342868,0.467672063,0.0010822511,0.0010822548,0.0227888634,0.001082256,0.0010822561,0.0010822547,0.0010822524,0.0010822526000000001,0.0010822511,0.0010822541,0.0010822529,0.0010822511,0.28128526660000003,0.0006589449,0.0006589229,0.5595094284000001,0.09824320210000001,0.0583261064,0.0006589304,0.0006591983,0,1,0,0,0,0,0,-0.2616697933,-0.087249238,-0.32515841900000003,-0.1665440949,-0.010286460800000001,-0.2134561777,-0.0322565927,-0.26109005290000004,-0.3675700035,-0.36104825630000004,-0.2063697612,-0.42271266900000004,-0.4300459747,-0.257513738,-0.1130430003,-0.19205445910000002,-0.0737637074,-0.3636757779,0.017385128700000002
/43/7.mp3,0.0715112326,0.0015625001000000001,0.552899284,0.0015624999999999999,0.0015625001000000001,0.0015624999999999999,0.0015624999999999999,0.1509136197,0.0015624999999999999,0.0015625027000000001,0.0015625001000000001,0.0015625002000000002,0.0015625012,0.026277268000000003,0.1812110908,0.0015625005,0.3207241361,0.0016611433,0.0016611296000000001,0.0016611362,0.0016611343,0.0016611374000000002,0.6593422552,0.0016611347000000001,0.0016611316000000001,0.0016611341000000001,0.0016611296000000001,0.0016611341000000001,0.0016611344,0.0016611296000000001,0.0010167545,0.0010171981,0.2841866496,0.1884959269,0.3950104928,0.0010177547,0.001017181,0.1282380425,0,1,0,0,0,0,0,-0.41545483980000003,-0.029476154600000002,-0.15159970450000002,-0.2759851886,-0.2638644294,-0.1798819622,-0.3172668435,0.0816597745,-0.3298509899,-0.3779908583,0.09799586610000001,-0.24051875250000002,-0.1441018568,-0.191157075,-0.0629088478,-0.1159855023,-0.013551722300000001,-0.22356866250000001,0.0672135759
/43/6.mp3,0.0020161293000000003,0.0020161296,0.00201613,0.0020161291000000002,0.0020161292000000003,0.0020161291000000002,0.0020161291000000002,0.0020161291000000002,0.0020161291000000002,0.7055237387000001,0.0654128834,0.0929790615,0.0020161299,0.002016129,0.1118907647,0.0020161294,0.4026229758,0.21963251220000002,0.0021008403,0.0021008478,0.3546352179,0.0021008503,0.0021008504,0.0021008475,0.0021008430000000002,0.0021008435,0.0021008403,0.0021008464,0.002100844,0.0021008403,0.0013034232,0.1008882277,0.1423813865,0.0013039098,0.1356414786,0.0013039286,0.0013052856,0.6158723599,1,0,0,0,0,0,0,-0.0321860057,-0.23346779080000002,0.0535887709,-0.2817878943,-0.2416108629,-0.21794137300000002,-0.3078262445,0.0406916505,-0.2135085308,-0.2490765182,-0.1355341941,-0.059110843700000006,-0.14128851750000002,-0.08743472890000001,-0.1477150697,-0.0842631566,-0.10757632360000001,-0.1718452563,-0.1457844468
/43/4.mp3,0.000437063,0.000437063,0.0004370643,0.00043706290000000003,0.0313643038,0.00043706290000000003,0.000437063,0.00043706290000000003,0.000437063,0.3488168789,0.00043706290000000003,0.6005200192,0.00043706340000000004,0.00043706290000000003,0.014054040700000001,0.0004370631,0.5079118381000001,0.0004549623,0.00045495910000000004,0.00045496050000000003,0.1175097185,0.0004549611,0.12948588460000002,0.24054295820000002,0.0004549596,0.00045495970000000003,0.00045495910000000004,0.0004549603,0.00045495990000000004,0.00045495910000000004,0.1286662338,0.0002769948,0.0002770287,0.35193219410000004,0.24617662070000002,0.1148116551,0.0401658845,0.1176933884,0,1,0,0,0,0,0,0.2933545289,-0.44351496170000004,-0.18706544900000002,0.2026915099,0.08956231640000001,-0.2747014961,-0.4161450507,0.0902959926,0.2113313969,0.199331428,-0.251982619,0.13272497360000002,0.31382845070000004,0.0406435234,-0.080080361,-0.11121839630000001,-0.1123415031,-0.1439445674,-0.4487598325
/43/5.mp3,0.0008928578,0.0008928572,0.3951294152,0.3519274819,0.0008928571000000001,0.0008928571000000001,0.0008928571000000001,0.0008928585,0.0008928572,0.0492791398,0.0008928574000000001,0.0008928577000000001,0.0008928572,0.0008928573,0.1929496741,0.0008928573,0.3490677325,0.14735967960000002,0.0009920635,0.0009920670000000001,0.0009920666,0.33785866610000004,0.0009920682,0.0009920668,0.0009920648,0.1557932665,0.0009920635,0.0009920663,0.0009920652,0.0009920635,0.0006072135000000001,0.0006079362000000001,0.56520377,0.0357231488,0.0006078249000000001,0.3960350119,0.0006073027,0.0006077919,0,0,0,0,0,1,0,0.1861321373,-0.5017375454,-0.11797581530000001,0.1683018829,0.1295992573,-0.35658614920000004,-0.39609199900000003,0.0960868497,0.1104663991,0.0442513963,-0.2760221077,-0.0907617919,-0.1653134714,-0.0801513568,-0.1611100795,-0.1221654176,-0.1675075744,-0.2041100127,-0.4682765876
/43/1.mp3,0.0013020835,0.0013020835,0.0013020835,0.0013020833,0.0013020834,0.0013020833,0.0013020834,0.0013020833,0.0013020835,0.9628607924,0.0013020833,0.0013020843000000001,0.0013020845,0.0013020833,0.018910037600000002,0.0013020837000000001,0.3081488502,0.1848101204,0.0014577259,0.0014577311000000001,0.0014577305000000001,0.0014577328,0.0014577329,0.4910060097,0.0014577278,0.0014577281,0.0014577259,0.0014577301,0.0014577285,0.0014577259,0.0009065658000000001,0.0009083535,0.0778626515,0.1427500784,0.1199709298,0.1061785044,0.0009068051,0.5505161115,0,0,1,0,0,0,0,-0.2436535609,-0.2678774813,-0.2620066551,-0.2572333602,-0.1204768678,-0.0571123121,-0.07235103030000001,-0.13890763250000002,-0.2031603092,-0.2583320401,-0.1239172769,-0.0453916003,-0.1487083984,-0.1959276234,-0.2146064831,-0.14795979550000002,0.0709138837,-0.2838391024,-0.2569820677
/43/2.mp3,0.00047709930000000003,0.0416610015,0.00047709930000000003,0.060112520700000005,0.00047709930000000003,0.00047710090000000003,0.0004770992,0.0004770992,0.0004770992,0.0322160202,0.0323031785,0.8206312099,0.0004770994,0.0083050746,0.00047709930000000003,0.00047709930000000003,0.1123295717,0.6511692995,0.00048262550000000004,0.0004826271,0.2311922374,0.00048262770000000003,0.00048262770000000003,0.0004826271,0.00048262610000000003,0.0004826262,0.00048262550000000004,0.0004826268,0.0004826263,0.00048262550000000004,0.0002958552,0.23815696860000002,0.2651603793,0.2959473313,0.07116694500000001,0.060320108600000005,0.0686564442,0.0002959678,0,0,0,1,0,0,0,0.09901630930000001,-0.3189949429,-0.08344211630000001,0.0400711515,0.24487782330000002,-0.2963971364,-0.0199306585,-0.0402564558,-0.1264725316,0.0879718787,-0.21767583910000002,-0.1429309197,-0.0778657756,-0.0560488021,-0.1596855667,-0.1905487521,-0.0911530521,-0.1480987524,-0.286327633
/43/3.mp3,0.0321133971,0.0007022473,0.0007022473,0.049268644800000004,0.0007022472,0.0007022472,0.2457886944,0.0007022472,0.47165677450000004,0.0007022473,0.0007022472,0.0007022473,0.0007022476,0.0241882605,0.0007022472,0.1699617558,0.22116203110000002,0.1073091801,0.0007936508000000001,0.0395508938,0.0007936532,0.0236447987,0.0007936545,0.0007936534,0.0007936518,0.056465994900000004,0.0007936508000000001,0.32359115320000004,0.2227203829,0.0007936508000000001,0.0004829375,0.1489217803,0.2739370705,0.08710673000000001,0.08799329530000001,0.1836907451,0.00048310540000000003,0.2173843359,0,0,0,0,0,1,0,0.0211582012,-0.38327039230000004,-0.029941972600000002,-0.11825045370000001,-0.10140777720000001,-0.1674057046,-0.34146292440000003,-0.22608951870000002,-0.23670711190000002,-0.174122096,-0.1947545627,-0.11159671410000001,-0.1346717321,-0.1238954871,-0.1285958676,-0.0956014308,-0.1367306502,-0.1507048447,-0.3146096989
/88/7.mp3,0.0004528986,0.0004528986,0.0004528986,0.0004528986,0.4403940425,0.0004528986,0.0004528986,0.0221920289,0.17520748800000002,0.0903021761,0.0004528986,0.2550645337,0.0004528986,0.0004528986,0.012310745000000001,0.0004528986,0.1981701039,0.3738363115,0.0004668534,0.000466855,0.1465822127,0.0004668555,0.00046685540000000004,0.1099416532,0.0004668539,0.1113855435,0.0004668534,0.0092203228,0.0475958723,0.0004668534,0.0002855948,0.4135417494,0.488346135,0.06649590300000001,0.0304732685,0.0002857958,0.0002856912,0.0002858623,0,0,0,0,0,1,0,-0.019681827000000002,0.0584512042,0.049344647400000004,0.1657908552,-0.0338601601,0.027649605,0.019347990500000002,-0.0423113078,0.0369952522,0.0632824798,0.0315166203,0.0792599266,-0.00031945220000000003,0.0248436169,0.041231899100000004,-0.0256888849,-0.1163268915,-0.07119805080000001,0.0169091863
/88/6.mp3,0.1538834054,0.0010593222,0.0010593223,0.0010593220000000001,0.0307711954,0.0010593220000000001,0.0010593221,0.0010593220000000001,0.0010593221,0.7828305683,0.0010593220000000001,0.0010593222,0.0010593229,0.0010593220000000001,0.0198029645,0.0010593223,0.56548342,0.09349120400000001,0.0011904762,0.0011904805,0.0011904799,0.3279301112,0.0011904819,0.0011904803,0.0011904777000000001,0.001190478,0.0011904762,0.0011904796000000001,0.0011904783000000001,0.0011904762,0.000731422,0.0007323712000000001,0.0007319691,0.30044278280000003,0.31422747770000004,0.3816701242,0.0007316338,0.0007322190000000001,0,0,1,0,0,0,0,-0.1045965881,0.0665600085,0.041596329,-0.036961835400000004,-0.0900309292,0.0598656004,0.029906504900000002,-0.029421701600000003,0.027706138800000002,0.0063696269000000005,0.0328077223,0.0410210083,0.015948580900000002,0.0842226107,-0.0043585174,-0.0069527212,-0.0910443097,-0.0356847491,0.0279223655
/88/4.mp3,0.0026041668,0.0026041672,0.002604167,0.13766071770000002,0.0764010572,0.0026041667,0.0026041667,0.0026041761,0.0026041667,0.2244367583,0.0026041684,0.5302514507,0.0026041682,0.0026041678,0.002604167,0.0026041673,0.1815582053,0.0029762151,0.0029761905000000003,0.0029762018,0.0029762005,0.7827274134000001,0.0029762057000000002,0.0029762014,0.0029761946,0.0029761952,0.0029761905000000003,0.0029761997,0.0029761961,0.0029761905000000003,0.0018664882,0.0018670059,0.7351623728000001,0.0018693475,0.1442654241,0.1112326946,0.0018673725000000001,0.0018692943,0,0,0,0,0,0,1,0.051948694600000005,0.08391051120000001,0.1224965422,0.1318326101,0.0578171206,0.1439544714,0.1245501224,0.1216348061,0.1251677689,0.0783205185,0.0326669787,0.0233790366,-0.0218199858,0.0148495807,-0.07772441740000001,-0.0282158467,0.0320796821,-0.1962333909,0.0056442478
/88/5.mp3,0.9950916219,0.00032722510000000003,0.0003272254,0.00032722510000000003,0.00032722510000000003,0.00032722510000000003,0.00032722510000000003,0.00032722510000000003,0.00032722510000000003,0.0003272252,0.00032722510000000003,0.0003272254,0.00032722510000000003,0.00032722510000000003,0.0003272256,0.00032722510000000003,0.0003681916,0.6515586403,0.0003681885,0.3440230857,0.0003681897,0.0003681902,0.0003681903,0.0003681898,0.00036818900000000005,0.00036818900000000005,0.0003681885,0.00036818960000000004,0.0003681892,0.0003681885,0.0002233121,0.00022339860000000002,0.4638387949,0.2558071319,0.2537919758,0.0002236122,0.0002234185,0.025668356000000003,0,0,0,0,1,0,0,-0.0835289957,-0.2065634317,0.061101762000000004,0.13214936430000002,-0.0219729909,0.0028104657,0.0063918256000000005,-0.031138722400000002,0.067143271,0.065435849,0.0016397255,0.0793648518,0.0483694238,0.0403509228,0.045306513300000004,-0.0427794997,-0.1189052672,0.1435735544,-0.1030410529
/88/1.mp3,0.0024038462,0.0024038462,0.0024038462,0.0024038462,0.0024038462,0.0024038462,0.5863224907,0.0024038462,0.38002366200000004,0.0024038462,0.0024038462,0.0024038462,0.0024038462,0.0024038462,0.0024038462,0.0024038473000000003,0.0026455214,0.9656083790000001,0.0026455026000000003,0.0026455118,0.0026455105,0.0026455146,0.0026455146,0.0026455112,0.0026455058,0.0026455064000000003,0.0026455026000000003,0.0026455099,0.002645507,0.0026455026000000003,0.0016455068,0.0016463916,0.5520282522000001,0.0016480379,0.2934721481,0.1462654451,0.0016462900000000001,0.0016479284,0,1,0,0,0,0,0,-0.1016739764,-0.0489165832,-0.1674684682,0.0211860309,-0.1298289697,-0.092944331,0.0673880005,-0.0687427625,-0.25907945250000003,-0.1565937705,-0.0840504104,-0.0296446058,-0.028563739600000002,0.0192017145,-0.0509430741,0.0070782478000000005,-0.0246098366,-0.23476188220000002,0.08236631300000001
/88/2.mp3,0.0004807693,0.0004807694,0.0477246688,0.000480771,0.0754001672,0.0004807693,0.2921783823,0.0004807693,0.1524580696,0.0004807693,0.0004807692,0.0073150098,0.0004807699,0.0004807692,0.36761297940000004,0.052983796900000005,0.0005176017,0.0005176023,0.0005175983,0.0005176002000000001,0.0005175998,0.7626408358000001,0.0005176006,0.0005175999,0.000517599,0.0005175991,0.0005175983,0.0005175997,0.2311479669,0.0005175983,0.0003150769,0.0906749939,0.7217660648,0.0003154136,0.0003154069,0.0271798473,0.00031524010000000003,0.1591179564,0,1,0,0,0,0,0,-0.0522310556,-0.2220878806,0.0329493825,0.061725326600000005,-0.09857569520000001,-0.150151321,0.07882361090000001,-0.033291036,0.0032558085,-0.0192869679,-0.0064509680000000005,0.0116262575,0.1000750298,0.1324185384,-0.07081504200000001,-0.004560993,-0.1136590786,0.0350810115,-0.1584215797
/88/3.mp3,0.0027173913,0.31388093370000003,0.0027173913,0.0027173913,0.0027173913,0.0027173914,0.0027173913,0.0027173913,0.0027173913,0.0027173913,0.6480755879,0.0027173913,0.0027173913,0.0027173913,0.0027173913,0.0027173913,0.0031056076,0.9596272347,0.0031055901,0.0031056012,0.0031055982000000003,0.0031056059000000003,0.0031056029,0.0031055988,0.0031055935,0.0031055945000000003,0.0031055901,0.0031055978,0.0031055946,0.0031055901,0.0019243116000000002,0.0019269098000000001,0.9865220413,0.0019262434000000001,0.0019242183,0.0019264649,0.0019243114,0.0019254993,0,0,0,0,0,1,0,-0.19430211560000002,0.235613078,-0.1582747885,-0.2938234919,-0.1125228686,0.1585986418,0.1638329995,-0.1238934148,-0.2850760012,-0.2398159914,-0.0276802375,-0.31159432130000003,-0.446306521,-0.12419183160000001,0.0419048476,-0.134633404,-0.1492496261,-0.339933574,0.251023602
/38/7.mp3,0.0006127470000000001,0.0006127452,0.0006127453,0.1217590102,0.08861118350000001,0.0006127451,0.1589001354,0.0006127465,0.16699406090000002,0.0006127452,0.0006127454000000001,0.0006127454000000001,0.0006127454000000001,0.0006127453,0.3115861083,0.14602204600000002,0.0006613805,0.2796621547,0.0006613757,0.0006613779,0.0006613777,0.5632068619,0.0006613787,0.14985583430000002,0.0006613765,0.0006613766000000001,0.0006613757,0.0006613775000000001,0.0006613768,0.0006613757,0.0004037971,0.2522725575,0.2189442204,0.0004039541,0.0004040068,0.21408850270000002,0.0712282568,0.2422547045,0,0,0,0,1,0,0,0.1502798394,-0.3298101793,-0.0610057985,0.24283087860000002,0.0588311913,0.0384454896,0.150548382,-0.0207047962,0.2003348147,0.129693507,-0.20677970510000002,0.0008392706,0.25594750050000004,-0.012410372400000001,-0.261486574,0.021477950200000002,-0.0815594447,-0.2840713154,-0.3088353882
/38/6.mp3,0.0009328365,0.000932836,0.0009328365,0.0009328358000000001,0.0009328359,0.0009328358000000001,0.1545089588,0.0009328358000000001,0.0009328379,0.3908393786,0.0009328358000000001,0.0789787103,0.1304925416,0.0009328358000000001,0.039951984,0.1959000648,0.16323104030000002,0.1785305837,0.0010060362,0.0010060397,0.0010060394,0.0010060409,0.5468585462000001,0.1013194488,0.0010060375,0.0010060377,0.0010060362,0.0010060391,0.0010060380000000001,0.0010060362,0.0006160743,0.0006164338000000001,0.4498389773,0.1072008185,0.1845815151,0.2559129277,0.000616338,0.0006169153,0,0,1,0,0,0,0,-0.0917141627,0.0972818725,0.019943604900000002,0.0613318681,-0.1926977332,0.1605946755,0.14411038710000001,-0.11211622980000001,-0.28860719030000004,-0.07017155330000001,-0.043572269000000004,-0.2868340377,0.0290524227,0.0103345772,-0.1716938251,-0.015862091000000002,-0.011312878,-0.2417662652,-0.3207179307
/38/4.mp3,0.0018939394,0.00189394,0.0018939397,0.3083304589,0.0018939395,0.0018939395,0.0018939394,0.0813793459,0.0018939394,0.2645886981,0.2069020084,0.1179661536,0.0018939396,0.0018939397,0.0018939395,0.0018939396,0.8214071156,0.0021008596000000003,0.0021008403,0.0021008491,0.1533827262,0.0021008513,0.0021008511,0.0021008479,0.0021008432,0.0021008439,0.0021008403,0.0021008469000000003,0.0021008442000000002,0.0021008403,0.0013170489,0.0013186189,0.0013179642,0.1535946203,0.0013182654,0.2964394067,0.054599850500000005,0.49009422500000005,0,1,0,0,0,0,0,0.0754973844,-0.22866250840000002,-0.2329462502,-0.0587395873,0.1515540448,-0.1852025908,0.030750243700000002,0.1347343074,-0.09440120610000001,-0.09944614140000001,-0.0181043744,-0.2465094881,0.1030481168,0.042415719000000005,-0.2615647043,0.0540221498,0.1709868321,-0.26747179800000004,-0.136760283
/38/5.mp3,0.0010775862,0.49801999080000003,0.0010775862,0.1740084369,0.0010775862,0.0010775862,0.0010775862,0.13158071970000002,0.0010775862,0.0010775862,0.1440878544,0.0010775862,0.0010775862,0.0404495495,0.0010775863,0.0010775863,0.29356274,0.6921515146,0.0011904762,0.0011904802000000001,0.0011904798,0.0011904817,0.0011904817,0.0011904802000000001,0.0011904777000000001,0.0011904779,0.0011904762,0.0011904795,0.0011904782,0.0011904762,0.00072709,0.0007276670000000001,0.0007277741000000001,0.3050272811,0.4643223329,0.1251731455,0.0007274185,0.1025672908,0,1,0,0,0,0,0,0.0845613827,-0.1433179411,-0.1151249441,0.055204019900000005,0.1370619917,-0.1402230006,-0.15322572280000002,0.0966803282,-0.031242429500000002,-0.1244112842,-0.1586120081,-0.2720686814,-0.0255365057,-0.20297500770000002,-0.4021207194,-0.0121664357,0.0623107289,-0.3330943138,-0.0086014825
/38/1.mp3,0.0005530975000000001,0.0005530976,0.0005530975000000001,0.0005530989,0.1541353895,0.0005530974,0.0005530987,0.0005530974,0.11769106180000001,0.011300271,0.07017081580000001,0.12925112900000002,0.0005530982,0.0005530974,0.5006463265000001,0.011827125800000001,0.000621123,0.2434587077,0.000621118,0.1741147942,0.0435793597,0.0006211209,0.2200296943,0.0006211202,0.0006211188,0.3132273681,0.000621118,0.0006211198,0.0006211192,0.000621118,0.3040730796,0.1288536761,0.4303040473,0.0579275117,0.0003804886,0.00038044610000000003,0.0777001781,0.00038057250000000004,0,0,0,1,0,0,0,-0.2181813115,-0.04010158,-0.07678928880000001,-0.2355119817,-0.1939650632,0.042725782500000004,-0.055605648300000005,-0.0069031496,-0.0269454374,-0.07729842490000001,-0.0640853482,-0.2736851319,-0.1393497324,-0.023004309400000002,0.0320659603,-0.078973422,-0.216023548,-0.2451485904,-0.1590701223
/38/2.mp3,0.0129858252,0.000694445,0.0006944447,0.2464565178,0.0006944445000000001,0.0006944445000000001,0.1443912048,0.0551638049,0.0006944445000000001,0.0006944447,0.0006944476,0.1581752794,0.0006944446,0.0006944445000000001,0.3758829185,0.0006944445000000001,0.0006802770000000001,0.3642170314,0.0006802721,0.0006802744000000001,0.6276196829,0.0006802752,0.0006802752,0.0006802743,0.0006802729,0.0006802731,0.0006802721,0.000680274,0.0006802732000000001,0.0006802721,0.0004172892,0.3113455234,0.2401492693,0.000417517,0.0004173646,0.17117821960000001,0.275657464,0.0004173528,0,0,0,0,1,0,0,0.023173370800000002,-0.2657386974,-0.0757722384,0.1775015336,-0.0310405836,-0.1327770788,0.062714403,-0.0997207746,-0.0405017507,0.10126229340000001,-0.2255495388,-0.0286615889,0.1169195683,0.0106284412,-0.1796291087,0.1867545955,0.1563390108,-0.1087941263,-0.3689060411
/38/3.mp3,0.0015243910000000002,0.0015243914,0.0015243907,0.0015243917,0.0015243941000000001,0.0015243904,0.0015243907,0.0015243929000000002,0.0015243904,0.5776272451000001,0.1696189543,0.204734989,0.0015243925,0.029726114,0.0015243905,0.0015243913,0.7000390510000001,0.2284254648,0.0017421603,0.0017421664,0.0017421657,0.052371682700000005,0.0017421685,0.0017421662000000001,0.0017421625,0.0017421628,0.0017421603,0.0017421652,0.0017421633,0.0017421603,0.0010694996,0.0010702434,0.0010705171,0.015980871100000002,0.0010703967,0.6438323638,0.061554387200000005,0.274351721,0,0,0,0,0,0,1,-0.17552872320000001,-0.34041991400000005,-0.4268116322,-0.3029955898,-0.0715430401,-0.4483898046,-0.3768379743,-0.1206459305,-0.3053759696,-0.3006615776,-0.13429029450000002,-0.36548165600000004,-0.4386215754,-0.2733750031,-0.2800698706,-0.1230703229,-0.01577283,-0.37458349500000004,-0.2455632137
/36/7.mp3,0.0009615385,0.0365282088,0.0009615385,0.0196505467,0.0009615385,0.9012397214000001,0.0009615385,0.0310430602,0.0009615385,0.0009615385,0.0009615393000000001,0.0009615385,0.0009615385,0.0009615387000000001,0.0009615385,0.0009615385,0.36794888530000003,0.1397949286,0.0010504202000000001,0.4807015391,0.0010504234000000001,0.001050425,0.001050425,0.0010504236,0.0010504215000000001,0.0010504217,0.0010504202000000001,0.0010504239,0.0010504223,0.0010504202000000001,0.0006481459,0.0895190548,0.22795616540000002,0.0730205349,0.2286816864,0.26205053100000003,0.0006485460000000001,0.1174753355,0,1,0,0,0,0,0,0.11948657750000001,0.08156003020000001,0.0669859226,0.0074224284,0.033420420400000005,0.0465784873,0.0254718762,0.0614685754,0.06712236540000001,0.049112880500000004,0.0564774886,0.07896440390000001,0.0072356178,0.0375927106,0.0009882944,-0.011084566300000001,-0.11596422760000001,0.1251063666,0.0169091863
/36/6.mp3,0.002016129,0.0020161293000000003,0.002016129,0.0020161293000000003,0.0961048745,0.0020161291000000002,0.002016129,0.0020161324,0.002016129,0.0020161291000000002,0.8756693144000001,0.0020161292000000003,0.0020161291000000002,0.0020161294,0.0020161291000000002,0.002016129,0.3015172139,0.5591779785000001,0.001984127,0.0019841341000000003,0.0019841323,0.0019841355,0.11747935570000001,0.0019841326,0.0019841292,0.0019841299,0.001984127,0.0019841431,0.0019841344,0.001984127,0.7759560907,0.0012515021,0.0012520143,0.0012519334000000001,0.14180168640000002,0.07598259710000001,0.0012519269,0.0012522491,0,0,0,1,0,0,0,-0.3142259992,0.2594887026,0.0265947058,-0.36686077650000004,-0.1815985235,0.2192007081,0.09693472460000001,-0.0072825852,0.017465817300000002,-0.2946649206,0.1883063188,-0.2147755727,-0.35767867340000004,-0.0935605925,0.0646151726,-0.032374820400000004,-0.11896517640000001,-0.1878948118,0.438644855
/36/4.mp3,0.0024038462,0.0024038468,0.0024038464,0.0024038463,0.0024038462,0.12091731480000001,0.0024038462,0.6942287311,0.0024038462,0.0024038463,0.11492244200000001,0.0410853567,0.0024038462,0.0024038463,0.0024038462,0.0024038462,0.5677998869,0.0027472714,0.0027472527,0.19337678560000002,0.0027472602,0.002747264,0.0027472641,0.0027472607000000003,0.0027472557,0.09298365730000001,0.0027472527,0.0027472691,0.1183670668,0.0027472527,0.245498131,0.00178894,0.2960389628,0.0017884948000000001,0.347914697,0.1033925691,0.0017890349,0.0017891704,1,0,0,0,0,0,0,-0.0695080852,-0.1051253018,-0.0488273315,-0.0546009565,-0.08272908670000001,-0.09372980560000001,-0.0975501599,-0.0224470873,0.0261279325,-0.0041077987,0.0407560705,0.095197452,0.0135604677,0.029414689,0.056515771400000005,-0.0097386787,-0.11137864010000001,0.115324799,-0.0109235702
/36/5.mp3,0.0018939403,0.0018939404000000001,0.1810826292,0.0018939406,0.0018939397,0.0018939395,0.00189394,0.11032729200000001,0.0018939397,0.45236479020000003,0.0731086841,0.12438992380000001,0.0018939405000000002,0.0018939397,0.0018939397,0.0397872808,0.6511620233000001,0.0019305124,0.0019305019000000001,0.0019305067,0.07534896120000001,0.0019305084,0.0019305085,0.1183665572,0.0019305037,0.001930506,0.0019305019000000001,0.1358173992,0.0019305074,0.0019305019000000001,0.0248879075,0.0011933545,0.1050019576,0.0011925240000000001,0.0011928678,0.0953925775,0.1180774747,0.6530613363000001,0,0,0,0,0,0,1,0.040410507400000004,-0.0802428662,-0.14064150990000002,-0.0028176547,-0.035889530600000004,-0.0143748001,0.0126007752,-0.002298787,0.1042006058,0.0647612546,-0.019364968200000002,-0.004594403,0.1010138758,0.1002052259,-0.0402745321,-0.0100541452,-0.09147382300000001,0.0954269434,-0.0669065229
/36/1.mp3,0.13935219170000002,0.0005434785,0.2873956358,0.0005434783,0.0005434794000000001,0.0548022373,0.0005434784,0.0005434786,0.044155936800000004,0.038981478300000004,0.0664207799,0.0005434791000000001,0.0910500077,0.0005434783,0.2734939021,0.0005434799,0.0005903235,0.9923258355000001,0.0005903188,0.0005903207,0.0005903206000000001,0.0005903215,0.0005903216,0.0005903208,0.0005903195,0.0005903196,0.0005903188,0.0005903205,0.0005903198,0.0005903188,0.17571144,0.0003598535,0.1832902332,0.1116209149,0.14183334220000002,0.2263664487,0.1594496111,0.0013681564,0,0,0,0,0,1,0,0.2238526334,-0.368103822,0.0446506967,0.19135267050000002,0.1571437714,-0.3401019919,-0.030265992300000003,0.0985166497,0.19315517840000002,0.24455266150000002,-0.18170103340000002,0.0729626252,0.0190629621,0.0332242873,-0.0530690508,0.06981204960000001,0.1275176642,0.0896817111,-0.2479712588
/36/2.mp3,0.4938259803,0.0007911393,0.37069696150000003,0.0260182161,0.0007911393,0.0007911392,0.039025277000000004,0.0617310321,0.0007911394,0.0007911393,0.0007911394,0.0007911393,0.0007911397000000001,0.0007911393,0.0007911395,0.0007911394,0.21064617670000002,0.6316113800000001,0.0008928571000000001,0.0008928601,0.1479209941,0.0008928612000000001,0.0008928613,0.0008928601,0.0008928582,0.0008928584,0.0008928571000000001,0.0008928596000000001,0.0008928587000000001,0.0008928571000000001,0.0005510245000000001,0.0971557968,0.0005517094,0.1264951161,0.4545614901,0.0005513598,0.0005512086000000001,0.3195822948,0,1,0,0,0,0,0,-0.11532290740000001,0.2165235064,-0.0001534641,-0.043141891700000004,-0.1805697675,0.1660721835,0.1723137147,-0.057125144600000004,0.033692378200000005,0.013271752500000001,-0.0476419712,0.0463581365,-0.03187161,-0.033187522000000004,0.055657413600000004,-0.11797253,-0.0330034514,0.1281446545,0.0490640405
/36/3.mp3,0.0012755104,0.0012755107000000001,0.8823160566,0.0358641034,0.0012755103,0.022295017400000002,0.0012755102,0.0012755102,0.0012755103,0.0012755114000000001,0.0012755102,0.0012755109,0.0012755104,0.0442186968,0.0012755103,0.0012755105,0.0013736372,0.9821428112,0.0013736264,0.0013736311,0.0013736304,0.0013736326,0.0013736326,0.0013736308,0.001373628,0.0013736283,0.0013736264,0.0013736301,0.0013736286,0.0013736264,0.0008567912,0.29026544530000004,0.2272279979,0.0008578320000000001,0.0008576615000000001,0.0580009856,0.0008572284000000001,0.42107605810000004,0,0,0,1,0,0,0,-0.0329842509,0.22708102700000002,0.1059809294,-0.0466729082,-0.06454211110000001,0.14823588570000001,0.1269636237,-0.131026996,0.0115663658,-0.1051278402,0.0397067503,0.0817675394,-0.1360415002,-0.0100988572,0.0920958018,-0.013030382600000001,-0.1184633077,0.0709380302,0.1829927418
/31/7.mp3,0.2383653352,0.0022321442,0.6582342491000001,0.0022321444000000003,0.0022321432,0.0022321431000000003,0.0022321429,0.0022321429,0.0022321429,0.0022321514,0.038309874,0.002232148,0.0022321431000000003,0.0383048084,0.0022321434,0.0022321436,0.0025510436,0.9124555067000001,0.0025510204,0.0025510288,0.0569321626,0.0025510327,0.0025510332,0.0025510299,0.0025510238,0.0025510241000000003,0.0025510204,0.0025510281,0.0025510252000000002,0.0025510204,0.0016241894,0.0016252313,0.5684025236,0.001626054,0.2544342508,0.1690364538,0.0016249674,0.0016263295,0,1,0,0,0,0,0,-0.0713162534,0.218092485,0.0651799193,-0.0060050509,0.1677955801,-0.0012102969000000001,-0.0794867563,-0.0423113078,0.0269281882,-0.010613669000000001,0.0224491541,-0.0065997007,0.0072356178,0.0194744947,0.06322327600000001,0.0007760387000000001,-0.026128808400000002,0.0916600047,0.1747549091
/31/6.mp3,0.36992158340000003,0.0003324469,0.28695660570000003,0.0003324468,0.0358769336,0.0003324468,0.0003324469,0.0003324468,0.0003324468,0.0003324475,0.0464472731,0.24268145600000002,0.0003324469,0.0003324468,0.014791679200000001,0.0003324469,0.1443332316,0.16196355140000002,0.0003467406,0.0003467418,0.32084610420000004,0.0003467422,0.330412716,0.0003467417,0.000346741,0.0003467411,0.0003467406,0.039323725500000004,0.00034674150000000003,0.0003467406,0.0002117136,0.16201733340000002,0.2521899918,0.13583192460000001,0.0002119017,0.2286863617,0.2206388856,0.00021188750000000002,0,0,0,0,0,1,0,-0.10797935730000001,0.0461399745,0.110890451,0.1883516539,0.0098571582,-0.1952234168,-0.1511903774,0.10804918000000001,0.0436355402,0.0266200712,0.1128946252,0.1185139618,0.17462587000000002,0.06486290800000001,0.06322327600000001,-0.0033150098,-0.08121995580000001,0.1435735544,-0.11006465630000001
/31/4.mp3,0.0008680556,0.0008680556,0.0008680559,0.0008680556,0.0008680556,0.0008680556,0.6825622286,0.0008680556,0.0963895743,0.0008680556,0.0008680556,0.0008680556,0.0008680556,0.0008680556,0.2097634744,0.0008680556,0.0009920717,0.000992072,0.0009920635,0.1851579182,0.0208327549,0.07476549710000001,0.2623333391,0.0464269573,0.0009920648,0.0009920665,0.0009920635,0.1119314047,0.2916076634,0.0009920635,0.0006070586,0.0006072765,0.6993937625000001,0.0006077319,0.0006078608,0.0006074372,0.0006073746,0.29696149800000005,0,1,0,0,0,0,0,-0.3558978451,0.3302103636,-0.14925199150000001,-0.2755498729,-0.3101958636,0.5520547795,0.48182829800000004,-0.14193063,-0.16460454060000002,-0.19070952700000002,0.0028613458000000002,-0.0583042557,-0.1496625068,0.0488171562,0.0648338604,-0.0185933687,-0.0454429581,-0.0182469377,0.27890942280000003
/31/5.mp3,0.0012500001,0.7742422361,0.0012500002,0.00125,0.0012500001,0.0913373809,0.00125,0.00125,0.00125,0.0012500003000000001,0.0012500009000000001,0.1181703791,0.0012500017,0.00125,0.00125,0.0012500005,0.3637639462,0.6197525013,0.0013736264,0.0013736310000000002,0.0013736306,0.0013736327,0.0013736327,0.0013736310000000002,0.0013736281,0.0013736283,0.0013736264,0.0013736302,0.0013736287,0.0013736264,0.000851388,0.1298201618,0.0008518232,0.43247262670000003,0.2346494725,0.0008513208000000001,0.0630159846,0.1374872224,0,1,0,0,0,0,0,0.2770720808,-0.3405280611,0.0223007702,-0.011271331800000001,0.2767782855,0.002830209,0.0064429458000000005,0.1042762144,0.2957520359,0.0866454091,0.038910844,0.0991872911,0.32562762440000004,0.0729460499,0.06322327600000001,0.129969258,0.0372755603,0.1435735544,-0.1224025594
/31/1.mp3,0.0004770992,0.0004770992,0.0004770992,0.00047709930000000003,0.0004770992,0.0004770992,0.3153165126,0.0681231709,0.274136221,0.0004770992,0.00047709930000000003,0.0004770992,0.00047709930000000003,0.00047709930000000003,0.0004770992,0.3366989043,0.5521823767,0.0004926144,0.0004926108,0.0004926125,0.0004926123,0.240222432,0.013902047,0.0229484693,0.1323038075,0.0004926115000000001,0.0004926108,0.0344999727,0.0004926118000000001,0.0004926108,0.0003005489,0.0003006155,0.00030078740000000003,0.20945885900000002,0.18857140590000002,0.30385959,0.0003006876,0.2969075058,0,0,0,0,0,1,0,0.0967629485,0.054415723000000006,0.0594945964,-0.0240952556,0.11388249760000001,0.0742775261,0.1469236616,0.0057338874,-0.0224920019,0.0937893107,-0.0645339511,0.0077863653000000005,-0.08377467250000001,0.035907389500000005,0.2042556536,0.0137941793,-0.09619411750000001,0.1234983288,-0.10367757150000001
/31/2.mp3,0.0020833333000000002,0.0020833338,0.0020833335,0.0020833334000000003,0.0020833334000000003,0.0020833334000000003,0.0020833333000000002,0.0020833334000000003,0.0020833333000000002,0.2563925908,0.1642898277,0.5522342472,0.0020833334000000003,0.0020833333000000002,0.0020833334000000003,0.0020833334000000003,0.1742357501,0.383240707,0.0021645022,0.10550977510000001,0.3153687019,0.0021645124,0.0021645126,0.0021645097,0.0021645049,0.0021645053000000003,0.0021645022,0.0021645084,0.002164506,0.0021645022,0.0013601366,0.1586043588,0.32910404860000003,0.0013608875,0.3108370499,0.0013624745,0.1960097762,0.0013612679,1,0,0,0,0,0,0,-0.0013475825000000001,-0.0191389559,0.1951411331,0.062540443,0.09065254610000001,0.052932675400000004,-0.0082451393,0.12779648130000001,0.0620179748,0.064841251,-0.056247588200000004,0.168563757,0.045367556,0.0262157247,0.0499580691,0.08912676330000001,0.1356410895,0.15716237900000002,-0.0740858293
/31/3.mp3,0.000992064,0.0009920638000000001,0.17283838370000001,0.0009920637,0.0009920664000000001,0.0009920635,0.0009920639,0.058438060300000004,0.0009920635,0.4829650843,0.2000507568,0.0747950114,0.0009920638000000001,0.0009920635,0.0009920636,0.0009920636,0.5642620414,0.4004940018,0.0010989011,0.0010989048,0.023156019200000003,0.0010989061,0.0010989062,0.0010989048,0.0010989024,0.0010989027000000001,0.0010989011,0.0010989042,0.001098903,0.0010989011,0.1916779274,0.0255526293,0.0006732841,0.0006732116,0.000673311,0.6582178897000001,0.0006732829000000001,0.12185846400000001,0,0,0,0,0,0,1,0.1359633703,0.0233902101,0.1069857782,0.0262741906,0.29739023670000003,0.0197698647,-0.0046598218,0.22171053570000002,0.18015917450000002,0.0236457036,-0.0223217138,-0.0094180171,-0.0218201059,0.0492787022,0.0277969398,0.099317629,0.0247598482,0.0221602176,-0.1092577081
/91/7.mp3,0.09420605850000001,0.0011160715000000001,0.0011160721,0.0011160714,0.0011160715000000001,0.0011160714,0.5355497188,0.0011160714,0.0011160716,0.1526205112,0.0011160714,0.0011160714,0.0011160715000000001,0.0011160714,0.0880100297,0.1173368951,0.3447138751,0.4075929529,0.0012315271,0.0012315313,0.2341463454,0.0012315328,0.0012315328,0.0012315312,0.0012315286,0.0012315289,0.0012315271,0.0012315305,0.0012315292,0.0012315271,0.0007579327,0.0007581311,0.27327060880000004,0.1805761831,0.0007588837,0.4233263987,0.0007582332,0.11979362880000001,0,0,1,0,0,0,0,0.1693235747,-0.2006673383,-0.1250679346,0.18675431280000002,0.2077360776,-0.11339186870000001,-0.1308540505,0.0209010552,-0.011799162,0.0031264426000000003,0.1271285162,-0.0725884279,-0.09196397690000001,-0.0119861476,0.0703425183,0.0454645863,0.1286951993,-0.1456005695,0.0757254247
/91/6.mp3,0.0022321429,0.424715738,0.0022321429,0.0022321429,0.0022321430000000002,0.0022321430000000002,0.0022321429,0.0022321429,0.0022321429,0.0022321430000000002,0.0966642562,0.4496021469,0.0022321437,0.0022321429,0.0022321429,0.0022321431000000003,0.0019305181,0.6085555406000001,0.0019305019000000001,0.0019305084,0.0019305083000000002,0.3682783764,0.0019305113,0.0019305089000000001,0.0019305045000000002,0.0019305047,0.0019305019000000001,0.0019305076000000001,0.0019305055,0.0019305019000000001,0.040887264900000005,0.0701163831,0.1506536612,0.0011925238,0.34108673980000004,0.001192582,0.3936781224,0.0011927228,1,0,0,0,0,0,0,0.1544363859,-0.3906081366,-0.2949114768,0.08347628210000001,0.22798680540000002,-0.4312844336,-0.3089273806,-0.1182838051,0.08939760890000001,-0.0207147871,-0.0666517058,-0.3655303098,0.1530017893,-0.13538689710000001,-0.2873886712,0.08397202200000001,0.2383900177,-0.2737305271,-0.25151600890000003
/91/4.mp3,0.0005530974,0.0005530975000000001,0.0005530974,0.037815225800000005,0.0005530974,0.0005530974,0.5202282477,0.0113225687,0.3357936899,0.0005530975000000001,0.0005530975000000001,0.0005530974,0.0005530976,0.010773172900000001,0.0785361204,0.0005530975000000001,0.21248390890000002,0.3925925968,0.0006321113,0.0006321134,0.0006321132,0.0006321141000000001,0.0006321142,0.3879702561,0.000632112,0.0006321121,0.0006321113,0.000632113,0.0006321123,0.0006321113,0.000383831,0.0810524704,0.1031333487,0.49788421580000003,0.0363876828,0.1665992965,0.1141750529,0.0003841019,0,0,0,0,0,0,1,0.2447768585,0.10420636180000001,0.17386864770000002,0.1291209224,0.16067818220000002,0.0458209656,0.0094222921,-0.3857583187,-0.1086279616,-0.0641443793,0.0583689364,-0.1077121635,-0.0839841228,-0.22962818740000002,-0.1790083596,0.0637449098,0.1914751992,-0.3171427445,-0.0272632455
/91/5.mp3,0.0006578952,0.0006578948000000001,0.7286477275000001,0.0006578947,0.0006578948000000001,0.0006578947,0.0006578947,0.0006578947,0.0006578947,0.0006578948000000001,0.0006578947,0.0006578953,0.000657895,0.0006578947,0.000657895,0.2621417446,0.2598180114,0.0007518851,0.0007518797,0.0007518822,0.0516077974,0.6803034953,0.0007518831,0.0007518822,0.0007518806,0.0007518807,0.0007518797,0.0007518818,0.000751881,0.0007518797,0.0004580702,0.00045816840000000004,0.1390417375,0.035906957600000004,0.1885953451,0.36203313530000003,0.00045828540000000004,0.2730483004,0,0,0,0,0,0,1,0.1663140387,-0.3539136171,0.0124802521,0.28718924760000003,0.2000393729,-0.36298202150000003,-0.3665103973,-0.007929357,0.1640550624,0.31386293930000003,-0.0682189312,0.21717746940000002,0.1473677963,0.0470700224,-0.389209729,0.1629194588,0.1567060015,-0.27564827070000003,-0.3642756627
/91/1.mp3,0.0007102273,0.0007102273,0.0007102273,0.0007102273,0.0007102273,0.3591027357,0.0007102273,0.6309540819,0.0007102273,0.0007102273,0.0007102274,0.0007102273,0.0007102273,0.0007102276,0.0007102273,0.0007102273,0.4550753954,0.5351843237,0.0008116883000000001,0.0008116911,0.0008116908000000001,0.000811692,0.000811692,0.000811691,0.0008116893,0.0008116895,0.0008116883000000001,0.0008116906,0.0008116897,0.0008116883000000001,0.0005023296,0.4538546088,0.0005028892,0.4980734875,0.0005029976,0.0455582012,0.0005025322,0.0005029539,0,0,0,1,0,0,0,-0.346471955,-0.08382067060000001,-0.46135904440000003,-0.580599404,-0.4592076712,-0.1539999815,0.0351997503,-0.5000376677,-0.5900650040000001,-0.6440916624,-0.4779880388,-0.5014589566000001,-0.3946044748,-0.40271931180000003,-0.0321310971,-0.1444655649,0.0426373299,-0.4515618142,0.08712371490000001
/91/2.mp3,0.0920931309,0.0009920637,0.0009920644,0.12715546020000001,0.017612704,0.0009920635,0.4863215509,0.0009920635,0.0009920636,0.0009920636,0.0009920635,0.0009920636,0.0009920647,0.0009920635,0.1372765875,0.1296199287,0.6522535358,0.0009920709,0.0009920635,0.0009920669,0.0009920665,0.2896397772,0.0009920681,0.047193963000000005,0.0009920647,0.0009920649,0.0009920635,0.0009920663,0.0009920652,0.0009920635,0.0006071616,0.0548931049,0.000607661,0.5564090821000001,0.0006079188,0.2541330435,0.0006073945,0.1321346337,0,1,0,0,0,0,0,0.0247358632,-0.2296497693,0.0493519241,-0.0096721748,-0.1512574261,-0.2278658734,-0.2733287247,-0.1496551248,-0.0030903641,0.08446661970000001,-0.1483076246,-0.20163882100000002,-0.0856179086,0.0177743904,-0.1824594616,0.0541095678,0.0845781901,-0.22265873390000002,-0.3572077039
/91/3.mp3,0.0012755117,0.0012755108000000002,0.0012755103,0.0012755104,0.0873122999,0.0012755103,0.0012755114000000001,0.0425540254,0.0012755104,0.0012755131,0.034782423300000004,0.7140589696,0.0012755107000000001,0.0012755102,0.1072616621,0.0012755104,0.293062386,0.5431252558,0.0014285714000000001,0.1480980376,0.0014285754,0.0014285777000000001,0.0014285775,0.0014285756,0.001428573,0.0014285745000000001,0.0014285714000000001,0.0014285771000000001,0.0014285755,0.0014285714000000001,0.0640951149,0.0501102396,0.5419954410000001,0.0008941794000000001,0.20577744380000002,0.0802261655,0.0560068686,0.0008945472,0,0,0,0,0,0,1,0.1409104098,-0.4220678893,0.0947862168,0.0282615054,0.1070333634,-0.3547603825,-0.3925457752,-0.07310278270000001,0.0478583927,0.1313413756,-0.3305822042,-0.2137303605,0.06283005480000001,-0.2209047443,-0.388896238,-0.1366387397,0.0732377977,-0.25745073690000003,-0.41309891400000004
/65/7.mp3,0.0011792453,0.0011792455,0.0011792454000000001,0.0011792454000000001,0.0011792478,0.0011792453,0.0011792453,0.0011792467000000001,0.0011792453,0.16759219890000002,0.08633439250000001,0.7307432153000001,0.0011792453,0.0011792454000000001,0.0011792454000000001,0.0011792453,0.0012755166,0.31786392480000003,0.0012755102,0.0012755149,0.0012755134,0.0012755156,0.6668299216,0.0012755136,0.0012755116,0.0012755121,0.0012755102,0.0012755133000000001,0.0012755121,0.0012755102,0.44318401760000004,0.0007877395,0.0237605083,0.000787564,0.0007876534000000001,0.0007879128,0.22587255750000002,0.3040320468,0,0,0,0,1,0,0,0.1784737368,-0.0031519346,0.1693243566,0.21408888950000002,0.12074743310000001,0.042482383900000004,0.0231977174,-0.0397603387,0.0269281882,0.0417008841,0.0331651362,0.039318761800000004,-0.10963146650000001,-0.0037299297,-0.0055870552000000006,-0.0266510968,-0.11160234150000001,-0.056456057600000005,0.0169091863
/65/6.mp3,0.0006443299,0.0006443299,0.0006443299,0.241748595,0.0006443299,0.0006443299,0.0006443299,0.718191209,0.0006443299,0.0006443316,0.00064433,0.0006443299,0.0006443301000000001,0.0316839053,0.0006443299,0.0006443299,0.18544939,0.0007215062,0.0007215007,0.45334554530000004,0.1495489787,0.0179781195,0.0829293801,0.0007215025,0.0354915925,0.0007215024,0.0007215007,0.0702064767,0.0007215039000000001,0.0007215007,0.1425671566,0.0694393032,0.26046037110000003,0.00044082640000000004,0.0552285993,0.00044074200000000004,0.4709818677,0.00044113370000000004,0,0,0,0,1,0,0,-0.1938182916,-0.09721704190000001,0.013352192,-0.057447930800000005,-0.29741761110000003,-0.0691609588,0.1313553815,-0.0423113078,-0.0189958027,0.0040980064000000005,-0.0189588781,0.07896440390000001,0.0072356178,0.027423083900000002,0.0032780609,-0.0340908796,-0.1189789272,0.1348127358,-0.334083938
/65/4.mp3,0.0006188119,0.6709359877000001,0.0006188119,0.0006188119,0.0006188119,0.070477264,0.0006188119,0.0006188119,0.0006188119,0.0006188125,0.0006188127000000001,0.1999990963,0.0006188119,0.0006188119,0.0006188119,0.0511619077,0.2124597862,0.3239582219,0.0006868132,0.0006868155000000001,0.030815299,0.0195006944,0.0201999593,0.2809640235,0.0006868141,0.0475297025,0.0006868132,0.0604514296,0.0006868144,0.0006868132,0.00041976050000000004,0.056253387,0.5978440464,0.2066494963,0.0004202763,0.1375728805,0.0004199243,0.0004202287,1,0,0,0,0,0,0,0.2785292078,-0.3304752278,0.1103821563,0.1809614114,0.30945118590000004,-0.3413421742,-0.3583680462,0.0761426461,0.2706938839,0.2718097369,-0.06869218020000001,0.1289375707,0.30703415430000003,0.09901444720000001,0.009394919600000001,0.1123276207,0.0396265706,0.0568760998,-0.30956682550000003
/65/5.mp3,0.0010245909,0.0010245902,0.9681607550000001,0.0010245905,0.0010245902,0.0010245902,0.0174949735,0.0010245948,0.0010245904,0.0010245902,0.001024591,0.0010245906000000001,0.0010245905,0.0010245907,0.001024591,0.0010245904,0.0011520788,0.6294189456,0.0011520737,0.0011520779000000001,0.0011520764,0.3567561434,0.0011520781,0.0011520766000000001,0.0011520749,0.0011520754,0.0011520737,0.0011520764,0.0011520752,0.0011520737,0.0007065373,0.0007066201000000001,0.30613060810000003,0.0007072659,0.0007075802,0.0007074138,0.0007068962,0.6896270784,0,0,0,0,0,0,1,0.0240446419,0.0736761948,0.11143922590000001,-0.0005340129,0.1620700562,-0.1005262656,0.0294156417,0.10955913910000001,0.1262654846,0.0004988755,-0.0781178706,0.1304592575,0.0268450382,0.0275221263,0.0871909347,0.1275340488,0.073378648,-0.0062383638000000005,0.0993739859
/65/1.mp3,0.0011574075,0.0011574075,0.0011574078000000001,0.0011574074,0.0211136157,0.0011574074,0.5015432256,0.0011574074,0.0515566867,0.1669584553,0.0011574074,0.0011574076,0.19394480890000002,0.0011574074,0.0533091313,0.001157409,0.07369579080000001,0.4405183045,0.0012315271,0.0012315312,0.4273609666,0.0012315329000000001,0.0012315330000000002,0.0012315314,0.0012315287,0.0012315289,0.0012315271,0.0253936388,0.021947532000000002,0.0012315271,0.0007582285000000001,0.194889523,0.0007590521,0.32347248500000003,0.3689611284,0.0007588185,0.0007588259000000001,0.10964193850000001,0,0,0,0,0,1,0,-0.050723697500000005,-0.0929119119,0.0672218096,0.13623683220000002,-0.010914149500000001,0.1368394926,-0.0548779001,-0.018447639000000002,0.0876883214,0.0923144051,0.039295874200000004,-0.0743822685,-0.0064010396,0.016300625000000003,-0.1542865389,0.0136431945,-0.0268211837,-0.2193577854,-0.032473479900000005
/65/2.mp3,0.0012755102,0.02435255,0.0012755103,0.0012755102,0.0012755145000000001,0.0012755102,0.0012755102,0.0012755102,0.0012755102,0.0012755103,0.1354676975,0.8235981153,0.0012755102,0.0012755102,0.0012755103,0.0012755102,0.0013227598,0.5300737961,0.0013227513000000002,0.0013227559,0.2678919588,0.0013227572,0.0013227571,0.0279660384,0.0013227529,0.16084066160000002,0.0013227513000000002,0.0013227548,0.0013227534,0.0013227513000000002,0.411849575,0.08457675340000001,0.09335561120000001,0.0008293053,0.0008294535,0.0008296222,0.0008294283,0.40690025100000005,0,0,0,0,1,0,0,0.14540778470000001,-0.2348406448,0.2085562196,0.3145044074,0.1269734534,-0.3111967234,-0.12200107710000001,0.2169036907,0.26393491880000003,0.3490403985,-0.0151591047,0.1314894348,0.14567756980000002,0.1882137852,-0.07305356140000001,0.0557606172,0.0060496846,0.053335779400000005,-0.2616320219
/65/3.mp3,0.0005733945,0.0005733946000000001,0.0005733945,0.7935123110000001,0.0005733945,0.0005733945,0.0005733945,0.09341554910000001,0.0005733945,0.0005733945,0.10561801130000001,0.0005733945,0.0005733945,0.0005733945,0.0005733945,0.0005733945,0.0006265696,0.4561617056,0.0006265664,0.4093391692,0.0006265680000000001,0.0973390014,0.0006265689000000001,0.0006265681,0.0308944474,0.0006265673000000001,0.0006265664,0.0006265679000000001,0.0006265673000000001,0.0006265664,0.0003814078,0.847516559,0.15019466280000002,0.0003814402,0.00038141600000000004,0.0003813854,0.00038151790000000004,0.0003816108,0,0,0,1,0,0,0,-0.2617951736,0.1385089874,0.11772645970000001,-0.2347855681,-0.1356160603,0.07261744,0.1060062689,0.0546871104,-0.1981240589,-0.15020498300000001,0.1633247888,-0.0023123511000000003,-0.2111698474,0.0167888903,0.1302374567,-0.012271508700000001,-0.1290546348,-0.1076776791,0.1387409647
/62/7.mp3,0.2930030939,0.0011792454000000001,0.09557676400000001,0.0011792453,0.0011792453,0.0011792453,0.0277375033,0.0011792453,0.1121948058,0.0011792455,0.0011792453,0.0011792483,0.0011792461000000001,0.0011792453,0.0011792462,0.4585161297,0.0011709674,0.6286868944,0.0011709602,0.0011709643000000001,0.0011709634,0.3572615525,0.0011709652,0.0011709637000000001,0.0011709616,0.0011709619,0.0011709602,0.0011709632,0.001170962,0.0011709602,0.0007270695000000001,0.0007272556,0.3058456862,0.0007280116000000001,0.0007280265000000001,0.0007278436,0.0007274062000000001,0.6897887008,0,0,0,0,0,0,1,0.1781395987,-0.2196860914,0.1022118883,0.0777253299,0.11501365470000001,-0.13525817980000002,-0.06284372790000001,0.0103179241,0.16716212300000002,0.051703820000000004,0.1106710248,0.1384039626,0.0310097464,0.027924131600000002,-0.029045555900000002,0.059706556,-0.049665948200000004,-0.12503183610000002,-0.1258483391
/62/6.mp3,0.0001790832,0.0001790831,0.0031618057,0.00017908330000000001,0.6171111433,0.0001790831,0.0001790831,0.0001790832,0.07685846290000001,0.0425604066,0.1024955621,0.026126368100000002,0.13007450310000002,0.0001790831,0.0001790831,0.0001790831,0.00019149840000000002,0.000191499,0.0001914975,0.0001914982,0.0801316417,0.8370070923,0.0282522685,0.0495856631,0.0001914977,0.0032998529,0.0001914975,0.00019149800000000002,0.0001914978,0.0001914975,0.5637942313000001,0.007472112,0.29470909100000003,0.0878340677,0.0001162654,0.0458417107,0.0001162728,0.0001162491,0,1,0,0,0,0,0,-0.0751496312,-0.3265033215,-0.020896534600000002,0.3292047755,-0.1372623343,-0.3047075547,0.0809528952,-0.3183004289,0.0866971381,0.2973778197,-0.3284016274,0.1459473206,0.12985007880000002,0.059370572100000005,0.0205529742,0.1321927844,-0.0455739882,-0.0043483873,-0.4585203202
/62/4.mp3,0.0013888894,0.0013888891,0.0013888890000000001,0.0255448044,0.1582048534,0.0013888889,0.0013888894,0.0681216785,0.0013888889,0.00138889,0.0013888889,0.1791492482,0.5537016348,0.0013888890000000001,0.0013888890000000001,0.0013888890000000001,0.5363179383000001,0.2518768355,0.0014577259,0.001457731,0.0014577305000000001,0.0014577327,0.0014577328,0.0014577309,0.0014577278,0.0014577281,0.0014577259,0.19577020620000002,0.0014577285,0.0014577259,0.26206525680000003,0.35705801400000003,0.0009138081,0.0710164054,0.0557956162,0.1222665805,0.12997052950000001,0.0009137895,0,0,0,0,0,0,1,0.0616771656,-0.1804484285,-0.0733403502,0.07114731690000001,0.029929303100000002,0.0084684444,0.0229180298,-0.035652750000000004,-0.061301596800000004,-0.0033536288000000003,-0.0485807378,0.0048208747,0.0072356178,0.0018159329,-0.0159288637,-0.0266510968,-0.1243495206,0.055302034400000005,0.0127386142
/62/5.mp3,0.0010593221,0.0010593225,0.0010593222,0.0010593224,0.0010593239000000001,0.0010593221,0.0010593221,0.15416837900000002,0.0010593221,0.0010593223,0.4596770623,0.2400962475,0.1333464428,0.0010593222,0.0010593221,0.0010593225,0.4387977961,0.5469164584,0.0011904762,0.0011904802000000001,0.0011904798,0.0011904817,0.0011904817,0.0011904802000000001,0.0011904777000000001,0.0011904779,0.0011904762,0.0011904795,0.0011904782,0.0011904762,0.23268372980000002,0.0007455546,0.0007453312000000001,0.2509594426,0.0435602456,0.1543851846,0.0007455774,0.31617493420000004,0,0,0,0,0,1,0,0.2216879807,-0.0977564492,0.046426712200000005,0.0972944208,0.0906052354,-0.1269586278,-0.0458448401,-0.0165539014,0.0269281882,0.018815668600000002,0.0142013677,-0.0032280785000000003,0.009462687400000001,-0.0610207205,0.0316143292,-0.051391668700000004,-0.0646859454,-0.0989421727,-0.0460697045
/62/1.mp3,0.0015243902,0.0015243906,0.0015243902,0.0015243903000000001,0.0015243903000000001,0.5584147009,0.0015243902,0.0015243911,0.0015243902,0.0015243902,0.1718197245,0.0015243903000000001,0.0015243903000000001,0.2499485001,0.0015243903000000001,0.0015243902,0.5628056573,0.21935617440000002,0.0017421603,0.0017421664,0.079237269,0.0017421685,0.1211792633,0.0017421662000000001,0.0017421625,0.0017421629,0.0017421603,0.0017421653,0.0017421635,0.0017421603,0.0010783144,0.18142724600000001,0.2470562332,0.212771921,0.0010795024000000001,0.3544284511,0.0010787350000000002,0.0010795968,0,1,0,0,0,0,0,0.2375959062,-0.2670898037,0.0088286867,0.1529114709,0.20883263740000002,-0.16366129140000002,-0.20787783370000001,0.0340096344,0.3022969151,0.1610070381,-0.20680271020000002,-0.2033589708,0.1326131991,-0.1190017877,-0.3046838062,-0.0211417305,0.037776280700000005,-0.15103826750000002,-0.2931735051
/62/2.mp3,0.0031250017000000003,0.0031249999999999997,0.1969112395,0.0031249999999999997,0.0031250002000000002,0.0031249999999999997,0.0031249999999999997,0.0031249999999999997,0.0031250001,0.058258918300000004,0.0031249999999999997,0.21265920130000002,0.0031249999999999997,0.0031249999999999997,0.49467063860000005,0.0031250003000000003,0.0034013804,0.21631171600000001,0.0034013605,0.0034013737000000003,0.0034013701,0.7428718657000001,0.0034013757,0.0034013708,0.0034013646000000002,0.0034013659000000003,0.0034013605,0.0034013697000000002,0.0034013659000000003,0.0034013605,0.0021200557000000003,0.1214119961,0.7945412414,0.0021217410000000003,0.0021233393000000002,0.0734386494,0.0021208398,0.0021221373,1,0,0,0,0,0,0,-0.344109216,0.3318841831,-0.1668917618,-0.25925198110000003,-0.2806692797,0.3300015553,0.381520295,-0.1771680448,-0.2606017369,-0.3735985516,0.0592696364,-0.1702250769,-0.32996924240000003,-0.1670368526,0.135986721,-0.1020279764,-0.0972821427,-0.2102820404,0.1743897106
/62/3.mp3,0.0005952381,0.0005952381,0.0005952381,0.0005952381,0.0005952381,0.0005952381,0.0005952381,0.1985381641,0.0005952381,0.0005952381,0.7931285024,0.0005952381,0.0005952381,0.0005952381,0.0005952381,0.0005952381,0.1018979527,0.8643019798,0.0006553080000000001,0.014800908100000001,0.0006553098,0.0006553109000000001,0.0006553108,0.00065531,0.0006553087,0.012446065800000001,0.0006553080000000001,0.0006553097,0.0006553096000000001,0.0006553080000000001,0.0004010687,0.0825473427,0.0004013487,0.1613558045,0.059052903000000004,0.12923222580000002,0.5666080429,0.0004012639,0,0,0,1,0,0,0,-0.43182909150000004,0.1987555434,-0.35071854410000003,-0.3567137675,-0.1625409541,0.384238944,0.2620911718,-0.08993621780000001,-0.333205525,-0.2278345226,0.0533906268,-0.3052065532,-0.3774065978,-0.21507410070000002,0.1500032267,-0.1583891037,-0.17104973380000002,-0.0613233361,0.3395380723
/96/7.mp3,0.00189394,0.0018939401,0.0018939398000000001,0.0018939394,0.0018939397,0.0018939395,0.5637921611,0.0018939394,0.3344751005,0.0018939405000000002,0.0018939394,0.0018939401,0.0018939449000000001,0.0018939394,0.0771115144,0.0018939417000000001,0.0019841442000000003,0.9742062772000001,0.001984127,0.0019841335,0.0019841336,0.0019841365000000002,0.0019841368,0.0019841343,0.0019841296,0.0019841298,0.001984127,0.0019841329,0.0019841307,0.001984127,0.0012509087,0.419449828,0.0012525568,0.18020164,0.0196381833,0.0012516165,0.0012513449,0.3757039219,0,0,0,0,0,1,0,0.0074745642000000004,0.2215752768,0.1100469235,0.0186399472,-0.012514625500000001,0.06716979790000001,0.0224678079,0.047392577400000004,0.031711774400000003,0.014283233900000001,0.3029219232,0.0137316751,-0.0075700914,0.0063187700000000005,0.2111348767,-0.0071929337,-0.10338398780000001,0.0315416336,0.2909620686
/96/6.mp3,0.0012019238,0.0012019233,0.3989173982,0.0012019231,0.0012019234,0.0012019231,0.0012019231,0.0012019231,0.0412931733,0.35907410840000004,0.0012019231,0.0012019233,0.0012019245,0.0012019231,0.0641966742,0.12329748930000001,0.7075083766,0.0012987122000000001,0.0012987013,0.0012987064,0.0012987055,0.2769071664,0.0012987078000000001,0.0012987059000000001,0.001298703,0.0012987034000000001,0.0012987013,0.0012987052000000001,0.0012987036,0.0012987013,0.0007969326000000001,0.0435660254,0.000797638,0.6728892864,0.0007976835,0.2499675057,0.030387175800000003,0.0007977526,0,0,1,0,0,0,0,0.0979356143,0.0840434169,0.09339233720000001,-0.059499110200000004,0.0656105807,0.10330660450000001,0.10270486890000001,-0.022457815500000002,-0.049662326300000004,-0.0152213513,0.1634493403,0.0057340296,-0.0091266686,-0.0750548499,0.1506452456,0.0494305436,0.18719627930000002,-0.012349922800000001,0.24586431690000002
/96/4.mp3,0.0015243903000000001,0.0015243904,0.0015243904,0.0015243902,0.6185433140000001,0.0015243903000000001,0.0015243903000000001,0.0015243902,0.0015243903000000001,0.0015243930000000002,0.0015243902,0.3601152188,0.0015243908,0.0015243902,0.0015243903000000001,0.0015243904,0.5901225077000001,0.2106032495,0.0016611296000000001,0.0016611354000000001,0.0016611347000000001,0.0016611374000000002,0.1810017808,0.0016611352,0.0016611316000000001,0.001661132,0.0016611296000000001,0.0016611343,0.0016611326,0.0016611296000000001,0.0010253712,0.0010269452,0.1070398561,0.7005433870000001,0.0010264578,0.0010264046,0.0010256231,0.1872859551,0,0,1,0,0,0,0,0.28741343140000003,-0.1356313666,-0.0901206056,-0.0430904144,0.1025413643,-0.055810182400000005,0.017730921400000002,-0.0252056857,0.0223074162,-0.0029682362,-0.060283887300000005,0.0758429734,0.0176324355,-0.0025994461,-0.042825672,0.023517864700000002,0.09868500420000001,-0.1539011191,-0.04844056
/96/5.mp3,0.5072878456000001,0.0003551137,0.09938098640000001,0.011038021200000001,0.1515158241,0.0003551136,0.0003551136,0.028840371700000002,0.0003551136,0.00035511390000000004,0.0003551136,0.18708785900000002,0.0003551138,0.0116530686,0.0003551137,0.0003551137,0.000388201,0.9146001880000001,0.00038819880000000003,0.00038820010000000004,0.0003881998,0.00038820040000000003,0.00038820040000000003,0.0003881999,0.0003881992,0.0807414159,0.00038819880000000003,0.0003881997,0.00038819930000000004,0.00038819880000000003,0.3629746763,0.0002367383,0.0440701358,0.0002367229,0.1765290532,0.013737336900000001,0.007238118700000001,0.394977218,0,1,0,0,0,0,0,0.3056770907,-0.2677708401,-0.0413801418,0.0856456421,0.11042803300000001,-0.1726349332,-0.16508937310000002,0.2023371145,0.0349886488,0.0716566472,0.0456543286,0.1316462611,-0.0268295848,-0.006703141100000001,-0.0322407501,-0.0049512436,-0.1065540482,-0.07408233460000001,-0.040484032
/96/1.mp3,0.14035621850000002,0.0009469698,0.3997741168,0.0009469697,0.0009469697,0.0009469697,0.0009469698,0.0009469697,0.0009469698,0.0009469698,0.0009469697,0.0009469698,0.0009469703,0.0009469697,0.0009469697,0.44755905760000003,0.0010822608,0.9859306963000001,0.0010822511,0.0010822546000000001,0.0010822547,0.0010822563,0.0010822564000000001,0.0010822551,0.0010822525,0.0010822526000000001,0.0010822511,0.0010822543,0.0010822531,0.0010822511,0.0006617302,0.0006617932,0.0006627001,0.0006625433,0.0006623621,0.16530697730000002,0.000661977,0.8307199168,0,0,1,0,0,0,0,-0.0637163514,-0.0323774924,0.055371626,-0.029555366700000002,-0.043951532200000004,0.0802555167,0.0226441764,-0.006856649,0.0785448775,0.0688823782,0.0690462116,-0.24197388860000002,-0.0182632753,0.026625545100000002,0.022528502500000002,0.023517864700000002,0.0648874607,-0.1185768007,-0.15879481280000002
/96/2.mp3,0.6808973904000001,0.0007022472,0.24035075520000002,0.0007022472,0.0007022472,0.0007022472,0.0007022472,0.0007022472,0.0007022472,0.0007022483,0.0007022472,0.0696226387,0.0007022475,0.0007022472,0.0007022477,0.0007022473,0.40432934600000003,0.13672280850000001,0.0007215007,0.0353896781,0.4163431459,0.0007215041,0.0007215041,0.0007215031,0.0007215016,0.0007215018,0.0007215007,0.0007215028,0.0007215020000000001,0.0007215007,0.00043894180000000004,0.0492812358,0.00043944050000000004,0.5508751766000001,0.2383000649,0.0004392786,0.0004391342,0.1597867275,0,0,1,0,0,0,0,-0.0838462905,0.0278207992,0.0522379675,0.0029488656,-0.0824908795,-0.020993052300000002,0.0231977174,-0.0490282327,0.0269281882,-0.035625315500000004,0.0329161474,-0.2620745547,-0.14578849800000002,-0.1689312717,-0.17849270180000001,-0.1724055053,-0.15405305400000002,-0.2290925191,-0.0764798935
/96/3.mp3,0.00030487820000000003,0.0003048781,0.0160909224,0.0003048781,0.0003048783,0.0003048781,0.0003048781,0.0003048783,0.0003048781,0.0565086417,0.1822531862,0.7414887121,0.0003048783,0.0003048781,0.0003048781,0.0003048781,0.00032175220000000003,0.0003217528,0.00032175030000000004,0.0003217515,0.2171026346,0.7790363513,0.0003217517,0.0003217513,0.0003217507,0.0003217508,0.00032175030000000004,0.0003217512,0.0003217508,0.00032175030000000004,0.0001955235,0.0431502271,0.1624385416,0.0001956099,0.0001956676,0.00019567100000000002,0.2249026361,0.5687261232,0,0,0,1,0,0,0,0.1448821509,-0.338055464,-0.06913638350000001,0.0435180357,-0.0657725539,-0.4115642466,-0.11091859970000001,-0.0286149262,0.0728177156,0.173877591,-0.0832246183,0.1450549553,0.2075900101,0.1348041107,-0.0363362359,0.048729672,-0.061199892500000005,0.0072455388,-0.39590555050000004
/109/7.mp3,0.0007352942,0.0007352943,0.0007352942,0.2384508696,0.0007352947000000001,0.0007352941,0.28973717590000003,0.0007352941,0.39801271920000003,0.0007352943,0.0007352941,0.0007352942,0.053083005700000005,0.012627992900000001,0.0007352941,0.0007352943,0.3387522677,0.5527943590000001,0.0008210181,0.0008210209,0.0008210204,0.0008210217,0.0228160918,0.0774270854,0.0008210190000000001,0.0008210197,0.0008210181,0.0008210203,0.0008210199000000001,0.0008210181,0.0005003480000000001,0.19293044180000002,0.0958051348,0.0005009148,0.2415873239,0.4676743806,0.0005005193,0.0005009367,0,0,0,0,1,0,0,-0.0530737515,0.11069059040000001,0.0988774171,0.0285690975,0.0196962655,0.0309854731,0.0028457334,-0.0398308235,0.0251195198,0.0237991066,0.0745597816,0.10683423700000001,-0.0005319327000000001,0.040198673500000004,0.29029899270000004,0.1973499891,-0.0289844363,0.1687170869,0.0169091863
/109/6.mp3,0.0009920635,0.25717361980000003,0.0009920636,0.0009920635,0.0009920635,0.0009920635,0.0009920635,0.0009920635,0.0009920636,0.0009920644,0.0009920635,0.6967215813000001,0.0009920641,0.0009920635,0.0332079715,0.0009920637,0.1459797412,0.7140704337,0.0010822511,0.0010822547,0.128045038,0.0010822561,0.0010822561,0.0010822547,0.0010822524,0.0010822526000000001,0.0010822511,0.0010822541,0.001082253,0.0010822511,0.0006655771,0.180206383,0.1483091387,0.4598552729,0.0006661873,0.0006659743,0.0006664133,0.2089650535,0,0,1,0,0,0,0,0.1402432073,0.0589494682,0.049344647400000004,0.1714473402,0.148071891,-0.1301272903,-0.0750670281,0.013715108200000001,0.0674133208,0.0040980064000000005,0.06223195,0.08798956940000001,0.0642355677,0.059494025000000006,0.026682521400000003,0.1150009503,0.2153133738,0.051175992000000003,0.0169091863
/109/4.mp3,0.0013888889,0.0013888889,0.0013888889,0.0013888890000000001,0.0013888889,0.0013888889,0.0013888889,0.49463242760000004,0.0013888889,0.0013888889,0.4859231275,0.0013888889,0.0013888889,0.0013888891,0.0013888889,0.0013888889,0.1107462139,0.8431945184,0.001552795,0.0015528008,0.0015527982,0.0015528011,0.0015528005,0.0289784824,0.0015527965000000001,0.0015528024,0.001552795,0.0015527983,0.0015528023000000001,0.001552795,0.0009621805,0.0009634494,0.7937946124,0.0009632624,0.2004276015,0.0009631268000000001,0.0009624405,0.0009633264,0,0,0,1,0,0,0,-0.09781445720000001,0.072298895,0.0355867667,-0.0034713133000000003,-0.0698086079,0.3188334819,0.0847869919,0.1432152942,-0.16841183740000001,-0.0625429739,0.0331651362,-0.1498775257,-0.1039081323,-0.0592205779,0.0706200071,-0.030124775700000002,-0.09172607990000001,-0.2072745171,0.2738793151
/109/5.mp3,0.0017857143,0.0017857145,0.0017857144,0.0017857149,0.0775464698,0.0017857143,0.0017857143,0.052734741800000005,0.0017857143,0.0017857144,0.0017857148000000002,0.8465045004,0.0017857144,0.0017857146,0.0017857144,0.0017857145,0.0019841405,0.8792120979,0.001984127,0.09697832120000001,0.0019841328000000003,0.0019841359,0.0019841358,0.0019841333,0.0019841293,0.0019841298,0.001984127,0.0019841323,0.0019841302000000002,0.001984127,0.001239042,0.1028402691,0.0012401898,0.0012394175,0.37295689330000004,0.0012395191,0.1493910441,0.369853625,0,0,0,0,0,0,1,0.2200691251,0.0577701009,0.0559988796,0.0394143145,0.26067072620000004,0.033827683500000004,0.0231977174,-0.0329052613,-0.0818970365,0.0040980064000000005,0.053274879500000004,0.07896440390000001,-0.0072664438,0.0194744947,0.06322327600000001,-0.0266510968,-0.0975599914,-0.015201662000000001,0.0169091863
/109/1.mp3,0.0024038462,0.0024038462,0.0024038462,0.0024038462,0.0024038462,0.0024038462,0.0024038462,0.9639423065,0.0024038462,0.0024038462,0.0024038471000000002,0.0024038462,0.0024038462,0.0024038462,0.0024038462,0.0024038462,0.8686066678000001,0.0027472673,0.0027472527,0.0027472591,0.0027472597,0.0027472624,0.0027472629,0.0027472604,0.0027472555000000003,0.0027472567000000002,0.0027472527,0.0516224819,0.0495510081,0.0027472527,0.0017383749,0.0845930134,0.0017391917,0.7145073759,0.0017391904,0.0017398616,0.19220362130000002,0.0017393708000000001,0,0,0,0,0,0,1,-0.1405968769,0.06791158630000001,-0.1398466338,-0.3514422532,-0.1553520715,0.0771466841,0.21448969710000002,-0.0423113078,-0.1509527243,-0.1041846671,0.0632752971,-0.34954299040000003,-0.1827057885,-0.1204854528,-0.0767744637,-0.1439441545,-0.1458982478,-0.3271765432,0.0855066607
/109/2.mp3,0.1370056557,0.0010245902,0.0692599983,0.0010245902,0.0010245902,0.0832080268,0.12460236220000001,0.0010245903,0.0990711158,0.0010245903,0.0010245902,0.0010245929,0.0010245905,0.0010245904,0.0010245906000000001,0.4766069356,0.0010352052,0.46975191310000003,0.0010351967,0.0010352001,0.5178256934000001,0.0010352016000000001,0.0010352017,0.0010352004000000001,0.001035198,0.0010351982,0.0010351967,0.0010351997000000001,0.0010351986,0.0010351967,0.0006284368000000001,0.000628479,0.0006291473,0.0006291125,0.0006291038,0.1802165949,0.0006286942,0.8160104314000001,0,0,0,0,0,0,1,0.0080841483,0.0041654038,0.0039327585,0.0990141088,0.0850538842,-0.112012394,-0.017506582700000002,-0.036460688000000005,0.048491837600000004,0.1281770347,0.0698872361,0.0083426792,0.0124026386,0.0181076462,-0.0313943557,0.0154908309,0.0559130025,0.039928998800000004,0.0008068133000000001
/109/3.mp3,0.0010593225,0.0010593221,0.1870816853,0.0010593221,0.0010593221,0.0010593220000000001,0.0181030526,0.0010593220000000001,0.0010593223,0.36962736690000003,0.0010593220000000001,0.0010593229,0.0010593224,0.0010593220000000001,0.41247602850000004,0.0010593223,0.0011520829000000001,0.5473560208,0.0011520737,0.0011520776,0.0011520774,0.16773447360000002,0.0011520792000000001,0.2722366639,0.0011520752,0.0011520754,0.0011520737,0.001152077,0.0011520758,0.0011520737,0.0007027011,0.1720390283,0.531749027,0.0007034536,0.0007035549,0.0007033274,0.0007029433,0.2926959644,1,0,0,0,0,0,0,-0.0912974222,0.0269344912,0.16720836660000002,-0.0401249395,-0.0024121682,0.1006998754,0.1718143838,0.1221061385,0.0199324814,0.017658359800000002,0.0545511086,0.0900897806,0.0177892763,0.044303240300000005,0.08899727610000001,0.0812789507,-0.0680075493,0.1482047792,0.0210765155
/100/7.mp3,0.0020161291000000002,0.33810689850000003,0.0020161291000000002,0.0020161291000000002,0.1308320271,0.0020161291000000002,0.0020161291000000002,0.0020161291000000002,0.0020161291000000002,0.1003248308,0.2669689829,0.14158983890000001,0.0020161308,0.002016129,0.0020161291000000002,0.0020161293000000003,0.33691851510000004,0.138866124,0.0021008403,0.0021008481000000002,0.0021008471,0.24346175250000002,0.0021008506000000002,0.0021008477,0.0021008431000000003,0.2597451601,0.0021008403,0.0021008465,0.0021008441,0.0021008403,0.0012899833,0.2577253219,0.709088754,0.0012910162000000002,0.0012911179000000001,0.0267313807,0.0012913778,0.0012910483,0,0,0,0,0,0,1,-0.057178609400000004,-0.08257929380000001,-0.1198576608,0.1477968847,0.2074451578,-0.0569672264,-0.1125351128,0.1456387132,0.2246552127,0.0930299931,-0.2609198614,0.026623961800000002,0.1325714259,0.08682746370000001,-0.1727694169,-0.0041255894,-0.0129375402,-0.028511509400000003,-0.22504490370000002
/100/6.mp3,0.0031250001,0.3702179514,0.0031250001,0.347351927,0.0031250015000000003,0.0031249999999999997,0.0031250001,0.0031250001,0.0031250001,0.0031250001,0.0031249999999999997,0.0031250002000000002,0.241805119,0.0031249999999999997,0.0031249999999999997,0.0031250004000000003,0.31615974080000003,0.5053081527000001,0.0022321429,0.0022321509,0.0022321489,0.0022321525,0.0022321523,0.0022321492,0.0022321453,0.0022321461,0.0022321429,0.1539784816,0.0022321509,0.0022321429,0.16716875450000002,0.1116809564,0.2847568998,0.049203869000000004,0.17597491070000001,0.0013909950000000001,0.0013919146,0.2084317001,1,0,0,0,0,0,0,0.0543167675,-0.17608822540000002,-0.1683240705,0.0330674056,0.0189470937,-0.0455428825,-0.12178814,0.2067971375,0.2182998368,0.025727348,-0.1562049657,-0.1300635808,0.037414075500000005,-0.0454243007,-0.2851071821,0.008297842,0.0160395404,-0.0838823029,-0.193096814
/100/4.mp3,0.00047709930000000003,0.00047709930000000003,0.00047709930000000003,0.00047709930000000003,0.00047709930000000003,0.0004770994,0.00047709930000000003,0.9851867432,0.00047709930000000003,0.00047709930000000003,0.00047709930000000003,0.00047709930000000003,0.0081338664,0.00047709930000000003,0.0004770992,0.00047709950000000004,0.5169620829,0.1786574289,0.0005452563,0.2658661854,0.0005452577,0.03306173,0.0005452585,0.0005452578,0.0005452569,0.0005452577,0.0005452563,0.0005452576,0.0005452578,0.0005452563,0.00033179,0.0459379176,0.2256862107,0.00033204430000000003,0.2604958177,0.4136474484,0.0003319735,0.0532367978,0,0,0,0,0,0,1,0.2291817619,-0.3078101726,-0.1268590919,0.18070373450000002,0.3218449989,-0.1314582591,-0.2934952544,0.2527584057,0.3040912763,0.25388253110000003,-0.31200191520000004,0.1252383057,0.23291064460000002,-0.0003834553,-0.1867262831,0.0843038502,0.0674077932,0.0017427763,-0.3848345475
/100/5.mp3,0.0004960318,0.0004960318,0.0004960318,0.0004960318,0.1388528927,0.0698990526,0.0004960317,0.0406091404,0.0004960317,0.0004960318,0.0004960324,0.6554000278000001,0.0004960318,0.000496032,0.0004960318,0.08978253600000001,0.0005291046000000001,0.3982154845,0.0005291005,0.0005291023,0.1527134745,0.0005291030000000001,0.36314899640000003,0.0806310273,0.0005291012,0.0005291013,0.0005291005,0.000529102,0.0005291015,0.0005291005,0.0003257714,0.1081996296,0.6532755322,0.0003261661,0.0003261153,0.2368948096,0.000325913,0.0003260626,0,1,0,0,0,0,0,0.2011193101,-0.4320949327,0.013302109500000001,0.3129572732,0.1881214746,-0.4591460127,-0.25507947070000003,0.1404123699,0.3408460439,0.3154229315,-0.2337560494,0.2005250908,0.2771638643,0.1210271068,-0.37382266010000004,-0.0312299062,-0.15154966050000002,-0.014924627400000001,-0.4613766822
/100/1.mp3,0.00125,0.00125,0.0012500001,0.12122842290000001,0.0012500010000000002,0.00125,0.0613114377,0.00125,0.0012500002,0.0012500002,0.00125,0.7802112525,0.0012500004,0.00125,0.022248885000000003,0.00125,0.0012531430000000002,0.2513722972,0.0012531328,0.0012531372,0.40887317830000003,0.0012531386,0.0012531385,0.0012531369,0.0209417393,0.3062814202,0.0012531328,0.0012531363,0.0012531361,0.0012531328,0.0007721056,0.8612433951,0.0007728058,0.0007727591000000001,0.1341209199,0.0007726091,0.0007724981000000001,0.0007729072,0,0,0,1,0,0,0,-0.1764483898,-0.08822341660000001,-0.0796856036,-0.2541185811,-0.0479276998,-0.1189581447,-0.0813376974,-0.0028736392,0.10199563,0.0651617942,-0.0363214932,-0.2037816533,-0.1377896062,-0.21729020710000002,-0.1755498197,-0.1324484408,-0.0516234868,-0.1956829361,-0.13993611620000002
/100/2.mp3,0.0028409091,0.0028409097,0.0028409092,0.0028409091,0.1339976682,0.0028409092,0.0028409091,0.0028409091,0.0028409091,0.0028409092,0.6847082076000001,0.14436230490000002,0.0028409091,0.0028409091,0.0028409091,0.0028409091,0.002976218,0.6783991866,0.0029761905000000003,0.0654089389,0.0029762009,0.2234536912,0.0029762057000000002,0.0029762019000000002,0.0029761946,0.0029761947,0.0029761905000000003,0.0029761997,0.0029761963,0.0029761905000000003,0.2011861908,0.0019274442,0.6634604207,0.0019261007,0.0019254991,0.0019297707000000002,0.1257183154,0.0019262584,1,0,0,0,0,0,0,0.0996775241,-0.285703768,-0.17845120420000002,-0.0394516805,0.0607127173,-0.2020098274,-0.0525750295,-0.0155014434,0.0710511122,0.0117147753,-0.2521845357,-0.0887183059,-0.0062649751,-0.049025808500000004,-0.0681594458,0.054152529000000005,0.1137036639,-0.196565501,-0.2717532237
/100/3.mp3,0.0005252101000000001,0.0005252103,0.0005252101000000001,0.0005252102,0.07754875950000001,0.0971802529,0.0005252101000000001,0.4178541637,0.0005252101000000001,0.0005252102,0.0917881552,0.0005252102,0.30985135680000003,0.0005252101000000001,0.0005252101000000001,0.0005252103,0.7519349079000001,0.0005370639,0.0005370569,0.0005370591,0.0005370586,0.0005370596,0.0005370596,0.1543116263,0.0005370576000000001,0.0095649644,0.0005370569,0.0492447284,0.0301102437,0.0005370569,0.016983999700000002,0.0003261135,0.00032607430000000003,0.39604488120000003,0.2143788392,0.2641866261,0.07550601480000001,0.0322474511,0,0,0,0,1,0,0,0.023250947600000002,0.0200430953,-0.23079201770000002,-0.1532968622,-0.0279961147,-0.0248476774,0.15240486350000002,-0.32625137730000003,-0.28013060700000003,-0.3031192113,-0.1359324291,-0.1611053859,-0.36338669700000004,-0.2934680203,0.12304266800000001,-0.10004944830000001,-0.020447467,-0.22154052070000002,0.054671668900000005
/54/7.mp3,0.0012500010000000002,0.0012500005,0.669967783,0.0012500005,0.0012500002,0.0012500001,0.10897706900000001,0.00125,0.039342825500000005,0.03380463,0.00125,0.0012500004,0.0012500024,0.00125,0.1341576847,0.0012500030000000002,0.0014005710000000002,0.8514882314000001,0.0014005602,0.0014005649,0.1317050025,0.0014005667,0.0014005668,0.001400565,0.0014005620000000002,0.0014005622,0.0014005602,0.0014005642,0.0014005627,0.0014005602,0.0008627135,0.1288845312,0.08142523260000001,0.0008634226000000001,0.2955839678,0.0008631519,0.0008630725000000001,0.4906539078,0,1,0,0,0,0,0,0.20250440520000001,0.0491663036,0.0451615145,0.2272297046,0.14883692,0.0913373926,0.1973151787,0.12339683300000001,0.09220867890000001,0.1202178517,0.1272810829,0.1908600822,0.22446991130000002,0.1934167276,0.077839394,0.12282859980000001,0.0744789824,0.18447111800000002,0.1335191434
/54/6.mp3,0.0010964914000000001,0.0010964918,0.0010964915,0.11391629260000001,0.0010964963,0.0010964913,0.13425621070000002,0.0010964912,0.32359625870000003,0.0010964915,0.0010964913,0.025158706200000002,0.1014638439,0.0010964913,0.22697828820000002,0.0647619722,0.11151503,0.0011709698,0.0011709602,0.0011709646,0.001170964,0.0011709661,0.8744334106,0.0011709644,0.0011709617000000001,0.001170962,0.0011709602,0.0011709637000000001,0.0011709624000000001,0.0011709602,0.2018251869,0.0698747002,0.2083234398,0.0949760302,0.1115702754,0.3119824826,0.0007239826000000001,0.0007239025000000001,0,1,0,0,0,0,0,0.1951901996,-0.14688598390000002,-0.09080596,0.15161157020000002,0.0289602822,-0.18659113730000002,-0.1384248432,0.056684715000000004,0.060294867200000005,0.072460068,-0.0838666319,0.0445863555,0.0458069689,0.0209275353,0.0226305559,-0.007259832000000001,-0.043015906300000004,0.0029911671,-0.0178090659
/54/4.mp3,0.0013297872,0.0013297875,0.0013297873000000001,0.2470002593,0.0013297892000000001,0.0013297873000000001,0.0013297872,0.0013297893,0.0013297872,0.0013297874,0.0786398174,0.3938635093,0.0013297873000000001,0.2645389624,0.0013297874,0.0013297873000000001,0.3299650677,0.6535513798,0.0013736264,0.0013736310000000002,0.0013736306,0.0013736327,0.0013736327,0.0013736310000000002,0.0013736281,0.0013736283,0.0013736264,0.0013736302,0.0013736287,0.0013736264,0.0008340873000000001,0.4014746243,0.0008348907,0.0008349578,0.2470988379,0.12227015740000001,0.2258175108,0.0008349339,0,0,0,1,0,0,0,-0.1261422663,0.3067698345,-0.1229733332,-0.2011305944,-0.0021230212,0.0503184117,0.1138879015,-0.0187786664,-0.37796613430000003,-0.2861134628,0.1465755845,-0.2638801673,-0.2428976827,-0.1708262821,-0.0488942434,-0.1681646694,-0.139288283,-0.046378786400000004,0.302667601
/54/5.mp3,0.002016131,0.0020161303,0.0020161295,0.1905037656,0.216568269,0.0020161292000000003,0.0020161307,0.1755226233,0.3202478111,0.0020161329,0.0020161295,0.0020161298,0.0020161341,0.0749800941,0.0020161292000000003,0.0020161306,0.15723941500000002,0.5573231849,0.0021008403,0.0021008475,0.0021008470000000003,0.0021008502,0.0021008504,0.0021008477,0.0021008430000000002,0.0021008433,0.0021008403,0.18842043690000002,0.07600851310000001,0.0021008403,0.0013041015,0.10278278900000001,0.3003381845,0.3031051023,0.0013042077,0.0013047295,0.2885568365,0.001304049,0,1,0,0,0,0,0,0.0652733776,-0.0364631546,-0.029770178,0.11098894620000001,0.0736496194,0.1012376383,0.1183238976,0.2007669954,0.186785041,0.0844800768,0.2728453517,0.0573382569,0.09534771510000001,0.143709788,0.1229343266,0.09282517650000001,0.0632270931,0.1073571802,0.24173755400000002
/54/1.mp3,0.0013888890000000001,0.0013888894,0.024043702900000002,0.059643804700000004,0.0013888890000000001,0.0240698973,0.2727593832,0.0013888905,0.2965148446,0.0013888890000000001,0.0013888892,0.0013888891,0.0013888896000000001,0.1600669395,0.0013888890000000001,0.1504014242,0.2914561893,0.0015528083,0.001552795,0.0015528012,0.0015528001,0.0015528030000000002,0.6899102199,0.0015528006,0.0015527971000000001,0.0015527976,0.001552795,0.0015527998000000002,0.0015527980000000002,0.001552795,0.0009696767000000001,0.0009709413,0.1838009776,0.1807450504,0.0009708920000000001,0.3462157349,0.0009699464,0.28535678070000003,0,0,0,0,0,1,0,-0.33851945240000003,-0.057864417700000004,-0.1682734652,-0.35490589570000003,-0.2403154901,-0.1009589479,-0.0906818029,-0.2058109212,-0.4273206291,-0.4016437883,0.021915176800000002,-0.0703616506,-0.2657565836,-0.0961093958,0.0409707642,-0.1110717486,-0.1400421127,-0.0735633051,0.0736653184
/54/2.mp3,0.0933569893,0.0005208334,0.1797142705,0.009086766100000001,0.1461227795,0.0005208333,0.0005208334,0.0005208344,0.0005208334,0.0005208339,0.0005208335,0.0005208334,0.1002762595,0.0107625954,0.44474425240000004,0.0117694185,0.3121592714,0.38800112950000004,0.0005854801,0.0005854821,0.1385785551,0.0005854828000000001,0.1053394765,0.000585482,0.0005854808,0.0506522367,0.0005854801,0.0005854817,0.0005854811,0.0005854801,0.0003594087,0.570027356,0.0003597443,0.199417485,0.0003598523,0.2287568557,0.0003595221,0.00035977590000000004,0,0,0,0,0,1,0,0.09237750460000001,-0.4685231993,-0.3627393199,0.1538197395,-0.0823604743,-0.44766275120000004,-0.0932456067,-0.2505120504,0.046449045200000004,-0.1022940893,-0.312026199,0.0728340307,0.1562318767,0.2189806954,-0.0892844614,0.1255730707,-0.0098828183,-0.0493178748,-0.42277112510000003
/54/3.mp3,0.0022321430000000002,0.046537986,0.0022321430000000002,0.0022321456000000003,0.4072392093,0.0022321430000000002,0.0022321429,0.1132975449,0.0022321431000000003,0.0022321431000000003,0.135998052,0.0022321432,0.1044409153,0.0022321429,0.036920295000000006,0.1354767078,0.0021008594,0.9726889974,0.0021008403,0.0021008472,0.0021008476,0.0021008505,0.0021008509,0.0021008483,0.0021008432,0.0021008433,0.0021008403,0.0021008467,0.0021008444000000003,0.0021008403,0.2648009402,0.0013188005000000001,0.2671047486,0.0013175946,0.06458569260000001,0.1278345762,0.2717196749,0.0013179724,0,0,0,0,0,0,1,-0.5425031544,0.2096383259,-0.4226089616,-0.5414866125000001,-0.5058695104,0.041274700500000004,0.0465209875,-0.38111080550000004,-0.4260618956,-0.4842801754,-0.1758212368,-0.2776774987,-0.609921569,-0.29449988250000003,-0.0581340729,-0.3722213546,-0.2349390698,-0.34726661670000003,0.1361040606
/107/7.mp3,0.0022321429,0.0022321432,0.0022321429,0.074970065,0.0022321429,0.0022321429,0.1810253332,0.0022321437,0.0022321432,0.0022321429,0.7149867422,0.0022321429,0.0022321436,0.0022321429,0.0022321429,0.0022321429,0.0024630715,0.0024630766,0.0024630542,0.0024630649,0.5521433444,0.3365485701,0.0024630668,0.0024630629,0.0842144012,0.0024630585,0.0024630542,0.0024630618,0.0024630587,0.0024630542,0.0304414696,0.1476375449,0.36620994630000003,0.0015662756,0.1169163913,0.0015665124,0.33409622310000003,0.0015656368,0,0,0,0,1,0,0,-0.0329048669,0.0589494682,0.049344647400000004,-0.057447930800000005,-0.0824908795,0.042482383900000004,-0.0014698579,-0.0423113078,0.0496911739,0.0040980064000000005,-0.032285179000000004,0.0661147891,-0.0019825045,0.0194744947,0.0299163926,-0.049807507200000004,-0.1189789272,0.1329094667,0.040431858200000004
/107/6.mp3,0.0015624999999999999,0.0015624999999999999,0.0015625001000000001,0.2306829185,0.0015624999999999999,0.0015624999999999999,0.5033409057,0.0015625023,0.2014059132,0.0184722012,0.0015625004,0.0015624999999999999,0.0015625004,0.028910558200000002,0.0015624999999999999,0.0015625001000000001,0.0017006933,0.9778910986,0.0017006803,0.001700686,0.0017006856000000002,0.0017006881000000001,0.0017006882,0.001700686,0.0017006824000000002,0.0017006827,0.0017006803,0.0017006851,0.0017006832,0.0017006803,0.0010421023,0.0010424464,0.2816866354,0.3709073277,0.0010435765,0.0010434988,0.0010426615,0.3421917514,0,0,0,0,0,0,1,-0.10527125350000001,0.0591187457,0.0494839901,-0.057447930800000005,-0.0462651654,0.1287046657,0.0231977174,-0.039547764,0.0269281882,0.0040980064000000005,0.124948182,0.07896440390000001,-0.0013862025,0.0194744947,0.06322327600000001,-0.0266510968,-0.0601265848,0.1435735544,0.22218963560000002
/107/4.mp3,0.082923335,0.0012254903,0.1903600007,0.0012254902,0.001225491,0.0012254902,0.0755857354,0.0012254902,0.2958444378,0.0012254904,0.0012254902,0.0012254922,0.1346081084,0.0012254902,0.06812184460000001,0.1415271233,0.30298372490000003,0.3097189781,0.0012531328,0.2924158549,0.0012531367,0.0012531386,0.0012531387,0.0012531371000000001,0.0012531344,0.0012531346000000001,0.0012531328,0.08235008840000001,0.001253135,0.0012531328,0.2107647641,0.0007781549000000001,0.0007778976,0.2759820213,0.0007778733,0.0007779876,0.0007777565000000001,0.5093635446,0,0,0,0,1,0,0,0.033280879400000005,0.103021313,0.0371074401,-0.0404314874,-0.1413404523,0.0606639931,0.0193589084,-0.03009242,0.0719355534,0.16836534590000002,0.054157321800000005,0.0134096878,-0.0004614342,0.0722026342,0.07446100850000001,-0.0412312948,-0.1314617665,0.19609474470000002,0.0096081987
/107/5.mp3,0.0015243903000000001,0.0015243909000000001,0.0015243904,0.1479139904,0.0015243918,0.0015243904,0.4900403297,0.0874342298,0.0910490599,0.0015243903000000001,0.0261159195,0.0015243904,0.09788013,0.0278924373,0.019478778500000002,0.0015243905,0.3224303273,0.4047485485,0.0016233766000000001,0.0016233822,0.0016233817000000002,0.0016233842000000001,0.0016233842000000001,0.0016233821,0.0016233786,0.001623379,0.0016233766000000001,0.254963943,0.0016233794,0.0016233766000000001,0.08709745790000001,0.032215679500000004,0.1590221286,0.25382719060000003,0.0402273126,0.4255736527,0.0010184101,0.0010181678,1,0,0,0,0,0,0,-0.006478558200000001,0.0589494682,0.0900863867,-0.057447930800000005,-0.0824908795,0.042482383900000004,0.0231977174,-0.059051162100000006,0.0269281882,0.0100373189,0.0503799102,-0.0762451505,0.10406375030000001,0.0194744947,0.06322327600000001,-0.0266510968,-0.1189789272,0.1010001222,0.11677396920000001
/107/1.mp3,0.0284401196,0.000672043,0.9621512774000001,0.000672043,0.000672043,0.000672043,0.000672043,0.000672043,0.000672043,0.000672043,0.000672043,0.000672043,0.000672043,0.000672043,0.0006720437,0.0006720431,0.0007518821,0.9902255452000001,0.0007518797,0.0007518826,0.0007518813,0.0007518830000000001,0.0007518823,0.0007518813,0.0007518804,0.0007518808000000001,0.0007518797,0.0007518813,0.0007518806,0.0007518797,0.0004652322,0.0719207073,0.37485644900000004,0.0004653726,0.0220684962,0.0004654727,0.37896135410000004,0.150796916,0,0,0,0,0,0,1,0.0440473534,-0.26377166220000003,-0.0694590726,0.0027977021,-0.0374710058,-0.1690706525,0.0112882421,-0.1174800108,0.0951667861,0.2606017071,0.0248679996,0.059405911400000004,-0.0047353096,-0.0398462771,-0.0607577736,0.0614173884,0.0495341138,-0.0029742506,-0.061331834
/107/2.mp3,0.0021551729,0.0021551729,0.2231463521,0.0021551725,0.2841856416,0.0021551725,0.0021551724,0.0021551724,0.0021551724,0.16110760170000002,0.0669829967,0.24087050980000002,0.0021551724,0.0021551724,0.0021551727,0.0021551724,0.3038663595,0.2707821729,0.0023809524,0.189881192,0.0481351896,0.0023809631000000003,0.0023809628,0.049784705400000004,0.1185027211,0.0023809588,0.0023809524,0.0023809587,0.0023809591000000002,0.0023809524,0.0014720185,0.39571666710000003,0.2901185352,0.0014725565,0.2180662462,0.0391268818,0.0525537975,0.0014732972,0,0,0,0,0,0,1,-0.2504907026,0.2743489035,0.005936567,-0.2853126655,-0.091006585,0.19607011400000002,0.2380082266,-0.0128537628,-0.09750812910000001,-0.11560326970000001,0.028715245700000003,-0.1582126398,-0.0391369042,-0.247849321,-0.0435834567,-0.124020137,-0.1359574272,-0.1398979324,0.1956229915
/107/3.mp3,0.0006510425000000001,0.0006510417,0.0006510446,0.0006510417,0.009064389,0.0006510417,0.0361462384,0.0006510417,0.8475439215,0.021743070700000002,0.0006510417,0.0006510427,0.000651042,0.0006510417,0.0783409166,0.0006510418,0.27853080010000003,0.4446441211,0.0007072136,0.0007072162000000001,0.1260244401,0.0007072164,0.0007072162000000001,0.14372848700000002,0.0007072143000000001,0.0007072164,0.0007072136,0.0007072151,0.0007072164,0.0007072136,0.00043295030000000003,0.00043340100000000003,0.2486215779,0.00043305570000000003,0.0004330795,0.00043307940000000003,0.1991438619,0.5500689944,0,0,0,0,0,1,0,0.0318581485,-0.13828207480000002,-0.1196103124,0.12449840840000001,-0.0769119108,-0.0575654675,0.059144155500000004,-0.0423113078,0.0269281882,0.0040980064000000005,0.0331651362,-0.23332078080000002,-0.2063118393,-0.2321331733,-0.0670070494,-0.19950257470000002,-0.15245040240000002,-0.1767415886,0.0334296017
/98/7.mp3,0.0007911395,0.8408422158000001,0.0007911393,0.0133455751,0.0007911393,0.0007911395,0.0007911394,0.0007911393,0.0007911393,0.0007911397000000001,0.1222092516,0.0007911393,0.0007911395,0.014109285000000001,0.0007911393,0.0007911393,0.0008928646,0.7759662901000001,0.0008928571000000001,0.0008928601,0.0008928601,0.0008928614,0.2133193967,0.0008928603,0.0008928583000000001,0.0008928584,0.0008928571000000001,0.0008928598,0.0008928588,0.0008928571000000001,0.2506344686,0.0005492755000000001,0.13384973760000002,0.000549268,0.4339530224,0.0735447723,0.0005492753,0.1063701803,0,0,0,0,0,0,1,0.1965575458,-0.48024958780000004,-0.25589824980000003,0.0435131469,0.26949713810000003,-0.4628260892,-0.32113849780000003,0.0095606699,0.12216119930000001,0.0582642144,-0.15460407810000001,-0.023518984200000002,0.060056582500000004,-0.011921350800000001,-0.29233508010000003,0.011456786,0.0731881006,-0.0857361812,-0.2996035347
/98/6.mp3,0.0007183908,0.0007183909,0.0007183909,0.2580278248,0.28957376020000003,0.0007183908,0.4120888247,0.0007183908,0.0007183909,0.0007183910000000001,0.0007183908,0.0182903723,0.0007183916000000001,0.0007183908,0.0007183909,0.0141169178,0.1108698033,0.7930731236,0.000621118,0.0006211201,0.0006211199,0.0006211209,0.08922476160000001,0.0006211201,0.0006211188,0.0006211189,0.000621118,0.0006211198,0.0006211191,0.000621118,0.0003815491,0.1001875287,0.0003817827,0.3553418539,0.1449836975,0.0660632451,0.1382044316,0.19445591140000001,0,0,0,0,1,0,0,-0.2688641066,0.15649877610000001,0.0709191574,-0.1251471471,-0.3200374445,0.0727016068,0.036806245200000004,-0.1382872451,-0.3291067827,-0.3479003174,-0.0479934943,-0.171082431,-0.2300253602,-0.2195203286,0.17580599230000002,-0.1551801757,-0.1663719639,-0.1967799214,0.0440262903
/98/4.mp3,0.0026041667,0.0026041673,0.0026041667,0.0026041667,0.044198633300000005,0.0452395687,0.0026041667,0.803614936,0.0026041667,0.0026041667,0.0756968611,0.0026041669,0.0026041667,0.0026041667,0.0026041667,0.0026041667,0.0028571685,0.4798999351,0.0028571429,0.0028571524,0.0028571527,0.0028571569,0.0028571574,0.0028571537,0.0028571467000000003,0.002857147,0.0028571429,0.0028571516000000003,0.4858142493,0.0028571429,0.0017638593,0.3121237917,0.0017624986000000001,0.07760178820000001,0.0017616968000000002,0.0017645442000000001,0.6014593456,0.0017624757000000001,0,0,0,1,0,0,0,-0.3298111499,0.3555339577,-0.108150673,-0.3205553662,-0.3721878019,0.3057946157,0.2644918879,-0.0609761502,-0.3793352558,-0.3588244664,0.0350103583,-0.3636665049,-0.3118773044,-0.151724366,0.031315951200000004,-0.2608087892,-0.1316649677,-0.2829841367,0.2947749495
/98/5.mp3,0.0009615385,0.09944333050000001,0.0009615385,0.0009615385,0.0009615385,0.2359691087,0.0009615385,0.0009615385,0.0009615385,0.0009615385,0.13188869420000002,0.0009615385,0.0009615387000000001,0.0009615385,0.0009615385,0.5211604047,0.9455329003,0.0010822565000000001,0.0010822511,0.041480058800000004,0.0010822537,0.0010822547,0.0010822549,0.0010822539000000001,0.0010822521,0.0010822521,0.0010822511,0.0010822563,0.0010822536,0.0010822511,0.0112193271,0.0433829061,0.0006729054,0.0815136872,0.0006732087,0.720462912,0.1414021208,0.0006729327,0,0,0,0,0,0,1,0.1809055825,-0.4180505325,-0.1533937066,0.0692496765,0.2922138642,-0.40986044920000003,-0.26867382770000003,0.0814400995,0.10542402690000001,0.078799541,-0.0460761238,-0.1822333921,0.1479508773,0.0385597863,-0.3406159989,0.032405531200000004,0.0368892761,-0.1481577393,-0.2993524106
/98/1.mp3,0.0023148169000000002,0.0023148153,0.1013493376,0.0023148148,0.0023148151,0.0023148149,0.0023148149,0.0023148148,0.0023148149,0.4024325132,0.0023148148,0.0768315914,0.0023148183000000003,0.0023148148,0.3916087722,0.0023148163,0.44052962760000003,0.0025510352,0.0025510204,0.0025510268,0.0025510276,0.1379691204,0.0025510308,0.2394726685,0.0025510233,0.0025510232,0.0025510204,0.1565183309,0.0025510244,0.0025510204,0.0016245122000000001,0.1624607482,0.21117937080000002,0.1718922324,0.0016733144,0.0016250946,0.0016252637,0.4479194637,0,0,1,0,0,0,0,-0.0927620047,0.1044974013,0.0062837027,-0.20626463020000002,-0.1314772008,0.22143984800000002,0.2540682026,-0.2483304312,-0.17786102780000002,-0.24803654790000002,-0.0062062257,-0.1022597182,-0.0937702431,-0.0999978413,-0.0257575064,-0.0666399327,0.0005140117,-0.11868260850000001,0.19288000700000002
/98/2.mp3,0.0004340278,0.0004340278,0.0004340278,0.0004340278,0.0004340278,0.0004340278,0.0004340278,0.8344885024,0.0004340278,0.0004340278,0.0364663155,0.0004340278,0.0004340278,0.1234028209,0.0004340278,0.0004340278,0.48862550180000003,0.3061945788,0.0004926108,0.0004926126,0.0004926122,0.000492613,0.199761188,0.0004926123,0.0004926114,0.0004926115000000001,0.0004926108,0.0004926136,0.0004926122,0.0004926108,0.0535902855,0.0507363094,0.0010539572,0.2865388807,0.0003010302,0.0962276894,0.0766551459,0.4348967018,0,0,0,0,0,1,0,0.0061248465,-0.26997156780000003,0.0256033203,0.17860864,0.0258011996,-0.19285270300000001,0.004164318,-0.2041735609,0.1366949791,0.1427866174,-0.17960724590000002,0.1274453928,0.055860998700000004,0.2394167946,0.0551922476,0.058431737600000005,-0.1372057701,0.005494077500000001,-0.28934409310000003
/98/3.mp3,0.0005952384,0.0005952383,0.0005952382000000001,0.0005952381,0.6040812816000001,0.0005952381,0.0005952383,0.0005952386,0.0005952381,0.16796324070000002,0.22021737930000002,0.0005952387,0.0005952389,0.0005952382000000001,0.0005952381,0.0005952383,0.4032939012,0.0006553118000000001,0.0006553080000000001,0.0559795554,0.0806478576,0.0326905,0.0497918176,0.1125077094,0.0107382908,0.15536550270000002,0.0006553080000000001,0.0380166511,0.0583469784,0.0006553080000000001,0.0646537418,0.00040396830000000004,0.0004038514,0.1436174166,0.00040386970000000003,0.1512660587,0.6388472654,0.000403828,1,0,0,0,0,0,0,0.23240466810000002,-0.35673612260000004,-0.0337705587,0.1576600154,0.2110702439,-0.29676179540000003,-0.14460310980000002,-0.1118568474,0.120372537,0.084230627,-0.1223911933,0.0056318499,0.21566323610000002,0.15629376790000002,-0.0013486504,-0.0191343494,-0.09803454240000001,0.13677370860000002,-0.386429244
/53/7.mp3,0.0007530121,0.0007530122,0.0007530121,0.0915478588,0.0007530121,0.0007530121,0.0007530121,0.8188327427000001,0.0007530121,0.0007530122,0.0007530122,0.0007530122,0.015182262600000001,0.06540099020000001,0.0007530121,0.0007530123000000001,0.0007764063,0.0007764027000000001,0.0007763975,0.0007764,0.3168734167,0.2466649377,0.41358415,0.0151134805,0.0007763983000000001,0.0007763985,0.0007763975,0.0007764128,0.0007764038,0.0007763975,0.1571589062,0.00048168550000000004,0.3950269299,0.0004816108,0.1394051435,0.0004814296,0.29574788090000004,0.011216413500000001,0,0,0,0,1,0,0,-0.0977948445,0.0338497673,0.0543834203,0.0399399841,-0.0789937815,-0.1319511496,0.0226211122,-0.0517404505,0.0269281882,0.0040980064000000005,-0.11530425670000001,0.07896440390000001,0.0691026066,0.0194744947,-0.08126598730000001,-0.0266510968,-0.1189789272,0.0409143691,-0.3972175388
/53/6.mp3,0.11306358500000001,0.0004032258,0.0004032261,0.0004032258,0.0004032258,0.0004032258,0.0765659166,0.0004032258,0.0202407761,0.34391156780000004,0.0004032258,0.10196580720000001,0.0004032261,0.0004032258,0.09222410900000001,0.2483992053,0.188590358,0.0004382151,0.00043821210000000003,0.00043821340000000004,0.18409556400000002,0.4020559333,0.00043821400000000003,0.0004382135,0.00043821260000000004,0.0004382127,0.00043821210000000003,0.2208760142,0.0004382128,0.00043821210000000003,0.0002672364,0.0002673638,0.38740775050000004,0.2109090954,0.0002675219,0.10594644190000001,0.00026732540000000003,0.2946672647,0,0,1,0,0,0,0,-0.2780348159,-0.4471842964,0.049344647400000004,0.0943193447,-0.055487659,-0.3860366543,0.0226211122,-0.24193706150000002,-0.0131422922,-0.0092346198,-0.1535716075,0.07896440390000001,0.0232772205,0.031801773000000005,-0.23760790080000002,-0.020629554600000002,-0.1189789272,0.1435735544,-0.31982467800000003
/53/4.mp3,0.0020161291000000002,0.21214832490000002,0.0020161291000000002,0.002016129,0.38961920850000004,0.002016129,0.0020161291000000002,0.002016129,0.0020161291000000002,0.0020161292000000003,0.002016129,0.3720227877,0.0020161299,0.002016129,0.0020161291000000002,0.0020161293000000003,0.3174069856,0.3012217209,0.0021008403,0.0021008477,0.044968013200000004,0.0021008502,0.31539483690000003,0.0021008475,0.0021008430000000002,0.0021008434,0.0021008403,0.0021008464,0.0021008442000000002,0.0021008403,0.0013166463,0.129175116,0.1817672434,0.1616754658,0.22008402200000002,0.0013177816,0.0013171449,0.30334658000000003,0,0,1,0,0,0,0,0.0403964801,-0.21763779020000001,0.049344647400000004,0.0081687752,-0.0126551934,-0.26752410600000004,-0.3047666647,-0.0423113078,0.0594783735,0.0040980064000000005,-0.1448016361,-0.0948539043,0.1376958262,0.0194744947,-0.08019442260000001,-0.025799423300000002,0.0682151619,0.0751609808,-0.08764110110000001
/53/5.mp3,0.00284091,0.0028409091,0.0664411755,0.0028409091,0.0028409093,0.0028409091,0.2483661301,0.0028409091,0.0028409152,0.0028409098000000002,0.0028409091,0.1254053548,0.0028409091,0.0028409091,0.1534951515,0.3750421801,0.355093296,0.0029762146000000002,0.0029761905000000003,0.0029762016,0.0029762001,0.6091923252,0.0029762052,0.0029762010000000004,0.0029761945000000003,0.0029761951,0.0029761905000000003,0.0029761994000000003,0.0029761959,0.0029761905000000003,0.0018954788,0.0018986131,0.48263707780000004,0.0018977625,0.10145465740000001,0.001898968,0.0018958853,0.4064215571,0,0,0,0,0,0,1,-0.10797935730000001,0.0493870657,-0.1409443654,-0.3851866284,-0.2475307283,0.038872256,0.0231977174,-0.2072673626,-0.37465447550000003,-0.4612517921,0.0331651362,-0.0934810086,-0.054927644500000004,-0.0801927198,0.060565273,-0.0266510968,-0.0140170424,0.0204927461,0.0169091863
/53/1.mp3,0.0029761908,0.0029761911,0.002976191,0.0029761905000000003,0.002976191,0.0029761905000000003,0.1610972595,0.0029761905000000003,0.16911211240000001,0.38072391240000003,0.0029761905000000003,0.0029761935,0.0029761949,0.0029761905000000003,0.1447903734,0.1115382376,0.2846788209,0.46261557740000003,0.0031055901,0.0031056012,0.0031055992,0.0031056042,0.0031056041,0.21854402690000002,0.0031055938,0.0031055946,0.0031055901,0.0031056085000000003,0.003105599,0.0031055901,0.0019244759,0.3449153445,0.3951405222,0.0019264875000000001,0.2503151788,0.0019258747,0.0019252274,0.0019268890000000002,0,0,0,0,0,1,0,-0.1466059332,-0.0074447083,-0.1570693787,-0.20908330590000002,-0.090205689,0.1796796612,0.1391290517,-0.3435664231,-0.2282428,-0.1759536494,0.0331651362,-0.3150795931,-0.145161977,0.0194744947,0.06322327600000001,-0.0018060227,0.2105947897,-0.28943789670000003,0.0169091863
/53/2.mp3,0.0011160718,0.0011160717,0.059675596500000004,0.0011160717,0.139996552,0.0011160715000000001,0.0011160715000000001,0.0011160744,0.0011160715000000001,0.0526167587,0.0561698865,0.0011160716,0.001116072,0.0011160718,0.42822463590000004,0.2521558511,0.5265296180000001,0.0011337931,0.0011337868,0.0011337896,0.0011337897,0.026065469900000002,0.0535518324,0.0990828609,0.0011337880000000002,0.0403611544,0.0011337868,0.0896095612,0.1568629822,0.0011337868,0.08058388920000001,0.06542417610000001,0.3268947445,0.162582905,0.1582992147,0.12434726900000001,0.0006995281000000001,0.0811682733,1,0,0,0,0,0,0,-0.5407940090000001,0.0354565008,-0.28547549040000003,-0.5903116391000001,-0.5522581874,0.1297925131,0.044825176800000005,-0.1706097502,-0.4618488016,-0.5066839312,-0.0017325585,-0.172126108,-0.0054688388000000004,0.018962630600000002,0.06322327600000001,-0.0556251017,-0.2309940812,-0.0045514207,0.0169091863
/53/3.mp3,0.0008928571000000001,0.0008928572,0.0008928571000000001,0.0008928587000000001,0.0008928572,0.0008928572,0.0008928571000000001,0.3495441472,0.0008928572,0.0008928571000000001,0.6379558505,0.0008928572,0.0008928575,0.0008928572,0.0008928572,0.0008928571000000001,0.5448738092000001,0.0008928632,0.0008928571000000001,0.44441187460000003,0.0008928593000000001,0.0008928606000000001,0.0008928606000000001,0.0008928594,0.0008928580000000001,0.0008928583000000001,0.0008928571000000001,0.0008928649,0.0008928605,0.0008928571000000001,0.41748097100000003,0.2480438288,0.0005491568,0.12987931090000002,0.0005492962,0.0005489443,0.2023994087,0.0005490833,0,0,0,1,0,0,0,-0.0839292527,0.0493870657,0.07159152170000001,0.0835151845,0.0091196572,0.038872256,-0.1031439115,-0.0349025813,-0.1023713167,0.0040980064000000005,0.0331651362,-0.0558646469,0.0171651907,-0.0077517052,-0.0954919245,-0.0266510968,-0.1189789272,0.032881441500000004,0.0169091863
/30/7.mp3,0.0022321447,0.0022321429,0.1585725318,0.0022321429,0.0022321429,0.0022321429,0.1330117887,0.0022321429,0.0650314832,0.0022321429,0.0022321429,0.0022321429,0.0022321429,0.0022321429,0.511997755,0.1068328681,0.0023809703,0.7106420575,0.0023809524,0.0023809605000000003,0.22323120330000001,0.0023809634,0.0023809635,0.0023809604000000002,0.0399361925,0.0023809558,0.0023809524,0.0023809591000000002,0.0023809565,0.0023809524,0.0014722942000000001,0.0014742103,0.13361378470000002,0.0014729214,0.001473497,0.0014732817000000001,0.3558387717,0.503181239,0,1,0,0,0,0,0,0.24799162360000002,0.2040675563,-0.0579034417,0.10461563780000001,0.2011254758,0.07690967580000001,-0.0128692374,0.2149425532,0.0015938284,-0.0200996176,0.23032968880000002,-0.1920204354,-0.1581814865,-0.0662806268,0.12388759610000001,0.042938795200000004,0.2202058898,-0.1000256941,0.1864627771
/30/6.mp3,0.0016447372000000001,0.0016447371,0.2423199596,0.161653042,0.001644737,0.0016447369,0.0016447371,0.12699852550000001,0.0284479769,0.0557775293,0.001644737,0.22324560640000002,0.001644737,0.001644737,0.1467547268,0.0016447371,0.1107951804,0.0015528083,0.001552795,0.038778281000000005,0.0341263998,0.5786104207,0.0015528031,0.0015528008,0.0015527972000000001,0.2237145258,0.001552795,0.0015527999,0.0015527980000000002,0.001552795,0.0009482456,0.1274532932,0.00094854,0.2577753225,0.0009488835,0.0482579527,0.5627190315,0.0009487310000000001,1,0,0,0,0,0,0,0.4051268947,0.0257640394,0.0804309098,0.1933311264,0.1844620532,0.065058636,-0.058031725400000005,0.15051431610000002,-0.1968113361,-0.1086373431,0.008574974400000001,-0.1223808833,-0.1167219246,-0.1336294894,-0.0650357418,-0.10847437180000001,0.1328169425,-0.2497860036,0.2065916256
/30/4.mp3,0.0009328359,0.2415224038,0.000932836,0.0009328365,0.0807377006,0.48357659080000004,0.0009328358000000001,0.0009328358000000001,0.0009328359,0.0009328361000000001,0.0959948929,0.07189377250000001,0.0009328366,0.0009328359,0.0169462787,0.0009328363,0.2944340748,0.4721134816,0.0010660981,0.0010661017,0.1509368218,0.001066103,0.0718546211,0.0010661016,0.0010660994,0.0010660996,0.0010660981,0.0010661011,0.0010661,0.0010660981,0.0006547416,0.0006549138,0.5376177013,0.36002324490000004,0.0006555875000000001,0.0990831261,0.0006550269,0.0006556579,0,0,1,0,0,0,0,0.4054247925,-0.3772837049,-0.1525635133,0.3730257852,0.38336468960000003,-0.2694537684,-0.4168481124,0.31175561620000003,0.48223507270000004,0.3890405236,-0.2252078751,0.1034770675,0.3096880816,0.0545778529,-0.2646459962,0.2028892583,0.1909323461,0.0596648963,-0.3891243802
/30/5.mp3,0.2715772036,0.00038580250000000004,0.0003858026,0.2308092035,0.00038580280000000003,0.00038580250000000004,0.0003858026,0.00038580250000000004,0.284683303,0.0003858026,0.00038580250000000004,0.00038580250000000004,0.0757834495,0.00038580250000000004,0.0003858026,0.1329030124,0.47438928300000005,0.2012735601,0.0004302926,0.0004302941,0.00043029390000000003,0.0004302946,0.0004302946,0.000430294,0.00043029310000000003,0.0004302932,0.0004302926,0.3196039283,0.0004302933,0.0004302926,0.1198118959,0.0002631121,0.0002631146,0.0278462935,0.17657132890000002,0.5426372382,0.0002631191,0.1323438978,0,0,0,0,1,0,0,0.2457156607,-0.1859193878,-0.0501846327,0.2700472013,0.0483693329,-0.1715815702,-0.1404375341,0.0821361662,0.0315546336,0.1895788492,0.023155583,-0.1947415005,-0.026529308,0.0190523212,0.14317433840000002,-0.01105456,0.1941498197,-0.2482093313,-0.0828739928
/30/1.mp3,0.0010416667000000001,0.0010416669,0.0010416667000000001,0.2730782194,0.2618473572,0.0353345793,0.0010416667000000001,0.0010416688,0.0010416667000000001,0.0010416667000000001,0.041843042600000005,0.0010416668,0.0010416678,0.0010416669,0.0010416667000000001,0.3764384642,0.7739707730000001,0.1751316468,0.0009523810000000001,0.0009523844,0.0009523834,0.000952385,0.0009523849,0.0404213667,0.0009523820000000001,0.0009523838000000001,0.0009523810000000001,0.0009523833,0.0009523838000000001,0.0009523810000000001,0.42732822270000004,0.0005822682,0.0005823569,0.0005825214,0.0005825748,0.4079220682,0.0005824509000000001,0.16183753680000001,0,0,0,1,0,0,0,-0.32089015660000003,0.3105276844,-0.1515680301,-0.2409252812,-0.2175631533,0.2899094672,0.1003608896,-0.1733332015,-0.4523718626,-0.33707060720000004,0.3218984037,-0.3702900581,-0.3370994748,-0.2352346454,0.0631117829,-0.30855126650000003,-0.30622532890000004,-0.18561156,0.3746765958
/30/2.mp3,0.0010245902,0.5834435979,0.0010245902,0.0010245902,0.0010245902,0.0412179022,0.0010245902,0.0010245902,0.0010245902,0.0010245902,0.3620188267,0.0010245902,0.0010245907,0.0010245902,0.0010245902,0.0010245903,0.1295828724,0.8563655744,0.0011709602,0.0011709641,0.0011709638,0.0011709656000000001,0.0011709657,0.0011709642,0.0011709616,0.0011709618000000001,0.0011709602,0.0011709635,0.0011709622,0.0011709602,0.0007231658000000001,0.048617691000000005,0.0007235094,0.1982984887,0.09747838780000001,0.0727772604,0.5806577888000001,0.0007237080000000001,0,0,0,0,0,1,0,-0.0092654031,0.32097894190000004,-0.2539073381,-0.0720023662,0.1466337949,0.24535852400000002,-0.13153425030000002,0.1509034401,0.0321313536,-0.10022134220000001,0.120516171,-0.0407732026,0.2164704121,0.0919242933,-0.0795098109,0.1071987498,0.1657366951,0.0388499969,0.3053201594
/30/3.mp3,0.0014204554,0.0014204552,0.0014204547,0.0014204567,0.0014204548,0.0014204546,0.0014204554,0.6213325544,0.049317971200000005,0.1808157142,0.064050705,0.0014204548,0.0014204570000000002,0.0688580468,0.0014204546,0.0014204551,0.31025186260000004,0.0015528052,0.001552795,0.0015527996,0.0321765144,0.2951359702,0.0015528018,0.0015528,0.1814731838,0.001552797,0.001552795,0.0015527991000000001,0.1669872812,0.001552795,0.0009623388,0.1022051407,0.1686102655,0.0009629334,0.0009629698,0.0009633195000000001,0.0009628566,0.7243701757000001,0,0,0,0,0,0,1,-0.2994728658,0.2551269831,-0.121843535,-0.3598312053,-0.26873418320000003,0.2636844391,0.1123200941,-0.1621633748,-0.46645661860000004,-0.4740509324,0.1006002336,-0.3735198313,-0.41804231280000004,-0.148198257,-0.0592224999,-0.262286796,-0.1201607985,-0.2073484354,0.1642354178
/37/7.mp3,0.0007267442,0.0007267442,0.0007267442,0.0007267447,0.0007267442,0.0007267442,0.0007267442,0.7377626991,0.0007267442,0.0007267442,0.2520628815,0.0007267442,0.0007267443,0.0007267443,0.0007267442,0.0007267442,0.0008210307000000001,0.9893267312,0.0008210181,0.0008210208,0.0008210206,0.0008210218000000001,0.0008210218000000001,0.0008210208,0.0008210191,0.0008210192,0.0008210181,0.0008210203,0.0008210195,0.0008210181,0.0005042638,0.0005045573,0.7552421142,0.2417308742,0.0005047669,0.0005044467,0.0005043202,0.0005046566,0,0,0,1,0,0,0,-0.18599621900000002,0.2175579752,-0.0921928305,-0.4368983993,-0.4004165576,0.2083688606,0.06929403740000001,-0.1016345984,-0.5211746795000001,-0.49677667410000004,-0.0007514307,-0.360500296,-0.3680053747,-0.17951370490000002,0.0400097857,-0.0984421102,-0.17533793590000002,-0.2942487794,0.3712871028
/37/6.mp3,0.0011574076,0.0011574079000000001,0.0011574076,0.0011574074,0.0011574075,0.0011574075,0.0011574075,0.0198237364,0.0011574075,0.490083678,0.0336003749,0.44260331810000003,0.0011574093,0.0011574074,0.0011574074,0.0011574079000000001,0.0012987131,0.8783817217000001,0.0012987013,0.0012987055,0.0012987058,0.0012987076,0.0012987078000000001,0.1060338194,0.001298703,0.0012987031,0.0012987013,0.0012987052000000001,0.0012987038,0.0012987013,0.0008018347,0.1032898693,0.3419859296,0.2204974898,0.1917401447,0.0008029155,0.0008022881,0.1400795283,1,0,0,0,0,0,0,-0.0352926687,-0.3417147283,-0.121811288,0.07503026800000001,0.091393609,-0.38429390150000003,-0.2001568679,0.019510532,0.0881567183,0.0228911177,-0.0732895828,-0.053512203,-0.0202307764,-0.0390036917,-0.1675108088,-0.0857401564,-0.227905832,-0.046500922300000004,-0.1456575763
/37/4.mp3,0.0012755103,0.0012755102,0.0012755105,0.0012755102,0.0012755102,0.0012755102,0.0012755102,0.0012755102,0.0012755102,0.8755921114,0.0012755102,0.0012755104,0.0012755102,0.0012755102,0.106550745,0.0012755102,0.6030253445,0.0014285819,0.0014285714000000001,0.0014285764000000001,0.0014285753,0.3798317564,0.0014285775,0.0014285756,0.0014285731,0.0014285749,0.0014285714000000001,0.0014285751,0.0014285752000000001,0.0014285714000000001,0.0008687618000000001,0.0008701009,0.2711178463,0.39376210570000003,0.0333093837,0.0008697979,0.0008689984000000001,0.2983330051,0,0,1,0,0,0,0,-0.1045594932,-0.2980444995,-0.0012542788,-0.0635333582,0.012847151900000001,-0.3034483635,-0.2691902083,-0.12374980860000001,-0.038581400200000004,-0.0457305672,-0.1908537368,-0.0056927065,0.016628293500000002,-0.1023846628,-0.0068173058,-0.0255992554,-0.0390902016,-0.0204925637,-0.0225536075
/37/5.mp3,0.0008680557000000001,0.0008680556,0.5708585207,0.065639824,0.0008680556,0.0008680556,0.1976811826,0.1554038036,0.0008680564,0.0008680556,0.0008680557000000001,0.0008680556,0.0008680561,0.0008680556,0.0008680559,0.0008680557000000001,0.0009276498000000001,0.17463283200000002,0.0009276438000000001,0.0009276471,0.0009276464,0.0009276479000000001,0.8142354171,0.0009276467,0.0009276449,0.0009276451000000001,0.0009276438000000001,0.0009276463000000001,0.0009276453,0.0009276438000000001,0.0005708942,0.0005710113000000001,0.0005714545000000001,0.0005715037,0.1412170291,0.1905115372,0.0005713307,0.6654152394,0,0,0,0,1,0,0,-0.023845963,-0.4040443804,-0.0916938271,0.1159972938,-0.084453812,-0.3088218441,-0.2324454307,-0.3792979892,-0.041434809100000004,-0.0544902964,-0.0941981583,0.1523140076,0.0071552124,-0.0096674935,-0.07110518140000001,-0.0590220413,-0.1057464174,-0.024813262000000003,-0.3045335891
/37/1.mp3,0.0016025647000000001,0.0016025646,0.0016025643,0.0016025641000000001,0.0016025668,0.0016025642,0.0016025646,0.0016025641000000001,0.0016025642,0.045281651000000006,0.071680201,0.8622048086,0.001602565,0.0016025641000000001,0.0016025642,0.0016025643,0.0017857292,0.2213728153,0.0017857143,0.0017857205000000001,0.0017857202,0.0017857230000000001,0.7571985573000001,0.0017857208,0.0017857166000000001,0.0017857169,0.0017857143,0.0017857196,0.0017857177,0.0017857143,0.019242943800000002,0.0011183713,0.33926824780000003,0.0011180277,0.35456749390000003,0.1085128419,0.1750540954,0.0011179781,1,0,0,0,0,0,0,0.1187231723,-0.16692238380000002,-0.0157469874,0.17098409990000002,0.17928915080000002,-0.1061798755,0.0231967421,0.0006317687,0.2863402256,0.21091479700000001,-0.010097502900000001,-0.2504342052,0.1933821192,-0.1123051038,-0.1389072207,0.0472771233,0.0781455452,-0.2540514139,-0.1816367411
/37/2.mp3,0.0020161299,0.002016129,0.16539771990000002,0.002016129,0.0020161291000000002,0.002016129,0.0020161296,0.002016129,0.8063764662,0.002016129,0.002016129,0.002016129,0.002016129,0.002016129,0.0020161314,0.0020161327,0.0023041658000000002,0.6320166769000001,0.0023041475,0.0023041553,0.0023041548,0.3403334838,0.0023041585,0.0023041555,0.0023041505,0.0023041508,0.0023041475,0.0023041541,0.0023041516,0.0023041475,0.0014211127,0.0014214256,0.9900454133000001,0.0014227991,0.0014224471000000001,0.0014225697,0.0014215724,0.0014226601,0,0,0,0,0,1,0,-0.5739487634,-0.11465503340000001,-0.1744987768,-0.4993808565,-0.40448841690000004,0.083171623,-0.0687542355,-0.1236207352,-0.3778933665,-0.3827985276,-0.0622190981,-0.1405159698,-0.23009958490000001,-0.195575136,-0.0069783218,-0.025387769100000002,-0.0917157292,-0.1274530828,-0.0898164713
/37/3.mp3,0.0016447368,0.001644737,0.0016447368,0.0016447369,0.0016447368,0.027960609,0.0016447368,0.9490130749000001,0.0016447368,0.0016447368,0.0016447369,0.0016447368,0.0016447368,0.0016447369,0.0016447368,0.0016447368,0.0018315103,0.8995340246,0.0018315018,0.0018315085,0.0350559061,0.0018315094,0.0452635101,0.0018315065,0.0018315037,0.0018315045,0.0018315018,0.0018315061000000001,0.0018315046,0.0018315018,0.8855942689,0.0011384192,0.0011386136000000001,0.10757398100000001,0.0011386373,0.0011383125,0.0011388343000000001,0.0011389333,0,0,0,1,0,0,0,-0.0988485969,0.1652260646,-0.32115504780000004,-0.2684993268,-0.0566585748,0.1595373038,0.0265378093,-0.044891597000000005,-0.3512055638,-0.3701156695,0.0256049617,-0.3069064191,-0.27473910230000004,-0.1483020138,0.08397213490000001,-0.153829305,-0.0757333708,-0.1268872255,0.37463257990000004
/39/7.mp3,0.0004844962,0.0004844962,0.0743653675,0.00048449610000000004,0.00048449610000000004,0.9049214861,0.00048449610000000004,0.00048449610000000004,0.00048449610000000004,0.0004844962,0.00048449610000000004,0.0144146962,0.00048449640000000003,0.00048449610000000004,0.00048449610000000004,0.0004844962,0.0005411270000000001,0.9628103385000001,0.0005411255,0.0005411276000000001,0.0005411266,0.0005411276000000001,0.0005411274,0.0306961437,0.0005411260000000001,0.0005411263000000001,0.0005411255,0.0005411266,0.0005411261,0.0005411255,0.0003301607,0.19550796410000001,0.4101797471,0.0003301525,0.00033014,0.000330134,0.3926613863,0.0003303153,0,0,0,1,0,0,0,-0.5517425384,0.0589494682,0.1567678076,-0.1185418052,-0.45347441850000003,-0.0013468091,0.1344521772,-0.041014826500000004,-0.5299918625,-0.48255097890000004,-0.0006210003,-0.4057994559,-0.4871510698,-0.22111454500000002,0.06322327600000001,-0.4188648491,-0.5729269791,-0.3873832419,-0.0845615812
/39/6.mp3,0.0025,0.0025000008,0.0025,0.0025,0.0025,0.6533442815,0.0025,0.0025000001,0.0025,0.0025,0.14350369500000001,0.0025,0.0025,0.1706520226,0.0025,0.0025,0.34369081500000004,0.5759133717,0.0028571429,0.0028571527,0.0028571518,0.0028571563,0.0028571564,0.0028571527,0.0028571465000000002,0.0489671696,0.0028571429,0.002857151,0.0028571479000000003,0.0028571429,0.0018128721000000001,0.2630566881,0.0018152932,0.33175838760000004,0.0018152994000000002,0.0018139993,0.0018135663,0.396113894,0,1,0,0,0,0,0,0.2292449652,-0.0524508193,-0.0799751717,0.0689747698,0.11482359710000001,-0.058366678500000005,-0.3208775801,0.062850311,-0.08539765170000001,-0.1186596042,-0.1471594052,-0.1419919767,0.058016906300000004,0.0284723324,-0.0397876068,-0.0210146674,0.0340676018,-0.182139033,0.0591217236
/39/4.mp3,0.21949338710000002,0.0011574076,0.0011574076,0.0011574074,0.0011574079000000001,0.0011574074,0.0011574074,0.0011574074,0.0011574074,0.5610438680000001,0.0011574074,0.0011574087,0.20441644590000002,0.0011574074,0.0011574075,0.0011574078000000001,0.5932841797,0.35303504220000004,0.0013227513000000002,0.0013227559,0.0013227554,0.0013227574,0.039130484800000004,0.0013227557000000001,0.001322753,0.0013227532000000001,0.0013227513000000002,0.0013227550000000001,0.0013227537,0.0013227513000000002,0.0008069429,0.0008076608,0.0921219618,0.0008079209,0.0008079308,0.6577369646,0.0008072473000000001,0.24610337100000002,0,0,0,0,1,0,0,0.0006462095,-0.0573606174,0.0060947166,-0.0827067784,-0.0304563227,0.08569486500000001,0.0434067031,-0.0669555516,-0.2020009396,-0.0232204378,-0.1077894836,0.0009038127000000001,-0.1448718628,-0.0462181903,-0.0249639141,-0.013203457200000001,-0.0099909877,-0.1331031159,0.0213176799
/39/5.mp3,0.0002990431,0.0002990431,0.0002990433,0.0344999698,0.0002990433,0.0051047282,0.1053057047,0.1461156568,0.1086007437,0.0853258598,0.0002990431,0.0002990432,0.4546442129,0.0245118073,0.00029904380000000003,0.0337980138,0.2899423137,0.34267039120000004,0.0003132832,0.0152412621,0.0059988815,0.1640706548,0.00031328460000000003,0.0003132842,0.0003132836,0.1256100108,0.0003132832,0.054273499999999995,0.0003132839,0.0003132832,0.1400322716,0.1997824527,0.0001920365,0.1648486932,0.0001920636,0.29996348230000003,0.1947969555,0.0001920446,0,0,0,0,0,0,1,0.11287484900000001,-0.4099737392,-0.2174944447,0.19015802040000002,-0.19181487200000003,-0.28299312330000004,0.0046797636,-0.5605087881,-0.2284568455,-0.0839897502,-0.3378096392,0.2265797535,0.0656342854,0.1403816438,-0.1614660659,0.0418881943,-0.12016697250000001,0.0628975781,-0.44471812730000004
/39/1.mp3,0.0034722224,0.2223154464,0.0034722224,0.0034722225000000002,0.0034722225000000002,0.0603248958,0.0034722223,0.0034722253000000003,0.0034722223,0.0034722226000000003,0.41572483120000003,0.1231584211,0.0034722253000000003,0.0034722226000000003,0.0034722223,0.14028195300000001,0.3803433221,0.0039682803,0.003968254,0.0039682656000000005,0.0039682659,0.509603322,0.0039682716,0.0039682671,0.06640245930000001,0.003968259,0.003968254,0.0039682646,0.003968260600000001,0.003968254,0.0025027865,0.5120141282,0.0025038561,0.0025028612,0.0025022634,0.3506304007,0.12484045610000001,0.0025032479,0,0,0,0,0,0,1,-0.1908718529,0.0690602289,-0.0539122059,-0.3576576973,-0.0604438776,0.280980769,0.2463262192,-0.19882669960000002,-0.24984585420000002,-0.1892182506,0.040444409800000004,-0.2792670067,-0.39610112750000004,-0.3138461844,-0.1676454026,-0.2998221582,-0.0947657979,-0.2852290068,0.1490152328
/39/2.mp3,0.0010245912000000001,0.0010245903,0.001024591,0.0986531744,0.0010245902,0.0010245902,0.6229908097,0.0010245902,0.0010245903,0.0010245904,0.0010245902,0.0010245903,0.0010245914,0.0010245902,0.2650363392,0.001024591,0.7414765438,0.21308653660000001,0.0011160714,0.0011160753000000001,0.0011160749,0.0011160766000000001,0.0331601095,0.0011160752,0.0011160728000000001,0.001116073,0.0011160714,0.0011160746,0.0011160735000000001,0.0011160714,0.00068359,0.0006846925,0.0006842818000000001,0.9554529349,0.0006840688,0.0404424493,0.0006837242,0.0006842585,0,1,0,0,0,0,0,-0.1145108947,-0.2085392547,0.0784409315,-0.11154166850000001,-0.019236409200000002,-0.1300316937,-0.06746210400000001,0.005722027,-0.17698731650000002,-0.197803219,0.0094331828,-0.0604222899,-0.02277436,0.0168713473,-0.12537687790000002,0.0661925045,-0.0286794289,-0.13275234560000002,0.10363671860000001
/39/3.mp3,0.0007621951,0.0007621952,0.0007621951,0.6467641992000001,0.0007621951,0.0007621951,0.0007621951,0.231153881,0.0007621951,0.0007621951,0.1121733827,0.0007621951,0.0007621953,0.0007621952,0.0007621951,0.0007621951,0.0008403425000000001,0.0008403428000000001,0.0008403361,0.0008403393,0.197248314,0.0008403401,0.5439974081,0.0008403389,0.0140883582,0.1476040951,0.0008403361,0.0743016306,0.0160374819,0.0008403361,0.000517041,0.0610783172,0.633221398,0.000517436,0.0336293523,0.0005172098,0.2700018746,0.0005173711,0,0,0,0,1,0,0,0.1667163917,-0.3439346413,-0.0548285107,0.2043742989,-0.007732197400000001,-0.2170223225,-0.1442387627,0.0269131991,0.2612488685,0.1223065517,-0.38294400700000003,-0.061648366100000004,-0.023953738000000002,-0.0631916896,-0.21370504780000002,-0.1646167656,-0.1860932627,-0.0037533568,-0.3396991713
/106/7.mp3,0.0011574075,0.0011574074,0.0011574075,0.0011574074,0.0011574075,0.0011574074,0.0011574074,0.0011574074,0.0011574075,0.8556721078,0.0011574074,0.0923805729,0.0011574077,0.0011574074,0.0369010222,0.0011574075,0.4597624387,0.0012987106,0.0012987013,0.3549300036,0.0012987052000000001,0.0012987071,0.0012987072000000001,0.0012987056,0.0012987029,0.0012987031,0.0012987013,0.1710218087,0.0012987035,0.0012987013,0.0008069407,0.0008078120000000001,0.1426805355,0.1227230572,0.1472653234,0.0639992454,0.0008072749000000001,0.5209098109,0,0,1,0,0,0,0,-0.06678687950000001,0.0589494682,0.049344647400000004,-0.057447930800000005,-0.09992355060000001,0.0272245389,0.0231977174,0.0778206901,0.1609251816,0.0543349544,0.0331651362,0.07896440390000001,0.0783229453,0.0264966314,-0.003497144,0.0439054438,-0.022611879,0.11306479400000001,-0.09239728100000001
/106/6.mp3,0.0010245902,0.0010245906000000001,0.0010245902,0.0578818356,0.0010245902,0.469541662,0.0010245902,0.144602729,0.0010245902,0.0010245903,0.06998501380000001,0.0010245903,0.0010245908,0.1420315789,0.0010245902,0.1057112775,0.5423887403000001,0.3385969344,0.0011709602,0.0876794079,0.0011709638,0.0011709656000000001,0.0011709656000000001,0.0011709641,0.0196252902,0.0011709619,0.0011709602,0.0011709635,0.0011709622,0.0011709602,0.0007149748,0.159793035,0.0007157553,0.0868683868,0.4600423839,0.1606384922,0.065107355,0.066119617,0,0,0,1,0,0,0,0.28545078160000004,0.0589494682,0.049344647400000004,0.1913238055,0.1590351558,-0.033594155300000005,0.0231977174,0.1412084697,0.1822939315,0.1193467319,-0.1028252484,0.0635883592,0.24680383360000002,0.1509556976,0.0101456379,0.1141500627,0.043013094,0.0542021732,-0.2159513559
/106/4.mp3,0.98487903,0.0010080646000000001,0.001008065,0.0010080645,0.0010080645,0.0010080645,0.0010080645,0.0010080645,0.0010080645,0.0010080646000000001,0.0010080645,0.0010080646000000001,0.0010080648,0.0010080645,0.0010080656,0.0010080647,0.0011520794,0.0011520838,0.0011520737,0.0011520785000000001,0.0011520768,0.9478905184,0.0011520787,0.001152077,0.0382845584,0.0011520756,0.0011520737,0.0011520767,0.0011520754,0.0011520737,0.0007105689,0.0007106629,0.40097761260000003,0.0007115887,0.4875182474,0.0007111827,0.0007107943,0.1079493425,0,0,0,0,0,1,0,-0.1078505805,0.3260715945,0.1200421176,-0.0646301108,-0.1325365859,0.2029391944,0.0960887327,0.1398867316,0.015139269700000001,-0.010429287300000001,0.2066069942,0.0860692321,-0.0526435861,0.0431886402,0.0634853502,0.044239173,0.0035709926,0.0831419453,0.2442149463
/106/5.mp3,0.0010775885,0.0010775868,0.0010775871000000001,0.0010775868,0.1040838156,0.0010775863,0.0010775875,0.2757842348,0.0179617841,0.0010775888,0.2859839668,0.0336273124,0.0010775869,0.0181567772,0.1213669295,0.1344144809,0.0010989081,0.9857142515,0.0010989011,0.0010989049,0.0010989042,0.0010989059,0.0010989059,0.0010989044,0.0010989024,0.0010989027000000001,0.0010989011,0.0010989040000000002,0.0010989028,0.0010989011,0.0112492248,0.0539567752,0.3928893037,0.0006731833,0.0823348849,0.050193122,0.0893372187,0.3193662875,0,0,0,0,0,0,1,0.1542978465,0.090946068,0.0118551166,0.1275919029,0.0476305646,0.1670005115,0.0231977174,0.11877178590000001,0.11270362,0.1729556531,0.0331651362,0.130476208,0.1787362253,0.059909628900000005,0.034459090500000004,0.0021564119,-0.0786306813,0.1114134115,-0.0301429039
/106/1.mp3,0.0018382364000000002,0.0018382361,0.3344199505,0.0018382366,0.0018382354,0.0322065592,0.0018382353,0.0018382353,0.0018382354,0.4647002208,0.0018382353,0.0018382378,0.0018382356000000001,0.0317699704,0.1166827039,0.001838236,0.32969388920000003,0.1469560054,0.0020408163,0.0020408238,0.500901076,0.0020408263,0.0020408263,0.0020408234,0.002040819,0.0020408195,0.0020408163,0.0020408223,0.00204082,0.0020408163,0.0012635009,0.0870538009,0.2556706033,0.4643631427,0.1878548051,0.0012649827,0.001264088,0.0012650764,1,0,0,0,0,0,0,0.0375476115,0.2786385548,-0.1088969607,-0.16560163220000002,0.19942068740000002,0.30608449320000003,0.1809087647,0.0681885564,-0.016333503000000003,0.0040980064000000005,0.0331651362,0.1221073787,0.1047914196,0.0739831579,-0.0352098216,0.3338451519,0.2809534996,0.12062478630000001,0.1289363426
/106/2.mp3,0.0404835304,0.0004734849,0.6789770265,0.00047348480000000004,0.0435361067,0.0004734849,0.0004734849,0.00047348480000000004,0.0004734849,0.0004734849,0.0004734849,0.014344029900000001,0.0004734852,0.00047348480000000004,0.2081003361,0.0098241215,0.1439747613,0.3797596922,0.0005175983,0.0005176001,0.0731090434,0.1891306647,0.19208672170000002,0.0005176001,0.000517599,0.017798323600000002,0.0005175983,0.0005175998,0.0005175993,0.0005175983,0.0484423666,0.0003161711,0.0003160525,0.34177212090000003,0.3819402008,0.000316188,0.10215197990000001,0.1247449203,0,1,0,0,0,0,0,0.18299843030000001,-0.0523238337,0.0580009441,0.1671387544,0.196374403,0.1145899568,0.0029518078,0.30329301470000003,0.1916491712,0.1996004117,0.0014282458000000001,0.1967740001,0.2748406947,0.2469279197,0.050416825000000005,0.1892729351,0.1678938349,0.1541521998,-0.038103329000000005
/106/3.mp3,0.0010416667000000001,0.10255273520000001,0.0010416668,0.062393475500000004,0.0010416667000000001,0.7702617595,0.0010416667000000001,0.0349579987,0.0010416667000000001,0.0010416668,0.0010416687,0.0010416668,0.0010416676,0.018375693800000002,0.0010416667000000001,0.001041667,0.2824857702,0.7034626769,0.0011709602,0.0011709641,0.0011709638,0.0011709656000000001,0.0011709656000000001,0.0011709641,0.0011709616,0.0011709618000000001,0.0011709602,0.0011709635,0.0011709622,0.0011709602,0.0007274858,0.12714707,0.1473706907,0.2952436953,0.0592658605,0.1257515648,0.0769159462,0.1675776866,0,1,0,0,0,0,0,0.2047002357,0.146593428,-0.097570237,0.1283071247,0.3310906836,0.2801868732,0.061356536100000005,0.287827323,0.30697530640000004,0.3158637744,0.1837846297,0.2053078936,0.3448745864,0.0314328074,-0.08097980810000001,0.20515897460000002,0.2906152098,0.0684262098,0.227738346
/99/7.mp3,0.00042517010000000003,0.0004251705,0.00042517010000000003,0.035984178900000004,0.0004251704,0.00042517010000000003,0.263537694,0.1234593454,0.1309816526,0.00042517010000000003,0.0004251723,0.0212100152,0.42057541,0.00042517010000000003,0.00042517010000000003,0.00042517010000000003,0.00042017080000000004,0.00042017140000000003,0.00042016810000000004,0.00042016950000000003,0.008581294,0.9863766757,0.0004201699,0.0004201694,0.0004201686,0.00042016870000000003,0.00042016810000000004,0.00042016920000000004,0.00042016870000000003,0.00042016810000000004,0.3877653186,0.0483460488,0.00025658020000000003,0.0782617256,0.2497187243,0.13235757580000002,0.0002566256,0.10303740110000001,0,0,0,0,1,0,0,0.17831681800000002,-0.33834651190000004,-0.2524607291,0.2340037217,-0.1631941214,-0.3293403357,-0.2590949017,-0.0423113078,0.24206796490000002,0.0040980064000000005,-0.23085363900000003,0.0530170783,0.1352265763,0.0184700626,0.0147894867,-0.0399552867,-0.30598903790000004,0.0166975512,-0.3263877069
/99/6.mp3,0.0010245907,0.0010245904,0.29256918730000003,0.0010245902,0.0010245903,0.0010245902,0.0010245902,0.0010245902,0.0010245902,0.0875033521,0.0010245902,0.25853390860000003,0.0010245918,0.0010245902,0.3490984669,0.0010245907,0.5459856896,0.1692890396,0.0011337868,0.0011337909,0.0011337901,0.001133792,0.0011337919,0.0242933465,0.0011337882,0.0011337892000000001,0.0011337868,0.0011337899,0.24909403160000002,0.0011337868,0.0006988989000000001,0.33446334710000003,0.0006995724,0.6613397792,0.0006996155000000001,0.0006995843,0.0006995932,0.0006996094,0,0,1,0,0,0,0,-0.0815419674,-0.11947490820000001,-0.117211958,-0.1957984533,-0.14101446950000002,0.2610771975,0.12254726340000001,-0.0172315887,-0.19472517960000002,-0.15702540210000002,-0.0685703777,-0.0853529041,-0.29609383980000004,-0.1221410903,-0.2202678265,-0.0439236503,-0.1189789272,-0.0919202504,-0.07529458500000001
/99/4.mp3,0.0019531252,0.42194284730000003,0.0019531254,0.0019531272,0.0019531252,0.23987406800000002,0.001953125,0.0019531251,0.0019531251,0.0019531254,0.3127924542,0.0019531254,0.0019531254,0.0019531252,0.0019531252,0.0019531259,0.0022321675,0.0022321609000000003,0.0022321429,0.0022321509,0.0022321508000000003,0.0022321543,0.9709820459,0.0022321515,0.002232146,0.0022321463,0.0022321429,0.0022321499,0.0022321474,0.0022321429,0.0014050661,0.00140553,0.5977880257,0.3937750975,0.0014071129,0.0014065298,0.0014057164000000001,0.0014069214000000001,0,1,0,0,0,0,0,0.0270774735,-0.22833443180000002,0.0182349535,-0.0046254924,0.0870263248,-0.1003622239,-0.0438479866,0.0135564697,-0.0618100482,-0.1344055218,0.0061216921,-0.0845645389,-0.1961116618,-0.08714385250000001,-0.1981438869,-0.1115869441,-0.2248942845,-0.0951412459,-0.1343074955
/99/5.mp3,0.0027173916,0.0027173913,0.0027173928,0.0027173913,0.0027173913,0.0027173913,0.0027173913,0.0027173913,0.0027173913,0.9592391173,0.0027173913,0.0027173913,0.0027173913,0.0027173913,0.0027174024,0.0027173915,0.5734670013000001,0.0031056168,0.0031055901,0.3892658124,0.0031055986,0.0031056049,0.003105604,0.0031055992,0.0031055937,0.0031056002,0.0031055901,0.0031055985,0.0031056002,0.0031055901,0.0019539830000000003,0.0019543609,0.9863076509,0.0019562699,0.0019589931,0.001956722,0.0019550632,0.0019569571,0,0,1,0,0,0,0,-0.1157362113,-0.1832375889,0.0059170568,0.0372719081,-0.0309706792,-0.0441072231,-0.0366685028,-0.2648684517,0.0269281882,0.0040980064000000005,-0.0717146877,0.07896440390000001,-0.28207300750000003,-0.23248395230000002,-0.2204265695,-0.0266510968,0.0133770482,-0.1259416602,-0.2086025218
/99/1.mp3,0.0010245902,0.0010245903,0.0010245902,0.0010245903,0.0010245902,0.3594874894,0.0010245902,0.0010245918,0.0010245902,0.0010245902,0.626168246,0.0010245902,0.0010245902,0.0010245906000000001,0.0010245902,0.0010245902,0.38455064800000005,0.6016244371,0.0011520737,0.0011520776,0.0011520773,0.001152079,0.0011520791000000001,0.0011520776,0.0011520751,0.0011520754,0.0011520737,0.0011520769,0.0011520757,0.0011520737,0.0007149754,0.1970143749,0.0007156918,0.1397296523,0.0473223123,0.2551340824,0.3586532535,0.0007156574,0,0,0,1,0,0,0,-0.1010292731,0.2946925091,-0.17962033530000002,-0.1592854544,-0.1001541244,0.3134674147,0.11836088380000001,-0.0423113078,-0.4007348075,-0.3134372722,0.0464196065,-0.4054899161,-0.50051416,-0.2052268237,0.06322327600000001,-0.2770923916,-0.1189789272,-0.2905503347,0.1568865776
/99/2.mp3,0.0012254902,0.0012254908000000001,0.0012254903,0.5419187415,0.0012254902,0.0012254903,0.0012254902,0.4409243874,0.0012254902,0.001225493,0.0012254943,0.0012254902,0.0012254905,0.0012254903,0.0012254902,0.0012254902,0.5835445681,0.0012755215000000001,0.0012755102,0.0012755159,0.15903791620000002,0.0012755161,0.24338686180000002,0.0012755135,0.0012755116,0.0012755157,0.0012755102,0.0012755134,0.0012755155,0.0012755102,0.0007770008000000001,0.1582265671,0.10360093590000001,0.0007771407000000001,0.0424086434,0.0007771745,0.5617569291,0.1316756086,0,0,0,0,1,0,0,0.0220008945,-0.1991818257,-0.0152764952,0.0785376591,-0.0740950907,-0.2418742469,-0.2477910842,-0.20428659740000002,-0.133525671,0.0522200913,-0.102400115,-0.2736918823,-0.2473723868,-0.22483141210000002,-0.22298354150000002,-0.20470797300000002,-0.1637196499,-0.1816352813,-0.1308465089
/99/3.mp3,0.0005896226,0.0005896226,0.0005896226,0.0005896227000000001,0.0005896226,0.0005896226,0.0005896226,0.2304568481,0.0005896226,0.0005896226,0.7612884348000001,0.0005896226,0.0005896226,0.0005896227000000001,0.0005896226,0.0005896226,0.0006738597,0.5996047711,0.0006738544,0.0006738567,0.39230895460000004,0.0006738576,0.0006738576,0.0006738567,0.0006738553,0.0006738554,0.0006738544,0.0006738563,0.0006738556,0.0006738544,0.00041027290000000003,0.0004106555,0.0004104703,0.0004106469,0.2443836915,0.2022217098,0.5513421031,0.0004104501,0,0,0,1,0,0,0,-0.2273923337,0.2543765246,0.022037125600000002,-0.1942507553,-0.0821748998,0.32033028080000003,0.0237105172,-0.0142370397,-0.2776572121,-0.31064053820000004,0.0936226505,-0.2350408529,-0.39486054460000003,-0.1937080703,0.1672451396,-0.12665555,-0.1691931828,-0.1613875152,0.3456814433
/52/7.mp3,0.0011574081,0.6213002440000001,0.0011574075,0.0011574074,0.0011574098000000001,0.0011574074,0.0011574080000000002,0.0011574074,0.0011574075,0.12326474230000001,0.0011574081,0.24038871220000002,0.0011574079000000001,0.0011574074,0.0011574075,0.0011574075,0.184299601,0.5500955247,0.0012755102,0.0012755145000000001,0.0012755142,0.23104473080000001,0.0012755162,0.0012755145000000001,0.0012755118,0.021805015400000002,0.0012755102,0.0012755138,0.0012755124,0.0012755102,0.0007917982,0.1231283447,0.2812135187,0.08853942990000001,0.3205488313,0.1841930545,0.000792389,0.0007926336,0,0,0,0,0,0,1,0.10203332600000001,-0.1800433254,-0.0145638859,0.087181408,0.1445443669,-0.2202382537,-0.0588297512,0.0565812016,0.0250486924,0.0544812687,-0.060482874500000006,0.048319195100000004,0.1267663434,0.043097887700000004,-0.051050921000000006,0.009121457000000001,-0.0661688109,0.0167543312,-0.2897726103
/52/6.mp3,0.21424394970000002,0.0005296612,0.0005296612,0.061315161900000005,0.0005296611,0.0005296610000000001,0.0616480592,0.0005296610000000001,0.5062996056,0.0005296611,0.0005296610000000001,0.0005296611,0.0005296617,0.0005296610000000001,0.0005296611,0.15066695100000002,0.2456048297,0.4656285989,0.0005714286,0.0005714305,0.0005714303,0.0005714312,0.0005714312,0.0005714305,0.0005714293,0.0005714294000000001,0.0005714286,0.2824808439,0.0005714295,0.0005714286,0.00034745690000000004,0.1624600691,0.057418676,0.13384545750000001,0.1832142377,0.18741659530000002,0.0003475924,0.2749499151,0,0,0,0,1,0,0,-0.1067614853,-0.407271154,-0.0107714808,0.0658057375,-0.1096358986,-0.23229219820000002,-0.0937972805,-0.2445399355,-0.0400037991,0.0230190169,-0.2234072607,0.0880191718,0.0189289407,-0.014728964800000001,-0.09955658440000001,-0.07365631360000001,-0.1552434935,0.0559353483,-0.3210283816
/52/4.mp3,0.0005252101000000001,0.0005252101000000001,0.9585084028,0.008928571100000001,0.0005252101000000001,0.0005252101000000001,0.0005252101000000001,0.0005252101000000001,0.0005252101000000001,0.0005252101000000001,0.0005252101000000001,0.025735294000000002,0.0005252103,0.0005252101000000001,0.0005252107,0.0005252101000000001,0.0005952397,0.40197408970000004,0.0005952381,0.0005952403,0.23678329620000002,0.1174771628,0.0005952401000000001,0.0005952393,0.0096737096,0.2287345899,0.0005952381,0.0005952393,0.0005952387,0.0005952381,0.0003624747,0.0003625893,0.8350618187000001,0.0003630601,0.1627616297,0.000362789,0.000362629,0.00036300950000000003,0,0,0,0,0,0,1,-0.0652905871,-0.2821613055,-0.1062318609,0.0461421492,-0.10912431140000001,-0.28443294210000003,-0.0312274116,-0.2587420596,-0.0663674393,0.0014461589,-0.2660810713,0.045503753200000004,-0.029170515,-0.017172265500000002,0.0738765635,-0.0491728514,-0.12999642420000002,0.0708013344,-0.3305923679
/52/5.mp3,0.0009057972,0.0009057971,0.0009057974,0.0009057971,0.0009057971,0.0009057971,0.4256913446,0.0009057971,0.3615531248,0.0009057971,0.0009057971,0.0009057971,0.0009057971,0.0009057971,0.2009801679,0.0009057971,0.0010204144,0.4932219606,0.0010204082,0.0010204117,0.387540205,0.0010204126,0.0010204125,0.0010204112,0.0010204093,0.0010204096,0.0010204082,0.0010204108,0.1080133176,0.0010204082,0.0006224279,0.10020583350000001,0.5030796868,0.1208386112,0.2733845417,0.0006231323,0.0006227948,0.0006229717000000001,0,1,0,0,0,0,0,-0.0508662079,-0.2298964872,-0.0159784437,0.08055033860000001,-0.020358050500000002,-0.1069699966,-0.009088976700000001,-0.0787280186,0.0200841453,0.0065350063,-0.0664597791,0.13013646,0.0607192041,0.06283255060000001,0.0294720275,0.0787630916,-0.0507177849,0.042743959500000005,-0.31359142160000003
/52/1.mp3,0.0013297886000000001,0.0013297887,0.0013297875,0.0013297886000000001,0.1241092926,0.0013297875,0.0013297883,0.0389096842,0.0013297875,0.0013297899000000001,0.0013297923,0.7963550911,0.0013297876,0.0013297875,0.024668470600000002,0.0013297877,0.3622558008,0.2224029838,0.0014880952000000001,0.0014881007,0.22926881440000002,0.0014881017000000002,0.0014881016000000001,0.0014880995,0.0014880969,0.0014880974,0.0014880952000000001,0.171191417,0.0014881004000000001,0.0014880952000000001,0.000934074,0.492168708,0.0009346210000000001,0.0009346930000000001,0.0009343771,0.0009349995,0.16590465910000002,0.33725386830000004,0,0,0,0,0,0,1,0.0637459399,-0.3736725513,-0.0961017757,0.1014590909,-0.011992366400000001,-0.28895152290000004,-0.0708342643,-0.1153004687,0.020893784500000002,-0.0244232332,-0.32134757480000004,-0.0144877467,0.056437927900000004,0.042127492700000005,-0.14766792950000002,0.0224285197,0.009090466200000001,-0.1243911546,-0.3946023709
/52/2.mp3,0.0027173921,0.0027173914,0.0027173928,0.0027173913,0.0027173914,0.0027173913,0.0027173917000000002,0.0027173913,0.0027173913,0.9592391100000001,0.0027173913,0.0027173913,0.0027173914,0.0027173913,0.0027174086,0.0027173915,0.9596271861000001,0.0031056284,0.0031055901,0.0031056062,0.0031056003,0.003105608,0.0031056069,0.0031056010000000004,0.0031055945000000003,0.0031055994000000003,0.0031055901,0.0031056002,0.0031055989,0.0031055901,0.0019540904,0.0019544354,0.5432266752,0.445041562,0.0019568718,0.0019549906,0.0019546733,0.0019567013,0,0,1,0,0,0,0,-0.34387397280000004,0.1067147168,-0.1310706007,-0.2523359556,-0.3251959138,0.1806175627,-0.0925149088,-0.18279487020000001,-0.2756783116,-0.0708998461,-0.16629808140000002,-0.2875008169,-0.3345071894,-0.1888059503,-0.1548914606,-0.10115444180000001,0.038480521600000005,-0.2601370079,-0.09677397830000001
/52/3.mp3,0.0004882813,0.0004882813,0.0004882813,0.3153173414,0.043921049600000005,0.0004882813,0.239501652,0.0004882813,0.3362995414,0.019173968,0.0004882813,0.0004882813,0.0409036339,0.0004882813,0.0004882818,0.0004882816,0.1472594292,0.7382546541,0.00048262550000000004,0.0004826271,0.0564060495,0.00048262770000000003,0.00048262770000000003,0.0004826271,0.00048262610000000003,0.0004826262,0.00048262550000000004,0.053253602600000005,0.0004826263,0.00048262550000000004,0.0002937951,0.00029395450000000003,0.0002939032,0.14666593,0.23594201780000001,0.1038255195,0.2737772792,0.23890760060000002,0,0,0,0,0,1,0,0.0079589064,-0.2460536834,0.021191022,-0.0431023095,-0.0378786572,-0.27741670620000003,-0.22785654230000002,-0.1292074003,-0.0266466253,-0.0710203665,-0.0861573468,-0.1043261359,-0.0556997309,-0.0631485119,-0.0287123331,-0.0467310924,-0.09434762170000001,-0.0393014545,-0.0781595744
/101/7.mp3,0.0009057971,0.0009057973000000001,0.0009057971,0.0009058003,0.0009057971,0.0009057971,0.0009057971,0.0009057971,0.0009057971,0.0009057971,0.0588774712,0.0009057971,0.9284413658,0.0009057971,0.0009057971,0.0009057971,0.0009398582000000001,0.9473409081,0.0009398496000000001,0.0009398529,0.0009398522,0.0009398537000000001,0.0009398536,0.0413808678,0.0009398507,0.000939851,0.0009398496000000001,0.000939852,0.0009398511,0.0009398496000000001,0.1936410147,0.1069623126,0.0884105463,0.036862915100000004,0.0005771692000000001,0.0005771305,0.2119136416,0.36105527,0,0,0,0,0,0,1,-0.4406641127,-0.3830957553,-0.31390653,-0.2983726445,-0.3891536179,-0.0713084511,-0.1677788913,-0.4675345262,-0.3133312038,-0.1363854448,-0.20803632230000002,-0.1633218843,-0.171779491,-0.0375998767,-0.09155205350000001,-0.2144523774,-0.2513600921,-0.2289795886,-0.39887028300000005
/101/6.mp3,0.0010964913,0.0010964913,0.0010964914000000001,0.0010964912,0.0010964913,0.0010964912,0.0010964913,0.0010964912,0.0010964912,0.9835526280000001,0.0010964912,0.0010964935,0.0010964919,0.0010964912,0.0010964912,0.0010964914000000001,0.4320629956,0.14115244970000002,0.0012315271,0.0012315315,0.0012315309,0.32870255740000004,0.08576670480000001,0.0012315313,0.0012315287,0.0012315289,0.0012315271,0.0012315306,0.0012315293,0.0012315271,0.0007535484000000001,0.0007545717,0.0007545301,0.5890090104,0.0007544110000000001,0.0007542796,0.0007537431,0.4064659057,0,0,1,0,0,0,0,0.0844630042,-0.042379839600000004,0.014028908500000001,0.0332062192,-0.0371491219,-0.0911180369,-0.1357058582,-0.094885916,-0.0696577053,-0.0466785528,-0.0527031709,-0.21547988210000002,-0.0578687091,-0.19459770810000002,-0.2033463799,-0.30365664270000003,-0.1880163342,-0.21850207270000002,-0.00026806620000000003
/101/4.mp3,0.0014880953000000001,0.0014880954,0.0014880953000000001,0.395011076,0.0014880953000000001,0.0014880953000000001,0.0864769182,0.0816144451,0.13920935040000001,0.19043104830000002,0.0014880954,0.0014880953000000001,0.0014880953000000001,0.0262052685,0.0676590355,0.0014880954,0.3541014649,0.32190091260000003,0.0016611296000000001,0.0016611353,0.0016611347000000001,0.3057251608,0.0016611374000000002,0.0016611352,0.0016611317,0.001661132,0.0016611296000000001,0.0016611343,0.0016611324,0.0016611296000000001,0.0010514322,0.0221893989,0.0010522377,0.3083904505,0.0010525130000000001,0.4205452294,0.2446664275,0.0010523107000000001,1,0,0,0,0,0,0,-0.3295215829,0.0064903271,-0.12780858380000001,-0.37341187730000003,-0.32187375890000003,0.0405360754,0.06884058080000001,-0.047652425400000004,-0.2423811236,-0.24793171760000002,-0.0040358101,-0.3035884099,-0.3507713602,-0.174913158,0.0105306607,-0.1260119354,-0.127760718,-0.2110087728,0.075005835
/101/5.mp3,0.0026041667,0.0026041673,0.0026041667,0.0026041748,0.0026041668,0.0026041668,0.0026041667,0.6727835991000001,0.0026041667,0.0026041667,0.0799203821,0.0026041667,0.0026041683,0.2134418414,0.0026041667,0.0026041667,0.0029762065,0.8842388747000001,0.0029761905000000003,0.0029762012,0.0029761982000000003,0.08004676520000001,0.0029762027,0.0029761988,0.0029761939,0.0029761948,0.0029761905000000003,0.0029761979,0.0029761948,0.0029761905000000003,0.8332909004,0.0018969729000000001,0.0018974958,0.0018974102,0.0018968466,0.0018978232000000002,0.0018969988,0.15532555210000001,0,0,0,1,0,0,0,-0.28351039370000003,0.0657720353,-0.1572409477,-0.3228770684,-0.2715161781,0.1274654502,0.1322214163,-0.2035260827,-0.3238932715,-0.2956437662,-0.0081827137,-0.3186914813,-0.3414203771,-0.06503738020000001,0.1941334277,-0.127431509,-0.17013086060000002,-0.3162803341,0.1027081662
/101/1.mp3,0.0010593221,0.1360189259,0.0010593221,0.0010593224,0.0562640341,0.0247065656,0.0010593221,0.0684762785,0.0010593221,0.0010593222,0.0010593229,0.5073685748,0.001059323,0.0010593221,0.0010593221,0.19657239810000002,0.3493478416,0.4900448719,0.0011160714,0.11204803490000001,0.0011160749,0.0011160766000000001,0.0011160766000000001,0.0011160752,0.0373985133,0.001116073,0.0011160714,0.0011160745,0.0011160733,0.0011160714,0.2912292664,0.0006917195,0.09331639530000001,0.0529447917,0.0850083849,0.37537404080000003,0.0006918242,0.1007435772,0,0,0,0,0,0,1,-0.0357263513,-0.2115179674,-0.0687093837,-0.013952159200000001,-0.0874150377,-0.2246718603,-0.1447723046,-0.17777978860000002,0.0404875046,-0.0512689615,-0.14028135490000002,-0.18265695110000002,-0.06871808780000001,-0.056856321700000004,-0.327198516,-0.1554429866,-0.08164366,-0.1202097711,0.0048648527
/101/2.mp3,0.00043706290000000003,0.00043706290000000003,0.000437063,0.00043706290000000003,0.00043706290000000003,0.0074301047000000005,0.8395979023,0.1402907311,0.00043706290000000003,0.000437063,0.000437063,0.0074365065000000004,0.000437063,0.000437063,0.00043706290000000003,0.00043706290000000003,0.0004926121,0.9935960479,0.0004926108,0.0004926127,0.0004926118000000001,0.0004926127,0.0004926125,0.0004926118000000001,0.0004926113,0.0004926115000000001,0.0004926108,0.0004926118000000001,0.0004926114,0.0004926108,0.0003013886,0.9978898829,0.0003014645,0.00030135650000000003,0.0003014206,0.0003014231,0.0003016062,0.0003014576,0,0,0,1,0,0,0,-0.549286646,0.051844196200000005,-0.1714094403,-0.6203220767000001,-0.6242425468,-0.0932971538,-0.1229678929,-0.2582195914,-0.5035310427,-0.4813600266,-0.0831325134,-0.4168969417,-0.5862143229,-0.4785227336,0.0010452017,-0.48942586050000003,-0.5651188947,-0.3954641283,0.2862647339
/101/3.mp3,0.0005252101000000001,0.0005252101000000001,0.0005252101000000001,0.0005252101000000001,0.0005252101000000001,0.061363432700000005,0.0005252101000000001,0.8377649417,0.0005252101000000001,0.0005252101000000001,0.0005252102,0.0005252101000000001,0.0005252101000000001,0.09404389440000001,0.0005252101000000001,0.0005252101000000001,0.3169363288,0.3714354856,0.0006002401000000001,0.0006002421,0.0006002419,0.1067398212,0.1988859533,0.0006002421,0.0006002408,0.0006002409,0.0006002401000000001,0.0006002418,0.0006002412,0.0006002401000000001,0.00036364400000000004,0.036437327900000004,0.4549876957,0.09295422240000001,0.0003637866,0.4141655825,0.00036377480000000003,0.00036396590000000004,0,0,0,0,0,0,1,-0.1864391637,-0.3675394155,-0.2544705595,-0.08439941990000001,-0.005106721900000001,-0.3649347233,-0.3940210424,-0.046340883400000005,0.08365264010000001,-0.001582871,-0.2549836589,-0.1685408012,0.0401244594,-0.1197013824,-0.251415551,-0.0561854119,0.0742820106,-0.1450677319,-0.2804869218
/55/7.mp3,0.0004032258,0.0004032258,0.00040322590000000004,0.0004032258,0.014246791200000001,0.0004032258,0.35166564650000004,0.0004032258,0.2388741876,0.1269280757,0.0004032258,0.0004032261,0.0004032258,0.0004032258,0.2638498148,0.0004032258,0.3064070571,0.0004409203,0.0004409171,0.0004409185,0.1244195532,0.39300542520000004,0.0004409191,0.00044091860000000004,0.0004409176,0.0004409177,0.0004409171,0.1564879297,0.0157117716,0.0004409171,0.0002685584,0.075865597,0.2886377124,0.0002687098,0.0002686906,0.31047639860000004,0.0555185986,0.2686957345,0,1,0,0,0,0,0,-0.0167934415,0.0556492728,0.1664521354,0.0483006748,0.1267187965,0.0095028632,-0.0325868485,0.0505137908,0.014952714800000001,0.034417739600000004,0.043051698,0.1661024408,0.129173238,0.11290514060000001,0.1275825421,0.0911372658,-0.0601790618,0.1739487312,0.005855995
/55/6.mp3,0.0052083334,0.0052083349,0.0052083337000000006,0.0052083334,0.0052083337000000006,0.0052083336,0.0052083333,0.1740325593,0.0052083333,0.6723572342,0.08590186500000001,0.0052083385000000005,0.0052083334,0.0052083333,0.0052083337000000006,0.0052083333,0.9336733026,0.0051020860000000005,0.0051020408,0.0051020551,0.0051020556000000005,0.0051020619000000005,0.0051020626,0.005102057100000001,0.0051020466,0.005102047,0.0051020408,0.005102054,0.0051020491000000005,0.0051020408,0.0538441272,0.0033879002,0.47732530780000004,0.0033842226000000003,0.3662360803,0.0033904542000000003,0.08904664030000001,0.0033852674,0,0,0,0,0,0,1,0.1480255983,0.0719104112,0.0468502597,-0.0010948312,0.050451404000000005,0.0112075384,0.0088457584,-0.024277051100000002,-0.0469225281,-0.0234430206,0.12023277760000001,0.08179766740000001,0.0153769525,0.0560194776,0.0895612763,-0.0300586831,-0.0911235667,0.1427045152,0.1441396768
/55/4.mp3,0.0013888891,0.0013888895,0.2241924724,0.0013888898,0.0013888891,0.0013888890000000001,0.0013888889,0.0013888889,0.0013888890000000001,0.0013888893,0.0013888889,0.6629015901,0.0013888912,0.0013888889,0.09485037610000001,0.0013888897,0.15684492960000002,0.8275706206000001,0.0012987013,0.0012987057,0.0012987053000000001,0.0012987073,0.0012987074,0.0012987057,0.0012987029,0.0012987031,0.0012987013,0.001298705,0.0012987036,0.0012987013,0.35126647790000004,0.0587039072,0.0007926491,0.0888032976,0.0855725764,0.08583428850000001,0.0007926024,0.3282342009,0,0,0,0,0,1,0,0.1855229202,0.08547856770000001,0.1350381089,0.1675590887,0.3101932372,0.07065708970000001,0.1155234856,0.20448219950000002,0.10066157240000001,0.0473333305,0.2640407574,0.0643053241,0.0152880572,0.0008992495,0.17322737670000002,0.0893844754,0.1654386299,0.09442986240000001,0.3361598739
/55/5.mp3,0.2747512777,0.0014204546,0.001420456,0.0014204545,0.0014204546,0.0014204545,0.0014204550000000002,0.0014204545,0.20369373300000002,0.0014204551,0.0014204545,0.0014204546,0.0014204549000000001,0.0014204545,0.1210781551,0.3834313767,0.1871211518,0.1644860561,0.0015873016000000002,0.0015873072000000001,0.4278472477,0.0015873092000000001,0.0015873092000000001,0.2046724957,0.0015873036,0.001587304,0.0015873016000000002,0.0015873062,0.0015873044,0.0015873016000000002,0.0009925166000000001,0.0009927429,0.25610628480000003,0.3567867062,0.38214116060000003,0.0009938716000000001,0.0009929085,0.0009938088,0,0,1,0,0,0,0,-0.1004144202,0.198664374,0.1373994523,-0.0487713237,-0.0554937402,0.1882602707,0.17299572800000002,-0.0210708137,0.028671537400000002,-0.0225715009,0.1431328003,0.0926422496,0.010322392100000001,0.11284623610000001,0.1698573786,-0.0009639809,-0.0077348366,0.1519685931,0.2338360126
/55/1.mp3,0.0005530974,0.14447867820000002,0.0005530974,0.020300211500000002,0.0005530974,0.0005530987,0.0005530973,0.16169468750000002,0.0005530974,0.0005530974,0.0005530978000000001,0.0005530976,0.0005530974,0.0090479362,0.6583944134,0.0005530974,0.3867597103,0.0006211214,0.000621118,0.0006211196,0.0006211192,0.2411259796,0.0006211199,0.0720916591,0.0006211185,0.0006211197000000001,0.000621118,0.2938114583,0.0006211203000000001,0.000621118,0.2610977853,0.220000978,0.3361093322,0.0768735763,0.0003805014,0.041905074800000004,0.0632521134,0.0003806386,0,0,0,1,0,0,0,0.0645889173,0.0716181308,0.0718945146,0.1525243135,0.0249117696,0.07194445520000001,0.0541388005,0.040527992000000006,0.1080608225,0.06294590180000001,0.0498665654,0.0932525859,0.1200253629,0.0762490359,0.137315621,0.1384302727,0.1043758164,0.15888590600000002,0.026188608500000002
/55/2.mp3,0.7716915820000001,0.0009615386,0.0009615388,0.0009615385,0.0009615386,0.0009615385,0.0009615389,0.0009615385,0.0169088108,0.0009615393000000001,0.0009615385,0.0228904179,0.12148230300000001,0.0009615385,0.056449960800000004,0.0009615388,0.9865424035,0.0010352085,0.0010351967,0.0010352001,0.0010351996,0.0010352011,0.0010352012,0.0010351999,0.0010351979,0.0010351981,0.0010351967,0.0010352012,0.001035199,0.0010351967,0.0006349903,0.0006357683,0.0006357959000000001,0.5430822998,0.0006352743,0.4531053525,0.0006350296,0.0006354892,0,0,0,0,1,0,0,0.0087496993,0.2331319142,0.1000473098,0.0365726456,0.1440310235,0.3527223405,0.3755528911,0.21729055220000001,0.030150788600000002,0.0369269006,0.34490351410000003,0.0604585497,0.040380218600000004,-0.0036699991,0.042226199900000004,0.1513677323,0.2759926486,0.0999716412,0.247910344
/55/3.mp3,0.0003531082,0.00035310750000000003,0.1383044502,0.00035310750000000003,0.6310068717,0.0003531074,0.0177358669,0.0003531081,0.0003531074,0.0803336604,0.028803534000000002,0.040367186400000005,0.0433751948,0.0003531074,0.0003531074,0.0172483746,0.0533301407,0.24985048,0.00038610040000000003,0.0003861017,0.00038610150000000003,0.4991937212,0.0003861021,0.0003861016,0.006458851900000001,0.1876918945,0.00038610040000000003,0.0003861022,0.0003861013,0.00038610040000000003,0.478772075,0.1518683835,0.00023672490000000001,0.1503232169,0.0278491605,0.1491933583,0.0415203518,0.00023672920000000002,0,0,0,0,0,1,0,0.0980386141,-0.1206603131,0.07599893440000001,0.2929046721,0.082679628,-0.1141498975,0.1045268921,0.18598420540000002,0.2012975501,0.1544308894,0.0483025645,0.25848167240000003,0.1731521752,0.15340722680000002,0.09406364860000001,0.1407385741,0.047281697500000004,0.22146557600000003,0.007088282400000001
/97/7.mp3,0.0010775871000000001,0.0010775863,0.342767309,0.0010775906,0.1034204719,0.0010775862,0.0010775862,0.08738409450000001,0.0010775862,0.0010775863,0.0010775862,0.0010775862,0.10920799070000001,0.0010775864,0.3453666796,0.0010775865000000001,0.0012315322,0.8870033371,0.0012315271,0.0012315316,0.0982183082,0.0012315321,0.0012315317000000001,0.0012315301,0.0012315283,0.0012315289,0.0012315271,0.0012315299,0.0012315287,0.0012315271,0.4552696396,0.0698571762,0.4014868146,0.0007632002000000001,0.0007633635,0.0703326812,0.0007636829,0.0007634417,0,0,0,0,0,0,1,0.0896645025,0.0549417543,-0.1843336757,-0.0546158839,0.1413481984,0.0121998208,-0.0322608779,0.0897481343,0.067529029,-0.0041177850000000005,0.0555765661,0.0263827701,-0.007608062600000001,0.0009679468000000001,0.1680951611,0.0704324238,0.0418598832,0.045682542300000004,-0.1399537892
/97/6.mp3,0.1721698365,0.0005341884,0.3081060011,0.17155042040000001,0.0005341881,0.0005341881,0.000534188,0.0005341883,0.000534188,0.0005341881,0.0005341899,0.2581559836,0.000534188,0.08414168670000001,0.0005341886,0.0005341882000000001,0.15143091390000002,0.0005494543,0.0005494505,0.0005494522,0.0005494522,0.5617415445,0.000549453,0.0005494523000000001,0.0005494512,0.28078357130000003,0.0005494505,0.0005494520000000001,0.0005494515,0.0005494505,0.0003357479,0.5839044232,0.0003356975,0.14173633900000002,0.0003355813,0.0428765526,0.2301400686,0.0003355899,0,0,0,1,0,0,0,-0.0011353699,-0.20780374540000002,0.1174068058,-0.1170164806,0.1364246356,-0.21265022490000002,-0.2635283263,0.0068713742000000005,0.0763478352,-0.034573647,-0.008521547800000001,0.1291576424,-0.1759571439,-0.1325137198,-0.0294733876,-0.1663445686,-0.0393411173,0.0045466309,-0.19763685890000002
/97/4.mp3,0.0006944445000000001,0.0006944446,0.0006944445000000001,0.0006944444,0.0006944445000000001,0.0006944445000000001,0.0006944445000000001,0.0006944444,0.0006944445000000001,0.9241990158000001,0.0006944444,0.0006944446,0.0006944456,0.0006944444,0.06607876,0.0006944447,0.4366968799,0.1288935671,0.0007598784,0.0007598811,0.19978536560000001,0.2270253889,0.000759882,0.000759881,0.0007598794,0.0007598795,0.0007598784,0.0007598806,0.0007598797,0.0007598784,0.00046489190000000003,0.0004650006,0.0660142206,0.5991539419,0.057172990900000005,0.0004654991,0.0004651061,0.275798349,0,0,1,0,0,0,0,0.2409119304,-0.1681709721,0.0616819433,0.1858661437,0.1248607244,-0.1242854327,0.0189988795,0.2211477134,0.2452189032,0.22855149430000002,0.10009042700000001,0.24252308830000002,0.20688630130000002,0.022804634100000002,0.2116637381,0.08218707160000001,0.1240670519,0.11476232210000001,-0.15131540740000002
/97/5.mp3,0.0011574075,0.0011574079000000001,0.0011574076,0.0011574080000000002,0.1145526271,0.0011574075,0.0011574074,0.0011574096,0.0011574075,0.0011574077,0.0446989725,0.5944977354000001,0.0011574081,0.0011574077,0.08235355870000001,0.15116562,0.2775629401,0.0993509516,0.0012987013,0.3575994416,0.252499627,0.0012987076,0.0012987076,0.0012987058,0.001298703,0.0012987033000000001,0.0012987013,0.0012987051,0.0012987036,0.0012987013,0.0008072101000000001,0.508982699,0.0008080149,0.14782714730000002,0.0008077402,0.1338182186,0.1340056266,0.0729433432,0,0,0,0,0,0,1,0.1759602641,-0.1664897698,-0.0307012236,-0.057447930800000005,0.1228930341,0.0025090205,0.0231977174,-0.0286149262,-0.0345197321,-0.0577842664,-0.0391362976,0.1776385084,0.11549679410000001,0.1293485507,0.06322327600000001,0.0049655477000000005,-0.0128512451,0.1435735544,-0.1947853418
/97/1.mp3,0.0007621958000000001,0.0007621953,0.0007621952,0.0860304342,0.0007621952,0.0007621951,0.0007621963,0.1160644121,0.1561312149,0.0007621963,0.0007621953,0.0007621952,0.5226540136,0.1107357752,0.0007621951,0.0007621952,0.7700647332,0.0008503472000000001,0.0008503401,0.0008503434000000001,0.0008503429,0.0008503444000000001,0.0008503443,0.0008503431000000001,0.0008503412000000001,0.0008503415000000001,0.0008503401,0.0008503427,0.2197311558,0.0008503401,0.0005211032,0.0005213484000000001,0.2357937314,0.37762273300000004,0.0005217402,0.3839762062,0.0005213069,0.0005218307000000001,0,0,0,0,0,1,0,0.026543509000000003,-0.0921213371,-0.166807446,-0.2239830239,-0.0268818987,-0.22401948630000001,-0.09548078530000001,-0.023839504900000003,-0.0713009501,-0.07340584110000001,-0.1105732948,-0.2177988236,-0.1961225185,-0.1479677899,-0.148594432,-0.056433296200000004,-0.017411171200000002,-0.206948281,-0.13381963430000002
/97/2.mp3,0.00033422460000000003,0.00033422460000000003,0.00033422460000000003,0.00033422460000000003,0.00033422460000000003,0.0003342249,0.00033422460000000003,0.1109387295,0.00033422460000000003,0.00033422460000000003,0.0003342247,0.00033422460000000003,0.00033422460000000003,0.8843821257000001,0.00033422460000000003,0.00033422460000000003,0.3869644327,0.6084519057000001,0.00038197100000000005,0.0003819723,0.0003819721,0.00038197270000000003,0.00038197270000000003,0.0003819722,0.0003819714,0.0003819715,0.00038197100000000005,0.000381972,0.00038197160000000003,0.00038197100000000005,0.0002333914,0.0138960829,0.00023360090000000002,0.3224873938,0.18334249300000002,0.2777701266,0.00023356290000000002,0.20180334860000002,0,0,0,0,0,1,0,0.34020991370000003,-0.4498108872,-0.1654958957,0.37691343400000005,0.3399096454,-0.42852459730000003,-0.4359323906,0.0792206221,0.3527490873,0.26474641930000004,-0.3942029648,0.2220369053,0.3541033884,0.2070592399,-0.0281197121,0.1608598655,0.010359617100000001,0.1300281515,-0.4163556438
/97/3.mp3,0.0018382370000000002,0.0018382364000000002,0.13539548070000001,0.0018382376000000001,0.0018382356000000001,0.0018382355,0.0018382359,0.0018382404,0.0018382354,0.5592364919,0.0018382363000000001,0.0018382363000000001,0.0018382366,0.0826289372,0.2006802507,0.0018382365,0.7143327664,0.0020408384000000003,0.0020408163,0.0020408256000000002,0.2611773593,0.0020408276,0.0020408273,0.0020408239,0.0020408192,0.0020408201,0.0020408163,0.002040823,0.0020408202,0.0020408163,0.0012764432,0.1158075365,0.1303429221,0.12399048080000001,0.0012774621,0.3806755117,0.0012767212,0.2453529224,0,0,0,0,0,0,1,-0.0428900834,0.2031020903,-0.16546454160000001,-0.3409872728,-0.0820650923,0.13114267940000002,0.12980551840000001,-0.0307788438,-0.17096196430000002,-0.1728618328,-0.0044122489,-0.16630526280000002,-0.3262476686,-0.1467005515,0.1843460576,0.1311699353,0.0147776932,-0.1482176388,-0.0034565813000000003
/108/7.mp3,0.0031250003000000003,0.0031250016000000003,0.0031250008,0.0031250022,0.0031250004000000003,0.0031250002000000002,0.0031250001,0.0031250059,0.0031250002000000002,0.5453875469,0.3555976206,0.0583898149,0.0031250033,0.0031250007,0.0031250004000000003,0.0031250015000000003,0.0035714605,0.9535712963,0.0035714286,0.0035714404,0.0035714408000000002,0.0035714459000000002,0.0035714465,0.003571442,0.0035714334000000003,0.0035714337,0.0035714286,0.0035714394,0.0035714354,0.0035714286,0.0022751159,0.5734105707,0.12047139700000001,0.0022762752,0.2947337,0.0022773473,0.0022782005,0.0022773934,0,0,0,0,0,0,1,-0.0399862798,0.0554025623,0.056290647900000004,-0.026546292200000002,0.0094544269,0.0309015165,0.0231977174,-0.0252056857,0.0269281882,0.0040980064000000005,0.0331651362,0.07896440390000001,0.0233240095,0.033955602700000004,0.06322327600000001,0.0305109974,0.0262624735,0.1435735544,0.0295154298
/108/6.mp3,0.0026041669,0.002604168,0.0026041672,0.0026041695,0.1903129561,0.0026041669,0.0026041722,0.12659406110000002,0.2169162905,0.0026041672,0.0026041671,0.0026041673,0.22372878440000002,0.002604167,0.002604167,0.2138020616,0.5885750825,0.0028571703,0.0028571429,0.0028571559,0.0028571528000000002,0.11891630880000001,0.1099712667,0.0028571536,0.0028571471,0.10453221060000001,0.0028571429,0.0028571523,0.0522907709,0.0028571429,0.0018401419,0.4800705485,0.0018415931000000001,0.0018415443,0.1878508347,0.1166474844,0.2080665817,0.0018412714000000001,0,1,0,0,0,0,0,-0.1108391757,0.0577427318,0.049344647400000004,-0.0712905658,-0.0824908795,-0.2186609663,-0.23960307760000002,-0.0423113078,0.023559743,-0.0010531353,0.0331651362,0.0501936523,0.0072356178,0.0194744947,0.0717654545,-0.0266510968,-0.0893396021,0.1435735544,0.0169091863
/108/4.mp3,0.0019531251,0.037478282,0.0019531252,0.32347879960000003,0.0019531251,0.0308950532,0.001953125,0.0019531273,0.0019531251,0.1043397767,0.0019531254,0.3156180752,0.0019531251,0.036838675700000004,0.1337732091,0.0019531252,0.5591864005,0.3550472382,0.0021008403,0.0021008477,0.0021008469000000003,0.0626570714,0.0021008502,0.0021008474,0.0021008430000000002,0.0021008434,0.0021008403,0.0021008463,0.002100844,0.0021008403,0.0013172089000000001,0.10777033250000001,0.0590678045,0.5047355880000001,0.0013183113,0.1018632708,0.0013189458,0.2226085382,1,0,0,0,0,0,0,0.0426682532,-0.2987869801,-0.1374468928,-0.0105177987,0.1762215926,-0.2101218749,-0.1209665018,0.0287802152,0.0586808725,0.0254506891,-0.062897248,0.07896440390000001,0.0085183002,0.0280785549,0.06322327600000001,0.0028452309,0.0236048172,0.1435735544,-0.3466061132
/108/5.mp3,0.0023148149,0.002314815,0.0023148152,0.12501641430000002,0.002314815,0.0023148148,0.0023148148,0.0023148243,0.0023148149,0.8425761585,0.0023148165,0.0023148207000000002,0.002314815,0.0023148160000000004,0.0023148152,0.002314815,0.0026455265,0.9656083673,0.0026455026000000003,0.0026455113000000002,0.0026455118,0.0026455155,0.002645516,0.0026455126000000002,0.0026455062000000002,0.0026455064000000003,0.0026455026000000003,0.0026455107,0.0026455077000000003,0.0026455026000000003,0.0016240815,0.0016248182000000002,0.3257321569,0.2439586299,0.1646804202,0.0016258884000000002,0.0016248897,0.259129115,0,0,0,0,0,0,1,-0.1046046908,-0.1069941487,0.049344647400000004,0.0052030952000000005,-0.0242635941,-0.1376034924,-0.251774502,0.0765811577,0.058109493500000005,0.0040980064000000005,0.0331651362,0.07896440390000001,0.0072356178,0.03920054,-0.0393515954,0.0340097076,0.112030503,0.0619520604,-0.2359650681
/108/1.mp3,0.0008680563000000001,0.0008680556,0.1466537433,0.0008680556,0.0008680556,0.0008680556,0.6337122930000001,0.0008680556,0.0008680564,0.0008680563000000001,0.0008680556,0.062494604100000004,0.0008680558,0.0008680556,0.0379004163,0.1096903295,0.4116720484,0.4394548811,0.0009784736,0.0009784769000000001,0.1381098385,0.0009784781,0.0009784781,0.0009784768,0.0009784748,0.0009784750000000001,0.0009784736,0.0009784763,0.0009784753,0.0009784736,0.0006070722,0.0006071734,0.0006078712,0.1843836324,0.0006079592,0.3215245015,0.0006073017,0.4910544885,0,1,0,0,0,0,0,-0.125984237,0.0638306045,-0.0621099383,-0.0512506134,-0.3598762647,0.044203779000000006,0.0237898648,-0.2628073569,-0.028395272200000002,-0.0572956977,-0.1642304768,-0.2673174383,-0.1160664894,-0.0898755505,-0.10511585030000001,-0.0326138541,-0.0676054844,-0.21953837910000001,0.0873310981
/108/2.mp3,0.4121531007,0.0014534884,0.43281245620000003,0.0014534884,0.0014534885000000001,0.0014534884,0.0014534888,0.0014534884,0.0251146608,0.0014534888,0.0014534884,0.036417362200000004,0.0014534884,0.0014534884,0.0014534903,0.0775140451,0.1863974611,0.6382988507,0.0016611296000000001,0.0016611352,0.1570312241,0.0016611373000000001,0.0016611374000000002,0.0016611352,0.0016611316000000001,0.0016611319,0.0016611296000000001,0.0016611343,0.0016611325,0.0016611296000000001,0.0010250733000000001,0.0010255521000000001,0.3549501821,0.4070876082,0.1587549972,0.0010259773,0.0010254941,0.0751051157,1,0,0,0,0,0,0,-0.1537485216,-0.00858065,0.055078343,-0.1272999634,-0.0894408761,0.056144558000000004,0.0526867946,-0.0353616467,-0.2686066263,-0.2540488014,0.0549852283,-0.2290006464,-0.1288897781,0.0194744947,0.050597161200000004,-0.0266510968,0.0110741295,-0.0135243337,0.0065360274
/108/3.mp3,0.0010964912,0.0010964914000000001,0.0010964912,0.4654286131,0.0010964913,0.0010964913,0.0010964912,0.1197752586,0.0010964912,0.0010964912,0.4005417417,0.0010964912,0.0010964915,0.0010964913,0.0010964912,0.0010964912,0.1579267994,0.1371425382,0.0010660981,0.4481648889,0.0210726634,0.0010661027,0.062077872900000004,0.06995535330000001,0.0010660993000000001,0.021685638400000002,0.0010660981,0.052942445500000004,0.023701303700000002,0.0010660981,0.3611722538,0.0006522646,0.1593630546,0.0006519620000000001,0.2818724339,0.0006519645000000001,0.1949837936,0.0006522732,0,0,0,1,0,0,0,-0.0452350507,-0.2896368733,-0.4348113373,-0.044704832,0.0030253854,-0.38067174460000003,-0.3125959994,-0.0105841869,-0.13355855020000001,-0.0090083005,-0.35952896100000004,-0.39499692540000003,-0.31213642610000003,-0.38682549780000003,-0.2324449502,-0.1323789315,-0.0751694069,-0.2741959934,-0.3517106716
/63/7.mp3,0.22288517970000002,0.0006578948000000001,0.0006578952,0.030265018600000002,0.0006578948000000001,0.0006578947,0.0006578948000000001,0.0006578947,0.0006578948000000001,0.5629071051,0.0006578947,0.0006578949,0.0006578951000000001,0.0336180865,0.1430877667,0.000657895,0.3928822139,0.318983811,0.0007363770000000001,0.0007363795000000001,0.1215460507,0.1592241406,0.0007363804,0.0007363795000000001,0.0007363779000000001,0.0007363781,0.0007363770000000001,0.0007363791,0.0007363783,0.0007363770000000001,0.0004482458,0.0004484088,0.2542693909,0.1221734892,0.0004487078,0.2872494658,0.00044843460000000004,0.3345138572,0,0,1,0,0,0,0,-0.0095550856,-0.4534116045,-0.2081058403,0.15532389200000002,-0.0417521144,-0.41740330400000003,0.025833609100000002,0.086271424,-0.0539342869,-0.0061169778,-0.1626187329,0.14910359850000002,0.1204049501,0.0737210152,0.024902199700000002,0.08482242100000001,0.141083541,0.1234213812,-0.1977695737
/63/6.mp3,0.0014204546,0.2241188268,0.0014204548,0.0325123093,0.0014204546,0.2313791671,0.0014204546,0.1602467594,0.0014204546,0.0014204548,0.3122272633,0.025311126700000002,0.0014204551,0.0014204549000000001,0.0014204546,0.0014204548,0.9295772092000001,0.0015197715,0.0015197568,0.0015197637,0.001519762,0.0015197652,0.0015197650000000002,0.0015197624000000002,0.0521856494,0.0015197596,0.0015197568,0.0015197617000000001,0.0015197597,0.0015197568,0.0009475213,0.0009483914000000001,0.1937449122,0.13381669999999998,0.6676971093,0.0009489616,0.0009477749000000001,0.0009486296000000001,0,0,0,1,0,0,0,-0.1240012362,-0.0497354902,0.1124645026,-0.32442356110000004,-0.1000766418,0.0638690713,-0.1161063601,0.0583484183,-0.2684505735,-0.1843392413,0.037696157800000005,-0.1571751458,-0.19765037530000001,-0.1277287749,-0.156629541,-0.1542175781,0.034258813,-0.1718034906,-0.0779000896
/63/4.mp3,0.0003272252,0.0003272252,0.00032722510000000003,0.0769791066,0.0054356754,0.00032722510000000003,0.3259581616,0.00032722510000000003,0.5713379043,0.0003272252,0.00032722510000000003,0.0003272252,0.0003272252,0.016689675,0.0003272252,0.0003272253,0.5529160653,0.0003589404,0.0003589375,0.12168088510000001,0.0237864609,0.00035893920000000003,0.00035893920000000003,0.0003589387,0.0660300227,0.08592210930000001,0.0003589375,0.1034000504,0.0437518363,0.0003589375,0.0002179169,0.0213210664,0.2587114499,0.02836245,0.00021816860000000002,0.34364170200000005,0.000217993,0.3473092533,0,0,0,0,0,1,0,-0.3594319822,-0.4715754888,0.056151271200000005,-0.0200455684,-0.5004739085000001,-0.48874935680000003,-0.0549275134,-0.11967653510000001,-0.1722460896,-0.023171412500000002,-0.4372770359,0.0643084585,-0.20404677170000002,0.0208333609,0.0787256238,-0.025483607000000002,-0.1189347312,0.0838310029,-0.42645939850000003
/63/5.mp3,0.3132557762,0.0014880953000000001,0.0014880958,0.0014880952000000001,0.0014880966000000002,0.2875627702,0.0014880954,0.0252970078,0.0014880954,0.0014880953000000001,0.0014880952000000001,0.0014880953000000001,0.1853375495,0.0014880952000000001,0.0014880958,0.17217784590000001,0.0013477149,0.7768174214,0.0013477089,0.0013477138,0.025584965600000002,0.1619463704,0.0013477141,0.0013477123000000001,0.0221741274,0.0013477109,0.0013477089,0.001347712,0.0013477107,0.0013477089,0.0008229647,0.39179208060000004,0.4513950067,0.0008238822,0.14287475830000002,0.000823506,0.0008234456,0.0106443558,0,0,0,0,0,0,1,0.0673041233,-0.2788358305,-0.11748069100000001,0.1612233632,-0.07231687170000001,-0.1607335492,0.06318422500000001,-0.008687218,0.014775658,0.0734485296,-0.1375300566,-0.1817690204,-0.0656421668,-0.0079525729,0.0580831195,0.0339098692,-0.0173459923,-0.1890868251,-0.0828324586
/63/1.mp3,0.0012755108000000002,0.0012755103,0.2586516121,0.0012755103,0.06908898470000001,0.0012755102,0.0012755103,0.05671247200000001,0.0012755103,0.10689917010000001,0.0012755105,0.37446363790000003,0.001275511,0.0012755104,0.1214290185,0.0012755105,0.2156574379,0.4085731745,0.0012755102,0.0012755145000000001,0.0012755142,0.037229816400000004,0.0012755162,0.1944160684,0.0012755118,0.1326438892,0.0012755102,0.0012755138,0.0012755124,0.0012755102,0.0007972647,0.1641981874,0.20668562980000002,0.1954762108,0.2421679863,0.0007977535000000001,0.1890794311,0.0007975364,1,0,0,0,0,0,0,-0.1438291026,-0.1853563546,-0.3146751424,0.043861293,0.1060896675,-0.30968432630000003,-0.040512553,0.0220581405,-0.0015445060000000002,0.060739400400000004,-0.11506788,-0.0888893883,0.0195343606,-0.1455073839,-0.1683831103,-0.1477587354,0.0363018229,-0.258604903,-0.3435057493
/63/2.mp3,0.0023148153,0.0023148158000000003,0.0023148151,0.0023148157000000003,0.002314815,0.002314815,0.0023148151,0.0770836824,0.0023148149,0.6667884686000001,0.22603525030000002,0.0023148152,0.0023148164,0.0023148149,0.0023148149,0.0023148155,0.3125243146,0.6568633726,0.0025510204,0.0025510291000000003,0.0025510284,0.0025510323,0.0025510324,0.0025510291000000003,0.0025510236,0.0025510241000000003,0.0025510204,0.0025510277000000002,0.0025510249,0.0025510204,0.0016046584,0.0016052235,0.1655928786,0.001605712,0.2179782944,0.2849122819,0.0784086408,0.2482923103,0,0,0,1,0,0,0,-0.1987090887,0.0190648903,-0.31331399800000004,-0.3699547443,-0.08353066420000001,0.006134069000000001,-0.1980091675,-0.09165793750000001,-0.29080646250000003,-0.15387354590000002,0.0477339299,-0.3740871146,-0.34008162210000004,-0.17149225910000002,-0.1418381702,-0.0939149859,-0.0703972942,-0.2375506989,0.1434926387
/63/3.mp3,0.0017857154000000001,0.0017857145,0.860891375,0.0017857150000000002,0.0921629545,0.0017857143,0.0017857143,0.023731371,0.0017857145,0.0017857148000000002,0.0017857150000000002,0.0017857179000000001,0.0017857144,0.0017857147000000001,0.0017857201,0.0017857147000000001,0.0020408342,0.8125663684000001,0.0020408163,0.002040823,0.0020408232000000003,0.0020408261,0.0020408265,0.16294376870000002,0.002040819,0.0020408192,0.0020408163,0.0020408224,0.0020408202,0.0020408163,0.0012641155,0.0012654836,0.3076513759,0.10846860380000001,0.4803479478,0.0012645943,0.09847290880000001,0.0012649703000000001,1,0,0,0,0,0,0,-0.0078537049,0.1093686953,-0.2857690679,-0.20361927970000002,-0.0265961423,0.0261285573,0.019538427100000002,-0.0160815398,-0.14878041050000002,-0.050435023700000005,0.1492569129,-0.2349656481,-0.159628361,-0.1088006653,-0.058265429,-0.1227460482,0.14952932870000002,-0.23069186760000002,0.1925128958
/64/7.mp3,0.0012254904,0.1274923916,0.0012254905,0.0012254903,0.1825807897,0.0012254902,0.0012254904,0.049290391600000004,0.061891764700000004,0.1567123431,0.0444656417,0.21777801260000001,0.0712695285,0.0012254904,0.0799407038,0.0012254904,0.1647488292,0.0010661068,0.0010660981,0.0010661021,0.0010661015,0.7291211294000001,0.0010661033,0.0010661018000000001,0.0010660995,0.0944029308,0.0010660981,0.0010661013,0.0010661,0.0010660981,0.022614451,0.1212475482,0.5683285442,0.0740149628,0.1211336725,0.000648647,0.0913633001,0.0006488742,0,0,0,0,0,0,1,0.1550729445,0.059611794600000004,0.12354653900000001,0.0794284335,0.0409806455,0.0804486152,0.11425778630000001,0.0070942879,0.1707551692,0.11272266010000001,0.1031556523,-0.076651683,0.0824786626,0.0730351788,-0.0284390863,0.0136097113,0.0464781633,0.083996517,0.028282243000000002
/64/6.mp3,0.0008680558,0.0008680556,0.0008680556,0.1507051372,0.0008680556,0.0008680556,0.1255665345,0.0008680556,0.5034922466,0.0008680560000000001,0.0008680556,0.2098194133,0.0008680558,0.0008680556,0.0008680562,0.0008680556,0.2088901686,0.0009920696000000001,0.0009920635,0.0009920662,0.0009920662,0.41900029510000003,0.0009920675,0.0009920665,0.0009920646,0.0009920649,0.0009920635,0.27052429110000004,0.09166458920000001,0.0009920635,0.0006160317,0.0006161687000000001,0.0790792049,0.0006169492000000001,0.2365901867,0.0006169060000000001,0.0006163249,0.6812482279000001,0,1,0,0,0,0,0,-0.054359481300000005,0.1011124982,0.0965872257,-0.0205075322,0.0623154697,0.0866911318,0.0261759652,0.0472474767,0.07541099750000001,0.0214319535,0.0728244631,0.0052187403,0.051015672500000005,0.0248383249,-0.0839555642,-0.0038379879,-0.0703230885,-0.006676726500000001,0.2249463892
/64/4.mp3,0.0446701721,0.0005530974,0.6306739705000001,0.0005530974,0.0005530974,0.0005530973,0.0005530974,0.0005530973,0.0005530974,0.1645996397,0.0005530973,0.1431653649,0.0005530977,0.0005530973,0.0005530974,0.010806781500000001,0.4781773883,0.0005903218,0.0005903188,0.2417951664,0.0005903201,0.27353392330000004,0.0005903207,0.0005903201,0.0005903193000000001,0.0005903193000000001,0.0005903188,0.0005903235,0.0005903209000000001,0.0005903188,0.0003615603,0.0003621044,0.2262486943,0.4244339701,0.19664361160000002,0.0003619564,0.0003616621,0.1512264408,0,0,1,0,0,0,0,0.2364027849,-0.0687580039,0.0799343597,0.1315916376,0.1128728892,0.0288645173,0.0186071233,-0.027460985700000003,0.1654778072,0.19403664,0.0331651362,0.0889805208,0.1393155547,0.0900996238,-0.1145372642,0.0358359173,-0.0269809913,0.12230984900000001,-0.0654652782
/64/5.mp3,0.0010416668,0.001041667,0.0010416668,0.0010416667000000001,0.0010416667000000001,0.061816053100000004,0.0010416667000000001,0.7693107258,0.0010416667000000001,0.0010416668,0.1060090359,0.0010416668,0.050364183400000005,0.001041667,0.0010416667000000001,0.001041667,0.420404221,0.3424010361,0.0011904762,0.0011904804,0.0011904796000000001,0.0011904815000000001,0.0011904815000000001,0.0011904799,0.0011904776,0.0011904779,0.0011904762,0.2240994769,0.0011904793,0.0011904762,0.2840701887,0.0007364564,0.0007365021,0.1239724147,0.23657348400000003,0.1897126916,0.0007366401,0.1634616224,0,0,0,0,0,0,1,-0.2796777387,0.0897790859,0.0219061846,-0.1502012331,-0.0943147668,0.0587538847,0.031406161200000005,-0.0454883097,0.0058687756,0.0040980064000000005,0.0857910544,-0.2154393078,-0.2247014641,-0.1737694603,-0.1802523023,-0.3098224859,-0.2491143472,-0.15937416940000002,0.0729089612
/64/1.mp3,0.0025,0.0025000005000000002,0.0025000001,0.0025000001,0.0025000153,0.0025000001,0.0025,0.34514341130000004,0.0025,0.0025000003,0.2163416618,0.32557040660000003,0.0829445036,0.0025000002,0.0025000001,0.0025,0.0023041618,0.5825436066,0.0023041475,0.0023041556,0.0023041539,0.3898065623,0.0023041575,0.0023041544000000002,0.0023041502,0.0023041508,0.0023041475,0.0023041535,0.0023041511,0.0023041475,0.7911557177,0.0015444143000000001,0.0014233783,0.0689979482,0.0014227404,0.0014231338,0.0014232203,0.1326094471,0,0,0,1,0,0,0,0.050865882,0.0964219553,0.1197565959,0.1282383158,0.108841668,0.0759692397,0.0301487016,0.1272261244,0.22283982930000001,0.1552571604,0.19452901320000002,0.0103903828,0.0674763166,0.030112752000000003,-0.1344070016,0.051282640000000004,-0.0698070877,0.0069189708,0.0635447294
/64/2.mp3,0.0013888890000000001,0.0013888893,0.0013888891,0.3744463901,0.4090248011,0.0239850746,0.0013888889,0.0781476042,0.0013888889,0.0013888892,0.0013888890000000001,0.09911834800000001,0.0013888912,0.0013888890000000001,0.0013888890000000001,0.0013888893,0.1753595497,0.6900452164,0.0012106538,0.0012106578,0.0012106575000000001,0.0012106593,0.0012106594000000001,0.1212780148,0.0012106553,0.0012106555,0.0012106538,0.0012106572,0.0012106558,0.0012106538,0.2914840701,0.0359348407,0.1365318057,0.2015365247,0.08403766530000001,0.0007498102,0.2489753804,0.0007499028,0,1,0,0,0,0,0,-0.1161904702,0.06739659490000001,0.040806749,-0.1893769224,-0.1295879718,0.130660833,0.1311749099,-0.0483798224,-0.0350984858,-0.0569441098,0.0574141368,-0.0418098832,0.0067533325000000005,-0.0155426083,-0.062199413700000004,-0.0693515331,-0.0592381918,0.017473433400000002,0.0684385495
/64/3.mp3,0.0031249999999999997,0.0031250006,0.0031249999999999997,0.1537998335,0.10132590670000001,0.0031250001,0.0031249999999999997,0.0031249999999999997,0.0031249999999999997,0.0031249999999999997,0.6542189203000001,0.053155338600000004,0.0031249999999999997,0.0031249999999999997,0.0031250001,0.0031249999999999997,0.0034013856,0.9557822039,0.0034013605,0.0034013726,0.0034013698000000003,0.0034013762000000003,0.0034013750000000003,0.0034013705,0.0034013644,0.0034013655,0.0034013605,0.0034013693,0.0034013657,0.0034013605,0.0021579024,0.2038569668,0.1645767861,0.0021601215000000003,0.0021571029,0.0021629958000000003,0.6207688141000001,0.0021593103,0,0,0,1,0,0,0,0.060415672000000004,0.11255075540000001,0.13488852510000002,-0.0915894329,-0.0531697339,0.1904562998,0.1845222719,-0.0401081381,0.0135942007,0.0698322489,0.1620735701,-0.1405038509,-0.11833201580000001,-0.035927989,-0.0044184983,-0.07642540290000001,-0.0511737626,-0.10257607120000001,0.2527299049
/90/7.mp3,0.0019531253,0.0019531255,0.0019531256,0.0019531262,0.0019531252,0.0019531251,0.0019531251,0.0019531335,0.0019531251,0.6276935793,0.0019531265,0.0019531267,0.130863733,0.0481627606,0.1698424113,0.0019531259,0.4648892996,0.0020408316,0.0020408163,0.0020408233,0.1419295135,0.3707321538,0.0020408259,0.0020408232000000003,0.0020408189,0.0020408193000000002,0.0020408163,0.0020408221,0.0020408198,0.0020408163,0.001276978,0.1002042873,0.1797216393,0.6518802943,0.0012778507,0.0012781899,0.06308300730000001,0.0012777533,0,0,0,0,0,1,0,-0.1007055892,-0.0199210203,-0.0080128836,-0.0629163486,-0.1321408863,0.032264377500000004,-0.0324253105,-0.033820799400000004,-0.0052094717,-0.0110476488,-0.052505681000000005,-0.0949774367,0.012998907300000001,-0.12020526220000001,-0.021158853800000002,-0.13477286,-0.13399008340000002,0.0272848797,-0.020969019300000002
/90/6.mp3,0.0019531251,0.0019531254,0.0019531252,0.0344193774,0.0019531301,0.0019531251,0.001953125,0.0019531266,0.001953125,0.0019531254,0.24490624700000002,0.6952837404000001,0.0019531266,0.0019531252,0.0019531252,0.0019531252,0.0019841394,0.3942556599,0.001984127,0.0019841340000000002,0.5819347597,0.0019841358,0.0019841357,0.0019841330000000003,0.0019841293,0.0019841299,0.001984127,0.0019841322,0.0019841301,0.001984127,0.0012263918000000001,0.5811802122,0.41145630110000003,0.0012274337,0.0012265947000000001,0.0012289233000000001,0.0012268254,0.0012273178,0,0,0,0,1,0,0,-0.12610341790000001,0.0533842942,-0.0283177439,-0.1633801263,-0.0837223396,0.0259155247,-0.0188254545,-0.0539809076,-0.0487636979,-0.0626654922,0.0003419396,0.090410026,0.1305493088,0.0319807771,-0.0056736946,-0.0526267606,-0.1696269563,0.1474785924,0.0294777305
/90/4.mp3,0.0020833334000000003,0.0020833345000000002,0.0020833336,0.0020833405,0.0020833335,0.581160156,0.0020833334000000003,0.0528148375,0.0020833334000000003,0.0020833336,0.0514662496,0.0020833336,0.0020833336,0.2895587465,0.0020833335,0.0020833338,0.32527786480000004,0.6461506434000001,0.0023809524,0.0023809605000000003,0.0023809598,0.0023809635,0.0023809636,0.0023809605000000003,0.0023809554000000003,0.0023809558,0.0023809524,0.0023809591000000002,0.0023809565,0.0023809524,0.0015069920000000002,0.0497207683,0.3111963009,0.3916878438,0.0500853183,0.19278643920000002,0.0015075446,0.0015087929,0,1,0,0,0,0,0,0.027530528300000003,-0.0454497736,-0.047986803700000004,-0.053325122200000005,-0.0472997402,-0.0134517504,-0.19899028870000002,0.056895476,0.0057165756,0.1011403085,-0.0441437872,0.06389088400000001,0.0268095598,0.0541929326,0.0646296182,-0.0232695957,-0.116632601,0.1462295379,-0.0627343555
/90/5.mp3,0.0006868132,0.0006868134,0.0006868135,0.049951272500000005,0.0006868132,0.0006868132,0.0117151999,0.0006868138,0.0006868133,0.700774497,0.011744340800000001,0.0111483256,0.0006868134,0.0612202971,0.1472647466,0.0006868133,0.0007363807,0.601525363,0.0007363770000000001,0.0007363797,0.3896380937,0.0007363801000000001,0.00073638,0.000736379,0.0007363778,0.0007363781,0.0007363770000000001,0.0007363788,0.0007363781,0.0007363770000000001,0.0004535283,0.0798142154,0.0971412108,0.0437186051,0.2643187258,0.0998012201,0.3562984659,0.0584540286,0,0,0,0,0,0,1,-0.0430945282,0.0395808037,0.0469922631,-0.0564765833,0.0118844556,-0.036861102300000004,0.0103633302,-0.015455330500000001,0.07501516700000001,0.0259875544,0.0515460436,0.0702076918,0.0421984644,-0.0050919582,-0.0753974062,-0.07248256900000001,-0.1396896514,0.12300781690000001,0.045553209000000004
/90/1.mp3,0.6904914231,0.0020833336,0.0532634429,0.0020833336,0.0020833335,0.0020833334000000003,0.002083334,0.09936331970000001,0.0363764186,0.0020833342,0.0020833338,0.0020833336,0.0020833351,0.0020833336,0.0975887232,0.002083334,0.42544681030000003,0.3465760526,0.0021645022,0.0021645097,0.2041675622,0.0021645123,0.0021645124,0.0021645095,0.0021645049,0.0021645053000000003,0.0021645022,0.0021645083,0.0021645059,0.0021645022,0.0013305237000000001,0.0013314076000000002,0.1871963314,0.5221871088,0.0916568303,0.1936347916,0.0013309205000000001,0.0013320861000000002,0,0,1,0,0,0,0,-0.1311986491,0.0181249907,0.0269682714,-0.19968535850000002,-0.0793361352,0.1231151399,0.068444107,-0.1339807762,-0.10647213900000001,-0.09373552780000001,-0.0904507673,-0.09783032,-0.1495503306,-0.1295827662,-0.23269267000000002,-0.14447487080000002,-0.1691922301,-0.1766780745,-0.0961082068
/90/2.mp3,0.0013297873000000001,0.0013297879000000001,0.0013297874,0.0013297884,0.0013297873000000001,0.704163881,0.0013297872,0.1306757549,0.0013297873000000001,0.0013297874,0.1478731264,0.0013297874,0.0013297875,0.0013297876,0.0013297873000000001,0.0013297876,0.2877912775,0.6950658278,0.0014285714000000001,0.0014285763,0.0014285758000000001,0.001428578,0.0014285781,0.0014285762,0.0014285732,0.0014285735,0.0014285714000000001,0.0014285754,0.0014285739000000001,0.0014285714000000001,0.0008806590000000001,0.0008812544000000001,0.0008815908000000001,0.310709139,0.2489715858,0.1217144822,0.0008810510000000001,0.3150802378,0,1,0,0,0,0,0,-0.060520516600000004,0.0594934565,0.0070754553,-0.051909776500000004,0.0566551485,-0.08312737170000001,-0.0317055449,-0.0362362451,0.0058548268,-0.0847746476,-0.0063080247,0.0753330662,-0.0029982709000000002,0.0087042445,-0.11774061770000001,-0.0819004631,-0.1347790237,0.11056504730000001,-0.009552803700000001
/90/3.mp3,0.0019531251,0.4081655622,0.0019531253,0.0019531261,0.0019531251,0.1740672641,0.001953125,0.0019531266,0.0019531251,0.0019531253,0.2517751964,0.1425544716,0.0019531262,0.0019531252,0.0019531251,0.0019531256,0.3043092043,0.6718812195,0.001984127,0.0019841337,0.0019841332,0.0019841362,0.0019841363,0.0019841337,0.0019841295,0.0019841298,0.001984127,0.0019841326,0.0019841304,0.001984127,0.0012638916,0.0675288614,0.0012648495000000001,0.3584227189,0.0943885632,0.0012650178,0.07545104,0.4004150577,0,1,0,0,0,0,0,-0.0356982065,-0.001083179,0.058303878,-0.0958091227,-0.046118747700000004,0.0351565496,0.019802511300000002,-0.049903766100000004,0.1498208081,0.0790226619,0.01968856,-0.0581960569,-0.14095984520000002,0.0036661876,0.06835727230000001,-0.0765410067,-0.1202239808,-0.0295850935,0.0194107206
/46/7.mp3,0.0014534884,0.09292481650000001,0.0014534885000000001,0.0014534884,0.0014534885000000001,0.0014534884,0.0014534884,0.048339771000000004,0.0014534884,0.0014534885000000001,0.3791513421,0.46214220780000004,0.0014534895,0.0014534884,0.0014534884,0.0014534887,0.0016233899000000001,0.865227681,0.0016233766000000001,0.001623382,0.1152917479,0.0016233842000000001,0.0016233844,0.0016233823000000001,0.0016233787,0.0016233789,0.0016233766000000001,0.0016233813,0.0016233795,0.0016233766000000001,0.2141945824,0.0366225187,0.3693173092,0.0946555226,0.2304201293,0.001002084,0.052785926600000005,0.0010019273,1,0,0,0,0,0,0,0.18152653770000002,-0.28549316750000003,-0.31590910580000003,-0.0819669346,0.1738626725,-0.37459694250000003,-0.48573864800000005,0.030516547300000002,0.0269281882,0.0040980064000000005,-0.2079680456,0.07896440390000001,0.0072356178,-0.0454983858,-0.2444109699,-0.0266510968,-0.0826394012,-0.0283370447,-0.3659876857
/46/6.mp3,0.0020161298,0.0020161292000000003,0.00201613,0.0622228675,0.1923353461,0.002016129,0.0020161291000000002,0.0020161291000000002,0.0020161291000000002,0.1545967051,0.002016129,0.3640601571,0.0020161308,0.002016129,0.2046075005,0.0020161296,0.7438273805000001,0.0017006951000000001,0.0017006803,0.045623917800000004,0.0017006850000000002,0.19184116880000002,0.0017006880000000001,0.0017006853,0.0017006824000000002,0.0017006857,0.0017006803,0.0017006849000000001,0.0017006856000000002,0.0017006803,0.0010426522,0.1782639403,0.3118177548,0.0010436354000000001,0.2693866156,0.0010436314,0.0275840691,0.2098177012,1,0,0,0,0,0,0,0.1433550424,-0.29041619280000003,0.049344647400000004,-0.1942072485,-0.0640950898,-0.28806467210000003,-0.2670020173,-0.16039379110000002,0.0269281882,-0.08295596250000001,-0.1482324935,0.0373367318,0.0072356178,0.0194744947,-0.2119917936,0.046368185000000006,0.032576157700000004,-0.0972111705,-0.3243683133
/46/4.mp3,0.0022321431000000003,0.1661703541,0.0022321431000000003,0.0022321429,0.0022321430000000002,0.1826116956,0.0022321429,0.0022321429,0.0022321429,0.0022321432,0.400398399,0.0022321433,0.063202587,0.0022321429,0.0022321429,0.1630633913,0.7895197947,0.0025510368000000003,0.0025510204,0.0025510277000000002,0.0025510278000000003,0.002551031,0.0025510313,0.0550146304,0.0025510233,0.0854318874,0.0025510204,0.002551027,0.0445234215,0.0025510204,0.0016041063,0.1699719708,0.0016053131,0.23526195600000002,0.3357976851,0.0016054955000000001,0.17962255030000002,0.074530923,0,0,0,0,0,0,1,0.0067642817,-0.3102722249,-0.16212940580000001,0.0107853286,-0.1700976398,-0.3437192083,-0.2512839094,-0.22626404160000002,0.0269281882,0.0040980064000000005,-0.3408162093,0.0872747083,0.1083993655,0.0194744947,0.0028470202,0.14106100970000002,0.08242070430000001,0.0421450609,-0.2424658986
/46/5.mp3,0.0004562044,0.0004562045,0.0004562044,0.2432381144,0.0250104298,0.0004562044,0.0004562044,0.7053211850000001,0.0004562044,0.0004562045,0.0157289538,0.0056830683,0.0004562045,0.0004562044,0.0004562045,0.0004562044,0.00045208060000000004,0.6391835158,0.0004520796,0.0004520813,0.35539152020000003,0.0004520812,0.000452081,0.0004520804,0.00045208,0.0004520802,0.0004520796,0.0004520805,0.00045208,0.0004520796,0.8995559524000001,0.0295992243,0.069466885,0.0002755542,0.0002755095,0.0002755538,0.0002757374,0.0002755834,0,0,0,1,0,0,0,-0.4904045443,0.2123544936,-0.22970264210000002,-0.44739150590000004,-0.4261306449,0.1957109203,0.2188375307,-0.167687477,-0.3890968533,-0.435378896,-0.035527898,-0.21550725580000002,-0.3883476634,-0.20501103950000002,0.08435811630000001,-0.055019221300000004,-0.26163524120000003,-0.2450647438,0.29701756430000004
/46/1.mp3,0.00042808230000000003,0.00042808230000000003,0.0004280822,0.0004280824,0.0004280826,0.0004280822,0.6568878224,0.0900556613,0.16177950400000002,0.0004280825,0.0004280822,0.0004280822,0.0795030617,0.0070650453,0.0004280822,0.00042808230000000003,0.5245723528,0.2522062646,0.0004859086,0.00048591030000000004,0.2081495565,0.00048591080000000004,0.00048591080000000004,0.0102127296,0.00048590920000000004,0.0004859097,0.0004859086,0.00048591,0.00048590980000000003,0.0004859086,0.00029640060000000004,0.16030096600000002,0.0002967015,0.2512066893,0.0523284157,0.5349776269000001,0.000296486,0.0002967139,0,0,0,0,0,1,0,-0.16801808440000002,-0.24630652220000002,-0.1223625841,-0.1450377349,-0.2778358622,-0.2291400069,-0.0311225709,-0.22822286800000002,-0.1298791632,-0.0481549105,-0.2240093182,-0.1648434867,-0.1071221195,-0.0434018614,0.008219081500000001,-0.10413345830000001,-0.1131179694,-0.2020381721,-0.2140188536
/46/2.mp3,0.0009057972,0.1133393338,0.0009057973000000001,0.0009057980000000001,0.0252346193,0.0009057972,0.0009057971,0.000905801,0.0009057972,0.3031228126,0.0009057991,0.5327822506000001,0.0009057983000000001,0.0009057976000000001,0.015557205800000001,0.0009057976000000001,0.7136488241000001,0.0009157587,0.0009157509,0.0009157546000000001,0.0009157539,0.0009157556000000001,0.27536213530000003,0.0009157541,0.0009157521000000001,0.0009157524000000001,0.0009157509,0.0009157537000000001,0.0009157526,0.0009157509,0.0005609056,0.0433521698,0.0005615022,0.5713640651,0.1541411158,0.22889755120000002,0.0005611707000000001,0.0005615196,0,1,0,0,0,0,0,-0.0795624648,-0.29462895170000003,0.0007963199000000001,-0.062496953300000005,-0.0732203317,-0.1831141969,-0.258495749,0.08570806800000001,0.0343384559,0.0391270145,-0.1645516842,0.07896440390000001,0.0402162884,0.0194744947,0.0010471718,0.0127930213,0.0617877401,0.0577892699,-0.2424672961
/46/3.mp3,0.0014534885000000001,0.0014534892000000002,0.0014534887,0.0014534893,0.0014534885000000001,0.0014534885000000001,0.0014534884,0.5592349821,0.0014534884,0.0014534887,0.1688850479,0.0550219626,0.0014534899,0.0014534885000000001,0.0014534885000000001,0.19941614230000002,0.3628310025,0.4324774893,0.0015873016000000002,0.001587307,0.1872311537,0.0015873089,0.001587309,0.0015873069,0.0015873036,0.0015873039,0.0015873016000000002,0.0015873061,0.0015873043,0.0015873016000000002,0.1294917062,0.0613669733,0.0009862054000000001,0.009371062000000001,0.1422386856,0.2143934701,0.0588282677,0.3833236298,0,0,0,0,0,0,1,0.1478530832,-0.2965038531,-0.035557780000000004,0.0108352951,0.003009359,-0.1872630025,-0.232572405,-0.0051296862000000006,0.1278841027,0.0175384291,-0.19304272600000003,0.016893998,0.0072356178,0.0194744947,0.0513977715,0.07296171180000001,0.0385068396,-0.033968590300000004,-0.3604949028
/79/7.mp3,0.0164310854,0.0008012822,0.0008012828,0.0008012825,0.0008012822,0.0008012821,0.7264973149,0.0249887577,0.0599754895,0.0008012826,0.0008012823,0.027883455,0.1362110731,0.0008012822,0.0008012828,0.0008012828,0.4940333241,0.49622639500000004,0.0008116883000000001,0.0008116911,0.0008116908000000001,0.000811692,0.000811692,0.000811691,0.0008116893,0.0008116895,0.0008116883000000001,0.0008116906,0.0008116897,0.0008116883000000001,0.0004985285,0.0004991357,0.0004988125,0.3010046185,0.2793436599,0.084883493,0.07889929650000001,0.25437245540000003,0,0,1,0,0,0,0,-0.4254259521,-0.142087343,0.0015840148,-0.314126373,-0.28185014880000003,0.0583314996,0.1268687118,-0.3181923795,-0.4087117267,-0.4044519682,-0.0662256643,0.0169872927,-0.1319604231,-0.0223815836,0.0466736356,-0.0265398784,0.0442231139,-0.23844490270000002,-0.13495230190000002
/79/6.mp3,0.0010775871000000001,0.0010775864,0.0010775883,0.0010775863,0.0010775863,0.0683880095,0.0010775862,0.0792910525,0.0010775863,0.0010775864,0.0010775865000000001,0.0010775868,0.0010775869,0.0010775864,0.6489358705,0.1904540278,0.1483513931,0.3291677069,0.0012315271,0.0012315313,0.508934073,0.0012315328,0.0012315329000000001,0.0012315313,0.0012315286,0.0012315289,0.0012315271,0.0012315306,0.0012315292,0.0012315271,0.0663699214,0.0669195161,0.0377580678,0.0596765176,0.0007826955,0.282289049,0.3200787861,0.1661254465,0,1,0,0,0,0,0,0.0843799002,-0.0992788624,0.033718458,-0.0128895095,-0.0401606221,-0.12564185960000002,-0.0198017659,0.0812988712,-0.028315543000000002,0.0890882483,0.0763452974,0.0048375206,-0.0242751067,0.0145478897,0.0618980913,-0.015460300500000001,-0.0523794862,-0.0774810642,0.1059104629
/79/4.mp3,0.0020161291000000002,0.0020161295,0.0020161292000000003,0.3934599056,0.0020161291000000002,0.0020161316,0.002016129,0.1058624704,0.0020161291000000002,0.0020161292000000003,0.47446794140000004,0.0020161292000000003,0.0020161292000000003,0.0020161299,0.0020161291000000002,0.0020161294,0.7300307843,0.24318344120000002,0.0022321429,0.0022321508000000003,0.0022321498,0.0022321534,0.0022321535,0.0022321504,0.0022321457000000003,0.0022321462,0.0022321429,0.0022321493,0.0022321468000000002,0.0022321429,0.0014052615,0.0014067302,0.0014063369,0.5743301461,0.41723249770000004,0.0014064793,0.0014057070000000002,0.0014068413000000001,0,0,0,1,0,0,0,-0.2374221921,-0.15398091260000002,0.0342162441,-0.1933989862,-0.16418313240000001,0.0420508079,0.017504341700000002,-0.1589332409,-0.1753399301,-0.1427205479,-0.0645633484,-0.0261077845,0.1250021361,0.0568593731,0.06992919880000001,-0.0003044416,0.0078242468,-0.0890215131,-0.1128269908
/79/5.mp3,0.0019531256,0.0019531251,0.10387722240000001,0.001953125,0.29970418530000004,0.001953125,0.001953125,0.001953125,0.001953125,0.4718096867,0.001953125,0.1011714034,0.0019531259,0.001953125,0.0019531253,0.0019531253,0.0446688531,0.6244841051000001,0.0020408163,0.002040823,0.0020408235,0.0652487741,0.0020408268,0.0020408242,0.0020408192,0.1056275834,0.0020408163,0.1416032984,0.0020408203,0.0020408163,0.001290218,0.2515795756,0.1853794796,0.14093234,0.2465543945,0.001290555,0.1716826856,0.0012907516000000001,0,0,0,0,0,0,1,0.0839295862,-0.33478360300000004,0.055082288800000004,-0.031342288600000004,0.0639481806,-0.4531470354,-0.5031620048000001,0.0267571508,0.11457272090000001,0.062157525500000005,-0.0222697448,-0.0297225441,0.0661145994,-0.0218003446,-0.0787117559,-0.0023397666000000003,0.0562097672,-0.0396620576,-0.0972479451
/79/1.mp3,0.22384425730000002,0.0012755113,0.0012755118,0.0012755113,0.0012755104,0.0012755104,0.0012755106,0.0012755102,0.0176532789,0.0012755107000000001,0.0219761401,0.0012755113,0.0012755118,0.0012755103,0.5451444484,0.1773512552,0.25004364100000004,0.6415896022,0.0013477089,0.0013477134,0.0935419276,0.0013477151,0.0013477152,0.0013477134,0.0013477106,0.0013477108,0.0013477089,0.0013477127,0.0013477112,0.0013477089,0.0008338260000000001,0.0008347786,0.5323276331,0.3510183729,0.0008349938000000001,0.1124815584,0.0008340763,0.0008347609,1,0,0,0,0,0,0,-0.19086530140000002,0.2455987184,-0.0831387591,-0.3453683618,-0.20574662740000002,0.1522118421,0.3387023457,0.0098255876,-0.3005514137,-0.2106180008,0.0443204641,0.0019176184,-0.17222760510000001,-0.0069070895000000005,-0.07302877420000001,0.0376748608,0.0895343078,-0.17956752350000002,0.2097445285
/79/2.mp3,0.0027173915,0.5971387625,0.0027173917000000002,0.0027173933,0.0027173915,0.0027173951,0.0027173914,0.0027173967,0.0027173914,0.0027173917000000002,0.13384861550000002,0.0027173917000000002,0.0027173928,0.0537424316,0.0027173915,0.1826614802,0.7884883102,0.1757973089,0.0029761905000000003,0.0029762021000000003,0.0029761991,0.0029762043,0.002976204,0.0029761995000000003,0.002976194,0.0029761952,0.0029761905000000003,0.0029762112,0.0029762001,0.0029761905000000003,0.0018392404000000002,0.0018404383000000001,0.3765599881,0.6123962525000001,0.0018412731,0.0018420924000000002,0.0018396223,0.001841093,0,0,0,0,0,0,1,0.0939150763,-0.2328845937,0.0710140118,0.061646906800000005,0.1469911938,-0.082945743,-0.0947272296,0.1174653241,0.1546751134,0.14070538300000002,-0.053804534200000004,0.0005471324,0.0175983562,-0.043495621400000004,-0.16736865880000001,0.0021136728,0.1027446353,-0.08872879260000001,-0.1519135099
/79/3.mp3,0.0007352941,0.0007352941,0.0007352942,0.0007352942,0.0007352947000000001,0.0007352941,0.0007352941,0.0949113234,0.0007352941,0.8280904442,0.0007352941,0.031248324900000003,0.0369263772,0.0007352941,0.0007352941,0.0007352942,0.0008116917,0.4625538939,0.0008116883000000001,0.0008116913,0.0008116902000000001,0.5277058282,0.0008116914,0.0008116903,0.0008116891,0.0008116895,0.0008116883000000001,0.0008116902000000001,0.0008116894,0.0008116883000000001,0.21733837450000001,0.0621942678,0.2932362025,0.0005008195000000001,0.3554304244,0.0005009796,0.0702979786,0.000500953,0,0,0,0,0,0,1,0.16665130020000002,-0.3471952299,-0.024407223800000002,0.1701552128,0.1407367188,-0.2867554003,-0.1025906769,0.16223633110000002,0.2751280855,0.1004174496,-0.0853342649,0.08633302970000001,0.130079684,0.0359054159,0.011541191400000001,0.0008923061000000001,0.0817831083,0.14958141290000002,-0.2591388662
/112/7.mp3,0.0010593221,0.0010593220000000001,0.0010593220000000001,0.0010593220000000001,0.0010593220000000001,0.0010593220000000001,0.9841101670000001,0.0010593220000000001,0.0010593238,0.0010593222,0.0010593220000000001,0.0010593220000000001,0.0010593220000000001,0.0010593220000000001,0.0010593220000000001,0.0010593224,0.534855548,0.4508587059,0.0011904762,0.0011904805,0.0011904791,0.0011904812,0.0011904809000000001,0.0011904793,0.0011904774,0.00119048,0.0011904762,0.0011904790000000001,0.0011904801,0.0011904762,0.0007356529,0.0007359592000000001,0.000736815,0.2130849994,0.4455084078,0.1143278496,0.0007360323000000001,0.2241342838,0,1,0,0,0,0,0,-0.2889632272,-0.2514388367,-0.161990364,-0.4136986139,-0.4087617873,-0.27132935750000003,-0.1973314341,-0.2972524686,-0.1299983466,-0.1163475538,0.0194494363,-0.3157122113,-0.35662976890000003,-0.42074356,-0.2277505916,-0.4202588071,-0.1823907193,-0.3235202816,-0.2738141429
/112/6.mp3,0.0001373626,0.0208123277,0.0001373627,0.0976153349,0.3587197742,0.0001373626,0.0001373627,0.0001373626,0.3932370531,0.0001373627,0.0001373626,0.10632748060000001,0.0219144029,0.0001373626,0.0001373626,0.0001373627,0.0437665485,0.0001469733,0.00014697240000000002,0.00014697280000000002,0.0162688694,0.0204320339,0.4364492232,0.00014697280000000002,0.2025394755,0.0125924603,0.00014697240000000002,0.0001469729,0.26692258020000004,0.00014697240000000002,0.1186198524,0.11128737770000001,0.5566364420000001,0.0298186041,8.97514e-05,0.1760718536,0.0073863553,8.976350000000001e-05,0,0,0,0,1,0,0,-0.38253238170000003,-0.46526824370000003,-0.4503586457,0.0163445782,-0.5163665897,-0.4726759151,-0.30714397600000004,-0.4125818651,-0.19963999740000002,0.0761150896,-0.3637755509,-0.1579497271,-0.1619038191,-0.125142048,0.0186767566,-0.1275074494,-0.3453651035,-0.19623587350000002,-0.3996172559
/112/4.mp3,0.0013586959000000001,0.0013586962,0.0013586957,0.0013586957,0.0930761179,0.0013586957,0.0013586958,0.132045353,0.0013586957,0.6609103522,0.0429777953,0.0560447273,0.0013586965000000001,0.0013586957,0.0013586957,0.0013586959000000001,0.1822132938,0.0949899393,0.0014880952000000001,0.0014881008,0.1436966603,0.0014881026,0.0014881026,0.3548818972,0.0014880972000000001,0.210825323,0.0014880952000000001,0.0014880997000000001,0.0014880979,0.0014880952000000001,0.0009203458,0.0009210655,0.1981926192,0.0009207621,0.0698856808,0.0600366044,0.056906013000000005,0.6122169092,0,0,0,0,0,0,1,-0.22169475530000002,-0.21789715240000002,0.29049683460000003,-0.0726926972,-0.061073455500000005,-0.3751180391,-0.4025879464,-0.0606462631,0.18541486570000001,0.07979565300000001,-0.1505722941,0.1106783355,0.0808145545,-0.13579444370000002,-0.2324044614,-0.1077073281,0.0377193202,-0.11489442970000001,-0.4034320146
/112/5.mp3,0.0006578948000000001,0.0006578948000000001,0.0006578948000000001,0.0006578948000000001,0.2188661624,0.0006578947,0.0006578947,0.0287213345,0.0006578947,0.2518848709,0.0006578949,0.4051641641,0.0006578952,0.0006578948000000001,0.0006578948000000001,0.088126625,0.25786595300000004,0.0460344997,0.0006675567,0.0006675592,0.0006675588,0.37558522250000004,0.00066756,0.3138387446,0.0006675576,0.0006675578,0.0006675567,0.0006675587,0.0006675579,0.0006675567,0.07873627200000001,0.0890060463,0.0004091723,0.2944119141,0.1273325288,0.2186747275,0.1910200871,0.00040925200000000003,0,0,0,0,0,0,1,0.0074886271,-0.2550573223,0.025665919800000003,-0.1715693086,-0.10072831800000001,-0.2101015648,-0.2801255569,-0.1403619342,-0.10544684080000001,-0.1750545831,-0.1004569569,-0.14613762060000002,-0.22338742660000002,-0.1016707309,-0.1418153618,-0.18402822330000002,-0.0068016273,-0.2391572985,-0.1881735863
/112/1.mp3,0.0013297874,0.0013297874,0.0013297874,0.0013297872,0.0013297874,0.0013297873000000001,0.0013297873000000001,0.0013297872,0.0013297873000000001,0.6040309651,0.0013297872,0.3773520107,0.0013297889,0.0013297872,0.0013297873000000001,0.0013297876,0.7065474281,0.1334938047,0.0014880952000000001,0.0014881007,0.0014880997000000001,0.0014881022000000001,0.0014881021,0.1435896838,0.001488097,0.0014880982,0.0014880952000000001,0.0014880994,0.0014880984000000001,0.0014880952000000001,0.0009196661,0.0009203068,0.19390575770000001,0.5893367504,0.0009207371000000001,0.2121562462,0.0009198633,0.0009206723000000001,0,0,1,0,0,0,0,-0.3469305581,-0.1211697459,-0.28413180930000004,-0.1843680541,0.020717395200000002,-0.024947843600000002,0.059915543800000005,-0.0105484354,-0.1565560895,-0.0389211215,0.0415180478,-0.3234109196,-0.2869320029,-0.22498831290000001,-0.2146369119,-0.1044316986,-0.0601393656,-0.3099693242,-0.1311411113
/112/2.mp3,0.0008333337,0.0008333336,0.0008333337,0.0008333333,0.0008333345,0.0008333334,0.0008333334,0.0008333333,0.0008333334,0.0680225071,0.0197243869,0.7626737485,0.0008333341000000001,0.0008333333,0.1395793541,0.0008333336,0.0008928691,0.0008928641000000001,0.0008928571000000001,0.0008928602000000001,0.0008928602000000001,0.8799873231,0.0008928617,0.0008928605,0.0008928584,0.10929835260000001,0.0008928571000000001,0.0008928599000000001,0.0008928588,0.0008928571000000001,0.0005538179,0.1499265623,0.414296508,0.2883408009,0.0005541791000000001,0.0005540667,0.1452199769,0.0005540882000000001,0,0,1,0,0,0,0,0.056641031300000005,-0.38130011900000005,-0.1990442769,0.0100652958,-0.0575553362,-0.36449913170000003,-0.36737322710000003,0.09101513280000001,0.1561087895,0.07625252490000001,-0.0863058895,-0.042593961300000004,-0.0022946035000000003,-0.0421827284,-0.1679852526,-0.1394992407,-0.1322169836,-0.1091507617,-0.2348052237
/112/3.mp3,0.0010080645,0.248081242,0.0010080646000000001,0.0010080645,0.0010080646000000001,0.0010080645,0.0010080645,0.0010080645,0.0010080645,0.0010080648,0.0010080645,0.7378058541,0.0010080647,0.0010080645,0.0010080646000000001,0.0010080646000000001,0.09955167570000001,0.615390228,0.0011520737,0.0011520776,0.0011520774,0.0011520791000000001,0.0011520792000000001,0.0011520777,0.272385256,0.0011520754,0.0011520737,0.001152077,0.0011520758,0.0011520737,0.0007146909,0.0007151957,0.5370072033000001,0.0007156858,0.0007155135,0.000715116,0.0007149027,0.4587016921,0,0,1,0,0,0,0,-0.2884824016,-0.2088998664,0.0442882421,-0.118729528,0.08600747660000001,-0.17355911170000002,-0.2603835673,-0.0900973414,-0.31676634070000004,-0.4192991229,-0.06329111230000001,-0.1235971805,-0.0763750579,-0.1749731783,-0.0832582275,-0.0390039884,-0.094719174,-0.15956722210000002,-0.257426339
/41/7.mp3,0.0011792461000000001,0.0011792460000000001,0.0011792488,0.0011792464,0.0011792454000000001,0.0011792454000000001,0.0011792453,0.043186052600000004,0.0011792453,0.0011792455,0.0429116347,0.5024240739,0.0011792460000000001,0.0011792455,0.2413759637,0.1571305693,0.5074109673,0.0012531422000000001,0.0012531328,0.0636150602,0.0012531362,0.415189472,0.0012531381,0.0012531363,0.0012531342,0.0012531347,0.0012531328,0.0012531429000000001,0.0012531373,0.0012531328,0.0007722838000000001,0.1370120131,0.0007731685,0.00077303,0.0007730255000000001,0.2361770934,0.1935594853,0.4301599003,0,1,0,0,0,0,0,0.0315201081,-0.2126847751,-0.20278505060000002,-0.056427151200000004,-0.0193970696,-0.3060420547,-0.2634617908,-0.1114506146,-0.10529303370000001,-0.1655890231,-0.0156241118,0.1213677158,-0.0079427048,0.034660837300000004,-0.1320353076,-0.0373407697,-0.0427829131,-0.1361997257,0.0115413135
/41/6.mp3,0.0011363637,0.0011363637,0.0011363637,0.0011363637,0.0011363646,0.0011363636,0.0011363637,0.0556818293,0.0011363636,0.2899066852,0.0011363636,0.1350793612,0.15616832660000002,0.0011363636,0.0011363637,0.3506637963,0.3245996226,0.6276423572000001,0.0011904762,0.0011904802000000001,0.0011904798,0.0346627563,0.0011904817,0.0011904802000000001,0.0011904777000000001,0.0011904779,0.0011904762,0.0011904795,0.0011904782,0.0011904762,0.0007360314,0.0249769105,0.15292277980000002,0.0007365927,0.0007363519,0.4109745906,0.165814587,0.24310215610000002,0,1,0,0,0,0,0,-0.0874486928,-0.1023273802,0.0462259574,-0.21014677280000002,0.041898878,-0.25894906300000003,-0.2509022675,0.1470979533,-0.26194287850000003,-0.2191569793,-0.024230414500000002,0.0967232033,-0.0597453565,-0.04045481,0.027073491300000002,0.085245899,-0.068793492,-0.0214248689,0.1038151645
/41/4.mp3,0.0010416669,0.0010416671,0.4695813016,0.0010416667000000001,0.1408182331,0.0010416667000000001,0.0010416667000000001,0.08584457820000001,0.0010416667000000001,0.18870079780000001,0.0133236725,0.0913147485,0.0010416673000000001,0.0010416667000000001,0.0010416668,0.0010416668,0.0010989096000000001,0.8657184982,0.0010989011,0.0010989048,0.0010989045000000001,0.0010989062,0.0010989063,0.024671057000000003,0.0010989025,0.0010989027000000001,0.0010989011,0.09752250200000001,0.001098903,0.0010989011,0.12006514600000001,0.0006878835,0.08722028400000001,0.0006877956,0.7319775857,0.0006878282,0.0579854687,0.0006880083,0,0,0,0,0,0,1,-0.0585851889,-0.2032995545,-0.2681487479,-0.0928634271,-0.13427980650000002,-0.13379045920000002,-0.10637569570000001,-0.1558905041,-0.3502324633,-0.2259971754,-0.0035536362000000003,-0.21328813060000001,-0.37404861,-0.2251964358,-0.1886468423,-0.33849043560000003,-0.2598843941,-0.25196331250000004,-0.0574070542
/41/5.mp3,0.0019531251,0.0842897891,0.0019531251,0.0019531252,0.0019531251,0.4217891515,0.0019531251,0.0019531271000000003,0.001953125,0.0019531252,0.38815406480000003,0.0019531253,0.0019531270000000002,0.0019531252,0.001953125,0.082329489,0.0021645227,0.8086696238000001,0.0021645022,0.0021645092000000003,0.16535627560000002,0.0021645128000000002,0.0021645133,0.0021645105,0.0021645051,0.0021645052000000002,0.0021645022,0.0021645089,0.0021645064,0.0021645022,0.0573228957,0.1255268785,0.2923471105,0.0013464728,0.144447201,0.204743886,0.1729192238,0.0013463318000000001,0,1,0,0,0,0,0,0.1704614018,-0.0776587182,0.0294850155,0.0406898439,0.0857310336,-0.0986256055,-0.020453535000000002,0.10189999150000001,0.0038276548,0.0566790737,0.0058523585,0.0337914709,0.041975734800000004,-0.019806251,-0.09392845200000001,-0.0275671684,-0.1254311811,-0.045338347300000005,-0.06657196430000001
/41/1.mp3,0.0010593225,0.0010593223,0.1902234033,0.0010593223,0.0304412894,0.0010593221,0.0010593220000000001,0.022660276400000002,0.0010593221,0.6597472581,0.043652641400000004,0.0010593225,0.0010593223,0.0010593222,0.0426819088,0.0010593222,0.0011160812,0.49725773430000003,0.0011160714,0.0011160751,0.0011160752,0.4893493733,0.001116077,0.0011160755,0.0011160729,0.001116073,0.0011160714,0.0011160748,0.0011160735000000001,0.0011160714,0.0006872948,0.1104148264,0.3715069133,0.16597264990000002,0.3493545979,0.0006880376000000001,0.0006875638,0.0006881164,1,0,0,0,0,0,0,0.0041092135,0.0114975599,-0.016940147000000003,-0.0429575315,-0.0626924788,0.1580764722,0.146421935,0.1016223792,0.1331485526,0.18725785590000002,0.045620731000000005,-0.20792816420000002,-0.0843393657,0.0269036848,-0.0047632552,-0.07343201590000001,-0.0370404977,-0.2386306057,0.0324420834
/41/2.mp3,0.0011792454000000001,0.0011792457,0.0011792454000000001,0.0011792453,0.0011792454000000001,0.0011792453,0.0011792453,0.0011792453,0.0011792453,0.8883774449,0.0951131177,0.0011792464,0.0011792464,0.0011792453,0.0011792454000000001,0.0011792456,0.5766178577000001,0.1960925539,0.0011904762,0.0011904803,0.0011904799,0.0011904817,0.0011904818,0.0011904802000000001,0.0011904777000000001,0.0011904779,0.0011904762,0.2141943221,0.0011904782,0.0011904762,0.0007359636000000001,0.0671122522,0.0007365431,0.44240243690000003,0.44741871720000004,0.0007364878,0.0401208158,0.0007367834,0,0,0,0,0,0,1,-0.3027990613,0.0215496297,-0.0932364609,-0.2329130301,-0.2015639833,0.06703088530000001,-0.123244289,0.0602456363,-0.1892435405,-0.2559858694,0.038283306100000004,-0.1216936701,-0.2191563228,-0.150325664,-0.1353237442,-0.1129086568,-0.14853899980000002,-0.0543935014,0.036587317700000004
/41/3.mp3,0.0009615385,0.23331678360000002,0.0009615385,0.0009615397,0.0851516987,0.0009615385,0.0009615385,0.0009615385,0.0009615385,0.0009615385,0.0009615398,0.0009615385,0.0009615385,0.6690315147,0.0009615385,0.0009615386,0.6155455804000001,0.3712675777,0.0010989011,0.0010989049,0.0010989045000000001,0.0010989061,0.0010989062,0.0010989048,0.0010989024,0.0010989027000000001,0.0010989011,0.0010989042,0.001098903,0.0010989011,0.0006691227,0.0937432208,0.0006694847,0.1962243772,0.1680181335,0.25471576090000003,0.28529029580000004,0.0006696043000000001,0,0,0,1,0,0,0,-0.2354127533,0.2994194045,0.0926120769,-0.3431667826,-0.1559519586,0.1974198391,-0.0672171895,0.045418091,-0.2024806479,-0.1162850669,0.13129476780000002,-0.27450090650000003,-0.1998570332,-0.1640770977,-0.0722667407,-0.2478363878,-0.1916135501,-0.175243917,0.3597548635
/115/7.mp3,0.0013020833,0.0013020833,0.0013020833,0.0013020845,0.0013020834,0.0013020833,0.0013020833,0.9804687483000001,0.0013020833,0.0013020833,0.0013020834,0.0013020833,0.0013020836,0.0013020834,0.0013020833,0.0013020833,0.44376605900000005,0.0014881064,0.0014880952000000001,0.0014881005,0.0302528299,0.001488102,0.0014881019,0.032016600400000005,0.0744410464,0.1973151916,0.0014880952000000001,0.0956640515,0.1161275247,0.0014880952000000001,0.2203232404,0.0009141795,0.0009139796000000001,0.42581255160000003,0.0009142659,0.000913933,0.2556599338,0.0945479161,0,0,0,0,0,0,1,-0.2614834485,-0.3619461711,-0.4653298887,-0.4535533029,-0.5361966719,-0.3724300277,-0.3803895692,-0.4869541278,-0.3865662415,-0.41585969310000004,-0.2918826533,-0.3629312601,-0.4808068093,-0.1663726446,-0.11581924880000001,-0.3540302668,-0.416943337,-0.3362600516,-0.3684942543
/115/6.mp3,0.6914937495,0.0010245906000000001,0.0010245909,0.001024591,0.0010245903,0.0010245902,0.0010245902,0.0626220272,0.0010245903,0.0010245904,0.0010245904,0.0397393658,0.0010245911,0.0010245903,0.193849771,0.0010245908,0.7175723431000001,0.0011160805,0.0011160714,0.2690347634,0.0011160744,0.0011160765,0.0011160762,0.0011160746,0.0011160727,0.0011160749,0.0011160714,0.0011160743,0.001116075,0.0011160714,0.00067983,0.1751008239,0.0006805314,0.40525268600000003,0.229488621,0.0006806451,0.0006800920000000001,0.1874367706,0,1,0,0,0,0,0,-0.0467000855,0.053796490100000004,0.042686765,-0.0553751,-0.1321024336,0.0336682742,0.0152485261,-0.0522110578,0.0143565121,-0.0003268252,-0.1427135876,-0.11882059610000001,-0.14067469670000002,-0.026412394800000003,-0.0392135674,0.019070014,-0.0350729879,-0.1615184676,0.0114579021
/115/4.mp3,0.06622788040000001,0.0012500006,0.0590629796,0.0012500009000000001,0.0012500002,0.0856669835,0.0012500002,0.0012500001,0.0847094691,0.0012500004,0.00125,0.0816841336,0.0012500011,0.0012500002,0.2432832152,0.36811533500000004,0.5160021777,0.2118498711,0.0013477089,0.0013477136000000002,0.2573231217,0.0013477152,0.0013477152,0.0013477134,0.0013477106,0.0013477109,0.0013477089,0.0013477127,0.0013477112,0.0013477089,0.0008337472,0.0008342228000000001,0.307294379,0.1858013484,0.0008348439,0.5027327507,0.0008339957,0.0008347122,0,0,0,0,0,0,1,-0.11070377640000001,0.157047988,-0.0734725179,-0.3963240967,-0.24876840390000002,0.1557917627,0.1379599326,-0.025854161100000002,-0.215454688,-0.2104362682,0.1389029911,-0.1869057195,-0.2598363403,-0.2020844584,0.0496988448,-0.0029464730000000002,-0.1159359345,-0.29834877590000003,0.2448855272
/115/5.mp3,0.0009765625,0.0009765627,0.0009765625,0.0009765626,0.0009765625,0.41716092850000003,0.0009765625,0.4148781808,0.0009765625,0.0009765625,0.1552655779,0.0009765625,0.0009765625,0.0009765626,0.0009765625,0.0009765625,0.3336468117,0.652960302,0.0011160714,0.0011160752,0.0011160748,0.0011160765,0.0011160766000000001,0.0011160752,0.0011160728000000001,0.001116073,0.0011160714,0.0011160745,0.0011160733,0.0011160714,0.0006907170000000001,0.0006908911,0.0006912636,0.0006918513,0.048142907900000004,0.3674542999,0.0006911381,0.5809469312000001,0,0,0,0,0,0,1,0.0593027256,-0.2935293769,0.2061400348,0.0105279186,-0.0050208841,-0.1039906101,-0.369300303,-0.0134260898,-0.1394860716,-0.1863727795,0.0595412008,0.007325643000000001,0.0289948348,0.0065192191,-0.1163669628,0.018769130800000002,-0.0924110368,-0.1174692695,0.1079869319
/115/1.mp3,0.1203024911,0.0016025641000000001,0.3950119738,0.0016025641000000001,0.0016025641000000001,0.0016025641000000001,0.0016025641000000001,0.0016025641000000001,0.0016025641000000001,0.46385220060000004,0.0016025641000000001,0.0016025641000000001,0.0016025641000000001,0.0016025641000000001,0.001602565,0.0016025642,0.0017421715,0.7052125850000001,0.0017421603,0.0017421663,0.2738814419,0.001742168,0.0017421679,0.0017421656000000002,0.0017421623000000001,0.0017421628,0.0017421603,0.0017421649000000001,0.0017421630000000001,0.0017421603,0.0010692302,0.20519185,0.2770823812,0.001070603,0.5123744745000001,0.0010709340000000002,0.0010700241,0.0010705029,0,1,0,0,0,0,0,-0.0142704397,0.016525400200000002,-0.005718851400000001,-0.0464251885,0.0008693792,0.0926251235,0.11396626680000001,-0.11906755540000001,0.030949378200000002,0.0085306053,-0.003630681,-0.08602452370000001,-0.2713384041,-0.11338942290000001,-0.0248716756,-0.0119893853,0.052273839200000005,-0.24719028110000002,-0.0471284072
/115/2.mp3,0.0023148152,0.0023148148,0.0023148152,0.0023148196000000003,0.0023148148,0.0023148148,0.0023148151,0.06421915040000001,0.0771498566,0.0023148148,0.0023148154,0.0023148148,0.0023148148,0.2871120004,0.5437412081,0.002314815,0.5185172503000001,0.45291124590000004,0.0023809524,0.002380961,0.0023809589,0.0023809627,0.0023809625,0.0023809592000000003,0.002380955,0.0023809559,0.0023809524,0.0023809708,0.0023809607,0.0023809524,0.0231519479,0.11914317220000001,0.1006633567,0.1935656181,0.0014910855,0.0014897115,0.3771761634,0.1833189448,1,0,0,0,0,0,0,-0.0976235419,0.0734455147,0.061503383200000004,-0.2019170774,0.0603418473,0.1439042416,0.1650587169,-0.0122639381,-0.0439967709,-0.012456968300000001,0.11179210710000001,-0.0869491742,-0.2192626825,-0.017946790900000002,-0.0133205871,-0.07377615380000001,-0.2095351065,-0.2313926201,0.0508751307
/115/3.mp3,0.0011792460000000001,0.0011792457,0.5021924861,0.15527885500000002,0.0011792454000000001,0.0011792453,0.0011792455,0.0011792453,0.12178926520000001,0.0011792455,0.0011792453,0.0011792455,0.0011792468,0.0403691096,0.1673985819,0.0011792460000000001,0.4704378618,0.5150342557,0.0012106538,0.0012106581000000001,0.0012106570000000002,0.0012106589,0.0012106588000000001,0.0012106572,0.0012106551,0.0012106555,0.0012106538,0.0012106629,0.0012106579,0.0012106538,0.0007403331000000001,0.12498969200000001,0.3439685221,0.2462885353,0.0400438668,0.1807129292,0.0625151982,0.0007409234,0,0,0,0,0,1,0,0.0397201788,0.0575282622,0.0604970741,0.057719802300000005,0.0242133974,0.0423972268,0.0449551365,0.055248653,0.0571166504,0.0692008397,0.0386489934,0.14051421890000002,0.0199802423,0.037428606,-0.0832349513,-0.0035907348,-0.042432268,-0.0837421733,0.0934084319
/83/7.mp3,0.0771602328,0.0017857143,0.7712091558,0.0017857143,0.0017857144,0.0017857143,0.0017857143,0.0017857143,0.0017857143,0.0017857168,0.0017857143,0.1284163214,0.0017857143,0.0017857143,0.0017857158,0.0017857144,0.0020408399,0.9734693147000001,0.0020408163,0.0020408235,0.0020408218000000002,0.0020408254,0.0020408249,0.0020408222,0.0020408186,0.0020408193000000002,0.0020408163,0.0020408215,0.0020408194000000003,0.0020408163,0.0012632897000000001,0.0012640945,0.5090593348,0.0012649646000000001,0.1660052246,0.0012648438000000001,0.0012637805000000001,0.3186144675,0,0,0,0,0,0,1,-0.1056165565,-0.0672641361,0.015628365300000002,-0.2067740414,-0.08665224390000001,-0.3149112993,-0.3365332417,-0.1813951685,-0.1896564987,-0.20053715660000002,0.0621409272,0.0016447939,-0.0984723551,-0.0443379661,-0.1431901261,-0.1462950724,-0.1351829867,-0.060939689000000005,0.0645137314
/83/6.mp3,0.0013586957,0.0013586961,0.0013586958,0.16764181350000001,0.3154777212,0.0013586957,0.0013586957,0.0013586982,0.0013586957,0.0013586957,0.0196678707,0.19701858500000002,0.0013586960000000002,0.1049457204,0.1816613288,0.0013586957,0.0010661069000000001,0.9861406874,0.0010660981,0.0010661016,0.0010661015,0.0010661031000000001,0.0010661032,0.0010661019,0.0010660994,0.0010660996,0.0010660981,0.0010661012000000001,0.0010661,0.0010660981,0.1638927282,0.0779194015,0.0913221964,0.26794555400000003,0.08127495400000001,0.0006488865000000001,0.1140223394,0.2029739401,0,0,0,0,0,1,0,-0.1831537332,-0.1647439282,-0.22094150040000002,-0.1285242581,-0.0998045515,-0.2141297923,-0.1490031375,-0.1272130758,-0.1903989036,-0.25523084420000003,-0.0077632589,-0.0553497878,0.017216923800000002,-0.1909493586,-0.2442896386,-0.2162854727,-0.1547331039,-0.1288950289,0.0319406406
/83/4.mp3,0.0029761905000000003,0.0029761905000000003,0.0029761905000000003,0.0029761906000000003,0.0029761905000000003,0.0029761933,0.0029761905000000003,0.9553571384,0.0029761905000000003,0.0029761905000000003,0.002976191,0.0029761905000000003,0.0029761905000000003,0.0029761915,0.0029761905000000003,0.0029761905000000003,0.7532810777000001,0.2059025006,0.0034013605,0.0034013735000000002,0.0034013711000000003,0.003401377,0.0034013768,0.0034013719,0.0034013648000000003,0.003401367,0.0034013605,0.0034013703,0.0034013676,0.0034013605,0.2150136989,0.0021585593,0.0021588705,0.48504823350000004,0.2891432477,0.002158442,0.0021596779,0.0021592702,0,0,0,0,0,0,1,-0.2576225729,-0.11286699650000001,-0.3154142398,-0.47956869150000003,-0.3752079098,-0.23346065570000002,-0.06331138110000001,-0.2966833318,-0.40088724480000004,-0.19614283970000002,0.0069163238000000005,-0.3085597499,-0.3532001314,-0.1861257557,-0.14998287470000002,-0.32375563630000004,-0.3042617252,-0.334310188,-2.66612e-05
/83/5.mp3,0.0007621951,0.0007621953,0.0007621952,0.3062243302,0.0007621951,0.0007621952,0.0007621951,0.6553466987000001,0.0007621951,0.0007621972,0.0285204319,0.0007621951,0.0007621953,0.0007621951,0.0007621951,0.0007621951,0.0008305687000000001,0.1778121903,0.0008305648000000001,0.0008305678,0.0008305668,0.0008305683000000001,0.5522512805,0.2329077344,0.0008305656,0.0287231304,0.0008305648000000001,0.0008305668,0.000830566,0.0008305648000000001,0.7632631374000001,0.0005109479,0.1582942609,0.0005108086000000001,0.0005111562,0.0005107683,0.0005111379,0.0758877827,0,0,0,1,0,0,0,-0.3990859678,0.0268819922,0.0850139334,-0.3587107847,-0.4196492634,-0.1167903205,-0.125524738,-0.3425444767,-0.357827891,-0.3467430549,-0.21208289200000002,-0.2205187305,-0.2993533215,-0.15981359650000002,-0.15550651240000002,-0.24847057260000002,-0.36451872620000003,-0.2059952273,-0.2639756699
/83/1.mp3,0.0004921260000000001,0.0004921260000000001,0.0004921260000000001,0.0004921260000000001,0.0004921260000000001,0.0004921260000000001,0.4505462699,0.0004921260000000001,0.1603496367,0.0004921260000000001,0.0004921260000000001,0.0004921260000000001,0.0004921262,0.0004921260000000001,0.0004921260000000001,0.3827064553,0.3556655281,0.6377913825,0.0005452563,0.0005452581,0.0005452579,0.0005452588,0.0005452588,0.0005452581,0.0005452569,0.0005452570000000001,0.0005452563,0.0005452578,0.0005452572,0.0005452563,0.0003316724,0.00033175370000000003,0.00033204830000000004,0.6303399145,0.1543036374,0.000332052,0.00033182110000000003,0.2136971007,0,0,0,0,0,1,0,-0.3110823834,-0.3413809981,-0.2501889435,-0.1784142492,-0.4884715639,-0.1301382281,0.0401350656,-0.4662337916,-0.337268813,-0.27130478140000003,-0.3052564635,-0.202522327,-0.224903698,-0.2319580342,-0.2013971943,-0.1918635458,-0.18688122640000002,-0.3108902275,-0.35172890630000003
/83/2.mp3,0.0004340278,0.0004340278,0.0004340278,0.2381221795,0.0004340278,0.0004340278,0.3317296312,0.0004340289,0.416753256,0.0004340279,0.0004340279,0.0004340278,0.0004340282,0.0081865979,0.0004340278,0.0004340279,0.6588832062000001,0.00048262820000000004,0.00048262550000000004,0.0095056909,0.009260769,0.14474058080000002,0.10667066730000001,0.0004826268,0.0314311769,0.0361295243,0.00048262550000000004,0.00048262660000000004,0.00048262660000000004,0.00048262550000000004,0.0002942331,0.0002943013,0.0002946289,0.053744924900000005,0.12857896970000002,0.5473506525,0.0002943785,0.2691479109,0,0,0,0,1,0,0,-0.527413095,0.064998886,-0.3581124918,-0.48778102430000003,-0.4763622523,-0.0755738093,-0.1820377052,-0.4035405101,-0.3668140053,-0.4693143977,-0.18369249170000002,-0.2625262257,-0.4003862616,-0.3512833535,-0.231957939,-0.4009810787,-0.41552649220000004,-0.2678159531,-0.142014895
/83/3.mp3,0.0024038482,0.0024038469,0.4270661535,0.2478308461,0.0024038465,0.0024038462,0.0024038469,0.0024038462,0.0024038463,0.0845877428,0.0024038462,0.0024038466,0.0024038494,0.08246386500000001,0.13160907560000001,0.0024038475,0.24953814800000002,0.6461425138,0.0025510204,0.0025510291000000003,0.0025510285,0.0762580573,0.0025510325,0.0025510292000000003,0.0025510237,0.0025510241000000003,0.0025510204,0.0025510277000000002,0.0025510249,0.0025510204,0.0016245202,0.3437226968,0.2163559605,0.2821801149,0.0016266591,0.151238336,0.0016251484,0.001626564,0,1,0,0,0,0,0,-0.2386296152,-0.1467362786,-0.2359058433,-0.2086366219,-0.3115020317,-0.263300919,-0.3029011022,-0.1014811025,-0.2671768801,-0.31009491580000004,-0.0659784758,-0.0369638975,-0.1874454775,-0.1881295134,-0.27418477410000003,-0.1747195244,-0.0141081863,-0.19904827700000002,-0.0145852006
/77/7.mp3,0.0005296617,0.0005296611,0.3191910766,0.3033507246,0.0005296610000000001,0.0005296610000000001,0.0005296611,0.1770700633,0.0005296611,0.0005296615,0.0005296611,0.0005296618,0.0005296612,0.0090393169,0.0408732032,0.145179003,0.4065448545,0.5868106129,0.0005537099,0.0005537117,0.0005537115,0.0005537124000000001,0.0005537124000000001,0.0005537117,0.0005537105000000001,0.0005537106,0.0005537099,0.0005537114,0.0005537108000000001,0.0005537099,0.0003381236,0.00033854990000000004,0.0003381077,0.3011971247,0.6237897569,0.0530030752,0.0206569674,0.00033829460000000004,0,1,0,0,0,0,0,-0.1115720364,-0.1313214472,0.0909150861,-0.048507190900000004,-0.0696592166,0.12692423020000002,0.0505446663,-0.1901091162,-0.2724905489,-0.0924079277,0.1110013938,-0.0018886178,0.0085172466,-0.0384046018,0.0091967807,0.0313269006,0.0426788454,-0.2161749882,-0.1892765786
/77/6.mp3,0.0009765626,0.0009765626,0.0009765626,0.0009765637,0.0491047186,0.0009765625,0.1309850319,0.0009765625,0.3141586235,0.0009765627,0.0009765625,0.0009765634,0.166966365,0.0009765625,0.2894830493,0.0395365839,0.2852259099,0.0010661071,0.0010660981,0.7019808784,0.0010661015,0.0010661033,0.0010661033,0.0010661018000000001,0.0010660995,0.0010660997,0.0010660981,0.0010661012000000001,0.0010661,0.0010660981,0.0795989107,0.1069668258,0.1769672965,0.2016628128,0.0006661911,0.1253676094,0.3081042479,0.0006661059,0,1,0,0,0,0,0,0.0389664162,0.0065861566,-0.0210436541,-0.047065647200000005,-0.2124492432,-0.17245167,-0.1123685742,-0.0108078571,0.0460560213,-0.0603766704,0.0459971964,0.22379078130000002,0.2432327668,0.0165935764,0.0057978940000000005,0.0332699568,0.0827875513,0.1396961588,-0.0280524568
/77/4.mp3,0.0006720431,0.0006720431,0.0006720435,0.3186016729,0.0006720431,0.000672043,0.0006720432000000001,0.0006720436,0.5732102811,0.055759035400000004,0.0006720431,0.0006720431,0.0006720435,0.0363053715,0.0087311636,0.0006720432000000001,0.4160216822,0.26567575050000003,0.0006868132,0.0708374863,0.0293370653,0.0006868162,0.06588752340000001,0.0305699106,0.0569117052,0.0606379888,0.0006868132,0.0006868169,0.0006868151,0.0006868132,0.0004197402,0.17321466570000002,0.3447967326,0.1770205768,0.0004202553,0.30328796140000003,0.0004198701,0.0004201979,0,0,0,0,0,1,0,0.1267347101,-0.32059682700000003,0.1052887108,0.1894660061,-0.0332795336,-0.2621531062,-0.2741357257,0.0400820968,0.2943367193,0.2760419133,0.10222288980000001,0.217081783,0.1587373342,0.1463793799,-0.1323354858,0.2079320019,0.2220377016,-0.08335736190000001,-0.3626023158
/77/5.mp3,0.0008802821000000001,0.000880282,0.0008802819,0.0358817437,0.0008802818000000001,0.0008802817,0.000880282,0.10494365600000001,0.0008802817,0.5691126630000001,0.2794985531,0.0008802836,0.000880282,0.0008802818000000001,0.0008802817,0.0008802818000000001,0.6061967074,0.3375287936,0.0010060362,0.0010060397,0.045208077400000005,0.0010060408,0.0010060409,0.0010060396,0.0010060375,0.0010060377,0.0010060362,0.001006039,0.0010060379,0.0010060362,0.3060170051,0.0006227167000000001,0.0006227305,0.0006230202,0.0006230666,0.6902454001,0.0006230915,0.0006229693,0,0,0,0,0,0,1,0.007112796100000001,-0.07073303,0.06598452440000001,0.0195606116,0.26590788320000003,0.0122644943,-0.0120442845,0.28581069400000003,0.0368859561,0.0166338392,0.028590237600000002,0.22506085820000002,0.1385116565,0.0947083761,0.0307015105,0.10663293480000001,-0.012901457500000001,0.1750910293,0.1481845819
/77/1.mp3,0.0008802817,0.0008802818000000001,0.0008802817,0.13447252070000001,0.0008802828000000001,0.0008802817,0.0008802817,0.1623049699,0.0008802817,0.0008802818000000001,0.4081008394,0.2845582877,0.0008802819,0.0008802818000000001,0.0008802818000000001,0.0008802817,0.0007764019,0.5069590719,0.0007763975,0.0007764003,0.0320239454,0.0007764008000000001,0.0452807418,0.3008356719,0.0007763984,0.1079129768,0.0007763975,0.0007763995,0.0007763987,0.0007763975,0.3577666511,0.00047609240000000004,0.2547823947,0.0004757742,0.0004761241,0.0004757427,0.0621915191,0.3233557018,0,0,0,1,0,0,0,-0.4028543202,0.0029412194000000003,-0.010227559300000001,-0.4062469812,-0.4430356029,0.0348483791,0.0664124833,-0.0084563661,0.0046156288,-0.08198125760000001,0.0331651362,-0.1000091137,-0.1488053433,-0.0014874066000000001,-0.0877755622,-0.0266510968,-0.1188075668,-0.11627297110000001,0.0169091863
/77/2.mp3,0.1321874786,0.0005165290000000001,0.10187208290000001,0.0005165289,0.028011463400000002,0.0005165289,0.0005165289,0.0005165289,0.0005165289,0.0005165290000000001,0.0005165289,0.0005165295,0.0005165292,0.0005165289,0.3314643847,0.4007827713,0.25892834730000003,0.6339461096,0.0005624297,0.0005624316,0.0005624314,0.0005624323000000001,0.1009388044,0.0005624316,0.0005624304,0.0005624305,0.0005624297,0.0005624313000000001,0.0005624307000000001,0.0005624297,0.0003437286,0.1710014721,0.2229707108,0.0003439658,0.0003439394,0.48357355760000004,0.1210786546,0.0003439711,0,0,0,0,0,0,1,-0.0063785629,-0.0798361464,0.0765364147,-0.007846126200000001,0.035647905300000005,-0.057183436100000005,-0.0551191186,-0.0112471467,0.0166164419,0.0232943114,-0.0281905461,-0.0163512448,-0.059991177900000005,0.0819529846,-0.0665033854,0.0101282348,0.019402784000000003,-0.0109104406,-0.0526379193
/77/3.mp3,0.0006377554000000001,0.0006377552,0.0006377563000000001,0.0006377555,0.0006377552,0.0006377551,0.121620772,0.0006377551,0.22337539250000002,0.047026981100000004,0.0006377551,0.1372259482,0.4637355942,0.0006377551,0.0006377586,0.0006377554000000001,0.3255408859,0.33813071310000004,0.0007072136,0.052525675300000005,0.0316052711,0.0007072168,0.1007356902,0.0007072159000000001,0.0474527666,0.073556569,0.0007072136,0.014332525700000001,0.0125838297,0.0007072136,0.0702784253,0.0546104129,0.1159937585,0.0747006534,0.0821871901,0.22976145580000001,0.1148621256,0.2576059784,0,0,0,0,0,1,0,0.1083427419,-0.174271585,0.0532611161,0.0422783766,0.006239314100000001,-0.0077558296,-0.052528029000000004,0.152415143,0.1231695007,0.1509559157,0.0484042003,0.1279391745,0.06309311570000001,0.08241578100000001,0.0202078213,0.1194300086,0.07962053670000001,0.0077889229,-0.2280933498
/48/7.mp3,0.0004310345,0.0004310346,0.0004310345,0.0004310345,0.0132981394,0.6030246364,0.0004310345,0.0004310345,0.0004310345,0.0004310345,0.3780737751,0.0004310346,0.0004310349,0.0004310345,0.0004310345,0.0004310346,0.1503526252,0.8437765205000001,0.0004892368,0.0004892384,0.0004892383,0.000489239,0.000489239,0.0004892384,0.0004892374,0.0004892375000000001,0.0004892368,0.0004892382,0.0004892376,0.0004892368,0.0295676801,0.1868090614,0.1242994872,0.0002980293,0.5708452196,0.000297861,0.0875845101,0.00029815150000000003,0,0,0,0,0,1,0,0.23789226630000002,-0.2054882971,0.3564930121,0.0040968817,-0.051955640000000004,-0.2758944984,-0.3498393141,-0.2790791869,-0.0710392276,0.0624083785,0.08144686,0.07896440390000001,0.0159831395,0.0194744947,0.0177492515,0.0358298398,0.0366993214,-0.030407823100000002,-0.2089951781
/48/6.mp3,0.00033422460000000003,0.0003342247,0.00033422460000000003,0.2858239153,0.3374206061,0.0169893383,0.00033422460000000003,0.000334225,0.26073392100000004,0.00033422460000000003,0.0003342252,0.00033422460000000003,0.0003342248,0.0003342248,0.00033422460000000003,0.09535574720000001,0.0003625843,0.5951405084,0.0003625816,0.0003625828,0.0555117755,0.0212001144,0.0003625875,0.1254532857,0.0541744569,0.0283464527,0.0003625816,0.0003625831,0.11763532400000001,0.0003625816,0.44460509000000004,0.0002196419,0.1006607125,0.0002195988,0.00021955530000000002,0.1321631052,0.1229848092,0.1989274872,0,0,0,1,0,0,0,-0.2296746443,0.35287106220000003,-0.032355651400000005,-0.5349835466,-0.1071411344,0.1600527455,0.0262311175,0.057443228400000004,-0.4353074978,-0.2889864626,-0.0216516135,-0.4561904782,-0.4949642393,-0.34634494260000004,0.0665399102,-0.2501729654,-0.22186818160000002,-0.4102827725,0.4419150383
/48/4.mp3,0.00125,0.9419367676,0.00125,0.0012500002,0.0012500001,0.0012500014,0.00125,0.0405632261,0.00125,0.00125,0.0012500005,0.0012500035000000001,0.0012500003000000001,0.0012500002,0.00125,0.0012500001,0.5035804058,0.0014285839,0.0014285714000000001,0.0014285773,0.0014285760000000002,0.0014285787,0.0014285786,0.2219011358,0.0014285733000000001,0.0014285738,0.0014285714000000001,0.2588041279,0.0014285745000000001,0.0014285714000000001,0.0008808907000000001,0.0681040782,0.4591360484,0.339962034,0.1292719703,0.0008818903000000001,0.0008812383,0.0008818499000000001,0,0,0,0,0,0,1,0.1345766471,-0.0185029668,-0.1828681863,0.0596125303,0.0310717556,0.1475218354,0.1687610748,0.0073468833,-0.0242650458,0.038713257800000005,-0.17180420770000002,-0.122780758,0.058955623400000004,-0.0328128471,-0.22567052580000002,-0.1230695113,-0.1221587496,-0.37246546480000003,-0.0854823478
/48/5.mp3,0.0011574075,0.0235217335,0.0011574075,0.0011574074,0.0011574075,0.0011574075,0.0011574074,0.2169643118,0.0011574074,0.0011574076,0.2071024689,0.1612740922,0.0011574083,0.038409349100000004,0.0011574074,0.3411539689,0.4864907718,0.0012987127,0.0012987013,0.0012987067,0.0946534428,0.0012987081,0.2842025715,0.0012987059000000001,0.0012987031,0.0012987035,0.0012987013,0.0012987053000000001,0.12166616470000001,0.0012987013,0.2118425408,0.0008075176,0.072610823,0.0427319431,0.13689775740000001,0.4771921072,0.0008078448,0.0571094662,0,0,0,0,0,0,1,0.24247047630000002,-0.2151886292,-0.1392569595,0.2788255697,0.1729022297,-0.1908008485,-0.1695282267,-0.0337160163,0.1314331773,0.1695519234,-0.1385906943,-0.0660196863,0.2154361052,0.013205094300000001,-0.11082171310000001,-0.0361561675,-0.0968336945,-0.14118796720000001,-0.12462574700000001
/48/1.mp3,0.0028409091,0.0028409091,0.0028409091,0.0028409091,0.0028409091,0.0028409091,0.0028409091,0.0028409091,0.0028409091,0.9573863636000001,0.0028409091,0.0028409091,0.0028409091,0.0028409091,0.0028409091,0.0028409091,0.0031056110000000003,0.9596272294,0.0031055901,0.0031056009,0.0031055991,0.003105604,0.0031056039,0.0031055998,0.0031055937,0.0031055945000000003,0.0031055901,0.0031055984,0.0031055951,0.0031055901,0.0019540317,0.0019544538,0.7797818477,0.0019565037,0.2084849753,0.0019562773,0.0019549436,0.0019569669,0,0,1,0,0,0,0,-0.0853262815,0.15737091320000002,-0.1464496154,-0.19159825460000002,-0.1034419944,0.0942165066,0.0693351145,-0.1538383436,-0.1883717422,-0.2839984943,0.0063638702,-0.2940437876,-0.2857032228,-0.19699173620000002,-0.1157032354,-0.2415439972,0.037327179,-0.34956938320000003,0.0328147907
/48/2.mp3,0.0003571429,0.0003571429,0.0003571429,0.0003571429,0.0003571432,0.0003571429,0.5997382546000001,0.0003571429,0.2723313383,0.00035714300000000003,0.0003571429,0.0003571429,0.1232875494,0.0003571429,0.0003571429,0.0003571429,0.39477860400000003,0.320939397,0.0003924647,0.0398917787,0.0887718069,0.00039246640000000003,0.00039246640000000003,0.027203481600000003,0.0003924651,0.0003924655,0.0003924647,0.0003924657,0.1252752085,0.0003924647,0.0002400813,0.1892095379,0.0002403767,0.26348470820000003,0.1027117332,0.44363298170000004,0.0002402077,0.0002403734,0,0,0,0,0,1,0,-0.0409397127,-0.1910271744,-0.3931484757,-0.0702324165,-0.19503895370000002,-0.08842225120000001,-0.18301795340000002,-0.1345807399,-0.11445010450000001,-0.1284959667,-0.1522245642,-0.3191903901,-0.2418337793,-0.1233508992,-0.0508734972,-0.35509696360000004,-0.26413104930000003,-0.3405944842,-0.09036856880000001
/48/3.mp3,0.0020161302,0.0020161311,0.0020161297,0.0020161317000000002,0.07466697500000001,0.0020161293000000003,0.0020161298,0.155869546,0.0020161293000000003,0.6258845123,0.0757645328,0.0456370002,0.0020161329,0.0020161294,0.0020161293000000003,0.0020161309,0.8784006384,0.0948135835,0.0022321429,0.0022321517,0.0022321501,0.0022321542,0.002232154,0.0022321507000000003,0.0022321458,0.0022321465,0.0022321429,0.0022321496,0.0022321469000000003,0.0022321429,0.0013750964,0.0538768133,0.001375871,0.2819091828,0.0013760199000000001,0.5729932706,0.08571798800000001,0.0013757580000000001,0,0,0,0,0,0,1,0.11655116530000001,-0.1944325976,-0.048758047400000004,-0.0808584567,0.2065946645,-0.0587316338,-0.10145486000000001,0.0649352113,0.0081890249,-0.0508313927,0.060151353000000005,-0.1481781371,0.0072356178,-0.1392903013,-0.3077498694,-0.0266510968,0.08043280080000001,-0.2458169815,-0.0155371508
/70/7.mp3,0.0029761905000000003,0.0029761906000000003,0.0029761907000000003,0.0029761905000000003,0.5350876264000001,0.0029761905000000003,0.0029761905000000003,0.0029761905000000003,0.0029761907000000003,0.0029761908,0.0029761905000000003,0.3245108282,0.0029761905000000003,0.0029761905000000003,0.1017110682,0.0029761905000000003,0.8035494907,0.0029762122000000003,0.0029761905000000003,0.0029762004,0.0029761996000000003,0.002976204,0.0029762042,0.0029762004,0.0029761941,0.0029761946,0.0029761905000000003,0.0029761987,0.1607361297,0.0029761905000000003,0.0018676749,0.0952247964,0.0018688441,0.32595416850000003,0.2070055402,0.0018683194000000001,0.36434154480000003,0.0018691116000000001,0,1,0,0,0,0,0,-0.201764252,-0.0700531029,-0.2674902336,-0.31415531550000003,-0.3871177494,-0.3382760187,-0.3280400153,-0.23322486420000002,-0.2178032664,-0.2355293713,-0.1027267729,-0.4296815847,-0.30204765980000003,-0.3568855476,-0.43299582880000004,-0.4495116375,-0.3358710639,-0.3726412927,-0.09501102510000001
/70/6.mp3,0.00031565660000000003,0.0003156567,0.16725599830000001,0.11529081890000001,0.00031565660000000003,0.00031565660000000003,0.005377658400000001,0.0003156568,0.00031565660000000003,0.44460282040000004,0.0042291411,0.00031565660000000003,0.00031565660000000003,0.028481059700000002,0.23192159340000001,0.00031565660000000003,0.00035014270000000003,0.9029559073000001,0.0003501401,0.0003501412,0.0157591788,0.0003501417,0.077433364,0.0003501412,0.0003501405,0.0003501406,0.0003501401,0.00035014100000000005,0.0003501407,0.0003501401,0.00021463300000000002,0.1342853357,0.2748406661,0.0002147552,0.0587389658,0.19806513480000001,0.1304320749,0.2032084345,0,0,0,0,0,1,0,0.0360347548,-0.0665008481,0.042239819500000005,0.020641488000000003,0.0909712522,0.011281518800000001,-0.0059642638,0.0374695715,0.031860101,0.0632372729,0.132512412,0.1998569741,0.0280463749,0.0521849807,-0.0019406505,-0.0168509107,-0.0406789256,0.1742343297,-0.0606295565
/70/4.mp3,0.00078125,0.1601554721,0.0007812501000000001,0.0007812501000000001,0.0007812501000000001,0.0007812505,0.00078125,0.095131357,0.00078125,0.0373909791,0.2281611804,0.4705672594,0.0007812507000000001,0.0007812502,0.00078125,0.0007812502,0.4677780946,0.5224816218,0.0008116883000000001,0.0008116911,0.0008116906,0.0008116918000000001,0.0008116918000000001,0.0008116907,0.0008116892000000001,0.0008116895,0.0008116883000000001,0.0008116931,0.0008116906,0.0008116883000000001,0.126918101,0.0004970317,0.1627352145,0.4320393469,0.18571659670000001,0.0004968499,0.0910998969,0.0004969623,1,0,0,0,0,0,0,-0.07436041560000001,-0.1017551854,-0.08519878060000001,-0.112359044,-0.1906120893,0.0470092388,0.012812316800000001,-0.1689825421,0.0261582474,-0.0968452919,-0.1502597917,0.0065682932,0.033304090700000004,-0.0304248136,-0.058657644200000005,-0.12927833090000002,-0.1697995232,-0.0052794677,-0.085859635
/70/5.mp3,0.0014204545,0.0014204548,0.0014204546,0.17652055900000002,0.0014204546,0.0014204546,0.0014204545,0.327316002,0.0014204546,0.1144785734,0.3646394102,0.0014204546,0.0014204549000000001,0.0014204546,0.0014204545,0.0014204546,0.0013477196,0.9824797377000001,0.0013477089,0.0013477134,0.0013477132,0.0013477152,0.0013477153,0.0013477136000000002,0.0013477106,0.0013477108,0.0013477089,0.0013477128,0.0013477113,0.0013477089,0.7541917061000001,0.0008399114000000001,0.0008405278,0.0008400228,0.0937774027,0.0594747869,0.0008402508,0.0891953914,0,0,0,1,0,0,0,-0.3531568624,0.389538543,-0.058585071700000005,-0.39348735970000004,-0.29382600810000004,0.3513863001,-0.0022419342,-0.0586956456,-0.3546454698,-0.2833982384,0.0832108206,-0.221101616,-0.2730107268,-0.28586298860000003,-0.037922813300000004,-0.1760777265,-0.07897617600000001,-0.1680151939,0.3294969673
/70/1.mp3,0.8052675177,0.0007621953,0.0007621955000000001,0.056884306200000005,0.0007621952,0.0007621951,0.0207026518,0.040532048200000004,0.0007621955000000001,0.0007621956,0.0007621953,0.040766778100000005,0.0007621956,0.028224741600000002,0.0007621954,0.0007621980000000001,0.2965694267,0.5932520334,0.0008605852,0.0008605881000000001,0.1007120829,0.0008605891000000001,0.0008605892,0.0008605881000000001,0.0008605863,0.0008605864,0.0008605852,0.0008605876,0.0008605867,0.0008605852,0.0005344227,0.0005345644,0.24826497490000002,0.14643870850000001,0.1981550048,0.40500245360000003,0.0005346826000000001,0.0005351886,0,0,0,0,0,0,1,-0.31284746690000004,-0.2194946775,-0.1282972017,-0.0836347617,-0.2663547475,-0.1762632684,-0.0880771254,-0.177824814,0.005173078,0.0063123947000000005,0.12252923930000001,0.0214938693,-0.0366032819,-0.0197194038,-0.1826203719,-0.014543764300000001,0.0392092822,0.0324068449,0.0302118215
/70/2.mp3,0.0007530126,0.0007530123000000001,0.0007530121,0.0007530120000000001,0.4900486794,0.0007530121,0.0007530125,0.0007530120000000001,0.0007530121,0.0007530134,0.0007530121,0.10568179770000001,0.3944803633,0.0007530120000000001,0.0007530121,0.0007530123000000001,0.7145338668,0.27549933400000004,0.0008305648000000001,0.0008305676,0.0008305673,0.0008305686,0.0008305686,0.0008305675,0.0008305658000000001,0.000830566,0.0008305648000000001,0.0008305671000000001,0.0008305662,0.0008305648000000001,0.0005083003,0.0005084796,0.0005089344,0.12080852580000001,0.0539316371,0.6897428503,0.000508572,0.13348270040000002,0,0,1,0,0,0,0,-0.020308377500000002,-0.006348098000000001,0.11378002970000001,-0.0151799816,0.0802860395,-0.0552940107,0.08324723390000001,0.062926692,0.0484395142,0.0536492208,0.031658742000000004,0.07978323,0.1003235541,0.0680123869,0.041670081500000004,0.0804700571,0.1131505785,0.1272250781,0.03244901
/70/3.mp3,0.5688359958,0.0012500001,0.0012500004,0.00125,0.0012500001,0.00125,0.09664225330000001,0.00125,0.2444100417,0.0012500003000000001,0.00125,0.0012500001,0.0012500007,0.00125,0.0751117062,0.0012500013,0.35332639190000004,0.0014285877,0.0014285714000000001,0.0014285758000000001,0.0014285757,0.6295307052,0.0014285778000000002,0.0014285761,0.0014285732,0.0014285733000000001,0.0014285714000000001,0.0014285753,0.0014285738,0.0014285714000000001,0.0008747671000000001,0.0008761742,0.1684002353,0.3114774823,0.11721156710000001,0.0593538703,0.0008750822000000001,0.34093082150000004,0,0,1,0,0,0,0,-0.0012674751000000001,0.037211078,0.1556150788,-0.0680701404,-0.0503487312,0.0814336434,-0.0049077559000000005,-0.0389596024,0.0167481695,0.0160075106,0.1292813794,0.0762706836,-0.0038011467000000003,0.059421603,0.0379959262,0.0357877253,-0.1051111385,0.0006356816,0.008256852
/84/7.mp3,0.0004844962,0.00048449640000000003,0.0004844962,0.0004844962,0.0004844962,0.22271903240000002,0.0004844962,0.2333551392,0.0004844962,0.0004844963,0.5376273759,0.0004844963,0.00048449750000000003,0.0004844963,0.00048449610000000004,0.0004844965,0.7239668828,0.0005494544,0.0005494505,0.0534910028,0.0005494521,0.10711807870000001,0.0005494529000000001,0.0005494522,0.10992951720000001,0.0005494515,0.0005494505,0.0005494520000000001,0.0005494517,0.0005494505,0.1070916226,0.0845257578,0.14350282920000001,0.0874729667,0.000337499,0.4269213108,0.0003373709,0.14981064300000002,0,0,0,1,0,0,0,-0.0637837341,-0.1537396665,0.0536137572,0.0099299129,-0.0486656535,-0.3000275854,-0.3490766869,0.0536580745,0.0708880469,0.1296406665,0.0406667847,-0.1473742485,0.0072356178,-0.1376240637,-0.1314753848,-0.20719271320000002,-0.2803567648,-0.060293656800000005,0.0229721393
/84/6.mp3,0.6167605182,0.0007716052,0.0907304691,0.0007716050000000001,0.0007716050000000001,0.0007716050000000001,0.0007716053000000001,0.0343512949,0.0007716050000000001,0.2351381612,0.0145318993,0.0007716057,0.0007716055,0.0007716051,0.0007716054,0.0007716051,0.6118842418,0.3254209145,0.0008116883000000001,0.0008116911,0.0008116908000000001,0.0537662548,0.0008116921000000001,0.000811691,0.0008116893,0.0008116895,0.0008116883000000001,0.0008116906,0.0008116897,0.0008116883000000001,0.0004943285,0.000494635,0.1332121947,0.0004949259,0.13031592050000002,0.7339984394,0.0004945621,0.0004949939,0,1,0,0,0,0,0,-0.0161309387,-0.3631868901,0.0260134854,-0.057447930800000005,-0.0672916323,-0.1804086056,-0.1104726062,-0.0423113078,0.0269281882,0.0040980064000000005,-0.09624599860000001,-0.1369857622,-0.007295694100000001,-0.030656786800000002,-0.1190775337,-0.058776824500000005,-0.1189789272,-0.0720734016,-0.0277923448
/84/4.mp3,0.0009191177,0.0009191182000000001,0.0009191178000000001,0.0009191178000000001,0.14467502470000002,0.0009191177,0.0009191177,0.0307993277,0.0009191177,0.5972923712,0.0118102164,0.0948667271,0.11136515500000001,0.0009191177,0.0009191177,0.000919118,0.5199879123,0.4677671631,0.0010204082,0.0010204116000000001,0.0010204113,0.0010204128000000001,0.0010204129000000001,0.0010204116000000001,0.0010204094,0.0010204096,0.0010204082,0.0010204110000000001,0.0010204099,0.0010204082,0.0652600309,0.1339493784,0.0006262126,0.31121682770000003,0.0006260133,0.43121701840000004,0.0564785452,0.0006259734000000001,0,1,0,0,0,0,0,-0.0502228194,0.0979142602,0.056168508000000006,-0.050388979800000004,-0.0867330338,-0.0346471415,-0.3535332885,0.103839421,-0.0836235555,-0.077273823,-0.0455494474,-0.0677949798,-0.34327126550000003,-0.0377778629,0.11386917340000001,-0.007207526200000001,-0.1182428803,0.010152574000000001,-0.061012693300000004
/84/5.mp3,0.0007530121,0.0007530121,0.1450795501,0.013728413600000001,0.0007530121,0.0007530121,0.0128750394,0.0220607932,0.0007530122,0.7979730698,0.0007530122,0.0007530121,0.0007530126,0.0007530122,0.0007530121,0.0007530121,0.0221450303,0.9677709113,0.0008403361,0.0008403392,0.0008403381000000001,0.0008403395,0.0008403393,0.0008403382,0.000840337,0.0008403403000000001,0.0008403361,0.0008403381000000001,0.0008403404,0.0008403361,0.0005147292,0.0005153289,0.3559688525,0.0005152128,0.583149031,0.0583065372,0.0005149437,0.0005153648,0,0,0,0,0,1,0,-0.10797935730000001,-0.19737525120000002,-0.017812797000000002,-0.033041937300000004,-0.09046621340000001,-0.2634350945,-0.4558371043,-0.2369366299,-0.27462958460000003,-0.3292122261,-0.12093368460000001,-0.1729751026,-0.0983415981,-0.20571410310000002,-0.0865054472,-0.1080111012,-0.1261917264,-0.1921613442,-0.2283969019
/84/1.mp3,0.0009469697,0.0009469699000000001,0.0009469697,0.0009469697,0.0009469697,0.00094697,0.0009469697,0.8123427612,0.0009469697,0.0009469697,0.1134090693,0.061937562800000005,0.0009469697,0.0009469698,0.0009469697,0.0009469697,0.6755444393000001,0.0010822564000000001,0.0010822511,0.0010822534,0.0010822537,0.0010822547,0.0010822548,0.0684550193,0.0010822521,0.0759731713,0.0010822511,0.065782985,0.10450410680000001,0.0010822511,0.23946696,0.1133962417,0.0006694122,0.0006697038000000001,0.0006695065,0.6437888942000001,0.0006698436,0.0006694380000000001,0,0,0,0,0,0,1,-0.48547940040000004,0.0404035174,-0.3733552451,-0.6808936602,-0.7542585208,0.3999332736,0.3636385278,-0.4938244673,-0.3502650976,-0.5229806586,-0.39647027420000003,-0.4449180808,-0.6206102407,-0.3581111446,-0.4384401821,-0.4991080469,-0.3691692976,-0.4080226111,-0.10967879430000001
/84/2.mp3,0.0010080647,0.0456577824,0.0010080649,0.0869440194,0.45865478400000004,0.0010080646000000001,0.0010080647,0.0010080662,0.0344921659,0.0010080649,0.0010080648,0.1832567765,0.0010080663,0.0196509721,0.1622709136,0.0010080651,0.36081797330000004,0.6257891404,0.0011160714,0.0011160752,0.0011160748,0.0011160765,0.0011160766000000001,0.0011160752,0.0011160728000000001,0.001116073,0.0011160714,0.0011160745,0.0011160733,0.0011160714,0.0006841525,0.0006844321,0.003785154,0.2717599081,0.0006842048,0.2212045316,0.0941579881,0.4070396287,1,0,0,0,0,0,0,-0.2570537222,0.0057419642000000005,-0.10667878750000001,-0.1028131035,0.0599378172,-0.1351124001,-0.36878374140000003,-0.0253398515,-0.2399184415,-0.23910147180000002,-0.0706252259,-0.30282369,-0.2516318094,-0.3160652064,-0.26330130690000003,-0.2526025485,-0.2526031469,-0.1977360047,-0.2318560016
/84/3.mp3,0.0048076924,0.0048076923,0.0048076928,0.0048076923,0.0048076926,0.0048076923,0.0048076923,0.0048076923,0.0048076926,0.16092906610000002,0.0048076923,0.6137657162,0.0048076924,0.0048076923,0.1628052164,0.0048076924,0.004761941400000001,0.938095074,0.0047619048,0.0047619212,0.0047619197000000005,0.0047619271000000005,0.0047619273000000005,0.0047619211,0.0047619107,0.0047619117,0.0047619048,0.0047619184000000005,0.0047619131,0.0047619048,0.0030517212,0.4032809578,0.48929548640000003,0.0030556031,0.0030534732,0.003059398,0.09214879790000001,0.0030545623,1,0,0,0,0,0,0,-0.061725971500000004,-0.3040550115,-0.25895968880000003,0.0510576664,0.10380748070000001,-0.4684704531,-0.5891936493000001,0.050623251800000005,0.0328626263,-0.2832185044,-0.18581987060000002,-0.40014879680000004,-0.1478817442,-0.30049051930000004,-0.15988412700000001,-0.1041167472,-0.061588164300000005,-0.17184847520000002,-0.4216590106
/24/7.mp3,0.0009328358000000001,0.0009328359,0.0009328359,0.0324587952,0.021576802000000003,0.0009328358000000001,0.0009328358000000001,0.030875603100000003,0.0009328358000000001,0.2120379803,0.0009328358000000001,0.6773765893,0.0009328371,0.0163458703,0.0009328359,0.0009328359,0.001035204,0.3367308504,0.0010351967,0.0010352004000000001,0.5990413545000001,0.0010352010000000001,0.0010352009,0.0010351994,0.0010351978000000001,0.0010351982,0.0010351967,0.0528406029,0.0010352005,0.0010351967,0.0006383302000000001,0.5121758673,0.33051822410000004,0.0006386001,0.0006389282,0.0625488071,0.0922023854,0.0006388575,0,0,0,0,0,0,1,-0.0585489058,-0.0344416067,-0.07514488550000001,-0.0634914718,0.0318981814,-0.1910301882,-0.1320095755,-0.0143933583,-0.0197235939,0.0206917616,0.0207207397,0.1613150277,0.0240043328,0.0429053589,-0.0089079866,0.0044070259,-0.0735675449,0.09256998100000001,-0.0457883321
/24/6.mp3,0.0029761951,0.0029761913,0.0029761938,0.0029761927,0.2951846576,0.0029761906000000003,0.0029761905000000003,0.1427797791,0.0029761906000000003,0.3205687883,0.0029761912,0.0029761909,0.0029761909,0.002976191,0.20575247400000002,0.0029761924,0.2544826898,0.0032467803,0.0032467532000000003,0.0032467658000000003,0.0032467641,0.7065561668,0.0032467698000000003,0.0032467650000000004,0.0032467577,0.0032467585,0.0032467532000000003,0.0032467632000000002,0.0032467593,0.0032467532000000003,0.0020847691000000002,0.3491559299,0.0020880072,0.0020858535,0.0020866918,0.0020869711,0.0020857359,0.6383260415,1,0,0,0,0,0,0,-0.0440490459,0.0421488036,0.0323630617,-0.0419335252,0.0105894204,0.0036657002,-0.021610306500000002,0.021773376900000002,-0.0370859257,-0.0799175345,-0.0091495052,-0.0198879237,0.0053952475,0.0026427990000000004,-0.019139605100000002,-0.031912388800000004,-0.0779629159,-0.0124410569,0.025075115300000003
/24/4.mp3,0.0012019231,0.0012019231,0.0012019231,0.1730640022,0.0012019231,0.0012019231,0.0012019231,0.5580776416000001,0.0012019231,0.0012019231,0.2532333556,0.0012019231,0.0012019234,0.0012019232,0.0012019231,0.0012019231,0.153575545,0.0013227625,0.0013227513000000002,0.0013227565,0.3668242313,0.0013227581,0.4650499209,0.0013227561,0.0013227531000000001,0.0013227535,0.0013227513000000002,0.0013227554,0.0013227538000000001,0.0013227513000000002,0.0008229433,0.0808691258,0.0008239845,0.1131883415,0.7804219539,0.000824114,0.0008233951,0.022226142,0,0,0,1,0,0,0,-0.1085487319,0.039167206600000004,-0.09144513230000001,-0.0631327502,-0.13812506430000002,0.0161453935,0.043513218400000005,-0.07048274260000001,-0.0678939294,-0.0844871972,-0.0023924566,0.0001283543,-0.0098624674,0.014754681700000001,-0.0409416994,-0.0206046585,-0.0680092695,-0.1383310938,0.0020489244000000003
/24/5.mp3,0.0020833335,0.0020833333000000002,0.0020833341,0.0020833333000000002,0.0020833333000000002,0.0020833333000000002,0.304887254,0.0020833333000000002,0.1646114246,0.0020833334000000003,0.0020833333000000002,0.0020833333000000002,0.0020833333000000002,0.0020833333000000002,0.5034179851,0.0020833352,0.28273779,0.0022321546000000003,0.0022321429,0.2358298708,0.0022321467,0.413753715,0.0453571516,0.0022321470000000003,0.0022321446,0.0022321517,0.0022321429,0.0022321466,0.0022321525,0.0022321429,0.0013895897000000001,0.0013902094,0.9902669229000001,0.0013913745,0.0013902676000000001,0.0013908503,0.0013898767,0.001390909,0,1,0,0,0,0,0,-0.5312724013,0.1733488524,-0.06425388750000001,-0.1826924245,-0.3317391552,0.15976541290000001,0.2497239332,-0.13896743220000002,-0.1887304225,-0.2199004403,0.0278293706,-0.0258290334,-0.0939944677,0.0245467298,0.053358123,-0.0032613987000000002,-0.0490899531,0.0170707233,0.1041315208
/24/1.mp3,0.0009765654000000001,0.0009765628,0.37564850050000004,0.0220193105,0.0009765626,0.0009765625,0.0009765627,0.0009765625,0.0334348731,0.5017263386,0.0009765625,0.0564287839,0.0009765639,0.0009765625,0.0009765628,0.000976563,0.4417553703,0.26737506580000003,0.0010504202000000001,0.0010504238,0.0010504234000000001,0.23018558520000001,0.0010504251,0.0501797577,0.0010504215000000001,0.0010504217,0.0010504202000000001,0.0010504231,0.001050422,0.0010504202000000001,0.000651484,0.2259008697,0.0006522586000000001,0.3886383668,0.15068227680000001,0.23217086110000001,0.0006516593000000001,0.0006522237,0,0,0,0,0,1,0,-0.186859783,0.0159258989,-0.3362892817,-0.3019294079,-0.0472073114,-0.0030096271,-0.0102093909,-0.0618722208,-0.1763407306,-0.17362137360000002,-0.13005641510000002,-0.2576640993,-0.1390485662,-0.21646210030000002,-0.1667760289,-0.13019658080000002,-0.1503263636,-0.1585226353,-0.0903674052
/24/2.mp3,0.0031250002000000002,0.6950436181,0.0031250007,0.0031250025,0.1135121659,0.0031250003000000003,0.0031249999999999997,0.10384625460000001,0.0031250001,0.0031250012,0.0031250067000000003,0.050097947100000005,0.0031250005,0.0031250006,0.0031250007,0.0031250008,0.5875243626000001,0.0034013864000000003,0.0034013605,0.0034013724000000003,0.0034013712000000003,0.0034013765,0.3716592098,0.0034013721,0.0034013648000000003,0.0034013655,0.0034013605,0.0034013703,0.0034013668,0.0034013605,0.0021958334,0.1197085677,0.0021972636000000003,0.3283741918,0.0021976027,0.0021969034,0.0022000954,0.540929542,0,1,0,0,0,0,0,-0.056454798300000004,-0.08693245740000001,-0.21197289830000002,-0.1893981588,-0.0883571251,-0.08676973930000001,-0.17255762730000002,-0.0857832499,-0.1734720736,-0.1387335288,-0.10352221410000001,-0.055441159100000005,-0.2013490712,-0.0410680319,-0.12009013510000001,-0.0876162962,-0.1308974038,-0.1693131114,-0.15167418230000002
/24/3.mp3,0.0005841122,0.0005841123,0.0005841122,0.0005841122,0.0005841127,0.0005841122,0.0005841122,0.0005841122,0.0005841122,0.513482106,0.1009912687,0.3076902597,0.0005841123,0.0005841121000000001,0.0005841122,0.0708270188,0.0006157672,0.0006157685,0.0006157635,0.0006157659,0.1672629984,0.0006157664,0.7037655872,0.0006157654,0.0006157643,0.0006157645,0.0006157635,0.0006157652000000001,0.1221979963,0.0006157635,0.026214551000000003,0.1381853506,0.08964509250000001,0.0003771135,0.36159285620000003,0.0589812849,0.1998074085,0.1251963428,0,0,0,0,0,0,1,-0.0256923922,-0.12147709820000001,0.010249273000000001,0.09938409770000001,-0.0362551952,-0.1060644355,0.0070244973,-0.20090031160000002,0.0064298639,0.0065443317,-0.21293607420000002,0.1466546793,0.16544065300000002,0.0642148517,-0.0383496034,0.0499891602,-0.0717530106,0.0345515785,-0.21024801510000002
/23/7.mp3,0.0016025646,0.0016025642,0.3083994305,0.0016025641000000001,0.0016025652,0.0016025641000000001,0.0016025645,0.0016025641000000001,0.2479427652,0.1671030187,0.0016025641000000001,0.0016025652,0.1387141969,0.0016025641000000001,0.1202123801,0.0016025644,0.1617403906,0.8204024271,0.0014880952000000001,0.0014881002,0.0014880999,0.0014881021,0.0014881022000000001,0.0014881003000000001,0.0014880971,0.0014880973,0.0014880952000000001,0.0014880995,0.0014880978000000001,0.0014880952000000001,0.0762257483,0.1343655882,0.2387028269,0.4125365674,0.06734684020000001,0.0009209444000000001,0.06898070540000001,0.0009207791000000001,1,0,0,0,0,0,0,-0.1226113904,-0.41122728900000005,-0.41648394990000004,-0.2133609809,-0.0008314224,-0.3892717671,-0.2153654935,-0.23035599080000002,-0.5110805443,-0.322671994,-0.5115973359,-0.2373536343,-0.2990287498,-0.0739739131,-0.0305624206,-0.1651515138,-0.23640146820000002,-0.2241852241,-0.41046173700000005
/23/6.mp3,0.0004084967,0.0004084968,0.0004084968,0.2678301446,0.0004084968,0.0004084967,0.0004084967,0.0004084967,0.0004084968,0.0004084968,0.00040849720000000003,0.6493244106,0.0004084967,0.0068519721,0.0710915112,0.0004084967,0.2066433296,0.44882778830000003,0.00045495910000000004,0.0004549606,0.2058001719,0.0004549611,0.0004549611,0.0004549606,0.0004549596,0.1341791099,0.00045495910000000004,0.0004549603,0.0004549598,0.00045495910000000004,0.0002767986,0.1204191082,0.31300465800000005,0.0002769607,0.0002769101,0.3641124056,0.2013560997,0.0002770589,0,0,0,0,0,1,0,-0.3804660124,-0.5356437939,-0.2925773037,0.2430030723,-0.2525449332,-0.4912298457,-0.46500107500000004,-0.4317818138,-0.18135062840000002,0.2363464208,-0.4492419051,0.1553755511,0.38004581870000004,0.1543000878,-0.2952337561,0.0956684699,0.1060774909,-0.0712940312,-0.5115387398
/23/4.mp3,0.0008561644,0.0008561648,0.0008561645,0.26968851,0.2093128686,0.0008561644,0.0008561644,0.0425156343,0.0008561644,0.0008561645,0.019607938000000002,0.44945723940000004,0.0008561648,0.0008561644,0.0008561644,0.0008561646000000001,0.2926086691,0.0009784815,0.0009784736,0.0009784773,0.0009784767,0.6956496176,0.0009784784,0.0009784770000000002,0.0009784749,0.0009784751,0.0009784736,0.0009784765,0.0009784753,0.0009784736,0.000604281,0.192231173,0.122737433,0.000604861,0.0807275076,0.41892177080000004,0.0006045813,0.1835683923,0,1,0,0,0,0,0,0.19457123910000002,-0.2712778629,-0.0760017639,0.0965513915,0.24860329850000001,-0.3765548701,-0.42428478140000003,0.045968805,0.25139634450000004,0.11253193210000001,-0.21545210850000002,-0.0007357317,0.2834133947,0.07199228120000001,-0.20603979890000002,0.1452621881,0.23205845490000002,-0.0728720617,-0.3454208454
/23/5.mp3,0.0022321444000000003,0.3753354642,0.0022321432,0.0022321462,0.0022321437,0.0022321431000000003,0.0022321441,0.22166650370000002,0.0022321431000000003,0.087299049,0.0745527252,0.0022321433,0.216592677,0.0022321430000000002,0.0022321430000000002,0.0022321439,0.6782773487,0.0025510405000000002,0.0025510204,0.0025510297,0.0025510285,0.0025510327,0.0025510327,0.057502575900000005,0.0025510237,0.0025510243,0.0025510204,0.052637188200000004,0.18607261390000002,0.0025510204,0.2756120246,0.0016052966,0.0016050981000000001,0.6455745030000001,0.0016058648,0.0016058861,0.0016055897,0.0707857371,0,0,0,0,0,0,1,-0.5286685089000001,-0.3618478596,-0.47522698490000004,-0.5176392734,-0.48766695930000004,-0.42299924200000005,-0.45512010880000003,-0.4491839594,-0.41616366860000004,-0.3731289728,-0.3577166754,-0.484934181,-0.5533218734,-0.436098739,-0.2774071522,-0.3273985754,-0.23149053220000002,-0.3358873283,-0.0046932019
/23/1.mp3,0.45915412200000005,0.0006443299,0.1323026919,0.0006443299,0.0006443299,0.0006443299,0.3084686426,0.0006443299,0.0221660947,0.0006443299,0.0006443299,0.0006443299,0.0006443299,0.0006443299,0.0708208191,0.0006443308,0.2487951465,0.5150756581,0.0007363770000000001,0.0007363795000000001,0.17481284900000002,0.0007363804,0.0007363804,0.053952561600000004,0.0007363779000000001,0.0007363781,0.0007363770000000001,0.0007363791,0.0007363783,0.0007363770000000001,0.00045158920000000003,0.0004523311,0.17065458890000001,0.2242111463,0.0004521086,0.0004521026,0.0004517409,0.6028743924000001,0,0,1,0,0,0,0,0.0781339422,-0.21874265510000002,-0.066502555,0.1138044509,0.0756885701,-0.1096191299,-0.0621377299,-0.1453556523,-0.0406069234,-0.022962254300000002,-0.342176256,-0.09803103690000001,0.10674013260000001,0.072683858,-0.09200245380000001,0.0484773833,0.17643243620000001,-0.0501341722,-0.3275265526
/23/2.mp3,0.0025000004,0.0025,0.34342834170000003,0.0025,0.0025000049,0.0025,0.0025,0.0025,0.0025,0.23544531330000001,0.0025,0.3085847709,0.08254156730000001,0.0025,0.0025000013,0.0025000001,0.5763600028,0.0027472784000000003,0.0027472527,0.39067285230000004,0.0027472611,0.0027472669000000003,0.0027472662,0.0027472614,0.0027472562,0.0027472578,0.0027472527,0.0027472756,0.0027472630000000002,0.0027472527,0.0016900791,0.0016913919,0.9881609631,0.0016915015000000002,0.0016910875000000001,0.0016933476,0.0016904948000000001,0.0016911345000000001,0,1,0,0,0,0,0,0.1073764237,-0.2009456452,0.0303222915,0.1169118259,0.0177355841,-0.0590748399,-0.0179787197,0.1106344976,0.013427098,0.0253848121,-0.2982158561,-0.2333045788,0.15903518590000001,-0.1347073557,-0.24839881530000002,-0.048848303700000005,-0.1387241667,-0.1506039463,-0.25970453720000003
/23/3.mp3,0.0012254905,0.0012254903,0.0641499245,0.0012254940000000001,0.0012254904,0.0012254902,0.0012254902,0.0012254903,0.0012254902,0.5695310398,0.0012254902,0.31263265490000003,0.0389804936,0.0012254902,0.0012254903,0.0012254905,0.1780052588,0.6656612979000001,0.0013477089,0.0013477134,0.0013477131,0.141508616,0.0013477152,0.0013477135000000001,0.0013477106,0.0013477108,0.0013477089,0.0013477127,0.0013477112,0.0013477089,0.0008282378000000001,0.0008288317000000001,0.49068704360000004,0.5043395273,0.0008292902000000001,0.0008295126,0.0008284489000000001,0.0008291080000000001,0,0,0,0,0,1,0,0.1032023997,0.1274846768,-0.2114958471,-0.0156229052,0.22475098170000002,0.09347847120000001,-0.1713790338,0.0998862678,-0.1898339119,0.0159451731,0.0322214662,-0.2726770558,0.0650237235,-0.2042288335,-0.30066412730000003,0.06835479080000001,0.1135995966,-0.25849946430000004,0.11050669490000001
/4/7.mp3,0.0029761905000000003,0.0029761912,0.0029761907000000003,0.0029761905000000003,0.0029761907000000003,0.0029761906000000003,0.0029761905000000003,0.09916302510000001,0.0029761905000000003,0.6265483798,0.0957809767,0.142793331,0.0029761905000000003,0.0029761905000000003,0.0029761907000000003,0.0029761905000000003,0.269106551,0.3656781898,0.0032467532000000003,0.0032467647000000003,0.23208049560000002,0.100667168,0.003246769,0.0032467647000000003,0.0032467576,0.0032467581000000002,0.0032467532000000003,0.0032467628,0.0032467591,0.0032467532000000003,0.15756949680000001,0.0788462197,0.5598342860000001,0.0020869115,0.0741920467,0.002089956,0.1232940295,0.0020870538,1,0,0,0,0,0,0,-0.0511553539,-0.1481478038,-0.17315232090000002,-0.0512149297,0.0644093328,-0.3650600463,-0.3736117486,-0.0423113078,0.0269281882,0.0040980064000000005,-0.061592088700000006,-0.0982624518,0.0072356178,0.012352982,-0.3494102602,-0.1013878601,-0.2515027825,-0.1000409743,-0.1250800193
/4/6.mp3,0.0003955698,0.0003955698,0.0003955698,0.0003955698,0.6382171784,0.0003955696,0.0003955697,0.0003955709,0.1185228301,0.0003955697,0.0003955705,0.0598325819,0.00039557,0.0003955698,0.114254224,0.0648219161,0.033652080200000004,0.1717432018,0.00041050900000000004,0.0004105105,0.3862436742,0.051134017500000004,0.0004105107,0.3471519467,0.0067910005,0.0004105104,0.00041050900000000004,0.00041051,0.0004105104,0.00041050900000000004,0.173760207,0.1615746615,0.0969259063,0.060910534100000004,0.0002513486,0.0397069752,0.466618986,0.0002513814,1,0,0,0,0,0,0,-0.0627313218,0.0476428016,0.0343674141,0.0404660817,-0.0824908795,-0.3208874303,-0.1517607759,-0.1308558482,-0.142984883,-0.030364511400000002,-0.3157332688,-0.07715373910000001,0.0072356178,0.0194744947,-0.0454321777,-0.0999535627,-0.3550073595,-0.20919928070000002,-0.3734086462
/4/4.mp3,0.0017361113000000001,0.0017361111,0.0017361117,0.0017361111,0.0017361111,0.0017361111,0.0017361112,0.0017361111,0.0017361111,0.8845813897,0.0017361111,0.0017361111,0.0017361111,0.0017361111,0.09111305380000001,0.0017361112,0.8029234578000001,0.1739104661,0.0019305019000000001,0.0019305091,0.0019305074,0.0019305107,0.0019305105,0.0019305078,0.0019305042,0.0019305065,0.0019305019000000001,0.0019305071000000002,0.0019305068,0.0019305019000000001,0.0012027648,0.0012042389000000001,0.2560989447,0.5375861342,0.0725101288,0.0012039577,0.0012031133000000001,0.12899071750000002,0,0,1,0,0,0,0,-0.09982720290000001,-0.1017866315,-0.253348868,-0.2748789202,-0.14475208150000002,-0.0944333086,-0.1121659376,0.0076884121,-0.17278108890000002,-0.1928679401,0.023771150300000002,-0.1503778135,-0.2889268621,-0.2743074653,-0.291286257,-0.1838927937,-0.2423145402,-0.2196223183,-0.057798723
/4/5.mp3,0.1972011971,0.0011363638,0.41680317640000003,0.0011363636,0.0011363638,0.0011363637,0.0011363638,0.0011363636,0.10392118210000001,0.0011363653,0.0011363636,0.0011363638,0.1437938013,0.0011363636,0.054160076,0.0727569284,0.18983509110000002,0.1828561302,0.0012531328,0.0012531372,0.48807800370000004,0.0012531387,0.0012531388,0.1266994212,0.0012531344,0.0012531347,0.0012531328,0.0012531364,0.001253135,0.0012531328,0.0007769343000000001,0.07908334210000001,0.3460933949,0.1486194488,0.0007778997,0.12954360210000002,0.0007772616,0.2943281165,0,0,1,0,0,0,0,-0.11330735430000001,-0.1816829684,-0.056981853000000006,-0.2422517656,-0.26016302080000003,-0.26212495280000003,-0.2897620996,-0.0433908401,-0.2097870848,-0.257895555,-0.20942641580000002,-0.14290074690000001,-0.18561392270000002,-0.13622124600000002,-0.1603325744,-0.1542584755,-0.18521320830000002,-0.1001789636,-0.2960378131
/4/1.mp3,0.719041985,0.0007267444,0.000726745,0.1308031812,0.0007267442,0.0487202809,0.0007267442,0.0201071196,0.0007267442,0.0007267474000000001,0.0007267444,0.0007267443,0.0007267445,0.012495128900000001,0.0007267447,0.0615648571,0.0007764032,0.9899068065000001,0.0007763975,0.0007764001,0.0007763999000000001,0.000776401,0.0007764011000000001,0.0007764001,0.0007763985,0.0007763986000000001,0.0007763975,0.0007763997,0.0007763988,0.0007763975,0.00047191640000000004,0.0004721416,0.7768249824,0.0768085003,0.0004723133,0.1440057583,0.00047202130000000003,0.0004723665,0,0,0,0,1,0,0,-0.2938122376,0.07164627230000001,-0.0015137338,-0.4153367981,-0.33136888800000003,-0.3187628698,-0.0797279018,-0.3441095458,-0.1628261946,-0.2677117547,-0.0725472255,-0.1612197718,-0.443262413,-0.1608952639,-0.0131810126,-0.1126599741,-0.1180369195,-0.0840385355,-0.1978750792
/4/2.mp3,0.11653247030000001,0.0011574075,0.0011574081,0.0011574075,0.0011574109,0.0011574074,0.0011574075,0.051023875600000004,0.0011574074,0.5478664084,0.0011574077,0.0011574086,0.0011574082,0.0011574076,0.27068834940000003,0.0011574078000000001,0.18349272660000002,0.0012755195,0.0012755102,0.0012755145000000001,0.0012755141,0.801201114,0.0012755161,0.0012755145000000001,0.0012755118,0.0012755120000000001,0.0012755102,0.0012755138,0.0012755124,0.0012755102,0.0007820243000000001,0.0807872885,0.1207399351,0.0007826812,0.0007826358,0.0953924964,0.0358893734,0.6648435653,0,0,1,0,0,0,0,-0.0972422349,-0.3588201227,-0.0273919286,-0.0398122439,-0.027731441000000003,-0.2229425414,-0.1987561759,-0.1588990996,0.0200053964,0.0163319966,-0.10623639260000001,-0.0553904168,0.1302452116,-0.0068098564000000006,-0.1776814442,-0.0104302287,-0.1086012268,-0.0600697371,-0.2106588788
/4/3.mp3,0.0005252101000000001,0.0005252102,0.0005252101000000001,0.0005252104,0.0005252101000000001,0.0005252101000000001,0.40646623460000003,0.0005252101000000001,0.1319616582,0.0005252101000000001,0.0005252101000000001,0.0005252101000000001,0.45474437510000004,0.0005252101000000001,0.0005252101000000001,0.0005252104,0.32084308510000004,0.21892870220000002,0.0005760369,0.0005760389,0.0005760385,0.0005760394,0.0005760394,0.0005760387,0.0005760375,0.0005760377,0.0005760369,0.2069282453,0.2475395866,0.0005760369,0.00035235940000000003,0.2086898103,0.0827942857,0.3076712855,0.0003527722,0.1880493684,0.0003524697,0.2117376488,0,0,0,0,0,1,0,0.013077349200000001,-0.1824048507,-0.2582355447,-0.0684887374,-0.2629703164,-0.3041493599,-0.1688395822,-0.4100773213,-0.1728508827,-0.13900901640000002,-0.1283618516,-0.1205874708,-0.0982660394,-0.1167635122,-0.0510116633,-0.1248379788,-0.1117562173,-0.08342637060000001,-0.25768621270000003
/15/7.mp3,0.0007022473,0.0007022475,0.0007022474000000001,0.4334690785,0.0007022472,0.0120229798,0.0119502123,0.000702248,0.0007022474000000001,0.30816681760000003,0.0085075415,0.0007022474000000001,0.0007022472,0.0007022477,0.2188608961,0.0007022473,0.7293468453,0.26102231270000004,0.0008025682,0.0008025710000000001,0.0008025705,0.0008025718,0.0008025717,0.0008025706,0.0008025691000000001,0.0008025694000000001,0.0008025682,0.0008025728,0.0008025704,0.0008025682,0.0004905499,0.0574727234,0.3894763053,0.0004910931,0.0004911551,0.5505962504,0.0004907849000000001,0.0004911381,0,0,0,0,0,1,0,-0.3764534438,0.0409020359,0.037728245300000005,-0.18151467200000002,-0.0365692629,0.0647037253,0.0298776336,-0.2060440967,-0.45565759200000006,-0.2743740744,-0.08724594270000001,-0.18929838440000002,-0.29364177810000003,-0.034338040300000004,0.0670807226,-0.0998747868,-0.12544898170000002,-0.1594821393,0.0464059592
/15/6.mp3,0.0032894737,0.5193222427,0.0032894737,0.0032894737,0.0032894737,0.11135649,0.0032894737,0.16273365920000002,0.0032894737,0.0032894737,0.1671139238,0.0032894737,0.0032894737,0.0032894737,0.0032894737,0.0032894737,0.0037594335,0.0037594279,0.0037593985000000003,0.0037594116,0.0037594115,0.9511276659000001,0.0037594177,0.0037594127,0.0037594037,0.0037594041,0.0037593985000000003,0.0037594101,0.0037594057,0.0037593985000000003,0.0804894944,0.1198445171,0.4942231691,0.0023625086,0.16816207460000002,0.0023654536,0.1301903385,0.0023624441,0,1,0,0,0,0,0,0.0573551563,-0.08677341870000001,-0.10913065150000001,-0.0280430643,-0.049941889100000005,-0.0289512435,-0.1931921712,0.0840831781,-0.1097660787,-0.0937917383,-0.16517844780000002,-0.2646405068,0.0043201513,-0.1399790287,-0.2367454897,0.0132153848,-0.0353719875,-0.3101855175,-0.2719483964
/15/4.mp3,0.0999260332,0.0007183908,0.0344407949,0.024647217000000003,0.0007183909,0.13950785170000002,0.0007183936,0.0007183909,0.0382571608,0.0007183908,0.0007183908,0.0007183908,0.0007183911,0.0007183910000000001,0.3542797871,0.3024756344,0.1606761444,0.7516490687,0.0007936508000000001,0.0007936535,0.0007936532,0.0007936544,0.0007936545,0.0789446101,0.0007936518,0.0007936519,0.0007936508000000001,0.0007936530000000001,0.0007936522,0.0007936508000000001,0.2025703992,0.0004891635,0.1441296781,0.1373544384,0.276986754,0.23749123060000002,0.0004891925,0.0004891438,0,0,0,0,0,1,0,-0.11573732900000001,0.2151434976,-0.0329052988,-0.0592644232,-0.13248554610000002,0.1402156988,0.062065603600000005,-0.0209901546,-0.17561694760000002,-0.0056904598,0.13461936160000001,-0.197297873,-0.27582519650000004,0.0160294385,0.072193768,-0.0169220152,-0.0365029225,-0.15101388300000002,0.3250041883
/15/5.mp3,0.9881594751,0.00037425150000000004,0.0003742517,0.0003742516,0.00037425150000000004,0.00037425150000000004,0.00037425150000000004,0.0003742528,0.00037425150000000004,0.00037425150000000004,0.0003742517,0.00037425150000000004,0.0003742516,0.0066010017,0.00037425180000000003,0.00037425150000000004,0.0678869523,0.7428576108,0.00042517010000000003,0.1845785564,0.00042517140000000004,0.00042517200000000003,0.00042517200000000003,0.0004251715,0.00042517060000000004,0.0004251707,0.00042517010000000003,0.0004251713,0.0004251708,0.00042517010000000003,0.0002583859,0.0002585123,0.33312762770000004,0.2254630346,0.3100659725,0.0002585348,0.0002584849,0.1303094471,0,0,0,0,1,0,0,-0.0321651609,-0.2011270674,-0.0466260385,-0.1109703935,0.0368794394,-0.1551249952,-0.13534868190000002,0.0143328189,-0.07758183140000001,-0.2088098747,-0.30304899360000004,-0.0739032589,-0.0317215287,-0.0082102667,-0.0022997642,-0.0373257699,-0.041989985,-0.14777750480000001,-0.29590451230000003
/15/1.mp3,0.4769217932,0.0010775865000000001,0.0378430801,0.166394224,0.0010775863,0.0010775863,0.0010775862,0.0010775881,0.0010775862,0.0565064859,0.0209638048,0.0010775871000000001,0.0010775863,0.0424312165,0.1892411162,0.0010775864,0.0011904858,0.29629699200000004,0.0011904762,0.0011904802000000001,0.2638565002,0.0011904818,0.42675123740000004,0.0011904804,0.0011904777000000001,0.0011904779,0.0011904762,0.0011904797,0.0011904784,0.0011904762,0.0007272547,0.0590544698,0.5938158760000001,0.2236049873,0.0120619383,0.1092800892,0.0007274067,0.0007279781,0,0,0,0,0,1,0,-0.12221784740000001,0.0564932358,-0.0306500834,-0.059769745900000004,-0.13694939820000002,0.0417794426,0.115552888,-0.061652632000000006,0.028086377500000002,0.0631934052,-0.0085999365,-0.07439024870000001,0.0643004494,-0.1133298296,-0.25095809210000003,0.0359118896,0.1250944795,-0.188122893,-0.1402291279
/15/2.mp3,0.00078125,0.00078125,0.00078125,0.041068111000000004,0.00078125,0.00078125,0.5517381920000001,0.0007812515,0.0007812510000000001,0.00078125,0.0007812503,0.00078125,0.3822105818,0.0156081121,0.00078125,0.00078125,0.6757266877,0.0008928651,0.0008928571000000001,0.000892861,0.3135589944,0.0008928614,0.0008928611,0.0008928597,0.0008928582,0.0008928603,0.0008928571000000001,0.0008928595,0.0008928602000000001,0.0008928571000000001,0.0005414806,0.1303231849,0.24397932500000002,0.322360384,0.1665154939,0.1351963753,0.0005416434,0.0005421128,0,0,0,0,0,1,0,-0.28425640960000004,-0.1048594117,-0.17465166610000002,-0.1335487026,-0.2996251541,0.133239104,0.1553958859,-0.3014656515,-0.20906416020000002,-0.1823169128,-0.30409451870000004,-0.0860533586,-0.1729591547,-0.1092803557,-0.018684239300000002,-0.0352000575,-0.1193023825,-0.1088110385,-0.1801507461
/15/3.mp3,0.0011160714,0.4515065308,0.0011160715000000001,0.0011160715000000001,0.0011160714,0.0011160738,0.0011160714,0.0424761359,0.0011160714,0.0011160715000000001,0.45798698720000003,0.0346374864,0.0011160714,0.0011160715000000001,0.0011160714,0.0011160714,0.0011520822,0.7934888818,0.0011520737,0.0011520778,0.0011520768,0.0011520786,0.0011520785000000001,0.0011520769,0.001152075,0.0011520754,0.0011520737,0.1926861981,0.0011520777,0.0011520737,0.0007150797,0.06547802380000001,0.27108456140000003,0.0007153753000000001,0.3141019224,0.0007158538000000001,0.3464737103,0.0007154734,0,0,0,0,0,0,1,0.0868648558,-0.1964782975,0.0060979107000000005,0.0036532838,0.1169590097,-0.047827742400000005,-0.058543367000000006,0.0585993323,0.0321847861,-0.0172402075,0.00138627,-0.1182478963,0.0144049289,-0.0081062161,0.0035501353,0.0720893146,-0.020248797000000002,-0.2225051693,0.0253287225
/3/7.mp3,0.5528403223,0.0011792453,0.41437065770000003,0.0011792453,0.0011792453,0.0011792453,0.0011792455,0.0011792453,0.0011792455,0.0011792453,0.0011792453,0.0011792453,0.0011792453,0.0011792453,0.0011792455,0.0174588307,0.0013227564000000002,0.9594867605,0.0013227513000000002,0.0013227562,0.0246401927,0.0013227566,0.0013227562,0.0013227544000000001,0.0013227526,0.0013227532000000001,0.0013227513000000002,0.0013227543,0.001322753,0.0013227513000000002,0.0008068047000000001,0.0008068715000000001,0.4238698442,0.0008075264000000001,0.0008079612,0.0008072441000000001,0.0008072911,0.5712864568,0,0,0,0,0,1,0,-0.1778670182,0.0988315996,0.0468961873,-0.20910116820000002,-0.0930221355,0.0431055677,0.016966421500000002,-0.0372492202,-0.0053468736000000005,0.0027332865000000003,-0.0054417300000000005,-0.0635731013,-0.1942699344,0.027868201300000003,0.0473765015,-0.0235753276,-0.0648526486,-0.018550081700000002,0.0149352016
/3/6.mp3,0.0017361111,0.0333586712,0.0017361112,0.0017361111,0.0017361112,0.0017361112,0.0017361111,0.0017361111,0.0017361111,0.0017361112,0.1302310301,0.8138408539,0.0017361111,0.0017361111,0.0017361111,0.0017361111,0.0018797150000000001,0.8891860218000001,0.0018796992000000002,0.0018797055000000001,0.0882575265,0.0018797081000000002,0.0018797084,0.001879706,0.0018797017000000001,0.0018797019,0.0018796992000000002,0.0018797048000000001,0.0018797027,0.0018796992000000002,0.0985837786,0.2129556521,0.3312687918,0.001148561,0.31200381250000003,0.0417411279,0.0011492938,0.0011489823,0,0,0,0,0,0,1,0.1289818928,-0.2317923019,0.0510892333,0.033103008,0.061339454200000004,-0.1120961466,-0.2711177758,0.16134847500000002,0.0565599616,-0.0145517558,-0.0503736196,-0.047371309800000004,0.1523136179,0.0317155625,0.044518936700000004,-0.0081117043,0.0034014792000000003,0.022962943000000003,-0.1608692126
/3/4.mp3,0.0012254903,0.0012254903,0.0012254904,0.0414089764,0.06343314580000001,0.0012254902,0.0012254916,0.0012254902,0.3517429668,0.0975445988,0.0012254902,0.1099854239,0.1275674953,0.0012254902,0.1972879789,0.0012254905,0.3712097565,0.6140118852,0.0012315271,0.0012315316,0.00123153,0.0012315321,0.0012315318,0.0012315302,0.0012315283,0.0012315315,0.0012315271,0.0012315299,0.0012315316,0.0012315271,0.0633982126,0.2326422709,0.10395050900000001,0.2607046973,0.0007499014,0.0007497807,0.3370548112,0.0007498168,0,1,0,0,0,0,0,-0.09537893950000001,0.0522289456,0.0299037084,-0.09622989230000001,-0.1106431095,-0.057353661900000005,0.0436630089,-0.0184009478,-0.20986751480000002,-0.2727621363,0.0484432603,-0.2332640763,-0.2140838428,-0.1663486739,-0.0448787939,-0.1416055863,-0.11593156600000001,-0.1427929513,-0.0828653906
/3/5.mp3,0.0104166667,0.0104166699,0.010416667000000001,0.0104166671,0.0104166668,0.0104166672,0.0104166667,0.5174810621,0.0104166667,0.1771629027,0.16993936340000002,0.0104166668,0.0104166667,0.0104166667,0.0104166667,0.0104166669,0.4285518574,0.4489988581,0.0102040816,0.010204121200000001,0.010204117300000001,0.010204135100000001,0.010204135500000001,0.0102041205,0.0102040959,0.010204098200000001,0.0102040816,0.010204114200000001,0.010204101600000001,0.0102040816,0.3557375091,0.0073628624000000005,0.34217551500000004,0.0073616762,0.007355806800000001,0.13919746200000002,0.1334463554,0.007362812900000001,0,0,0,1,0,0,0,-0.11003496780000001,0.0424562395,-0.0468230368,-0.0995910837,-0.07073373570000001,0.0420457761,-0.0383398478,-0.1079420065,-0.3062092067,-0.2569666719,0.0674155376,-0.0640479808,-0.1775216493,-0.1076278897,0.1191023934,-0.040024625800000005,0.0657597228,-0.0206604749,0.0212260618
/3/1.mp3,0.3795558439,0.0008333334,0.1151957972,0.0008333333,0.0008333334,0.0008333333,0.0008333334,0.0008333333,0.0008333334,0.2643297316,0.0008333333,0.1601504694,0.000833334,0.0008333333,0.07160148990000001,0.0008333336,0.3643671804,0.3296786109,0.0009523810000000001,0.0009523842,0.29547799620000004,0.0009523853,0.0009523854000000001,0.0009523841000000001,0.0009523821,0.0009523823,0.0009523810000000001,0.0009523836,0.0009523826000000001,0.0009523810000000001,0.0005789551000000001,0.0005790997,0.161340706,0.2031480834,0.0005795773000000001,0.1816872383,0.0005792461,0.4515070942,0,0,1,0,0,0,0,-0.1876621183,-0.28242522270000003,-0.0919221018,-0.1792341429,-0.0109149476,0.0827491004,0.059028384,-0.057029291600000004,-0.068326434,-0.08101064050000001,-0.0101928064,0.0665935351,-0.0299838257,-0.034615616200000004,0.017353985000000002,0.10744017830000001,0.2101101804,-0.028048920300000002,-0.17020588690000002
/3/2.mp3,0.0011574075,0.0011574080000000002,0.0011574077,0.0924729799,0.0011574076,0.0011574075,0.0011574076,0.0011574106,0.019376429100000002,0.5658983997,0.0276640282,0.0011574088,0.0011574083,0.0011574078000000001,0.2818566738,0.0011574079000000001,0.1591427605,0.0012755210000000002,0.0012755102,0.0012755152000000001,0.0012755144,0.7490697391000001,0.0012755167,0.0012755148,0.021672917700000002,0.0012755123,0.0012755102,0.0573594451,0.0012755126000000001,0.0012755102,0.0007771444,0.3363734129,0.0007778914,0.0007778868,0.0007777248,0.23810373810000002,0.16965310190000002,0.2527590997,1,0,0,0,0,0,0,0.2475344834,-0.2699446949,-0.016470614800000002,0.164776888,0.0042906821,-0.17061483560000001,-0.14300189800000002,0.1622707623,0.19871422390000001,0.22293835380000002,0.0189379316,0.0376965478,0.091125413,-0.014177335800000001,-0.136644219,-0.0354054264,-0.0804192057,0.0277402442,-0.17490982200000002
/3/3.mp3,0.0009057971,0.0009057973000000001,0.0009057971,0.7227408356,0.0739580561,0.0009057971,0.0154035648,0.0009057978,0.0009057972,0.0009057971,0.177027977,0.0009057972,0.0009057972,0.0009057972,0.0009057971,0.0009057971,0.0435876555,0.3929331628,0.0009157509,0.5107452265,0.0009157535,0.0252013209,0.0009157549,0.0009157537000000001,0.000915752,0.0009157535,0.0009157509,0.0009157533,0.0192908605,0.0009157509,0.0298039521,0.082978666,0.0005667461000000001,0.0005665924,0.1593518834,0.0005664093,0.7255992575,0.0005664932,0,0,0,1,0,0,0,-0.3277933494,0.033283636000000005,-0.0453831171,-0.2271268544,-0.12441594930000001,0.08525857960000001,0.0011895241,0.0138699326,-0.1541710883,-0.1278804482,0.05399351,-0.1653349458,-0.1314423852,-0.0819229602,0.027527893100000003,-0.054941134100000004,-0.2134119179,-0.10728974000000001,0.0021114673000000002
/12/7.mp3,0.7346675406000001,0.0015243905,0.0015243912,0.0015243902,0.0015243905,0.0015243903000000001,0.0015243910000000002,0.0015243902,0.0560100231,0.0015243915000000001,0.0015243903000000001,0.0015243904,0.0015243915000000001,0.0015243902,0.0981128248,0.0929169237,0.6795531645,0.0017421748,0.0017421603,0.0017421671,0.2995408539,0.001742169,0.0017421689,0.0017421664,0.0017421626,0.0017421631000000002,0.0017421603,0.0017421655000000001,0.0017421634,0.0017421603,0.0010598145,0.0010600734,0.191070127,0.3686024683,0.0010613725,0.43502462610000003,0.0010602552,0.001061263,0,0,1,0,0,0,0,-0.35259004400000005,0.015144128900000001,-0.133998254,-0.41992666780000004,-0.26049599230000003,0.1815379959,0.1951734843,-0.2618302655,-0.3211066989,-0.2784200902,0.09945066080000001,-0.0833879279,-0.30365149680000003,-0.1565403735,0.20173641120000002,0.0239922048,0.0178927031,0.0001480057,-0.0098140678
/12/6.mp3,0.0007530120000000001,0.0007530122,0.0007530121,0.0007530121,0.0007530129,0.0007530121,0.1151963824,0.012894751500000001,0.2731832307,0.0007530121,0.024268585500000002,0.0580766713,0.5088502571,0.0007530120000000001,0.0007530120000000001,0.0007530121,0.2072092938,0.4677408903,0.0008116883000000001,0.042611783300000004,0.0008116899000000001,0.019778902600000002,0.2553539219,0.00081169,0.0008116891,0.000811692,0.0008116883000000001,0.00081169,0.000811692,0.0008116883000000001,0.2416704982,0.2535599939,0.4516282185,0.0004987126,0.0004987461,0.0004987383,0.0511462669,0.0004988255,0,0,0,0,0,1,0,-0.0900561817,-0.4109856034,-0.2117217318,0.0879729176,-0.1063681224,-0.2042989949,-0.1207887259,-0.2289082882,0.1416051982,0.139789933,-0.2175692412,0.041907898400000004,0.1689830665,-0.0021865378,-0.0404106947,-0.0296164727,-0.08716026140000001,0.0134421802,-0.4456903479
/12/4.mp3,0.0011363637,0.0011363637,0.0011363638,0.0389972702,0.0011363648,0.0011363636,0.0011363637,0.019355331700000002,0.0011363637,0.7747976358,0.0011363636,0.0721625243,0.044010554,0.039313046000000004,0.0011363637,0.0011363637,0.1675162447,0.6396197819,0.0012531328,0.0012531371000000001,0.0012531367,0.1790794849,0.0012531387,0.0012531371000000001,0.0012531344,0.0012531346000000001,0.0012531328,0.0012531364,0.001253135,0.0012531328,0.0007820783000000001,0.021613234800000002,0.17920962810000002,0.3852981902,0.2423990798,0.0007828772,0.1691322382,0.0007826735000000001,0,0,0,0,0,0,1,-0.0638535184,-0.1700154231,-0.030401612100000003,0.08207096,0.2040831544,-0.1838459784,-0.2573663651,0.20682305880000001,0.3165709383,0.09173609910000001,-0.06683300240000001,0.0421018414,0.1822361009,0.0410865796,-0.0941992744,0.0480024816,0.1526538905,-0.0442218293,-0.1883015275
/12/5.mp3,0.6426188221,0.0011792453,0.0996809867,0.0011792453,0.0011792453,0.0011792453,0.0011792456,0.0011792453,0.0200455218,0.0011792454000000001,0.0011792453,0.0011792453,0.0011792457,0.0011792453,0.181402436,0.0432805343,0.0368187766,0.2655331146,0.0011904762,0.0011904805,0.17569032380000002,0.5100529964,0.0011904810000000002,0.0011904794,0.0011904775,0.0011904812,0.0011904762,0.0011904791,0.0011904814,0.0011904762,0.000735638,0.0007359803,0.6496274646,0.0007367978,0.34595528410000004,0.0007363071,0.0007359005,0.0007366278000000001,0,0,0,0,0,1,0,0.0173379857,0.24627985770000002,-0.1253837277,-0.050364980100000005,-0.2383547972,-0.030055152600000003,-0.0827777175,-0.2545240167,-0.1624780974,-0.22781229260000002,0.0647290789,-0.0654306025,-0.1906811062,-0.0192126243,0.10193548670000001,0.0223524613,0.0799448745,-0.0929895696,0.20891875740000002
/12/1.mp3,0.0024038473000000003,0.0444413819,0.0349710109,0.0024038462,0.15766997600000002,0.0024038462,0.0024038462,0.0024038462,0.0024038462,0.3131751766,0.0024038462,0.1148458839,0.002403848,0.0024038462,0.31085810540000003,0.0024038468,0.3785166693,0.0025510412,0.0025510204,0.00255103,0.0025510287,0.4130919259,0.0025510330000000003,0.0025510294,0.0025510238,0.1803301044,0.0025510204,0.0025510280000000003,0.002551025,0.0025510204,0.0015833996,0.5003521352,0.0687731989,0.0015853458,0.09009337490000001,0.0015841427,0.001583844,0.3344445588,0,0,1,0,0,0,0,-0.0916376031,-0.3598152169,-0.19133673280000002,-0.0666968804,-0.0604732219,-0.0837426055,-0.038350481000000006,-0.2006476908,0.0351640385,-0.059976663400000005,-0.1638399164,-0.1983448264,-0.0601517076,-0.1225955762,-0.2510337865,-0.1130549393,-0.032575919700000004,-0.1174370084,-0.3531557583
/12/2.mp3,0.0010080645,0.1551937432,0.0010080645,0.016244667,0.6278782049,0.0010080645,0.0010080645,0.0010080663,0.0010080645,0.0010080645,0.1691860959,0.0010080646000000001,0.0010080645,0.0204085774,0.0010080646000000001,0.0010080645,0.0011520818,0.3506875734,0.0011520737,0.0011520777,0.0011520772000000001,0.001152079,0.0011520789,0.0011520774,0.0011520751,0.0011520754,0.0011520737,0.5123718896,0.12426769330000001,0.0011520737,0.0007153547,0.0007153084,0.2580954151,0.0007151389,0.7143158868,0.0007149138,0.024012351,0.0007156313,0,0,0,1,0,0,0,-0.2664806616,0.06812559900000001,0.0093809769,-0.2042798783,-0.2319262105,0.0207703223,-0.0226968798,-0.226362412,-0.26400506690000003,-0.3178145039,-0.1409205059,-0.1509025684,-0.1772519772,-0.0105888378,-0.0811588723,-0.076973367,-0.0661563019,-0.1022160132,-0.06551607620000001
/12/3.mp3,0.0007440476000000001,0.0148964782,0.0878813187,0.0007440476000000001,0.0007440477,0.0007440476000000001,0.0007440476000000001,0.0007440476000000001,0.0007440476000000001,0.0007440477,0.26941112570000003,0.4824131897,0.0007440480000000001,0.0007440476000000001,0.0007440476000000001,0.1372133634,0.0008403432000000001,0.5699429111000001,0.0008403361,0.0008403389,0.0008403389,0.3919687221,0.0008403402,0.0008403392,0.0008403372,0.028844644500000002,0.0008403361,0.0008403386,0.0008403377,0.0008403361,0.2686108287,0.27612832,0.0005132261,0.0005131997,0.0422982544,0.2180496096,0.0005133214,0.19337324020000002,0,0,0,0,0,0,1,0.16317160020000002,-0.3808204355,0.0091423189,0.1863810375,0.16336358280000002,-0.2351573837,-0.2985348677,0.0909034338,0.3529757344,0.3432538223,-0.0602551314,0.0913208238,0.2424517769,-5.91561e-05,-0.0714073409,0.0218483234,0.00302727,0.046721087200000004,-0.375991389
/85/7.mp3,0.7619903816,0.0010775862,0.1389894244,0.0010775862,0.0010775862,0.0010775862,0.0010775863,0.0010775862,0.052801513300000005,0.0332876446,0.0010775862,0.0010775862,0.0010775862,0.0010775862,0.0010775875,0.0010775863,0.0011520797,0.107311662,0.0011520737,0.0011520781,0.0011520767,0.8788634242000001,0.0011520786,0.0011520769,0.001152075,0.0011520755,0.0011520737,0.0011520766000000001,0.0011520754,0.0011520737,0.0007105466,0.0007108315,0.42545186560000003,0.0007112942000000001,0.1950525233,0.00071108,0.0007109244000000001,0.3759409345,0,0,0,0,0,0,1,0.1340434378,0.0060724374,0.0082757171,0.17738189070000002,0.1368987281,-0.22496948890000001,-0.2955305004,0.0332893609,-0.0844672072,0.0565933039,0.0510955331,0.0404026153,0.0686999735,-0.0516236073,-0.017606732700000002,-0.0184955856,0.0664749325,0.0311334311,0.09639429740000001
/85/6.mp3,0.0003205129,0.0003205129,0.1318215156,0.1052192121,0.0003205133,0.0003205128,0.0513657186,0.000320513,0.00032051350000000003,0.2124541024,0.0003205129,0.0003205129,0.0003205133,0.0003205129,0.49561380780000003,0.000320513,0.3074658275,0.4760170329,0.0003518649,0.007822398500000001,0.0070538916,0.10112060040000001,0.0003518665,0.000351866,0.00035186530000000003,0.0977053253,0.0003518649,0.0003518659,0.0003518655,0.0003518649,0.0002138288,0.1809391809,0.2480005526,0.0002140647,0.00021402320000000002,0.391060175,0.0002139307,0.1791442443,0,0,0,0,0,1,0,-0.0013523077,-0.3729407455,0.09575944380000001,0.1258572179,-0.0408575151,-0.3740537451,-0.40282493680000003,-0.0128372022,0.0814511836,0.0018292044,-0.3114984435,-0.0370601013,-0.0235593115,0.0389494039,-0.13507310520000002,-0.1399189246,-0.3227970283,-0.0510554019,-0.3089585438
/85/4.mp3,0.0010416676,0.0010416668,0.0010416673000000001,0.19167465420000002,0.11999668070000001,0.0010416667000000001,0.001041667,0.0010416686000000001,0.0139546002,0.0010416668,0.001041667,0.0010416668,0.1487016773,0.0010416669,0.3120983395,0.2031573766,0.5690357258000001,0.1593835508,0.0011337868,0.0011337909,0.0237693601,0.0332776258,0.20432963810000002,0.0011337905000000001,0.0011337883,0.0011337885000000001,0.0011337868,0.0011337912,0.0011337893,0.0011337868,0.0929215598,0.0780039973,0.1492558222,0.1583088981,0.0006996415,0.3155440028,0.0576687769,0.1475973013,0,0,0,0,0,1,0,0.1047817528,0.0003599136,0.1477176567,0.148871514,0.0963785867,-0.11870889500000001,0.0066396603,0.17417595330000002,-0.0116903189,-0.0464314783,-0.1305647906,-0.1711216226,-0.062322028,0.0025591808,-0.12337243810000001,-0.2063276664,-0.2288743261,-0.19263354400000002,-0.028464583300000002
/85/5.mp3,0.0007183908,0.0007183910000000001,0.0007183908,0.0007183911,0.0007183908,0.0007183908,0.0007183908,0.23691801850000002,0.0007183908,0.0007183908,0.0816913485,0.0007183908,0.6720515517,0.0007183909,0.0007183908,0.0007183909,0.0008210240000000001,0.8890890815,0.0008210181,0.0008210208,0.0008210205000000001,0.0008210218000000001,0.0008210218000000001,0.10105867730000001,0.0008210191,0.0008210192,0.0008210181,0.0008210203,0.0008210194,0.0008210181,0.369706439,0.0661334849,0.09678305990000001,0.0005029508,0.1022068307,0.1046770803,0.000502885,0.2594872694,0,0,0,0,0,0,1,-0.1111170595,-0.3147141458,-0.0632319811,-0.0699201889,-0.3220790166,-0.06445380170000001,-0.2417949207,-0.2407112083,-0.2838413332,-0.2059432688,-0.1788498273,-0.2449270626,-0.3116129141,-0.2539493684,-0.1958392253,-0.39705093890000004,-0.4911229261,-0.2629524668,-0.32808748730000004
/85/1.mp3,0.6738649817,0.0018939398000000001,0.0018939404000000001,0.1907170708,0.0018939395,0.0018939395,0.0018939394,0.0018939394,0.0018939395,0.0018939397,0.0018939394,0.0326251356,0.0018939396,0.0018939395,0.0800655365,0.0018939398000000001,0.23769145700000002,0.7370984032,0.0021008403,0.0021008474,0.0021008469000000003,0.0021008501,0.0021008502,0.0021008475,0.0021008430000000002,0.0021008433,0.0021008403,0.0021008463,0.002100844,0.0021008403,0.0013166847,0.2168260498,0.11603473210000001,0.2634151095,0.0013183924,0.0013182855,0.0013171455,0.3984536005,0,0,0,0,0,1,0,-0.1247775772,0.1689747846,-0.0133498782,0.07215918660000001,-0.0122252731,0.0878332285,-0.1206219317,-0.0395623263,-0.34614264100000003,-0.3749691793,0.2850221804,-0.3360638118,-0.3565814123,-0.2263849077,-0.0898963103,-0.18120596690000002,0.0145490353,-0.3145519509,0.2357250535
/85/2.mp3,0.1740310604,0.0005040323000000001,0.455134376,0.0005040323000000001,0.0894925129,0.0005040323000000001,0.0005040323000000001,0.0005040323000000001,0.0005040323000000001,0.0005040323000000001,0.0005040323000000001,0.0005040323000000001,0.0005040330000000001,0.0005040323000000001,0.2752936626,0.0005040324,0.2957254817,0.09333577550000001,0.0005494505,0.0005494525,0.29084455130000003,0.0005494531,0.3145996757,0.0005494524,0.0005494512,0.0005494514,0.0005494505,0.0005494521,0.0005494515,0.0005494505,0.153377478,0.000338264,0.0003383172,0.2161054358,0.31249476800000003,0.0003383228,0.0003382591,0.31666915500000004,0,1,0,0,0,0,0,0.0544053815,-0.023715017300000002,0.08344875610000001,0.11570016770000001,0.1445398738,0.0018482303,-0.14346119770000001,0.017053416800000002,0.0213006767,0.0655278217,0.09452314740000001,-0.007541135700000001,0.147190553,0.0319253848,-0.2170868336,0.037271534,-0.009384641400000001,-0.0369033407,0.027453015900000002
/85/3.mp3,0.0007022473,0.0007022473,0.0007022473,0.043250564500000005,0.000702248,0.0007022472,0.0007022472,0.0007022472,0.0007022472,0.4086003427,0.0007022472,0.5390198774,0.0007022476,0.0007022472,0.0007022473,0.0007022474000000001,0.2712357815,0.2456850056,0.0007072136,0.0007072160000000001,0.4752998471,0.0007072168,0.0007072169000000001,0.0007072159000000001,0.0007072144,0.0007072146,0.0007072136,0.0007072156000000001,0.0007072148,0.0007072136,0.043173280700000004,0.052897809100000005,0.1250982083,0.000433331,0.2331164141,0.24476438700000003,0.0004333744,0.3000831953,0,0,0,0,0,1,0,0.0915611665,-0.1123372903,0.1346060453,0.1466257114,-0.0071978643000000005,-0.059970881600000005,-0.2607401885,0.042957331700000004,0.0714850839,0.11808586880000001,-0.0556457301,0.0670731673,0.059274218600000005,0.1535769885,-0.0863655304,0.09663026890000001,0.0168479319,0.0065205587,-0.0910331729
/71/7.mp3,0.7162749012,0.0014880961,0.0014880962,0.0014880959000000001,0.024065943500000003,0.0014880954,0.0014880953000000001,0.0413475468,0.0014880954,0.0014880957,0.0798746713,0.0014880957,0.0014880971,0.025295513500000002,0.098260465,0.0014880961,0.0017006956,0.5770842608,0.0017006803,0.0017006858,0.0017006861000000001,0.0017006885,0.28675380640000003,0.0017006867,0.0017006826,0.1174543975,0.0017006803,0.0017006855000000001,0.0017006837000000002,0.0017006803,0.0010601137000000001,0.0407466723,0.17035494950000002,0.300070626,0.0808591313,0.0010611336000000001,0.0010606068,0.40478676690000004,1,0,0,0,0,0,0,0.21647794820000002,0.0131642818,0.0560752656,0.0393387895,0.0956462185,0.0853324683,0.0370850894,0.062399852400000004,-0.1218002551,-0.029013134500000003,-0.1534173194,0.0171582796,-0.12346190280000001,-0.0001110347,-0.040666564700000005,0.037980258,-0.0591202361,-0.15821168430000002,-0.2265480865
/71/6.mp3,0.1055893184,0.0020161302,0.08171534300000001,0.2010349918,0.0020161293000000003,0.1053546258,0.0020161291000000002,0.034550881900000004,0.0020161291000000002,0.0276129495,0.160136938,0.11576611860000001,0.15412592690000002,0.0020161291000000002,0.0020161291000000002,0.0020161301,0.7584116784,0.0023041627,0.0023041475,0.0023041543,0.0023041542,0.2139384903,0.0023041575,0.0023041549,0.0023041502,0.0023041504,0.0023041475,0.0023041535,0.0023041512,0.0023041475,0.0014547455,0.0014554975,0.0014556737,0.2828848965,0.3780646185,0.33177206600000003,0.0014565762,0.0014559261,0,1,0,0,0,0,0,0.0552633123,-0.0716900523,-0.1769477701,-0.0974637983,0.1276752898,-0.42992557340000004,-0.17430979800000002,-0.0075878549000000005,-0.28603984860000004,-0.3082772179,-0.45422157420000003,-0.0287440989,-0.0947557192,-0.053957355400000004,-0.31324407800000004,-0.131271902,-0.0330155892,-0.23828242430000002,-0.2529207932
/71/4.mp3,0.21434531110000002,0.0004032258,0.396665749,0.0004032258,0.0004032258,0.0004032258,0.0004032258,0.0004032258,0.24489315900000003,0.0004032258,0.0004032258,0.0196547911,0.00040322590000000004,0.0004032258,0.1200055056,0.00040322590000000004,0.5368958091,0.0004226568,0.0004226543,0.24834739260000002,0.00042265520000000004,0.2101075917,0.0004226557,0.00042265520000000004,0.00042265470000000003,0.0004226556,0.0004226543,0.0004226551,0.0004226556,0.0004226543,0.0959311072,0.00025919720000000003,0.1084806824,0.024181128000000003,0.2573846091,0.0002591852,0.0787174165,0.4347866744,0,1,0,0,0,0,0,-0.2483704254,-0.4792975924,-0.4005720102,0.21095675460000002,-0.291431473,-0.37041303610000004,-0.397331356,0.054734793600000005,-0.1679708596,-0.1228902065,-0.46320821040000004,0.0933849595,0.2528944574,0.0867080808,-0.2011773227,0.06362426980000001,-0.054601084800000005,0.1295952474,-0.3088676086
/71/5.mp3,0.0009615387000000001,0.0009615390000000001,0.3755105306,0.0009615385,0.0009615386,0.0168558098,0.0009615385,0.0475463564,0.0009615385,0.0009615387000000001,0.0733743569,0.47613601990000004,0.0009615401,0.0009615385,0.0009615385,0.0009615389,0.4248261306,0.0010352043,0.0010351967,0.0010352001,0.0010351998,0.4498442856,0.0010352014,0.0010352001,0.001035198,0.0010351981,0.0010351967,0.11394239340000001,0.0010351984000000001,0.0010351967,0.1345059261,0.0006355385,0.0006355507,0.2967497845,0.3418101954,0.2243917833,0.0006354643000000001,0.000635757,0,0,0,0,1,0,0,0.0749963336,-0.0224365165,-0.2646947119,-0.068767226,-0.0796904828,-0.022113912000000003,-0.15747275700000002,-0.21072072800000002,-0.3199420971,-0.48728631520000004,0.067414892,-0.2807957157,-0.44696345260000003,-0.3051462848,-0.2110888287,-0.3067193509,-0.0478715467,-0.3823151964,0.1408497166
/71/1.mp3,0.0009615406000000001,0.0009615386,0.22540867020000002,0.4143134002,0.0009615385,0.0009615385,0.0009615387000000001,0.0009615394,0.0873790582,0.0577984359,0.0009615386,0.0009615386,0.0009615390000000001,0.0009615386,0.0270499633,0.1784350832,0.49697490450000004,0.0010504277,0.0010504202000000001,0.0010504236,0.0010504233,0.0010504248,0.4904200239,0.0010504236,0.0010504214,0.0010504216,0.0010504202000000001,0.001050423,0.001050422,0.0010504202000000001,0.0006383881000000001,0.0135812476,0.1471061137,0.0006389668,0.1176708236,0.6990598616,0.0206656331,0.0006389653,0,0,0,0,0,1,0,0.124801802,-0.2061645986,-0.4223977188,-0.0711502256,-0.09335166190000001,-0.1430645398,-0.09491238340000001,-0.2838281287,-0.3422946179,-0.2921760658,-0.39407084400000003,-0.0946729166,-0.1606640243,-0.1135820356,-0.2710107754,-0.051252159400000004,-0.0260866142,-0.22070623590000002,-0.2163042603
/71/2.mp3,0.0009615387000000001,0.0009615387000000001,0.194308431,0.0009615386,0.0009615386,0.0009615385,0.07047025200000001,0.0009615385,0.0009615387000000001,0.6324651774000001,0.0009615385,0.0009615387000000001,0.0009615404,0.0009615385,0.09121767430000001,0.0009615390000000001,0.8148567138,0.1721562445,0.0010822511,0.0010822549,0.0010822544,0.0010822561,0.0010822561,0.0010822547,0.0010822524,0.0010822527,0.0010822511,0.0010822541,0.0010822529,0.0010822511,0.0006618230000000001,0.0680097241,0.0006625068,0.6288817809,0.0006622438,0.2997974726,0.0006620150000000001,0.0006624337,0,0,0,0,1,0,0,-0.07970062430000001,0.006150812,-0.3325330275,-0.0634482576,-0.0443351917,-0.0161591512,-0.2035568887,-0.1262612321,-0.1862975084,-0.3789818156,0.0054197711,-0.0924194344,-0.0322653979,-0.1004698284,-0.15521540120000002,-0.0923246801,-0.017175288400000002,-0.142432998,0.14325670270000002
/71/3.mp3,0.0420075305,0.0006377553,0.0006377555,0.0006377551,0.0202021363,0.0006377551,0.0006377555,0.0006377551,0.0006377552,0.0006377559,0.0211058121,0.0006377553,0.0006377553,0.0006377551,0.6720518916,0.2376173211,0.0186464253,0.41946986900000005,0.0007002801,0.0007002827,0.1709636844,0.000700283,0.3839172037,0.0007002818,0.0007002808,0.0007002836,0.0007002801,0.0007002817,0.0007002837,0.0007002801,0.023333915,0.10024026200000001,0.3606536897,0.000428806,0.3219868629,0.024586881300000002,0.1683407357,0.0004288474,0,0,0,0,0,0,1,-0.0653389239,-0.3375798215,-0.1005283215,0.09094418230000001,-0.1457345903,-0.0739396707,0.20358494670000002,-0.1557763775,0.080938488,-0.0634922888,-0.4521022897,0.049532382300000004,0.1823098008,-0.0351725525,-0.1307421816,0.0307439659,-0.0747172561,0.0615687742,-0.4920270337
/76/7.mp3,0.0005122951,0.16028501720000002,0.0005122951,0.060895740500000003,0.054102056600000004,0.0302329509,0.1552718487,0.0005122951,0.4769506403,0.0005122951,0.0005122956000000001,0.0005122952,0.057651089,0.0005122952,0.0005122951,0.0005122952,0.1518015953,0.5531167804,0.0005807201,0.000580722,0.09603726110000001,0.0005807227,0.19323715160000002,0.000580722,0.0005807208,0.0005807209,0.0005807201,0.0005807217,0.0005807211,0.0005807201,0.1513821799,0.1288713535,0.0457384801,0.1259713188,0.19909278430000002,0.3070820334,0.0415061058,0.00035574420000000003,0,0,0,0,1,0,0,-0.1086474791,-0.4924172604,-0.48868288270000004,0.00650771,-0.3599478566,-0.4496898963,-0.1042373826,-0.2735985222,-0.2957511283,0.0040980064000000005,-0.056930225800000005,0.0042731771,-0.11890926040000001,0.0194744947,0.06322327600000001,-0.0266510968,-0.1471175197,-0.1491957791,-0.3277317524
/76/6.mp3,0.0005896227000000001,0.0005896228,0.0005896227000000001,0.0005896230000000001,0.0005896227000000001,0.0530839948,0.0005896226,0.3262774109,0.0005896227000000001,0.0005896227000000001,0.6129734988000001,0.0005896227000000001,0.0005896227000000001,0.0005896229,0.0005896227000000001,0.0005896227000000001,0.2032257757,0.7101675171,0.0006738544,0.0006738567,0.0006738565,0.0006738575,0.0006738576,0.0006738567,0.0791942915,0.0006738554,0.0006738544,0.0006738563,0.0006738556,0.0006738544,0.2861406642,0.1196758056,0.0934217584,0.0004106111,0.1466895174,0.22144079460000002,0.0503090306,0.0819118181,0,0,0,1,0,0,0,-0.020832068000000002,-0.2636243928,-0.47197995060000003,-0.0436647151,-0.0368790846,-0.1609928253,0.0137391275,8.968970000000001e-05,0.0571404291,0.0040980064000000005,0.028243304,0.07896440390000001,0.0072356178,0.0194744947,0.06322327600000001,-0.0266510968,-0.1189789272,0.0036645841000000003,-0.127617261
/76/4.mp3,0.0044642857,0.1270132689,0.0044642857,0.0044642859,0.004464292700000001,0.0044642862000000005,0.0044642858,0.6685483707000001,0.0044642857,0.0044642857,0.0044643023,0.0044642858,0.07597838750000001,0.07488852,0.0044642857,0.0044642857,0.221833161,0.0039682815,0.003968254,0.0039682672,0.0039682634,0.0039682697,0.4385637039,0.0039682641000000005,0.0039682579,0.2022419348,0.003968254,0.0039682631,0.0976785715,0.003968254,0.2007534464,0.0025559866,0.3612243231,0.0025569371,0.4252379968,0.0025584727000000002,0.0025564522,0.0025563851,0,1,0,0,0,0,0,-0.3759825014,-0.4453295738,-0.6658219361000001,-0.6071531896,-0.7091639394,-0.1979089574,0.0299896777,-0.4746241685,-0.3357765077,-0.3857147647,-0.08666177060000001,-0.459233198,-0.5094613732000001,-0.3158170771,0.024259019000000003,-0.0266510968,-0.1189789272,-0.3646424065,0.0169091863
/76/5.mp3,0.0005896227000000001,0.0005896228,0.0005896227000000001,0.0005896228,0.0005896227000000001,0.8639169195,0.0005896227000000001,0.1050149518,0.0005896227000000001,0.0005896227000000001,0.0005896238,0.0005896227000000001,0.0005896230000000001,0.0005896227000000001,0.0005896227000000001,0.0234030323,0.0006675591,0.9913217408,0.0006675567,0.0006675595,0.0006675582,0.0006675639,0.0006675591,0.0006675583000000001,0.0006675574000000001,0.0006675577000000001,0.0006675567,0.0006675582,0.0006675575,0.0006675567,0.0004101762,0.0462259129,0.2943933992,0.00041037900000000005,0.2992641163,0.0004107424,0.0821019884,0.27678328550000003,0,0,0,0,0,0,1,0.1210150846,-0.5025793432,-0.48310086150000003,-0.1406187344,0.40098776700000005,-0.5663195253000001,-0.6130931282000001,0.3466891086,0.2136459954,0.015645644900000002,-0.4460361779,-0.2381287339,0.0818076564,-0.2354240014,-0.35614053900000003,-0.007121229000000001,0.14780628410000002,-0.3061842755,-0.5118243908
/76/1.mp3,0.0009057974,0.0009057972,0.5994779642,0.0009057971,0.0009057972,0.0009057971,0.0009057992000000001,0.0009057971,0.07633610710000001,0.1655098313,0.0009057971,0.0009057972,0.0538843784,0.0009057971,0.09482794530000001,0.0009057998,0.2045206787,0.5407652508,0.0010060362,0.0010060396,0.11839505400000001,0.0010060408,0.0010060409,0.1262586344,0.0010060375,0.0010060377,0.0010060362,0.001006039,0.0010060379,0.0010060362,0.0006161915,0.19635512060000002,0.1372186039,0.0006169398,0.0006169297,0.18600827690000002,0.00061644,0.4779514977,0,0,1,0,0,0,0,-0.2142777636,-0.4158560955,-0.1379971946,-0.055540022,-0.2161318257,-0.033091741800000005,-0.0383456961,-0.08167282420000001,0.0269281882,-0.061770717,-0.2316257511,-0.0138522759,-0.1254929821,0.0919851959,-0.1374271765,0.0340188233,0.0355751985,-0.056472930500000004,-0.4682331269
/76/2.mp3,0.0011574075,0.0011574075,0.0011574075,0.0011574098000000001,0.0011574075,0.0011574074,0.7974012176,0.0011574075,0.0011574076,0.0011574075,0.0011574074,0.0011574075,0.0469323638,0.0011574074,0.0011574074,0.14062011900000002,0.0012987122000000001,0.9558689785000001,0.0012987013,0.028546564000000003,0.0012987055,0.0012987074,0.0012987076,0.0012987059000000001,0.001298703,0.0012987031,0.0012987013,0.0012987051,0.0012987037,0.0012987013,0.0008015728,0.0008016825,0.0008024698,0.000802514,0.0008023892,0.0277799878,0.0008019982,0.9674073856000001,0,0,1,0,0,0,0,-0.6736171186000001,0.12979234450000002,-0.4264863869,-0.6701820605000001,-0.6656254597,0.11544101400000001,0.032351852800000004,-0.30648091920000003,-0.5992231298,-0.4269119182,-0.19868592240000002,-0.3671643184,-0.4915092385,-0.3665630367,0.130462948,-0.3417078965,-0.2347038811,-0.2572043969,0.1023865627
/76/3.mp3,0.0017361111,0.0017361111,0.0017361112,0.0017361111,0.0433613309,0.0017361111,0.0017361111,0.0017361111,0.0017361111,0.7445790667000001,0.0017361111,0.18949015760000001,0.0017361111,0.0017361111,0.0017361112,0.0017361111,0.0018315127,0.6161306346000001,0.0018315018,0.0018315083,0.2404711814,0.0018315098,0.0018315096,0.12325161850000001,0.0018315039,0.0018315045,0.0018315018,0.0018315065,0.0018315046,0.0018315018,0.0635440943,0.0622273166,0.5219597278,0.0011379521,0.1140438238,0.0396115321,0.19633706250000002,0.0011384909000000001,0,0,0,0,0,0,1,-0.0531713367,-0.44083843980000004,-0.13720741720000001,-0.25204039980000004,-0.1190058705,-0.2600543195,-0.3616663463,0.1509773153,0.0554944105,-0.2816217568,-0.09125977510000001,0.0346391472,0.1446438103,-0.1150178959,-0.4844455536,-0.011399582,0.2247553156,-0.24136701870000002,-0.2996634899
/82/7.mp3,0.0011160714,0.0011160714,0.0011160714,0.0011160715000000001,0.0011160714,0.554312071,0.0011160714,0.31972724410000003,0.0011160714,0.0011160714,0.1114517562,0.0011160714,0.0011160714,0.0011160715000000001,0.0011160714,0.0011160714,0.0011904823,0.6852076693,0.0011904762,0.0011904804,0.0011904792,0.0011904812,0.0011904810000000002,0.18266033110000002,0.0585242086,0.061703001300000004,0.0011904762,0.0011904791,0.0011904779,0.0011904762,0.13544880110000002,0.0385633873,0.27855764510000003,0.11018491670000001,0.0007364580000000001,0.0007361699,0.4350361024,0.0007365196,0,1,0,0,0,0,0,0.0797360099,-0.3972478434,-0.2421523328,-0.1691931599,0.2242129611,-0.4980376922,-0.5057564309,0.0653367105,-0.291396233,-0.343617159,-0.4071243389,-0.39779400540000004,-0.27848115500000004,-0.261979212,-0.2954904312,-0.1241097884,0.040970907800000005,-0.44480671390000004,-0.2535353441
/82/6.mp3,0.0028409092,0.671117343,0.0028409093,0.0028409105,0.0028409145,0.0028409092,0.0028409091,0.0028409152,0.0028409091,0.0028409093,0.2891099144,0.0028409094,0.0028409093,0.0028409098000000002,0.0028409093,0.0028409095,0.4500820466,0.0032467742,0.0032467532000000003,0.0032467625,0.0032467628,0.5109568283,0.0032467673000000003,0.0032467637,0.0032467571000000003,0.0032467572,0.0032467532000000003,0.0032467617,0.0032467586,0.0032467532000000003,0.0020843182,0.0020854426,0.3665724697,0.0020872351000000003,0.5811600530000001,0.0020888175,0.0020855353,0.0418361286,0,0,0,0,0,0,1,0.1746041721,-0.35766887470000003,-0.2801017836,0.0180012908,0.21949789830000002,-0.21658370100000002,-0.2084995376,0.0723847229,-0.24705028510000002,-0.3567790017,-0.32608790530000004,-0.2881845543,-0.13294455460000001,-0.1434944527,-0.2243608859,0.0104550813,0.1021323408,-0.3408972511,-0.1231412464
/82/4.mp3,0.000600962,0.0006009619,0.009776710400000001,0.0006009625,0.0987462846,0.0006009616,0.0006009616,0.4794029825,0.0006009616,0.0006009617,0.1813637025,0.1343646342,0.0006009625,0.019161047100000002,0.056464575,0.0159123683,0.2555871638,0.1296311839,0.000621118,0.0006211203000000001,0.0246836385,0.0962311475,0.0006211204,0.39941635540000003,0.0006211187000000001,0.0142191912,0.000621118,0.07588348610000001,0.0006211202,0.000621118,0.41922647,0.29777030990000003,0.2810948544,0.0003817593,0.00038165380000000003,0.0003815243,0.0003817762,0.0003816521,0,0,0,1,0,0,0,-0.4479757855,-0.10154996890000001,0.1352200146,-0.36697291260000003,-0.2657423445,-0.2020456354,-0.2642008679,-0.1080942206,-0.4896099048,-0.3883116408,-0.015278561900000001,-0.2799749756,-0.2613995469,-0.0725612455,0.011596967100000001,-0.1606785056,-0.3056423109,-0.2983137171,-0.0038870909
/82/5.mp3,0.0016891893000000001,0.7553935748,0.0016891893000000001,0.0016891892,0.0016891893000000001,0.0016891903,0.0016891892,0.2209577707,0.0016891892,0.0016891893000000001,0.0016891920000000002,0.0016891893000000001,0.0016891902,0.0016891892,0.0016891892,0.0016891895,0.3662563055,0.1546914904,0.0018796992000000002,0.0018797061000000001,0.45837546690000003,0.0018797083,0.0018797083,0.0018797057,0.0018797017000000001,0.0018797021,0.0018796992000000002,0.0018797047,0.0018797026,0.0018796992000000002,0.030908691000000002,0.001160627,0.0011597119,0.3596237244,0.2229797077,0.0011596532000000001,0.0558205403,0.32718734450000003,0,1,0,0,0,0,0,0.14251495860000002,-0.3764847546,-0.3409248506,0.1112312293,0.2602397778,-0.3471850359,-0.37381175650000004,0.1043985533,0.0312811785,0.0094367424,-0.3845671034,-0.2124909704,-0.1221639491,-0.0010505882,-0.275600352,0.0201690775,0.080342043,-0.22637041500000002,-0.14813936960000001
/82/1.mp3,0.0002962086,0.0002962086,0.0002962086,0.1509886633,0.0804415557,0.0002962085,0.0273628529,0.0002962085,0.2713027672,0.0002962086,0.0002962085,0.3965610268,0.0002962088,0.0002962085,0.049457461,0.0212197958,0.0462143307,0.31443231800000004,0.0002963841,0.0002963851,0.5945616285,0.00029638550000000004,0.00029638550000000004,0.0138387921,0.0002963845,0.0002963846,0.0002963841,0.0002963849,0.0282854684,0.0002963841,0.000180525,0.3079714315,0.2606712921,0.0528025404,0.1721008189,0.205912069,0.0001806383,0.0001806848,0,0,0,0,1,0,0,-0.2199254575,-0.4453891589,-0.2654566704,0.1677736076,-0.325219046,-0.3941749679,-0.1604251425,-0.4862227764,-0.1341727852,0.0114538806,-0.44863020060000003,0.0616492255,-0.1213343657,-0.0214973858,-0.1632125371,-0.0028509530000000003,0.0155983353,-0.14991123680000001,-0.5786395665
/82/2.mp3,0.0013297878,0.0013297875,0.8193253852,0.0013297872,0.0013297874,0.0013297873000000001,0.0013297875,0.0013297872,0.0013297874,0.1620575856,0.0013297872,0.0013297875,0.0013297891,0.0013297872,0.0013297909,0.0013297878,0.07706498170000001,0.9057921226000001,0.0014285714000000001,0.0014285762,0.0014285761,0.0014285781,0.0014285783000000001,0.0014285765000000001,0.0014285733000000001,0.0014285734,0.0014285714000000001,0.0014285756,0.0014285740000000002,0.0014285714000000001,0.0008745823,0.0008751685,0.146846938,0.41789253460000003,0.43088450100000003,0.0008757691,0.0008748815,0.0008756251,0,0,1,0,0,0,0,-0.254343535,-0.0130450758,-0.1172037602,-0.3134680239,0.1462064075,-0.2643677463,-0.2288989197,0.13801767680000002,-0.3932608499,-0.3355391042,-0.1086956687,-0.2507283469,-0.28679886320000003,-0.1685999477,-0.2281303352,-0.014786386600000001,0.2125889433,-0.35994209390000004,-0.2834175366
/82/3.mp3,0.0015243902,0.0015243906,0.0015243902,0.1267096913,0.026141140700000003,0.0015243903000000001,0.0015243902,0.7626760798000001,0.0015243903000000001,0.0015243903000000001,0.0661804042,0.0015243904,0.0015243907,0.0015243903000000001,0.0015243903000000001,0.0015243902,0.0015197668000000001,0.0015197689,0.0015197568,0.3871157992,0.0015197613,0.222684882,0.0015197638,0.0015197617000000001,0.0015197587,0.0015197592000000002,0.0015197568,0.37348194840000004,0.0015197593,0.0015197568,0.8871095280000001,0.0009627296,0.10711160310000001,0.0009633817,0.0009622830000000001,0.0009637509000000001,0.0009630191,0.0009637046,0,0,0,1,0,0,0,0.0951249234,-0.38051067590000004,-0.4973811281,0.0099991462,-0.37294271160000003,-0.4452412878,-0.34142196810000003,-0.0068011314,-0.0847294558,-0.0674282798,-0.0165258801,-0.4457070945,-0.3836591962,-0.3035901308,-0.5004314135,-0.2617739766,-0.14914090300000002,-0.4108075695,-0.17696991850000002
/49/7.mp3,0.0010416667000000001,0.1915285921,0.0010416668,0.0010416667000000001,0.0359236838,0.5412018384,0.0010416667000000001,0.0010416667000000001,0.0010416667000000001,0.001041667,0.2043788323,0.0155087194,0.0010416667000000001,0.0010416667000000001,0.0010416668,0.0010416667000000001,0.0011709703,0.7942855788000001,0.0011709602,0.001170964,0.0557125552,0.0011709658,0.1371212711,0.0011709645,0.0011709617000000001,0.0011709618000000001,0.0011709602,0.0011709637000000001,0.0011709625,0.0011709602,0.0007190975,0.0007199024,0.5623698323,0.0007194005,0.38793582400000004,0.0007194511,0.0177447438,0.0290717484,1,0,0,0,0,0,0,0.1237682046,-0.0286456405,0.12826587180000001,0.1485309207,-0.0336300097,-0.0152386067,0.0362782059,0.0105728813,0.2788823482,0.2857852436,0.2046911696,0.1884325719,0.21916890660000002,0.1675124222,0.0631437469,0.0910607783,-0.1063858748,0.1973481899,0.029797402900000002
/49/6.mp3,0.0010245902,0.0010245905,0.0010245902,0.0010245903,0.1778065613,0.0010245902,0.0010245902,0.0010245902,0.0010245902,0.1812688775,0.12759773870000002,0.5010317395,0.0010245904,0.0010245902,0.0010245902,0.0010245903,0.0011709688,0.5575323327,0.0011709602,0.0011709642,0.0011709638,0.4284161112,0.0011709656000000001,0.0011709641,0.0011709617000000001,0.0011709619,0.0011709602,0.0011709634,0.0011709622,0.0011709602,0.0007188511,0.0007197057,0.5010716552,0.1536042675,0.3417271361,0.0007195238000000001,0.0007191062,0.0007197543000000001,0,0,0,0,0,0,1,-0.0296036647,0.1457822282,0.114903085,-0.0138740728,0.07937131680000001,0.1311580269,0.046082775400000005,-0.0600185509,0.112526,0.15665531430000001,0.0653382494,0.1507709087,0.17231009460000002,0.2089107325,0.1503057806,0.1279209827,0.075714273,0.1787535124,0.0191767817
/49/4.mp3,0.0012755119,0.0012755107000000001,0.001275511,0.0012755112,0.25672742130000004,0.0012755103,0.0012755109,0.0186005699,0.1078372313,0.5401049924,0.0012755107000000001,0.0012755104,0.0012755118,0.0012755105,0.0626991649,0.0012755109,0.6453588612000001,0.3384685966,0.0013477089,0.0013477135000000001,0.0013477130000000002,0.0013477151,0.0013477152,0.0013477134,0.0013477106,0.0013477108,0.0013477089,0.0013477127,0.0013477112,0.0013477089,0.0984485944,0.1074226516,0.0485290862,0.08060892680000001,0.0008290725,0.662502679,0.00082967,0.0008293195000000001,0,0,0,0,0,0,1,-0.20605425130000002,0.0634394759,0.0793729246,-0.0612534101,-0.1158141169,0.0803000355,0.06848246300000001,0.0465593715,-0.007674567100000001,0.0056576863,0.1388985528,0.11052315430000001,0.0482646877,0.0980728034,0.1527703535,4.3242300000000004e-05,-0.0795551755,0.20027075500000002,0.08024295420000001
/49/5.mp3,0.0020833334000000003,0.40223708680000003,0.0020833335,0.0020833333000000002,0.0020833371000000002,0.0020833334000000003,0.0020833334000000003,0.0020833334000000003,0.0020833334000000003,0.0020833336,0.2655579813,0.2662628145,0.0020833351,0.0020833333000000002,0.0020833334000000003,0.0409421112,0.371970308,0.0023041705,0.0023041475,0.0023041587,0.0023041552,0.0023041604,0.0023041599,0.0023041557000000002,0.0023041507000000003,0.0023041519000000002,0.0023041475,0.6003798325,0.0023041541,0.0023041475,0.0014224071000000001,0.11061053550000001,0.4718639196,0.1571091528,0.0014231670000000001,0.0014232985,0.0950224543,0.1611250651,0,0,0,0,0,0,1,0.1487718317,-0.085896682,0.0629426874,0.062185152900000006,-0.0193221808,0.0814457979,-0.0178185915,0.1589076216,0.0728889103,0.0050993646000000005,0.0618070801,0.0718093576,0.1392977474,0.1374421807,0.14701219240000002,0.1028456098,-0.0159618407,0.2311554745,0.0120418333
/49/1.mp3,0.31517335150000003,0.0008802821000000001,0.0008802827,0.0008802818000000001,0.0847423184,0.0008802817,0.0008802818000000001,0.0008802817,0.0008802818000000001,0.000880282,0.028637604400000002,0.0008802819,0.0008802828000000001,0.0008802817,0.46736311,0.0944005136,0.1007237385,0.887847665,0.0009523810000000001,0.0009523841000000001,0.0009523839,0.0009523853,0.0009523854000000001,0.0009523842,0.0009523821,0.0009523823,0.0009523810000000001,0.0009523836,0.0009523826000000001,0.0009523810000000001,0.130874308,0.15566083490000002,0.0005878803,0.1668696905,0.12206608390000001,0.1203089081,0.1311892673,0.17244302690000002,0,0,0,0,1,0,0,-0.1068224562,-0.28663277730000003,-0.21533904280000002,0.0058752926,-0.1117940597,-0.11426083100000001,0.1253983753,-0.24922125720000002,-0.13996463850000002,-0.0824807362,-0.2261299106,-0.09537046390000001,-0.0978157134,-0.0877992259,-0.0941183498,0.0062716359,-0.0265208353,-0.022472724000000003,-0.2196226016
/49/2.mp3,0.00078125,0.016477200600000002,0.00078125,0.0007812501000000001,0.16029291510000002,0.00078125,0.00078125,0.00078125,0.00078125,0.1196861159,0.107362288,0.4178942714,0.0007812503,0.00078125,0.00078125,0.17047470850000002,0.30580970890000003,0.3262569199,0.0008818342,0.0008818372000000001,0.0008818369000000001,0.3582331758,0.0008818383,0.0008818372000000001,0.0008818353000000001,0.0008818355,0.0008818342,0.0008818367,0.0008818357,0.0008818342,0.0005438259,0.0005444786,0.3053144266,0.2065615834,0.1655944842,0.3203526953,0.0005440169,0.0005444893,0,0,0,0,0,0,1,-0.10991435320000001,-0.15080125590000001,-0.1860447603,-0.0657874847,-0.1815813168,-0.0317533512,-0.0034869048,-0.0193018122,0.1218255569,0.0545259987,0.046859005200000005,0.051998566,0.0927220155,0.0812679939,-0.0108102554,0.0859289126,0.0920363362,0.0365540907,0.0527285445
/49/3.mp3,0.0007183908,0.0007183908,0.0007183908,0.0007183908,0.0007183908,0.0007183908,0.0007183908,0.0007183908,0.0007183908,0.2494315793,0.0007183908,0.7405109492,0.0007183909,0.0007183908,0.0007183908,0.0007183908,0.0008210236,0.9893267396000001,0.0008210181,0.0008210209,0.0008210203,0.0008210216,0.0008210216,0.0008210205000000001,0.0008210190000000001,0.0008210192,0.0008210181,0.0008210202000000001,0.0008210193000000001,0.0008210181,0.0005025545000000001,0.0005029473,0.47768737180000004,0.000502981,0.0005029031,0.0005030943,0.1563485024,0.36344964560000004,1,0,0,0,0,0,0,-0.0904808576,0.12492034040000001,0.056741735,-0.007990057600000001,-0.0447058922,0.0866414576,0.056690085700000004,-0.0721225291,0.0372865323,0.0129684458,-0.1792139488,0.042672996500000004,-0.004712308100000001,0.0066748523,0.0476349898,-0.016999668000000002,-0.083062969,0.0635045233,-0.1034741344
/40/7.mp3,0.0003810976,0.0003810976,0.0003810976,0.0003810976,0.0003810997,0.0003810976,0.0003810976,0.0003810976,0.0003810976,0.0534934324,0.0003810976,0.9411711992,0.0003810977,0.0003810976,0.0003810976,0.0003810976,0.1422274965,0.8526704499000001,0.00042517010000000003,0.0004251715,0.0004251712,0.0004251719,0.0004251719,0.0004251713,0.0004251705,0.0004251707,0.00042517010000000003,0.0004251729,0.00042517140000000004,0.00042517010000000003,0.0002595686,0.0375330212,0.3263437697,0.0002597628,0.4194941502,0.00025964930000000003,0.0002598058,0.2155902724,0,0,0,0,1,0,0,-0.23783967090000002,-0.0685347755,-0.0926028076,-0.5022005477,-0.34953582910000003,-0.1478191047,-0.21557307380000001,-0.0471666818,-0.4617539249,-0.15765863260000001,-0.0294485871,-0.2849847406,-0.3105269505,-0.0119085447,-0.1052074904,-0.0398167851,-0.07662426900000001,-0.1446856578,-0.0760291735
/40/6.mp3,0.6911265482000001,0.0004310346,0.000431035,0.0004310345,0.070815404,0.0004310345,0.0004310346,0.0004310345,0.0004310345,0.0004310356,0.0004310345,0.054138459900000005,0.1205117876,0.0004310345,0.058666419000000004,0.0004310346,0.4474744916,0.23470013350000002,0.0004520796,0.0004520811,0.00045208090000000003,0.0772029157,0.0004520816,0.1424212238,0.00045208010000000003,0.0004520802,0.0004520796,0.09413251210000001,0.00045208060000000004,0.0004520796,0.1379613708,0.0002758024,0.0002758274,0.0002758545,0.304321756,0.5002817013,0.0563318691,0.00027581860000000004,0,0,0,0,0,1,0,-0.0966470213,0.0201454671,-0.2650251578,-0.0915594394,-0.2021534234,0.015074504700000001,-0.2004841178,-0.1131400011,-0.058212938400000004,-0.1283509614,0.034583252700000004,-0.1910992024,-0.2421764899,-0.20452943310000002,-0.0723444394,-0.0986494152,-0.0819058059,-0.0752044961,-0.07822880110000001
/40/4.mp3,0.0011363644,0.0907096154,0.0011363639000000001,0.0011363640000000002,0.0011363638,0.0011363681,0.0011363642,0.0011363657,0.0011363637,0.0551059696,0.2391721674,0.6013758725,0.0011363656,0.0011363639000000001,0.0011363637,0.0011363642,0.4970720342,0.3693262442,0.0012106538,0.0012106579,0.0012106575000000001,0.0012106593,0.0321006818,0.0012106578,0.0012106552,0.0012106555,0.0012106538,0.0012106571,0.0893944782,0.0012106538,0.020693358800000002,0.0007592264,0.068576862,0.25472052700000003,0.3320429009,0.0577010731,0.000759626,0.2647464258,0,0,0,0,0,0,1,0.0334453716,0.11668667860000001,-0.1532094894,0.0009227046,0.016919520400000002,-0.0909383357,-0.09619775970000001,0.0409507188,-0.013697862000000002,0.0796316737,-0.0369226641,0.035365073000000004,0.0010932418,-0.0704655174,-0.0407129974,-0.0878911764,-0.1035469341,-0.0945996141,-0.0402239147
/40/5.mp3,0.0007621952,0.0007621952,0.0007621953,0.44787787500000004,0.0007621951,0.0007621951,0.3163568906,0.0007621954,0.1686342105,0.0007621952,0.0007621952,0.0007621951,0.0007621952,0.0260545732,0.0326923035,0.0007621952,0.26043718320000003,0.6695062756,0.0008210181,0.0610253238,0.0008210205000000001,0.0008210218000000001,0.0008210218000000001,0.0008210207,0.0008210190000000001,0.0008210194,0.0008210181,0.0008210203,0.0008210196000000001,0.0008210181,0.0005043855,0.2013728166,0.1130008816,0.000504937,0.15355106740000002,0.3501789692,0.0005045606,0.18038238210000002,0,0,0,0,0,1,0,-0.0088692739,-0.101100667,-0.030135469600000003,-0.0058352239,0.053191732500000005,-0.0662877604,-0.3615795376,0.1309062487,0.0272726842,0.018103529,0.10502464980000001,0.0787961893,-0.174197014,-0.2879025283,-0.1421257978,-0.2189139453,-0.3106570199,-0.1071759743,0.054242806000000005
/40/1.mp3,0.0013586973,0.0013586959000000001,0.050264712100000004,0.0013586989,0.061288900300000004,0.0013586957,0.0489015758,0.3577910038,0.0013586959000000001,0.0454740966,0.0958178298,0.1335622695,0.0013586964,0.0013586958,0.1451413773,0.0522473589,0.0010504293,0.5013927603,0.0010504202000000001,0.0010504236,0.48600216300000004,0.0010504252,0.0010504254,0.001050424,0.0010504216,0.0010504217,0.0010504202000000001,0.0010504233,0.0010504221000000001,0.0010504202000000001,0.25792470840000004,0.00064579,0.000645548,0.0006455753,0.0006455713,0.0006457666,0.000645547,0.7382014935,0,0,0,0,1,0,0,-0.1826451016,-0.3262230048,-0.2283295351,-0.0489419518,-0.0057184937000000005,-0.28992368960000003,-0.29838899350000003,0.0354459078,0.1487520957,0.0858775358,-0.0440278076,-0.1134093116,0.06853682080000001,-0.0333134932,-0.3164339852,0.029995852000000003,0.003955427,-0.19565285030000001,-0.5561407552000001
/40/2.mp3,0.0010416674,0.0010416667000000001,0.2165352832,0.0010416668,0.0500099823,0.0010416667000000001,0.0010416667000000001,0.0447813731,0.0010416667000000001,0.20214917540000002,0.0010416669,0.30135883420000004,0.0010416667000000001,0.0010416668,0.1747486836,0.0010416669,0.1861792692,0.5102750221,0.0011160714,0.0011160752,0.0011160749,0.0011160766000000001,0.2912688986,0.0011160752,0.0011160728000000001,0.001116073,0.0011160714,0.0011160746,0.0011160734000000001,0.0011160714,0.0006873079,0.044642433200000005,0.20275585200000001,0.3643980389,0.36227914450000004,0.0006874893,0.0006875435,0.0238621906,1,0,0,0,0,0,0,-0.1084576534,0.0389064919,0.0071432591,-0.0675127039,-0.061629910600000004,-0.0090718323,-0.1002175067,-0.108631051,-0.1052342249,-0.0686310708,-0.0102038358,-0.17248403950000002,-0.20575220630000002,-0.1612059325,-0.10992675460000001,-0.0639412003,-0.0156328492,-0.0933005036,-0.1023558615
/40/3.mp3,0.13572516310000002,0.0011363641,0.0011363643,0.0202721178,0.0011363638,0.0011363637,0.0011363643,0.0199306242,0.0011363638,0.5953375753,0.0556405835,0.0011363638,0.0011363649,0.0011363636,0.0553769843,0.1074896755,0.8159281053,0.0012531395,0.0012531328,0.0012531357,0.0012531362,0.1690342718,0.0012531377000000001,0.0012531365000000001,0.0012531342,0.0012531341,0.0012531328,0.0012531358000000001,0.0012531347,0.0012531328,0.0007674183000000001,0.0007682444,0.0548861469,0.0007682765,0.000768118,0.9405058481,0.0007676443,0.0007683034,0,0,0,0,0,0,1,-0.38354890410000003,0.1912188502,-0.1238206517,-0.49504509680000003,-0.36415284610000004,0.1261861075,0.09849575890000001,-0.14239498820000002,-0.39803062300000003,-0.2751862194,0.1037368936,-0.4074613884,-0.4408669785,-0.2803430283,-0.042388958500000004,-0.30686035100000003,-0.26040267640000003,-0.2829869605,0.0239128971
/114/7.mp3,0.0010964915,0.9307517567,0.0010964913,0.0010964913,0.0010964919,0.0010964913,0.0010964914000000001,0.0010964912,0.0010964913,0.0010964917,0.0010964918,0.0010964941,0.0010964922,0.0538973596,0.0010964912,0.0010964915,0.0012531457,0.8342728610000001,0.0012531328,0.001253137,0.1506895026,0.0012531387,0.0012531388,0.0012531372,0.0012531344,0.0012531346000000001,0.0012531328,0.0012531364,0.0012531351,0.0012531328,0.0007683587,0.078871932,0.4218727819,0.0007682102,0.0007680335000000001,0.0852400047,0.0196981312,0.3920125479,0,1,0,0,0,0,0,0.2504426812,-0.1044517259,0.0887977263,0.09731433760000001,0.08594533800000001,-0.056462361,0.0241518404,0.2909860745,0.1567721803,0.08837940350000001,-0.0677294693,0.1175094616,0.079861018,0.0773485808,-0.025667187100000002,0.039548601600000004,-0.0075896201000000005,-0.0029455881000000003,-0.1560817943
/114/6.mp3,0.0016025641000000001,0.06450421370000001,0.0016025642,0.0273267856,0.0016025642,0.0016025642,0.0016025641000000001,0.0016025641000000001,0.0016025641000000001,0.0016025643,0.37340453090000003,0.5155336992,0.0016025648,0.0016025641000000001,0.0016025641000000001,0.0016025643,0.5156122263,0.29913453360000003,0.0017421603,0.0395687035,0.0017421657,0.0017421684,0.0017421685,0.0017421662000000001,0.0017421624000000001,0.0017421628,0.0017421603,0.0355544787,0.0944505831,0.0017421603,0.171115769,0.2406494204,0.0010986119,0.0010984127,0.4288286227,0.0010980083,0.0010988199,0.15501233520000002,1,0,0,0,0,0,0,0.18941580530000002,-0.2024671792,0.0608825141,-0.0477573331,0.1073900737,-0.1212852095,-0.0633448267,0.1670699349,0.0641140655,0.0486000959,0.015855475,0.0903210529,0.019870215,0.0486941299,-0.0368371724,-0.0034917299,-0.1150819745,-0.0290487808,-0.17993403970000002
/114/4.mp3,0.0007267442,0.0007267444,0.0007267459,0.0007267443,0.0007267461,0.0007267442,0.0007267442,0.0285771878,0.0007267442,0.7846216768000001,0.0270913399,0.15098886050000002,0.0007267443,0.0007267443,0.0007267447,0.0007267443,0.3473038553,0.2564108034,0.0008210181,0.38725412340000004,0.0008210205000000001,0.0008210218000000001,0.0008210218000000001,0.0008210207,0.0008210191,0.0008210192,0.0008210181,0.0008210209,0.0008210197,0.0008210181,0.1051922064,0.1745527205,0.0005070452,0.2392761874,0.2687199383,0.0005069442,0.080964435,0.130280523,1,0,0,0,0,0,0,0.2477546609,-0.3070651984,0.062352668400000005,0.0027540741,0.2125919994,-0.21607869100000002,-0.36477152420000003,0.17969858090000002,0.0424338338,0.0811028787,-0.15227685770000002,0.0897383668,0.09517665980000001,0.0641518069,-0.16362511670000002,0.0125827588,-0.1194749804,0.0673721228,-0.30715178790000003
/114/5.mp3,0.0009469697,0.0009469699000000001,0.0009469698,0.0009469698,0.0009469698,0.0009469697,0.0009469697,0.0009469711,0.0009469697,0.6093311121,0.056538861700000005,0.2147643517,0.0009469703,0.0009469699000000001,0.0009469697,0.10800203530000001,0.0010822587,0.6338947420000001,0.0010822511,0.0010822548,0.3531182129,0.001082256,0.001082256,0.0010822546000000001,0.0010822524,0.0010822526000000001,0.0010822511,0.0010822540000000002,0.0010822529,0.0010822511,0.0006583240000000001,0.291486389,0.36266490830000003,0.0006590272,0.0006588022000000001,0.0951878074,0.0006585291000000001,0.2480262127,0,0,0,0,0,1,0,0.1376605526,0.0356628765,0.0204183046,0.045157097300000004,0.1106300213,0.0464147804,-0.059122333900000004,0.0434012909,0.0388206391,0.0149489579,0.0531879664,-0.0156561317,0.0235277012,0.060128302,0.048745062900000004,0.007922703,-0.0652793659,-0.0370205038,0.0851486805
/114/1.mp3,0.0012500005,0.3100147761,0.0012500003000000001,0.0012500015,0.0012500018,0.038343513100000004,0.0012500006,0.00125,0.0220525373,0.13671812360000002,0.00125,0.2508453795,0.12348769130000001,0.00125,0.1072879739,0.0012500005,0.7613841432,0.0636345797,0.0013227513000000002,0.0013227565,0.16043097950000001,0.0013227579,0.0013227579,0.0013227559,0.0013227531000000001,0.0013227535,0.0013227513000000002,0.0013227553,0.0013227537,0.0013227513000000002,0.1325976398,0.0008189487,0.0008183762000000001,0.39786758380000004,0.0008185123000000001,0.2204835772,0.0008186339,0.24577672820000002,0,0,0,0,0,1,0,-0.0486164388,-0.0351048869,-0.040367449900000005,-0.0612480233,0.045235205800000004,0.0503557395,0.0621088589,-0.0864952142,-0.07958613540000001,-0.1078318322,-0.20650980570000002,-0.1205746644,-0.17546080460000002,-0.055080369600000005,0.059910239100000005,0.0588225496,0.10207001110000001,-0.1721946506,-0.0516916753
/114/2.mp3,0.00044964040000000004,0.00044964040000000004,0.0004496403,0.0004496403,0.0004496403,0.0004496403,0.0596424231,0.0004496403,0.7884750644,0.00044964040000000004,0.0004496403,0.00044964040000000004,0.06524782550000001,0.0004496403,0.0004496411,0.08123900220000001,0.0005065882,0.9441880982,0.0005065856,0.0005065874,0.0005065869,0.0005065877,0.0005065876000000001,0.0005065870000000001,0.049732860600000005,0.0005065863,0.0005065856,0.0005065868,0.0005065863,0.0005065856,0.0003096736,0.1000305187,0.0047580994,0.0003099872,0.1852126521,0.054473868,0.1123372619,0.542567939,0,0,0,0,0,1,0,-0.1646092537,0.0903154059,-0.0225183912,-0.1233077998,-0.21645607860000002,-0.1495636532,-0.1034150335,-0.0152137841,-0.1782028703,-0.1541373782,0.1203060264,-0.1481974675,-0.2620858954,-0.0377202023,0.059521657000000006,0.023278513100000002,-0.0841658987,-0.2297699349,0.13300815230000002
/114/3.mp3,0.0015625002000000002,0.0015625001000000001,0.0015625006,0.0015625006,0.0015625001000000001,0.0015624999999999999,0.1042038701,0.0015625083,0.3919710503,0.0015625002000000002,0.0015625014000000001,0.0015625002000000002,0.0015625011,0.0015625009,0.37406836120000003,0.11100670480000001,0.0016611383,0.5975778161,0.0016611296000000001,0.0016611355,0.0016611338,0.0016611366000000001,0.0016611363,0.0016611341000000001,0.0016611314,0.001661132,0.0016611296000000001,0.3824885852,0.0016611319,0.0016611296000000001,0.0010251338,0.0010258461,0.8731977683000001,0.0010261403000000001,0.0605493894,0.0611237737,0.0010255758,0.0010263726,0,0,0,0,0,1,0,-0.009666419800000001,-0.1915934763,0.07535982670000001,0.013756380700000001,-0.0592301224,-0.2671414147,-0.1871208225,-0.0042880938,0.0694292553,0.0358390556,0.0472563804,-0.0692868061,-0.1542061545,-0.0174129505,-0.0076940999,0.0244846973,-0.0346700678,-0.2243575553,0.0153091591
/47/7.mp3,0.0006510417,0.4143918977,0.0006510417,0.48972031320000003,0.0006510417,0.0874242462,0.0006510417,0.0006510419,0.0006510417,0.0006510417,0.0006510425000000001,0.0006510417,0.0006510417,0.0006510417,0.0006510417,0.0006510417,0.8007853768000001,0.0007440519,0.0007440476000000001,0.0007440496,0.1902860308,0.0007440503,0.0007440504,0.0007440497,0.0007440484,0.0007440484,0.0007440476000000001,0.0007440514,0.0007440495,0.0007440476000000001,0.0004566217,0.0620912448,0.00045706230000000004,0.0004570329,0.151424996,0.7672730927,0.0173828726,0.000457077,0,1,0,0,0,0,0,0.0647990054,-0.2276986691,-0.1824688023,0.121255526,0.038176541200000004,-0.2791211819,-0.352292115,-0.0310566383,0.042043718300000005,0.0698431622,-0.3357218976,-0.0098166771,0.0426564888,-0.0346767388,-0.1718055067,0.0286760749,-0.0379986952,-0.1426061622,-0.3973496694
/47/6.mp3,0.0012254902,0.0465718969,0.0012254902,0.0012254902,0.0012254902,0.0012254902,0.0012254902,0.4609779395,0.0012254902,0.0012254902,0.47651879090000004,0.0012254902,0.0012254902,0.0012254902,0.0012254902,0.0012254902,0.3524799172,0.0013736331,0.0013736264,0.0256671604,0.1355765015,0.0286243114,0.0626211632,0.16931895630000002,0.044316093300000005,0.0505945407,0.0013736264,0.0652582053,0.0600486384,0.0013736264,0.4733965795,0.0008462608,0.1630376758,0.0008462385,0.2380375565,0.0008458849000000001,0.0008458523,0.12214395160000001,0,1,0,0,0,0,0,-0.0033753334,-0.19434541160000002,-0.2684761663,-0.24965832030000001,-0.0381511127,-0.2107696402,-0.1470883945,-0.20667459130000002,-0.2864902925,-0.22557838530000002,-0.4140246231,0.0479305856,-0.010405726,-0.0494536885,0.0328967102,-0.0268215904,0.0417155632,-0.10783592730000001,-0.5388908946000001
/47/4.mp3,0.0014534895,0.5034837344,0.0014534886,0.0014534884,0.0014534887,0.0014534885000000001,0.0014534893,0.0483385262,0.0014534885000000001,0.035673164300000004,0.3146859554,0.0818302415,0.0014534910000000001,0.0014534884,0.0014534884,0.0014534891000000001,0.1704794011,0.0014881067000000001,0.0014880952000000001,0.0014881005,0.3268872989,0.28472550010000003,0.0014881024,0.0014881004000000001,0.0014880972000000001,0.0014880975,0.0014880952000000001,0.2030268117,0.0014880979,0.0014880952000000001,0.0009271986,0.06971882410000001,0.4086833415,0.0009276825,0.131465672,0.1772216081,0.2101280636,0.0009276097,1,0,0,0,0,0,0,0.322862378,-0.39157634080000003,-0.0345742587,0.3601182609,0.3557939277,-0.37863622290000004,-0.278389245,0.2524022235,0.26489771700000003,0.2503283974,-0.1996590426,0.1835574958,0.24276970990000002,-0.0380635816,-0.20964273120000002,0.1031267782,0.0347434104,-0.1654439507,-0.34230218300000004
/47/5.mp3,0.0007022472,0.0007022473,0.0007022473,0.0007022474000000001,0.2680151831,0.0007022472,0.0120178495,0.017079614700000002,0.0007022473,0.0007022478,0.0007022474000000001,0.5259889218,0.1691737101,0.0007022473,0.0007022472,0.0007022473,0.3898869594,0.0007598841,0.0007598784,0.0806791759,0.0007598805000000001,0.3016181948,0.019984914200000002,0.0007598805000000001,0.2009918302,0.0007598795,0.0007598784,0.0007598844,0.0007598812000000001,0.0007598784,0.0004668345,0.1748959802,0.23427970420000002,0.00046720720000000004,0.43172113700000003,0.00046736140000000004,0.0004673081,0.1572344674,0,0,0,0,0,1,0,-0.294269073,-0.0237840413,-0.2495589829,-0.1534431145,-0.20553507470000001,-0.3071510102,-0.15043445860000002,-0.1906078519,-0.30789427070000003,-0.3524143769,0.1115587002,-0.18464058690000001,-0.2568997301,-0.1463857965,-0.1151199356,-0.23193856410000002,-0.1798276393,-0.1816741742,-0.17862949620000002
/47/1.mp3,0.00625,0.0062500017000000005,0.00625,0.1065826641,0.00625,0.0062500002,0.00625,0.0062500001,0.00625,0.00625,0.8059173339,0.0062500001,0.00625,0.00625,0.00625,0.00625,0.0064935925,0.9155841354,0.0064935065,0.0064935278,0.006493530700000001,0.0064935398,0.0064935416000000004,0.0064935332,0.0064935159,0.0064935159,0.0064935065,0.0064935277000000005,0.00649352,0.0064935065,0.9449316665,0.0043133431,0.0043139462,0.0043157719,0.0043137727,0.029180944900000002,0.0043155788,0.0043149758,0,0,0,1,0,0,0,-0.14999011,0.2897691691,-0.12592984940000002,-0.2619985691,-0.2682016054,0.1269725975,-0.001406064,-0.3124140878,-0.4190761374,-0.4316027874,-0.0111192989,-0.428260434,-0.4687667386,-0.41047496250000004,-0.2072472086,-0.2691838214,-0.1311377241,-0.3920827525,0.1147555215
/47/2.mp3,0.11506543030000001,0.0008333337,0.0967906026,0.0008333347,0.0141149039,0.0008333334,0.0008333334,0.3802411049,0.0008333334,0.0008333335000000001,0.044818318100000004,0.0008333356,0.0008333335000000001,0.29143807990000004,0.0008333334,0.050031555500000005,0.0008818417,0.30781164580000003,0.0008818342,0.0008818371,0.0008818371,0.6675549194,0.0008818385000000001,0.0008818374,0.0149332321,0.0008818355,0.0008818342,0.0008818368,0.0008818358,0.0008818342,0.19826425120000002,0.0005398606000000001,0.0005397599,0.339312779,0.060310239,0.0521247673,0.3483685976,0.0005397455000000001,0,0,0,0,0,1,0,0.028604714000000003,-0.2871997694,-0.0116425724,0.1466350784,0.1954262118,-0.2147433991,-0.2225183085,0.1829581563,0.0576483438,0.0284546058,-0.1266622075,-0.0264924555,0.0222801793,-0.0477110602,-0.18087109440000002,-0.0301038126,0.0659636743,-0.1687133208,-0.11642568930000001
/47/3.mp3,0.0034722225000000002,0.17981467140000001,0.0034722226000000003,0.0034722222,0.1649749633,0.0034722224,0.0034722224,0.0034722223,0.0034722223,0.0034722228000000003,0.1342775594,0.4792661307,0.0034722274,0.0034722222,0.0034722223,0.0034722237,0.0037594424,0.9511276748,0.0037593985000000003,0.0037594113,0.0037594104,0.0037594161000000003,0.0037594164,0.0037594115,0.0037594032,0.0037594039,0.0037593985000000003,0.0037594093,0.0037594051,0.0037593985000000003,0.0024054945,0.2892663037,0.5089973750000001,0.0024079596,0.1617518719,0.0303568409,0.0024065973,0.0024075571,0,0,0,0,0,0,1,-0.0522155308,0.0845505391,0.0977609516,-0.0315504199,0.1369458073,-0.18428483850000002,-0.22022932550000002,0.2416273427,0.0885063152,0.0455228368,0.1050797375,-0.16959020700000002,0.027057596000000003,-0.1698259378,-0.1559276588,-0.0714870253,-0.0704153191,-0.1283356836,0.0455189916
/113/7.mp3,0.0008223687,0.0008223685,0.0996739293,0.0298469022,0.09882358100000001,0.0539509083,0.0008223684,0.0008223701,0.3349753432,0.0008223685,0.0008223687,0.0362896099,0.0008223687,0.0008223687,0.33903840700000004,0.0008223685,0.0008710866000000001,0.153333404,0.0008710801,0.0008710832,0.2501305809,0.0008710842,0.32826509130000003,0.0008710831000000001,0.0292344202,0.1520312647,0.0008710801,0.0008710826,0.08003657880000001,0.0008710801,0.0005369871,0.5674278317,0.0005374953,0.1070782916,0.0005374594,0.0005375456,0.14341664240000002,0.179927747,0,0,0,0,0,1,0,-0.22050427050000002,-0.2863246063,-0.1567200182,0.0380201246,-0.2802345926,-0.148841316,0.0053877628,-0.36116461920000004,0.0269281882,0.0336520625,-0.1086723301,0.1069635347,0.0538014141,0.1046531052,0.0704459432,0.057842535,-0.0323800605,0.1505729106,-0.4078174901
/113/6.mp3,0.1546902772,0.09429230200000001,0.0009469707,0.0484548349,0.0009469714,0.0009469697,0.0009469701,0.0009469697,0.0009469698,0.0639453779,0.0009469697,0.2162548222,0.12018794290000001,0.0326526969,0.0886998732,0.1741930815,0.7252969975,0.2620979329,0.0010504202000000001,0.0010504238,0.0010504234000000001,0.001050425,0.001050425,0.0010504237,0.0010504215000000001,0.0010504217,0.0010504202000000001,0.0010504231,0.001050422,0.0010504202000000001,0.0742906774,0.0230085578,0.0006455628,0.43938019980000004,0.0006455457,0.4168524502,0.0006457943,0.044531212,0,0,0,0,0,1,0,-0.0479906076,-0.1105802859,0.0962735802,-0.0709443327,-0.0991417124,-0.2256048814,-0.1100640992,-0.1550027473,0.0269281882,-0.0162839486,-0.0200182097,0.0768418312,0.0552580554,0.035530772,0.0301172257,0.0019992202,-0.056359347000000004,-0.017604705800000002,-0.2607747655
/113/4.mp3,0.000919118,0.0009191182000000001,0.0009191202,0.0009191178000000001,0.0606162919,0.0009191177,0.0009191179,0.0009191177,0.0009191177,0.807450046,0.013923933400000001,0.0519997772,0.0009191205,0.0009191177,0.0558996501,0.0009191181,0.7309740076,0.0010352049,0.0010351967,0.0010352005,0.1483913539,0.0010352016000000001,0.0010352016000000001,0.0010352002,0.001035198,0.1092474435,0.0010351967,0.0010351997000000001,0.0010351985,0.0010351967,0.0006421396,0.1031520257,0.117382392,0.09976443400000001,0.0006419564,0.6722535642,0.0055215498,0.0006419384,0,0,0,0,1,0,0,-0.3323446122,-0.11166880700000001,0.0043617872,-0.2379552375,-0.1314080248,0.1058403048,0.1293342982,-0.3842523158,-0.351984169,-0.3264768507,-0.1847805147,-0.1157074614,-0.20412166,-0.1460081057,-0.0486956653,-0.0234282678,-0.10340918730000001,0.0154549996,-0.3749970579
/113/5.mp3,0.5599170683,0.0017361111,0.0347516301,0.0017361111,0.0017361129,0.0017361111,0.0017361111,0.0017361111,0.0017361111,0.0017361111,0.0017361111,0.0017361111,0.19639099070000002,0.0017361111,0.1881069753,0.0017361114000000002,0.0015528015,0.8255128463,0.001552795,0.0015528007,0.1558535759,0.0015528013,0.0015528009,0.0015527988,0.0015527966000000002,0.0015527973,0.001552795,0.0015527986,0.001552797,0.001552795,0.0009476146,0.3675559147,0.6267548534,0.0009480211,0.0009486037,0.0009483173000000001,0.0009480817,0.0009485935,0,0,0,0,0,0,1,-0.1617891113,0.0589494682,0.049344647400000004,-0.2844377296,-0.34048030290000003,0.0661852939,0.0231977174,-0.0423113078,-0.0006145704000000001,-0.2391785066,-0.0935951524,-0.2534088286,-0.2319943211,-0.109931625,0.0393612224,-0.11627749150000001,-0.1196508864,-0.2768880626,0.0169091863
/113/1.mp3,0.0020833334000000003,0.0020833339,0.0020833334000000003,0.6180335581,0.0020833334000000003,0.0712050624,0.0020833333000000002,0.1860205006,0.0020833334000000003,0.0020833334000000003,0.0997408775,0.0020833334000000003,0.0020833334000000003,0.0020833335,0.0020833334000000003,0.0020833335,0.7040766638,0.0023809648,0.0023809524,0.0023809576,0.0023809588,0.002380961,0.2673518539,0.0023809594,0.0023809548,0.0023809547,0.0023809524,0.0023809579000000003,0.0023809562,0.0023809524,0.0014893488,0.0014924551,0.0014903839000000002,0.2299139244,0.23091452280000002,0.5317188375,0.0014900424000000002,0.0014904852,0,1,0,0,0,0,0,-0.0232168259,-0.0853140919,0.026505460300000002,-0.1176245833,-0.0340351379,0.018739885,-0.056841607100000004,-0.0431178417,-0.0013540962,-0.043576356100000005,-0.1414178828,-0.2937317217,-0.2436110465,-0.1833597088,-0.34100621140000004,-0.0588253507,0.0076480014,-0.2486894908,-0.3200024185
/113/2.mp3,0.0026041668,0.002604168,0.002604167,0.2319460475,0.0026041668,0.0914872707,0.0026041667,0.0026041683,0.0026041668,0.002604167,0.3270486215,0.002604167,0.002604167,0.0469264671,0.0026041669,0.2739457549,0.7666860939,0.0029762062,0.0029761905000000003,0.0029761971,0.0029761985,0.15182613820000002,0.0029762020000000003,0.0029761994000000003,0.0029761937,0.0487496072,0.0029761905000000003,0.0029761974,0.002976195,0.0029761905000000003,0.0018670012000000001,0.1170775114,0.0018692253,0.49161388720000004,0.001869224,0.08797988600000001,0.0018679661,0.2958552988,1,0,0,0,0,0,0,-0.0581251936,0.0589494682,-0.057425712000000004,-0.0592858694,0.007793098500000001,-0.0105515165,-0.27968630980000003,-0.0271608736,0.0269281882,0.0040980064000000005,-0.029501036100000003,-0.1715103517,-0.1379242428,-0.09637204070000001,-0.1702665628,-0.0533436874,-0.0011548787,-0.1962012535,-0.3195947833
/113/3.mp3,0.0024038462,0.5549436173,0.0024038462,0.41140252050000004,0.0024038508,0.0024038462,0.0024038462,0.0024038526,0.0024038462,0.0024038462,0.0024038496,0.0024038463,0.0024038462,0.002403847,0.0024038463,0.0024038462,0.3684913838,0.59854151,0.0027472527,0.0027472622,0.0027472614,0.0027472656000000002,0.0027472657000000003,0.0027472621,0.0027472562,0.0027472567000000002,0.0027472527,0.0027472606000000003,0.0027472576,0.0027472527,0.3795728567,0.0017644082000000001,0.0017634548,0.35499036780000004,0.1105968833,0.0017623899000000001,0.1477859327,0.0017637066,0,0,0,1,0,0,0,-0.5042480998000001,-0.1378583448,-0.1282192267,-0.1489217219,-0.2166374232,-0.0021749426000000002,-0.3195292894,-0.0583991834,-0.2860712066,-0.2301858624,0.0367723144,-0.37870618570000003,-0.251803054,-0.2596355877,-0.0653399678,-0.1458055995,-0.0119255726,-0.3664176089,0.0483935447
/78/7.mp3,0.0021551724,0.0507701481,0.0021551726,0.0021551725,0.0021551724,0.0021551726,0.0021551724,0.85239597,0.0021551724,0.0021551726,0.0021551783,0.037044339,0.0021551725,0.0339274673,0.0021551724,0.0021551724,0.0023809697,0.6336236213,0.0023809524,0.0023809606,0.0023809596,0.33780488140000003,0.0023809634,0.0023809603,0.0023809554000000003,0.0023809558,0.0023809524,0.002380959,0.0023809564,0.0023809524,0.1163580295,0.10347206910000001,0.3021898072,0.0014901538,0.0014910101000000001,0.0510021786,0.2368653927,0.18713135900000002,0,0,0,0,0,0,1,0.0899264343,-0.0984321573,-0.36559636910000004,-0.1394696258,0.0070010346,-0.1278475671,0.019325515,-0.0875896149,-0.21152311270000002,-0.059502410400000004,-0.2680715066,-0.2752592953,-0.0179260265,-0.0633459208,-0.0807965583,-0.1216013788,-0.0233953252,-0.344602888,0.0372072663
/78/6.mp3,0.0019531256,0.0019531265,0.0019531256,0.0019531253,0.0019531255,0.5744984459,0.0019531253,0.001953128,0.0019531252,0.001953126,0.3981577831,0.0019531261,0.0019531341,0.0019531253,0.0019531251,0.0019531276,0.7629242768000001,0.15954526600000002,0.0022321429,0.0529768309,0.0022321498,0.0022321535,0.0022321535,0.0022321503,0.0022321457000000003,0.0022321463,0.0022321429,0.0022321511,0.0022321474,0.0022321429,0.0013898925,0.2434443252,0.0013917570000000002,0.45815441090000003,0.2914457241,0.0013914734,0.0013906147,0.0013918021,0,1,0,0,0,0,0,-0.159940574,0.0356770334,-0.3751175377,-0.121287793,0.1224199521,-0.044811297,0.006559025600000001,-0.0030481596,-0.40685924370000004,-0.3795046608,-0.1992758739,-0.4462248098,-0.22732546320000002,-0.2695152692,-0.2259535516,-0.2728631702,-0.0963668673,-0.4067858637,-0.0275561748
/78/4.mp3,0.0010245907,0.0010245907,0.0153175533,0.0010245912000000001,0.0010245906000000001,0.0010245903,0.0010245902,0.06895499220000001,0.0010245902,0.0010245903,0.014004749200000001,0.18076089310000001,0.3935841993,0.0010245902,0.0010245903,0.31713170820000003,0.6759625941,0.24196634890000002,0.0010504202000000001,0.0010504238,0.0010504234000000001,0.0705164124,0.001050425,0.0010504237,0.0010504215000000001,0.0010504217,0.0010504202000000001,0.0010504231,0.001050422,0.0010504202000000001,0.2736854288,0.0006487986,0.0006485975000000001,0.0006488565,0.000648681,0.7224221736,0.000648838,0.000648626,0,1,0,0,0,0,0,-0.0380950753,-0.28069476860000003,-0.1584668635,0.016586473100000002,-0.0168042969,-0.3038737828,-0.2384876491,0.0503641426,0.0926273221,0.14602045660000001,0.0214225723,-0.0461900945,-0.058607838200000005,-0.050127161,-0.1324980992,-0.1235083084,-0.012721215400000001,-0.19566586290000001,0.0459268896
/78/5.mp3,0.0031250001,0.0031250014000000002,0.0031250003000000003,0.0031250015000000003,0.0031250001,0.0031250002000000002,0.0031249999999999997,0.0031250001,0.0031250001,0.7000376998000001,0.10367011620000001,0.0031250003000000003,0.0031250003000000003,0.1556671789,0.0031250001,0.0031250006,0.0031056076,0.9596272347,0.0031055901,0.0031056012,0.0031055982000000003,0.0031056059000000003,0.0031056029,0.0031055988,0.0031055935,0.0031055945000000003,0.0031055901,0.0031055978,0.0031055946,0.0031055901,0.0019852791,0.0019866904,0.8966171376000001,0.0019862681000000003,0.0019848889,0.0914690806,0.0019851547,0.0019855006,0,0,0,0,0,1,0,-0.1620684038,0.18406515780000002,-0.21484166000000002,-0.1737989093,-0.2367993988,0.22219273520000002,0.0363402561,-0.0020459365,-0.46800806980000004,-0.4027243319,0.17195568290000002,-0.32162443160000004,-0.5255094174,-0.20166149360000002,-0.017251505400000002,-0.13754378250000002,-0.057221208700000005,-0.22565873420000002,0.3831323327
/78/1.mp3,0.0010245902,0.0010245903,0.0010245902,0.0010245904,0.0010245902,0.0223711672,0.0010245902,0.7194683944,0.0010245902,0.0010245902,0.0010245902,0.0010245902,0.0010245902,0.016497023,0.0010245902,0.2293683327,0.6270037867,0.0011709707000000001,0.0011709602,0.0011709652,0.001170964,0.0011709663,0.14677848100000002,0.0011709643000000001,0.0011709618000000001,0.1924172052,0.0011709602,0.0011709650000000002,0.0220908893,0.0011709602,0.3196792154,0.0007195844,0.08489568260000001,0.0688606039,0.09142577980000001,0.36803609870000004,0.0656632365,0.0007197988000000001,0,0,0,0,0,0,1,-0.2121515511,-0.0506533859,-0.3300737025,-0.2751756034,-0.12061134300000001,-0.1914703634,-0.2211607129,-0.0549157267,-0.0984773568,-0.1468866586,-0.11063824600000001,-0.5403674930000001,-0.2046004113,-0.2883355624,0.07332838950000001,-0.4308814965,-0.3769299584,-0.3357625212,0.0547770403
/78/2.mp3,0.0237352482,0.0020161294,0.3155589445,0.0020161291000000002,0.0020161291000000002,0.0020161291000000002,0.002016129,0.1532840727,0.002016129,0.0540721511,0.4311721633,0.0020161291000000002,0.0020161291000000002,0.0020161291000000002,0.002016129,0.0020161292000000003,0.0020408325,0.9326074417,0.0020408163,0.0020408233,0.0429026992,0.0020408257000000003,0.0020408257000000003,0.0020408231000000002,0.0020408188,0.0020408193000000002,0.0020408163,0.0020408220000000003,0.0020408198,0.0020408163,0.3561410394,0.10887226970000001,0.1212275856,0.0012775846,0.0012776687,0.0443928757,0.0012781199,0.3655328563,0,0,0,0,0,0,1,0.0019998326,0.0537714451,-0.18007234400000002,0.0238822648,0.012218875700000001,-0.0031698247,0.0455528575,6.81138e-05,-0.062491494700000004,0.036357004000000005,-0.0559590972,-0.08466757350000001,0.0127643737,-0.11134874830000001,-0.145552962,-0.1001476739,-0.0131382232,-0.093641941,-0.0611620326
/78/3.mp3,0.1320922342,0.000618812,0.0006188121,0.0894567589,0.000618812,0.0006188119,0.0006188126,0.0006188135,0.4984863014,0.0006188122,0.0006188122,0.0006188119,0.0006188122,0.0006188121,0.057179365600000004,0.21597840540000002,0.6775432112,0.11725634,0.0006802721,0.0739273028,0.0006802738000000001,0.000680275,0.0138027115,0.0006802739,0.0006802728,0.0006802744000000001,0.0006802721,0.0412390328,0.0707892157,0.0006802721,0.0004156639,0.1409150228,0.00041606790000000004,0.0004160758,0.1072170825,0.3316700555,0.0473664886,0.371583543,0,0,0,0,1,0,0,-0.3511644517,0.054284125100000004,-0.2974297943,-0.0988286924,-0.1113108658,-0.0301036676,0.0943687552,-0.0321554812,-0.2516972501,-0.073906544,-0.2200258608,-0.0166498936,-0.2168833709,-0.045036131,0.058172332400000006,-0.11933875960000001,-0.22582864660000002,-0.0140119504,0.09757515180000001
/2/7.mp3,0.0009469699000000001,0.0009469698,0.0009469697,0.0009469697,0.0009469698,0.0009469697,0.9857954519000001,0.0009469697,0.0009469698,0.0009469709000000001,0.0009469697,0.0009469698,0.0009469703,0.0009469697,0.0009469697,0.0009469699000000001,0.07343589190000001,0.9135770662,0.0010822511,0.0010822547,0.0010822545000000001,0.0010822561,0.0010822562,0.0010822549,0.0010822525,0.0010822526000000001,0.0010822511,0.0010822542,0.001082253,0.0010822511,0.0006616291,0.0006617089,0.0006623405,0.0006624146,0.000662355,0.1737869555,0.0006619274,0.8222406691,0,0,1,0,0,0,0,-0.2906178735,0.0589494682,0.049344647400000004,-0.2561967481,-0.120492395,0.042482383900000004,0.0231977174,-0.1876912003,-0.2432924492,-0.2600090124,0.0331651362,-0.0709791967,-0.35905692370000003,-0.0208071453,0.06308672430000001,-0.1381114567,-0.1525671273,-0.11089924890000001,-0.0709752513
/2/6.mp3,0.1055073603,0.002403847,0.4860329772,0.0024038465,0.0024038466,0.0024038463,0.0024038462,0.0569288857,0.0024038463,0.0999012937,0.0477500623,0.0024038512,0.0024038485000000003,0.0902588399,0.0919859551,0.002403847,0.0026455265,0.6992500904000001,0.0026455026000000003,0.0026455114000000003,0.2690037885,0.0026455156,0.002645516,0.0026455126000000002,0.0026455062000000002,0.0026455064000000003,0.0026455026000000003,0.0026455107,0.0026455077000000003,0.0026455026000000003,0.0016460426000000001,0.10274431810000001,0.3706241474,0.0016474028000000001,0.39387130610000004,0.1261718849,0.0016469487,0.0016479494,0,1,0,0,0,0,0,0.1061340124,-0.13993699710000002,-0.0544582199,0.0837598834,0.1007094588,-0.2851703541,-0.1598265502,0.1026787176,0.23460265870000002,0.23112500400000002,0.0221213315,0.0181738511,0.1608130416,-0.0170052358,-0.0222565017,-0.0072011351000000005,0.0077622456,-0.0138901784,-0.164703501
/2/4.mp3,0.0017361126000000001,0.0017361115,0.1499211757,0.0017361111,0.0017361113000000001,0.0017361112,0.0017361112,0.0017361111,0.0017361112,0.1352707379,0.0017361111,0.2909825464,0.0017361142,0.0017361111,0.2845617722,0.12016654010000001,0.6140373355000001,0.0727709522,0.0015873016000000002,0.0015873079000000001,0.0015873063,0.0015873093,0.0015873091,0.0015873067000000002,0.0015873036,0.0015873053000000001,0.0015873016000000002,0.0015873061,0.2957313532,0.0015873016000000002,0.0009930467,0.284039932,0.0009941140000000002,0.4091059094,0.1140283753,0.18885065510000001,0.0009941694,0.0009937981,0,0,1,0,0,0,0,-0.15273739690000002,-0.1221943302,-0.013898613800000001,-0.22570117050000002,-0.1983415865,-0.06331599410000001,-0.0526262326,-0.0288006916,-0.0497652946,-0.0522356012,0.0535122819,-0.1900178119,-0.16794492390000001,-0.1439421088,0.0640293498,-0.2404893478,-0.2136062061,-0.2117943326,0.1394790481
/2/5.mp3,0.0008012836000000001,0.0008012822,0.5277531224,0.0008012826,0.0008012822,0.0008012821,0.0008012822,0.0008012821,0.041506051100000003,0.0008012833000000001,0.0008012821,0.0008012831,0.1032214662,0.0008012821,0.1871016707,0.1316035823,0.2788049814,0.7114547378,0.0008116883000000001,0.000811691,0.0008116908000000001,0.000811692,0.0008116921000000001,0.000811691,0.0008116893,0.0008116895,0.0008116883000000001,0.0008116906,0.0008116897,0.0008116883000000001,0.0005005873,0.000500973,0.0369185521,0.1521867563,0.28187173050000003,0.0167132437,0.16321608640000002,0.3480920706,0,0,1,0,0,0,0,-0.06521311,-0.08944124240000001,0.027311021100000003,-0.20898443500000002,-0.0626275073,-0.0693741294,-0.1674773665,0.0512172294,-0.194549926,-0.1741559338,0.12488147170000001,0.0119318562,0.0132379898,0.0416327723,0.0014987745,-0.0152562748,-0.1147324936,0.1103483885,0.0795542194
/2/1.mp3,0.0015243903000000001,0.0015243902,0.0015243903000000001,0.5625190108,0.0015243903000000001,0.0015243902,0.0322125874,0.0015243903000000001,0.0258849181,0.0015243902,0.0015243902,0.0015243902,0.0015243907,0.0015243902,0.3433998022,0.0192153883,0.0863458408,0.7731818566,0.0014005602,0.0014005652,0.0014005639000000002,0.0835859604,0.001400566,0.0014005641,0.0014005618,0.0014005640000000002,0.0014005602,0.0428807111,0.0014005654,0.0014005602,0.0008810498,0.2144196518,0.4117914024,0.0008812078,0.241456941,0.0008811249,0.1288069369,0.0008816854,0,1,0,0,0,0,0,0.0929826432,0.0292680081,-0.0878533429,-0.0685287386,-0.0068426907,-0.1279884265,-0.1031357823,0.0397201689,-0.0669307487,0.0104834388,0.0638965802,-0.1489975335,-0.0524130198,-0.07385954800000001,-0.1385050491,-0.0891014918,-0.062099949,-0.1332261234,-0.019969956
/2/2.mp3,0.0027173914,0.5065328506,0.0027173914,0.0027173913,0.1216095969,0.0027173914,0.0027173913,0.0027173913,0.0027173913,0.0027173915,0.0027173945,0.3365314601,0.0027173926,0.0027173913,0.0027173914,0.0027173917000000002,0.790255271,0.0027472720000000003,0.0027472527,0.0027472615,0.002747261,0.0027472649,0.1767776193,0.0027472617,0.002747256,0.0027472564,0.0027472527,0.0027472602,0.0027472576,0.0027472527,0.001714411,0.0017165353,0.1246898124,0.23478838400000002,0.6319435923,0.0017148461000000002,0.0017167325,0.0017156863,0,1,0,0,0,0,0,0.0014510568,-0.0355839026,-0.0532246111,-0.0393672745,0.0239910059,-0.1131404399,-0.1127639586,-0.046116466200000004,0.0247153131,-0.0665655816,-0.0381430076,0.0002079936,-0.0100129191,-0.0085134965,-0.0872452754,0.0104599558,0.049382143,-0.040488228800000005,-0.0638120971
/2/3.mp3,0.0027173915,0.0027173924,0.0027173917000000002,0.0027173927,0.0027173915,0.0027173915,0.0027173914,0.0027173957000000003,0.0027173914,0.0027173918000000003,0.1666311294,0.7953253808,0.0027173929,0.0027173918000000003,0.0027173915,0.0027173921,0.24182297830000002,0.0028571662,0.0028571429,0.0028571536,0.0028571523,0.7238912172,0.0028571572,0.0028571531,0.0028571467000000003,0.0028571473,0.0028571429,0.0028571515000000002,0.0028571481,0.0028571429,0.0017876301000000002,0.184585134,0.1041173803,0.0017889431000000001,0.4022576584,0.1035702044,0.20010379990000002,0.0017892498,0,0,0,0,0,0,1,0.0014831292,0.0991848827,-0.0242592958,0.0098371779,-0.0568767047,-0.0276290163,0.0062552484,0.016858290800000002,0.0075232514,-0.0319341797,0.0947178509,0.0185550248,-0.0181179782,-0.1023473305,-0.07291463370000001,-0.1450126445,-0.289392028,0.049459396600000004,-0.0013033082
/13/7.mp3,0.0014204546,0.0014204546,0.0014204547,0.0014204545,0.1154134498,0.0014204545,0.0014204546,0.0014204545,0.0014204546,0.0371706667,0.0014204545,0.21871165080000002,0.0014204548,0.0014204545,0.042195368600000005,0.5708838636,0.7308982878,0.0015873144,0.0015873016000000002,0.0015873075,0.0015873066000000001,0.2500540442,0.0015873093,0.0015873071,0.0015873037,0.0015873041000000001,0.0015873016000000002,0.0015873062,0.0015873044,0.0015873016000000002,0.0009930935,0.21334746240000002,0.0009938683,0.12264451230000001,0.0009938392000000001,0.6590390054,0.0009944532,0.0009937657,0,0,1,0,0,0,0,0.0194378986,0.057247888000000004,0.11636521050000001,-0.0367330391,0.0163911976,-0.015800801700000002,-0.10102874070000001,0.013860359400000001,-0.0259243447,0.030754440900000003,0.08322354530000001,0.0789783737,0.044636525,0.0179863694,0.029051615700000002,-0.0039212825000000005,-0.015689646300000002,0.1534886645,0.2133607493
/13/6.mp3,0.0008802817,0.0008802818000000001,0.0008802817,0.3344164855,0.0008802819,0.0008802817,0.5708005561,0.0008802822,0.0008802828000000001,0.0008802817,0.0008802818000000001,0.0008802817,0.052938415100000004,0.0312811608,0.0008802817,0.0008802818000000001,0.4950390437,0.49337791950000004,0.0009652510000000001,0.0009652542,0.0009652539,0.0009652554000000001,0.0009652554000000001,0.0009652542,0.0009652521,0.0009652523,0.0009652510000000001,0.0009652537,0.0009652526,0.0009652510000000001,0.0005927268000000001,0.0005930497,0.000593594,0.3791327189,0.0005934199000000001,0.4878481301,0.0005929562,0.13005340440000002,0,0,0,0,1,0,0,0.0202154325,0.0759314499,-0.1578938108,-0.0199532664,-0.0401590711,-0.13872367100000002,0.0054157661,-0.0423113078,-0.0860839826,0.0040980064000000005,0.0331651362,0.0088092197,0.0453014858,-0.10587572240000001,-0.08544613620000001,-0.0430410473,-0.1179087993,-0.1138425488,0.09437097450000001
/13/4.mp3,0.0013888890000000001,0.0013888889,0.0013888894,0.0013888889,0.0013888890000000001,0.0013888889,0.0013888889,0.0013888889,0.0013888889,0.8245315372,0.0013888889,0.0606651828,0.0013888889,0.0013888889,0.09674772370000001,0.0013888889,0.5723447127,0.0015873156000000002,0.0015873016000000002,0.1491247889,0.0015873063,0.26107013430000003,0.0015873091,0.0015873067000000002,0.0015873036,0.0015873059,0.0015873016000000002,0.0015873062,0.0015873059,0.0015873016000000002,0.0009770835,0.0009776299000000001,0.47950476620000004,0.2198751357,0.0009782835,0.0009775857,0.0009773773,0.2957321383,0,0,1,0,0,0,0,-0.053654300200000005,0.0166546007,-0.0128167663,-0.0322913357,0.0645705962,0.08437678800000001,0.09611525400000001,0.191287741,-0.1034045271,0.014937604,0.0395212725,0.116041084,0.1352420471,0.07663382540000001,0.0351384202,0.025017674700000003,-0.0172587497,0.0977521754,-0.0074861182
/13/5.mp3,0.0009615385,0.0009615385,0.0009615385,0.0301519728,0.0009615385,0.0009615385,0.0009615385,0.5877952573,0.0009615385,0.0009615385,0.36955276930000003,0.0009615385,0.0009615388,0.0009615386,0.0009615385,0.0009615385,0.0010352030000000002,0.31817518300000003,0.0010351967,0.0010352003000000001,0.1839353384,0.0010352012,0.4865022902,0.0010351998,0.0010351979,0.0010351982,0.0010351967,0.0010351994,0.0010351984000000001,0.0010351967,0.0006382677,0.2558439932,0.2253580261,0.0006386932,0.0006388924,0.0006384673,0.0006386213,0.5156050388,0,0,0,1,0,0,0,-0.0024970102,0.054536339600000004,0.18155128980000002,-0.0399435015,0.1063257945,-0.0830958785,-0.2267348077,0.1224072727,-0.19318500100000002,-0.10624468840000001,0.034558489500000004,-0.1147467635,0.0151505766,0.0062599454,-0.0463533021,-0.1158204609,-0.11209031480000001,-0.0091964494,0.0332180945
/13/1.mp3,0.0006944448000000001,0.0006944449,0.0344643222,0.0006944446,0.0006944445000000001,0.0123341831,0.0006944444,0.0006944463,0.0006944444,0.2616214255,0.0006944467000000001,0.5720405085,0.0006944446,0.0006944446,0.0608116209,0.0517834899,0.4089265292,0.0007598838,0.0007598784,0.2408917321,0.0007598802000000001,0.3418230565,0.0007598812000000001,0.0007598803,0.0007598792,0.0007598811,0.0007598784,0.0007598801,0.0007598811,0.0007598784,0.0004667437,0.1305503111,0.4833364478,0.00046730290000000004,0.3048383467,0.079406563,0.0004670039,0.00046728100000000005,0,0,0,0,0,0,1,-0.0459825205,-0.3814061374,-0.12094313400000001,-0.0036600178,0.011876813200000001,-0.1807114146,0.0535090757,0.1344620818,0.1543800891,-0.0008910919,-0.2092843735,0.0643995588,0.11871620590000001,0.0338654295,-0.0916795317,-0.0214029536,-0.0041530752,0.1146834099,-0.2610637822
/13/2.mp3,0.0005081301,0.0005081301,0.0005081301,0.0005081303,0.012493237400000001,0.0005081301,0.391027928,0.1237246456,0.22418926860000002,0.0005081301,0.0005081301,0.0005081301,0.24297548900000002,0.0005081301,0.0005081301,0.0005081303,0.0005494546,0.3427874086,0.0005494505,0.057677953000000004,0.057768298600000004,0.0005494529000000001,0.1340407965,0.0351862503,0.009049423000000001,0.0654957538,0.0005494505,0.2824159582,0.0128308988,0.0005494505,0.2846545719,0.0003329554,0.1353982656,0.1804237233,0.00033305220000000004,0.0755793563,0.0003329218,0.3229451534,0,0,0,0,0,1,0,-0.0985182914,0.2099493386,0.0012901240000000001,-0.146416754,-0.0300760661,0.2739914372,0.11301832170000001,-0.0090891971,-0.26498499540000003,-0.123297578,0.044849145900000005,0.0656442314,-0.0016910312,0.0689548657,0.1306691753,-0.004619889,-0.1295017251,0.029237243000000003,0.0140367618
/13/3.mp3,0.2349953162,0.0036764721,0.0036764727000000003,0.0036764736,0.0036764728000000003,0.0036764708,0.0036764716,0.0507585944,0.003676471,0.0036764737000000002,0.003676472,0.1253839347,0.26522078120000003,0.0036764715000000003,0.283200179,0.0036764726000000003,0.1866392553,0.7657415877,0.003968254,0.0039682674,0.0039682671,0.0039682730000000005,0.0039682735,0.0039682683,0.0039682592,0.0039682597,0.003968254,0.0039682657,0.0039682613,0.003968254,0.0025011238,0.0025018028000000003,0.7414570913,0.0025049969,0.2435206997,0.0025071761,0.0025022928,0.0025048164,0,1,0,0,0,0,0,0.0868202835,0.0914160789,-0.002714629,-0.022788195,0.0477655894,0.1414205983,-0.0135135253,0.0015104289,-0.0910894714,-0.0014817141000000001,0.0723409173,-0.1234321122,-0.0075634226,0.0384672677,-0.0614380884,-0.0072016981,0.0392785208,-0.0201868906,0.0478569201
/5/7.mp3,0.0013297874,0.0013297873000000001,0.0013297874,0.0013297872,0.054739018800000004,0.0013297872,0.0013297873000000001,0.0013297872,0.0013297873000000001,0.5037790619,0.0013297872,0.3427557774,0.0013297873000000001,0.0013297872,0.0827686943,0.0013297873000000001,0.6457478677,0.14125287520000002,0.0014577259,0.0014577312000000002,0.0014577305000000001,0.0014577329,0.0014577329,0.0014577309,0.1969642341,0.0014577281,0.0014577259,0.0014577301,0.0014577285,0.0014577259,0.0008935054000000001,0.0732955608,0.0008945050000000001,0.6051312647,0.0199440895,0.0993489821,0.000894046,0.19959804650000001,0,0,1,0,0,0,0,0.07626485470000001,-0.1073638823,0.3032995385,-0.0389739475,0.1911357884,-0.0450091044,0.036543301800000004,0.19807153190000001,0.033851091300000004,0.0105489497,0.042562730800000004,0.09017642690000001,0.0072356178,0.0953223368,0.06322327600000001,0.048938577600000005,0.1249533775,0.1409732142,0.0601866595
/5/6.mp3,0.1300119731,0.0005733946000000001,0.0005733945,0.0005733946000000001,0.19813794640000001,0.4421066169,0.0005733945,0.0005733952,0.0005733945,0.0005733946000000001,0.088498451,0.134937672,0.0005733945,0.0005733946000000001,0.0005733946000000001,0.0005733945,0.0006211228,0.18012214140000002,0.000621118,0.0479632575,0.0669874923,0.0006211207,0.0006211206000000001,0.0006211198,0.2156185041,0.2617177885,0.000621118,0.038819386000000004,0.1844235922,0.000621118,0.3151270516,0.1283424001,0.30593568800000004,0.00038170420000000003,0.0788087017,0.00038153950000000003,0.1220411485,0.0489817665,0,0,0,1,0,0,0,-0.11124798600000001,0.144261032,-0.005841062100000001,-0.1067302423,-0.1747266337,0.3314279972,0.3616733407,-0.2317303329,-0.3337450701,-0.3072757758,-0.084085507,-0.2776790068,-0.1921894848,-0.0685807289,0.12061098790000001,-0.2515907835,-0.3463206433,-0.0902085143,0.0162654109
/5/4.mp3,0.0018382353,0.0385376729,0.0018382355,0.644684133,0.0018382354,0.0321731033,0.0018382353,0.0018382353,0.0018382353,0.0018382354,0.1401136544,0.1242708473,0.0018382354,0.0018382354,0.0018382354,0.0018382355,0.9749033994,0.0019305204000000002,0.0019305019000000001,0.00193051,0.0019305083000000002,0.0019305121000000001,0.0019305119,0.0019305089000000001,0.0019305046,0.0019305052,0.0019305019000000001,0.0019305079,0.0019305055,0.0019305019000000001,0.0011810675,0.0011827328,0.0011813872,0.175197672,0.0011815657000000001,0.8177106846000001,0.0011834109,0.0011814794,0,1,0,0,0,0,0,0.0676948748,-0.0967689677,-0.0495238042,0.0166056834,0.09220242120000001,0.0265397968,0.0443672992,0.0203389954,0.15143020570000001,0.0050763291000000006,-0.0022339802,3.78809e-05,0.0138130644,0.0534637013,0.0627976459,0.0643856531,0.1949467004,0.0113505185,-0.0091144156
/5/5.mp3,0.0014880954,0.0014880959000000001,0.0014880955,0.0014880955,0.1122624624,0.0014880953000000001,0.0014880953000000001,0.0014880953000000001,0.0014880953000000001,0.5139880154,0.0467636772,0.1752355441,0.1044596508,0.0014880953000000001,0.0014880954,0.0324096961,0.3526916124,0.001519769,0.0015197568,0.0015197617000000001,0.0015197614,0.4745158103,0.0015197637,0.0015197618,0.0015197587,0.1560752101,0.0015197568,0.0015197610000000001,0.0015197594,0.0015197568,0.0009548820000000001,0.0909262041,0.4948477738,0.2880177266,0.000955648,0.12238699400000001,0.0009550043000000001,0.0009557674000000001,1,0,0,0,0,0,0,0.0107073477,-0.020812504500000002,0.060340608600000005,0.0269794413,-0.0613210932,0.040112239300000005,0.0495814548,0.0619240704,0.0269281882,0.060722798,0.015894169700000002,-0.0183320157,0.09734779710000001,-0.0249213146,0.0703373699,0.054199071200000004,0.0551807018,0.0958722885,0.0169091863
/5/1.mp3,0.0011574075,0.0011574074,0.0011574080000000002,0.0011574077,0.0011574074,0.0011574074,0.0011574074,0.0011574113,0.0011574074,0.6148765478,0.0011574081,0.0011574093,0.0011574075,0.0011574078000000001,0.36891974040000003,0.0011574075,0.0013227574,0.715028957,0.0013227513000000002,0.0013227561,0.0013227545,0.0013227568,0.269097996,0.0013227547,0.0013227527,0.0013227532000000001,0.0013227513000000002,0.0013227544000000001,0.0013227532000000001,0.0013227513000000002,0.0008071503000000001,0.44043199310000003,0.0880805209,0.0008077085,0.0008078593000000001,0.0008080508,0.0963637941,0.37189292300000004,0,0,0,0,0,0,1,0.1090378038,-0.18542568750000002,0.0081882556,0.0709036209,0.1196103238,-0.135477188,-0.0238620532,0.0061841257,0.25674168540000003,0.15624756880000001,-0.1449787636,-0.0183778645,0.1459920339,-0.1003488917,-0.1191513726,-0.044230934900000005,0.0084097821,-0.0100787758,-0.27338967610000003
/5/2.mp3,0.0027173914,0.0027173913,0.0431046397,0.0027173913,0.0027173913,0.0027173913,0.9188518748000001,0.0027173913,0.0027173984,0.0027173913,0.0027173913,0.0027173913,0.0027173913,0.0027173913,0.0027173913,0.0027173913,0.24258568090000002,0.0029762112,0.0029761905000000003,0.0029762,0.1974761103,0.181557869,0.1830762699,0.0029761998,0.002976194,0.16851829740000002,0.0029761905000000003,0.0029761983000000003,0.0029761976,0.0029761905000000003,0.0018666031000000001,0.0018669281000000002,0.0796590233,0.001868255,0.0018679557000000002,0.0018699603,0.0018676503,0.9091336241,0,1,0,0,0,0,0,-0.196169318,0.07109759730000001,-0.1342437513,-0.2312112905,-0.34067082800000004,0.0764967363,0.23482785790000002,-0.1076165319,-0.3342914876,-0.10325831270000001,0.0331651362,-0.2593290251,-0.3079665971,-0.22341293850000002,0.055659099999999996,-0.174885738,-0.1916973716,-0.1522232091,0.025140282
/5/3.mp3,0.026382342700000002,0.0004251702,0.3245534781,0.0004251702,0.45209399100000003,0.0144893808,0.00042517010000000003,0.0201396906,0.0004251705,0.1067459094,0.051768674800000004,0.0004251707,0.00042517060000000004,0.00042517010000000003,0.00042517010000000003,0.0004251702,0.3540905113,0.2435991821,0.00044923630000000004,0.14229559690000002,0.0294923422,0.0120845167,0.043044945,0.00044923770000000003,0.014975154800000001,0.00044923690000000003,0.00044923630000000004,0.1577223299,0.0004492376,0.00044923630000000004,0.31824370350000003,0.0550717225,0.012696013800000001,0.3780904498,0.1010905447,0.0002740252,0.0484376164,0.086095924,0,0,0,0,1,0,0,0.0919224389,-0.24883768720000002,-0.2291092053,0.08610682630000001,0.0036966677,-0.0830760895,-0.0091188221,0.043644709000000004,0.1326814174,0.0680847204,-0.010213581400000001,-0.021479627600000002,0.026642557900000002,-0.0219283891,0.036011612000000005,0.0061011285000000005,-0.0961913782,-0.0078631142,-0.0740904916
/14/7.mp3,0.00125,0.0012500001,0.0012500001,0.39489475030000004,0.00125,0.00125,0.0012500001,0.0012500021,0.2760266087,0.00125,0.0012500004,0.00125,0.0012500001,0.0741655407,0.23991309730000002,0.0012500001,0.5181711543,0.0802804398,0.0014285714000000001,0.0014285769,0.38583408490000004,0.0014285785,0.0014285784000000001,0.0014285764000000001,0.0014285733000000001,0.0014285737,0.0014285714000000001,0.0014285757,0.0014285740000000002,0.0014285714000000001,0.000881184,0.4125080084,0.0008817753,0.18138748170000002,0.0008817767,0.1820803335,0.22049787340000002,0.0008815670000000001,0,0,0,0,0,1,0,-0.12225349,0.0776413148,0.0767948616,-0.0416723227,-0.11201950890000001,0.0763970979,-0.1972875047,-0.037105971700000004,-0.0079289856,-0.10030092360000001,0.0478701826,0.1551711395,-0.1423872485,-0.0353258958,-0.13990596190000001,-0.1074690328,-0.2578716407,0.1016997448,0.11447844630000001
/14/6.mp3,0.0787687714,0.0017361118,0.1464199487,0.0017361137,0.2717300063,0.0017361112,0.0017361112,0.0017361112,0.0017361113000000001,0.0017361113000000001,0.0268781363,0.0017361114000000002,0.24656316800000003,0.0017361111,0.0357541048,0.1782608602,0.4008314035,0.4541495038,0.0015197568,0.0736924632,0.0321655271,0.0015197639,0.0015197639,0.0015197619,0.0254832626,0.001519759,0.0015197568,0.0015197611000000001,0.0015197595,0.0015197568,0.0757160165,0.0361117743,0.0009414738,0.29490436940000003,0.14249838410000001,0.2241933221,0.22469296,0.0009416999,0,0,0,0,0,1,0,-0.0262020486,0.0375815431,-0.0219833239,0.039719192800000004,-0.0077957269,0.0625008315,-0.0011111579,-0.0490695264,0.019056072,0.0026319203,0.0716367785,0.06580850490000001,-0.0014954353000000001,-0.0090433378,-0.1246744367,-0.0317816667,-0.0562858249,0.0133362888,0.1062567216
/14/4.mp3,0.0005896226,0.0005896227000000001,0.0005896227000000001,0.0005896227000000001,0.0005896227000000001,0.1366943235,0.0005896226,0.0005896235,0.0005896226,0.0100402463,0.81725118,0.0289387772,0.0005896226,0.0005896229,0.0005896227000000001,0.0005896227000000001,0.0006265718,0.7899626104,0.0006265664,0.060970594700000005,0.0136057199,0.0006265694,0.0006265695000000001,0.0006265687,0.0006265672,0.0432436101,0.0006265664,0.0865783514,0.0006265676000000001,0.0006265664,0.0003838033,0.0363960081,0.0003841095,0.0003841496,0.2350062842,0.20669238210000002,0.5203691939,0.0003840693,0,0,0,1,0,0,0,-0.3431115262,0.13454413140000002,-0.33673748130000003,-0.42892001500000004,-0.4016533781,-0.0614168842,-0.0066520841,0.0131253496,-0.4280411592,-0.3298359064,-0.0176395572,-0.44360718530000004,-0.3960325844,-0.516621749,-0.19016117570000002,-0.36261258360000004,-0.2216057338,-0.3925154017,0.28479073050000003
/14/5.mp3,0.0018939395,0.0018939401,0.0018939395,0.0018939395,0.1326228779,0.032843491600000004,0.0018939394,0.1391131347,0.0018939394,0.0018939396,0.09922668200000001,0.5753604777,0.0018939403,0.0018939396,0.0018939395,0.0018939396,0.1597494008,0.8157607487,0.0020408163,0.0020408232000000003,0.0020408228,0.0020408259,0.002040826,0.0020408234,0.0020408189,0.0020408192,0.0020408163,0.0020408222,0.0020408199,0.0020408163,0.24415887090000002,0.1485850884,0.0012781494,0.0012775551000000001,0.34902029830000003,0.0012777171,0.0012778729,0.2531244479,1,0,0,0,0,0,0,0.15858043700000002,0.065622148,-0.062327327800000006,0.0408646237,0.0739316807,0.0076863941000000005,-0.1207627728,0.0226443596,0.0936315416,0.0902650214,0.0247125711,-0.12099658860000001,0.0519798177,-0.1858304294,-0.0768356203,-0.2374181712,-0.1059699052,-0.0814444649,0.0320188399
/14/1.mp3,0.0012500006,0.0012500003000000001,0.4587774278,0.0012500003000000001,0.0012500001,0.00125,0.00125,0.0012500034,0.0012500001,0.0012500003000000001,0.06339296900000001,0.1562475408,0.0012500011,0.0257155061,0.17005825030000002,0.1133082998,0.0012531559,0.818175981,0.0012531328,0.0012531369,0.0012531372,0.0012531389,0.0012531392,0.1033660462,0.0012531345,0.0646734597,0.0012531328,0.0012531367,0.0012531353,0.0012531328,0.0007769163,0.06357823380000001,0.19094425010000002,0.0007778644,0.5452015386,0.1688704517,0.0007771828,0.029073562400000003,0,0,0,0,0,0,1,-0.0812273532,0.0053098342,-0.1612236615,-0.098848742,-0.0965219321,0.0815997529,-0.145265799,-0.015104811400000001,-0.1924130016,-0.1173780865,0.038757148000000005,-0.1221600587,-0.2660447098,-0.1568900944,-0.1264112103,-0.0001107481,-0.08220079300000001,-0.1449621763,0.056773156000000005
/14/2.mp3,0.0020833347000000003,0.0020833349,0.0020833339,0.0020833356,0.0833079176,0.037288039200000005,0.0020833343,0.0020833334000000003,0.0020833337,0.07692391300000001,0.0020833334000000003,0.7026354216,0.0020833347000000003,0.0020833334000000003,0.0769280322,0.0020833345000000002,0.3037165304,0.5826501579000001,0.0021008403,0.0021008475,0.0021008469000000003,0.0021008501,0.0021008502,0.0021008475,0.0021008430000000002,0.0021008433,0.0021008403,0.09052401830000001,0.002100844,0.0021008403,0.1536101335,0.0013047294,0.179665725,0.2406623595,0.0013045359,0.0013046989,0.0013047335000000001,0.4208430843,1,0,0,0,0,0,0,-0.0139378707,0.0679491894,-0.032042822,-0.11998241770000001,-0.0952665146,0.0181103983,-0.052335468,-0.09356271050000001,-0.15595884170000002,-0.0020537826,0.0203013477,-0.22653787590000002,-0.1036549918,-0.12558695790000002,-0.1335739266,-0.1288932151,-0.1065486439,-0.1385251749,0.0389998984
/14/3.mp3,0.0013888903000000001,0.0801876512,0.4260453416,0.1345400162,0.0164998918,0.0013888889,0.0013888891,0.0013888889,0.0013888890000000001,0.218991662,0.0013888889,0.0739329733,0.0013888912,0.0013888889,0.0013888903000000001,0.0373024583,0.25186814420000003,0.7309889611,0.0014285714000000001,0.0014285762,0.0014285758000000001,0.001428578,0.0014285781,0.0014285762,0.0014285732,0.0014285735,0.0014285714000000001,0.0014285754,0.0014285739000000001,0.0014285714000000001,0.0008689113,0.1440987213,0.0008697472,0.0008696882,0.0008694442,0.23760936,0.054577993400000004,0.5602361343,0,0,1,0,0,0,0,0.0026579704,-0.0717447247,-0.0258812227,0.0051053655,-0.1037610551,0.0109682443,-0.0426260789,-0.025087824800000002,0.0173024638,0.0321034928,0.0138012809,0.16476129250000002,0.0219272434,0.0023075235000000003,-0.1622495214,0.012406544,-0.0841804313,-0.0433924362,-0.1873866857
/22/7.mp3,0.0010416705000000001,0.0010416668,0.0010416668,0.001041667,0.0010416667000000001,0.0010416667000000001,0.4674099901,0.0319116614,0.2660560701,0.0010416667000000001,0.0010416669,0.0010416667000000001,0.001041667,0.0194467893,0.0010416667000000001,0.2037171505,0.0011520891,0.9850229973,0.0011520737,0.0011520777,0.001152077,0.0011520788,0.0011520788,0.0011520773,0.0011520751,0.0011520754,0.0011520737,0.0011520768,0.0011520756,0.0011520737,0.0007109225000000001,0.18717275160000002,0.0407141311,0.0007116093,0.2629561161,0.0007115176,0.0007116999,0.5063112517,0,0,0,0,0,1,0,-0.0731998777,0.2525594989,0.049344647400000004,-0.23765433230000002,-0.1158037407,0.042482383900000004,0.0972978801,-0.1768786678,-0.16520453840000002,-0.1736169343,0.0026536561,-0.2046258966,-0.22825548510000002,-0.2980267538,-0.27342326100000003,-0.1084117929,-0.0957160289,-0.1610449018,0.0169091863
/22/6.mp3,0.0008802818000000001,0.0008802818000000001,0.0008802817,0.0008802817,0.0534004758,0.0008802817,0.2727279714,0.0008802817,0.4519387125,0.0634978205,0.0008802817,0.0008802818000000001,0.1487519208,0.0008802817,0.0008802817,0.0008802818000000001,0.0009398561,0.6575711149,0.0009398496000000001,0.0009398528000000001,0.0009398524000000001,0.0009398538,0.3311506634,0.0009398526,0.0009398507,0.000939851,0.0009398496000000001,0.0009398522,0.0009398512000000001,0.0009398496000000001,0.1447394425,0.0005773042,0.3401051906,0.2105162327,0.30233035070000003,0.0005771332,0.0005772966,0.0005770496,0,0,0,0,0,1,0,0.0005220234000000001,0.0589494682,0.049344647400000004,-0.057447930800000005,-0.0824908795,0.042482383900000004,0.0231977174,-0.1822426232,0.0269281882,0.0040980064000000005,-0.0655324372,-0.15600083850000002,-0.0539248774,-0.19688311,-0.36763820680000003,-0.122539826,-0.1230247981,-0.2501942623,0.034723008
/22/4.mp3,0.0007102273,0.0007102274,0.7369326893,0.0007102276,0.0007102273,0.0007102273,0.0007102273,0.0007102273,0.0007102273,0.0007102274,0.0007102273,0.0007102274,0.253124128,0.0007102273,0.0007102273,0.0007102275000000001,0.4777682835,0.0008116947,0.0008116883000000001,0.5124914287,0.0008116907,0.000811692,0.000811692,0.0008116908000000001,0.0008116893,0.0008116896000000001,0.0008116883000000001,0.0008116932,0.0008116906,0.0008116883000000001,0.0005022258,0.0005022769,0.0005028407,0.0005027733,0.0005029823,0.2930342308,0.0005024869,0.7039501832,0,0,1,0,0,0,0,-0.186014736,0.048649508200000004,-0.0631454525,-0.09814719320000001,-0.1821373809,0.0387932739,0.0189580924,-0.0512939501,-0.10612557140000001,-0.16500010980000002,-0.2143977515,-0.00014288930000000001,-0.24670777840000002,-0.1080947731,-0.27687233980000003,-0.3149728785,-0.1621178875,0.087713365,-0.1098773376
/22/5.mp3,0.0008333334,0.0008333333,0.6672004787,0.1473067342,0.0008333334,0.0008333333,0.17465944290000002,0.0008333427000000001,0.0008333335000000001,0.0008333333,0.0008333341000000001,0.0008333333,0.0008333336,0.0008333333,0.0008333336,0.0008333334,0.0008928636,0.1233616902,0.0008928571000000001,0.8659239972,0.0008928599000000001,0.0008928613,0.0008928613,0.0008928601,0.0008928582,0.0008928585,0.0008928571000000001,0.0008928597,0.0008928587000000001,0.0008928571000000001,0.0005483423,0.0005484686,0.0005488035,0.0005491167,0.1160983369,0.0005490231,0.0005486951,0.8806092139,0,0,0,0,1,0,0,-0.10797935730000001,-0.09586711170000001,0.0126942145,0.0204228243,0.0281705177,0.042482383900000004,0.14947609850000002,-0.0423113078,0.0269281882,0.0040980064000000005,-0.24141200140000002,0.0682071289,-0.0161874187,0.0738597842,-0.24556972,-0.0266510968,-0.11588387,-0.1021331983,-0.1142317263
/22/1.mp3,0.0004280856,0.00042808230000000003,0.0004280843,0.0004280822,0.9517441026000001,0.0004280822,0.0004280822,0.0004280822,0.0004280822,0.0004280822,0.042262738200000004,0.00042808230000000003,0.0004280822,0.0004280822,0.00042808420000000003,0.00042808310000000003,0.00047619240000000004,0.6324506571,0.00047619050000000004,0.0004761922,0.0181510828,0.0691518336,0.0144290834,0.00047619160000000004,0.0004761909,0.00047619130000000004,0.00047619050000000004,0.008885046,0.25312276710000003,0.00047619050000000004,0.7082070673,0.0428835713,0.22392412820000002,0.0002903304,0.00029023330000000003,0.0002903553,0.0238239209,0.00029039340000000004,0,0,0,1,0,0,0,-0.1756807578,-0.0387491738,-0.1129055848,-0.10558940430000001,-0.0168810782,-0.10111976730000001,-0.14166741430000002,-0.0835961528,0.0269281882,0.0040980064000000005,-0.1417427813,-0.1121548077,0.0198928627,-0.2025932188,-0.09746361810000001,-0.20489725790000002,-0.26780464530000003,-0.09080499800000001,-0.2198387252
/22/2.mp3,0.0020833356,0.0020833336,0.1233639899,0.0020833333000000002,0.14768582430000002,0.0020833333000000002,0.0020833341,0.0020833333000000002,0.23720464730000002,0.466745528,0.0020833333000000002,0.0020833345000000002,0.0020833346000000003,0.0020833333000000002,0.0020833374,0.0020833341,0.43288022600000003,0.3407451534,0.0021645022,0.0021645098,0.0021645088,0.0021645122,0.0021645123,0.0021645094,0.0021645048,0.0021645053000000003,0.0021645022,0.1653356845,0.0393938671,0.0021645022,0.001345662,0.0957843884,0.2094679023,0.256159254,0.0013466403,0.001346523,0.0013476310000000002,0.433201999,1,0,0,0,0,0,0,0.0106419863,-0.0647541583,-0.0327770562,-0.0076131679,0.1451977287,0.1683944531,0.0473863875,0.0778848069,0.036301564,-0.0130852643,-0.0624113343,-0.3451343161,-0.03842686,-0.0136177484,-0.25655303150000003,-0.0552284361,-0.0800575281,-0.2782235471,-0.1174584451
/22/3.mp3,0.0010245903,0.0010245904,0.0010245903,0.0214203438,0.0010245903,0.0010245902,0.0010245902,0.0010245902,0.0010245902,0.9642353908,0.0010245902,0.0010245914,0.0010245908,0.0010245902,0.0010245903,0.0010245905,0.6526976523,0.3332507947,0.0011709602,0.0011709642,0.0011709638,0.0011709656000000001,0.0011709656000000001,0.0011709641,0.0011709616,0.0011709619,0.0011709602,0.0011709635,0.0011709622,0.0011709602,0.000718862,0.0007196214000000001,0.0007198031,0.4187530863,0.0007196941,0.3484760269,0.0007190889,0.22917381720000002,0,0,0,0,1,0,0,0.0278636262,0.084440869,0.0078206512,0.0882421156,0.0756706748,-0.0401003055,0.0714749754,-0.0423113078,-0.09350650390000001,0.0040980064000000005,-0.158958714,-0.0238516821,0.005407971,0.0405243179,-0.2539700319,-0.0130960011,-0.049766093500000004,-0.20575999020000002,-0.17147189340000002
/25/7.mp3,0.0021551729,0.0021551724,0.0021551730000000002,0.0664373567,0.0693568648,0.0021551724,0.0021551747,0.0021551725,0.4660240538,0.0021551729,0.0021551724,0.0021551755000000002,0.0021551732,0.0021551724,0.3723196432,0.0021551772,0.0023809677,0.7357089324,0.0023809524,0.0023809607,0.0023809591000000002,0.2357195746,0.0023809628,0.0023809597,0.0023809552,0.0023809558,0.0023809524,0.0023809587,0.0023809561,0.0023809524,0.2201301504,0.1678231623,0.38908637960000003,0.0015077341,0.0015083122,0.0015083675,0.2169276226,0.0015082714,0,0,0,0,0,1,0,0.0909341905,0.0589494682,0.049344647400000004,-0.057447930800000005,0.0765897995,0.0352335577,0.0231977174,-0.0423113078,0.0269281882,-0.0142356258,0.0331651362,0.07896440390000001,0.0072356178,0.0194744947,0.0370367452,-0.0266510968,-0.11689019440000001,-0.0978587276,0.0169091863
/25/6.mp3,0.0005681820000000001,0.0005681821,0.1274639708,0.0005681822,0.209205793,0.0005681819,0.0005681818,0.0005681818,0.0005681818,0.0005681826000000001,0.4527976106,0.1360049464,0.0005681821,0.0005681818,0.0682776769,0.0005681820000000001,0.0006211229,0.3465299872,0.000621118,0.0006211201,0.055643783200000005,0.0626089002,0.1284890868,0.00062112,0.0006211188,0.3510485358,0.000621118,0.0006211197000000001,0.0507107513,0.000621118,0.198131635,0.2477699828,0.3110600277,0.0003818246,0.0003816731,0.000381918,0.0816614746,0.1602314642,0,0,0,1,0,0,0,-0.3168473282,-0.1119940874,-0.0211591746,-0.2406511251,-0.3965915768,-0.12605156010000002,-0.1041996565,-0.3695890032,-0.35579987760000004,-0.3542469452,-0.3277769304,-0.3176363714,-0.4378018535,-0.3951145184,-0.2277577574,-0.41611467160000004,-0.500191029,-0.2070783156,0.0169091863
/25/4.mp3,0.0009328363,0.0009328359,0.1284774893,0.0009328358000000001,0.0009328359,0.0009328358000000001,0.2330015162,0.0009328358000000001,0.1728031119,0.3767261314,0.0009328358000000001,0.0009328359,0.0009328361000000001,0.0009328358000000001,0.0787305561,0.000932836,0.21487934590000002,0.3950757469,0.0009784736,0.0009784769000000001,0.1389022476,0.21338311340000002,0.0289532701,0.0009784769000000001,0.0009784748,0.0009784750000000001,0.0009784736,0.0009784763,0.0009784754,0.0009784736,0.0005987051,0.0005994135,0.0005992001000000001,0.33738495560000004,0.0005991865,0.0005992401,0.1287425223,0.5308767767,0,0,1,0,0,0,0,-0.07077988560000001,0.0589494682,0.011275849000000001,-0.046953615600000005,-0.0824908795,0.0346272902,0.0240436422,0.010532830600000001,-0.0506251583,0.0040980064000000005,-0.178874103,-0.1925721418,-0.040513987700000004,-0.0017401209,0.057273386700000005,-0.0241665894,0.096987902,-0.11493694680000001,-0.1292481234
/25/5.mp3,0.0011363636,0.5971233152000001,0.0011363637,0.0011363637,0.0011363637,0.0011363637,0.0011363636,0.21963799920000002,0.0011363636,0.0011363637,0.0011363651000000001,0.0011363637,0.0011363637,0.0941746396,0.0011363636,0.0754276806,0.3129159418,0.22488200700000002,0.0012315271,0.0012315314,0.0012315308,0.22107404530000002,0.0820168349,0.0012315311000000002,0.020671900400000002,0.1285870343,0.0012315271,0.0012315319,0.0012315298000000001,0.0012315271,0.0007681629000000001,0.0857280643,0.3525959587,0.0007683078,0.3269128568,0.14281828230000002,0.0213763182,0.0690320489,0,0,0,1,0,0,0,-0.10797935730000001,-0.0915312588,0.049344647400000004,-0.1106442601,-0.0824908795,-0.058948281500000005,-0.1176389712,-0.0423113078,-0.0766151363,-0.23748985520000002,-0.0026256298000000003,-0.1249874972,-0.1924095565,-0.09882816900000001,-0.0005060968,-0.1252608114,-0.1883430643,-0.0799526665,0.014931531900000001
/25/1.mp3,0.9409980715,0.0009057972,0.0009057979,0.0009057971,0.0009057972,0.0009057971,0.0009057972,0.0009057971,0.0009057972,0.0009057973000000001,0.0009057971,0.0009057972,0.0009057979,0.0009057971,0.0463207665,0.0009057974,0.5123250368,0.0010060447,0.0010060362,0.0010060402,0.22354267790000001,0.0010060413,0.25306585800000003,0.0010060397,0.0010060375,0.0010060379,0.0010060362,0.0010060392,0.0010060381,0.0010060362,0.0006191173,0.0006192221,0.152566534,0.4003722434,0.0006196801,0.18516131830000002,0.0006193563,0.25942252860000004,0,0,1,0,0,0,0,-0.1534059236,-0.0544898754,0.0565068503,-0.1679022508,-0.167083414,0.0700024113,0.07388884300000001,-0.1354609514,-0.1452460273,-0.0786374821,-0.103313532,-0.0365020512,-0.0249264755,0.026073237000000003,-0.1322693117,0.0196430881,0.0506866247,-0.0019699684,-0.123978843
/25/2.mp3,0.0012254902,0.0012254904,0.0012254902,0.0012254903,0.0012254902,0.5034211487,0.0012254902,0.2831921166,0.0012254902,0.0012254902,0.19745536160000002,0.0012254902,0.0012254902,0.0012254904,0.0012254902,0.0012254902,0.0014005863,0.9817926524,0.0014005602,0.0014005648,0.0014005649,0.0014005669,0.0014005671,0.0014005654,0.0014005621,0.0014005622,0.0014005602,0.0014005644000000001,0.0014005628,0.0014005602,0.0008682042,0.0008684112,0.0008689214000000001,0.0008695351,0.146358905,0.12318781220000001,0.0008687526000000001,0.7261094583000001,0,0,0,0,0,0,1,-0.1668405248,-0.0880930286,-0.061498926700000005,-0.1292984134,0.0692701284,-0.1281675365,-0.22193195910000002,-0.1560391332,-0.1666491759,-0.1736804516,-0.1089716721,-0.05916462200000001,-0.0925821155,-0.2164003686,0.020710193300000002,0.0191845513,0.0506866247,-0.1524340542,-0.2651107408
/25/3.mp3,0.0007812503,0.00078125,0.3690074515,0.0007812501000000001,0.00078125,0.00078125,0.00078125,0.0580469167,0.00078125,0.0007812517000000001,0.0007812502,0.5627893781000001,0.0007812504000000001,0.0007812501000000001,0.0007812507000000001,0.0007812502,0.0535866558,0.0343932631,0.0007849294,0.0007849322000000001,0.0007849319,0.9033858399,0.0007849333,0.0007849322000000001,0.0007849304,0.0007849306000000001,0.0007849294,0.0007849317,0.0007849308,0.0007849294,0.0004774057,0.0864246958,0.0004778846,0.39093950990000004,0.2288313456,0.0004779896,0.0004776358,0.29189353290000003,0,0,0,0,1,0,0,-0.050035007400000005,-0.1075664412,-0.0776930209,0.0280691599,0.0263665408,0.024222920300000002,-0.00652964,-0.0158148292,0.0269281882,0.0717653295,-0.022932376100000002,0.0445129253,0.024094261800000003,0.1105997066,0.085482523,0.0031973870000000003,0.1332802335,0.0681001115,-0.1311509139
